sequence_id,order_id,order_type,item_id,item_quantity,order_arrival,assigned_station,assigned_pod,status,order_processed,order_finished
1,-100,1,323,12,0,picker-2,,1,0.0,213.0
2,-99,1,5,6,0,picker-1,,1,,241.0
3,-99,1,21,8,0,picker-1,,1,,229.0
4,-98,1,68,6,0,picker-1,,1,0.0,69.0
5,-98,1,9,2,0,picker-1,,1,0.0,143.0
6,-97,1,128,4,0,picker-2,,1,0.0,159.0
7,-96,1,138,10,0,picker-2,,1,,481.0
8,-95,1,30,10,0,picker-3,,1,0.0,100.0
9,-95,1,6,8,0,picker-3,,1,0.0,163.0
10,-95,1,121,7,0,picker-3,,1,0.0,368.0
11,-94,1,439,7,0,picker-2,,1,0.0,77.0
12,-93,1,11,7,0,picker-2,,1,0.0,92.0
13,-92,1,14,5,0,picker-3,,1,,283.0
14,-91,1,175,9,0,picker-2,,1,0.0,120.0
15,-90,1,13,6,0,picker-1,,1,,1539.0
16,-90,1,135,8,0,picker-1,,1,,1613.0
17,-89,1,19,10,0,picker-3,,1,,471.0
18,-89,1,46,4,0,picker-3,,1,,491.0
19,-88,1,46,4,0,picker-1,,-1,,
20,-88,1,150,11,0,picker-1,,-1,,
21,-87,1,253,4,0,picker-2,,1,0.0,147.0
22,-86,1,97,11,0,picker-2,,1,0.0,164.0
23,-85,1,338,11,0,picker-2,,1,0.0,107.0
24,-85,1,378,10,0,picker-2,,1,0.0,197.0
25,-84,1,48,5,0,picker-3,,1,,457.0
26,-83,1,3,6,0,,,-3,,
27,-83,1,181,7,0,,,-3,,
28,-82,1,72,2,0,picker-2,,1,,517.0
29,-81,1,130,6,0,picker-1,,1,0.0,215.0
30,-81,1,44,6,0,picker-1,,1,0.0,69.0
31,-81,1,9,6,0,picker-1,,1,0.0,143.0
32,-81,1,1,5,0,picker-1,,1,0.0,87.0
33,-80,1,9,4,0,picker-1,,1,0.0,143.0
34,-79,1,12,10,0,picker-1,,1,,1048.0
35,-78,1,20,1,0,picker-2,,1,,817.0
36,-77,1,178,8,0,,,-3,,
37,-77,1,0,6,0,,,-3,,
38,-76,1,6,5,0,picker-3,,1,0.0,86.0
39,-75,1,277,6,0,picker-2,,1,,679.0
40,-74,1,66,8,0,picker-2,,1,,1041.0
41,-73,1,211,5,0,,,-3,,
42,-73,1,18,8,0,,,-3,,
43,-73,1,24,11,0,,,-3,,
44,-73,1,271,5,0,,,-3,,
45,-72,1,163,8,0,picker-1,,1,,275.0
46,-71,1,265,7,0,picker-2,,1,,308.0
47,-70,1,138,4,0,picker-2,,1,,588.0
48,-69,1,6,2,0,picker-3,,1,0.0,86.0
49,-68,1,24,2,0,,,-3,,
50,-68,1,17,10,0,,,-3,,
51,-68,1,143,9,0,,,-3,,
52,-67,1,189,11,0,picker-3,,1,,842.0
53,-66,1,341,3,0,picker-3,,1,,809.0
54,-66,1,10,2,0,picker-3,,1,,732.0
55,-65,1,120,11,0,picker-1,,-1,,
56,-64,1,73,10,0,picker-1,,1,,1512.0
57,-64,1,130,7,0,picker-1,,1,,1461.0
58,-64,1,225,4,0,picker-1,,1,,1450.0
59,-63,1,46,6,0,picker-3,,1,,507.0
60,-63,1,105,5,0,picker-3,,1,,553.0
61,-62,1,110,3,0,picker-3,,1,,1255.0
62,-62,1,25,7,0,picker-3,,1,,1290.0
63,-61,1,0,4,0,,,-3,,
64,-61,1,40,6,0,,,-3,,
65,-61,1,34,8,0,,,-3,,
66,-61,1,4,9,0,,,-3,,
67,-60,1,53,6,0,,,-3,,
68,-60,1,38,8,0,,,-3,,
69,-59,1,335,12,0,picker-2,,1,,298.0
70,-58,1,78,10,0,,,-3,,
71,-57,1,85,5,0,picker-1,,1,,610.0
72,-57,1,33,3,0,picker-1,,1,,562.0
73,-57,1,1,1,0,picker-1,,1,,555.0
74,-57,1,256,11,0,picker-1,,1,,580.0
75,-56,1,7,7,0,picker-3,,1,,320.0
76,-55,1,239,6,0,picker-3,,1,0.0,193.0
77,-55,1,81,10,0,picker-3,,1,0.0,207.0
78,-55,1,6,5,0,picker-3,,1,0.0,153.0
79,-54,1,70,12,0,picker-1,,1,,748.0
80,-53,1,1,6,0,picker-2,,1,,1210.0
81,-53,1,64,6,0,picker-2,,1,,1231.0
82,-53,1,88,6,0,picker-2,,1,,1309.0
83,-53,1,46,8,0,picker-2,,1,,1201.0
84,-52,1,302,7,0,,,-3,,
85,-52,1,81,3,0,,,-3,,
86,-51,1,25,1,0,picker-1,,1,,281.0
87,-50,1,17,1,0,picker-1,,1,0.0,143.0
88,-50,1,220,4,0,picker-1,,1,0.0,50.0
89,-50,1,45,5,0,picker-1,,1,0.0,95.0
90,-50,1,115,4,0,picker-1,,1,0.0,177.0
91,-50,1,1,6,0,picker-1,,1,0.0,87.0
92,-50,1,9,8,0,picker-1,,1,0.0,143.0
93,-50,1,34,6,0,picker-1,,1,0.0,189.0
94,-49,1,23,7,0,picker-1,,1,,484.0
95,-48,1,467,3,0,picker-2,,1,,1146.0
96,-47,1,32,11,0,picker-3,,1,,393.0
97,-46,1,71,6,0,,,-3,,
98,-45,1,30,6,0,picker-3,,1,,270.0
99,-44,1,8,2,0,picker-3,,1,,255.0
100,-43,1,409,9,0,picker-2,,1,,530.0
101,-43,1,146,7,0,picker-2,,1,,513.0
102,-42,1,38,6,0,picker-3,,1,,345.0
103,-41,1,7,3,0,picker-1,,1,,398.0
104,-40,1,109,7,0,,,-3,,
105,-40,1,445,6,0,,,-3,,
106,-40,1,17,2,0,,,-3,,
107,-39,1,256,4,0,picker-1,,1,,428.0
108,-38,1,100,2,0,picker-2,,1,,618.0
109,-37,1,26,11,0,picker-2,,1,,1753.0
110,-37,1,16,4,0,picker-2,,1,,1699.0
111,-37,1,45,2,0,picker-2,,1,,1772.0
112,-36,1,5,11,0,picker-1,,1,,261.0
113,-35,1,42,10,0,picker-1,,-1,,
114,-35,1,47,12,0,picker-1,,-1,,
115,-35,1,155,6,0,picker-1,,-1,,
116,-35,1,13,8,0,picker-1,,-1,,
117,-34,1,446,8,0,picker-2,,1,,274.0
118,-34,1,282,4,0,picker-2,,1,,281.0
119,-33,1,171,8,0,picker-2,,1,,1222.0
120,-32,1,107,12,0,picker-3,,1,,1453.0
121,-31,1,4,6,0,picker-2,,1,,454.0
122,-30,1,6,7,0,picker-3,,1,0.0,153.0
123,-30,1,26,11,0,picker-3,,1,0.0,153.0
124,-29,1,479,6,0,picker-2,,1,,1330.0
125,-29,1,129,8,0,picker-2,,1,,1412.0
126,-28,1,6,7,0,picker-3,,1,0.0,114.0
127,-28,1,16,8,0,picker-3,,1,0.0,126.0
128,-28,1,382,6,0,picker-3,,1,0.0,183.0
129,-27,1,16,7,0,picker-1,,1,,357.0
130,-26,1,7,9,0,picker-3,,1,,406.0
131,-26,1,1,3,0,picker-3,,1,,412.0
132,-25,1,43,6,0,picker-1,,1,,366.0
133,-24,1,3,6,0,picker-2,,1,,1716.0
134,-24,1,247,6,0,picker-2,,-1,,
135,-23,1,217,2,0,,,-3,,
136,-22,1,29,12,0,picker-3,,1,,449.0
137,-21,1,71,8,0,,,-3,,
138,-20,1,155,5,0,,,-3,,
139,-20,1,130,9,0,,,-3,,
140,-20,1,31,9,0,,,-3,,
141,-20,1,4,4,0,,,-3,,
142,-20,1,67,2,0,,,-3,,
143,-20,1,25,6,0,,,-3,,
144,-20,1,12,12,0,,,-3,,
145,-20,1,93,8,0,,,-3,,
146,-19,1,6,2,0,picker-3,,1,0.0,86.0
147,-19,1,240,1,0,picker-3,,1,0.0,70.0
148,-18,1,336,4,0,picker-1,,1,,290.0
149,-17,1,447,8,0,,,-3,,
150,-17,1,331,2,0,,,-3,,
151,-16,1,152,10,0,picker-2,,1,,1013.0
152,-15,1,460,4,0,picker-3,,-1,,
153,-15,1,272,5,0,picker-3,,-1,,
154,-15,1,233,4,0,picker-3,,-1,,
155,-14,1,14,3,0,picker-3,,1,,283.0
156,-13,1,13,7,0,picker-1,,1,0.0,168.0
157,-13,1,2,7,0,picker-1,,1,0.0,156.0
158,-13,1,9,8,0,picker-1,,1,0.0,143.0
159,-13,1,130,12,0,picker-1,,1,0.0,215.0
160,-12,1,148,5,0,,,-3,,
161,-12,1,2,2,0,,,-3,,
162,-12,1,12,9,0,,,-3,,
163,-11,1,101,6,0,,,-3,,
164,-11,1,143,2,0,,,-3,,
165,-10,1,26,12,0,picker-2,,1,,256.0
166,-9,1,37,10,0,picker-1,,1,,473.0
167,-8,1,23,6,0,picker-1,,1,,538.0
168,-7,1,26,2,0,,,-3,,
169,-7,1,474,4,0,,,-3,,
170,-6,1,36,6,0,picker-2,,1,,392.0
171,-5,1,85,4,0,picker-1,,1,,667.0
172,-4,1,386,9,0,picker-1,,1,,1584.0
173,-4,1,63,3,0,picker-1,,1,,1551.0
174,-4,1,448,4,0,picker-1,,1,,1488.0
175,-3,1,142,8,0,picker-1,,1,,626.0
176,-2,1,135,6,0,picker-2,,1,,923.0
177,-1,1,9,7,0,picker-1,,1,0.0,143.0
178,0,1,0,2,60,picker-2,,1,,237.0
179,1,1,21,8,60,,,-3,,
180,1,1,13,11,60,,,-3,,
181,1,1,296,8,60,,,-3,,
182,1,1,117,4,60,,,-3,,
183,1,1,18,4,60,,,-3,,
184,1,1,47,7,60,,,-3,,
185,1,1,2,6,60,,,-3,,
186,2,1,158,7,60,,,-3,,
187,2,1,77,10,60,,,-3,,
188,3,1,9,10,60,,,-3,,
189,3,1,91,8,60,,,-3,,
190,4,1,13,5,60,picker-1,,1,,636.0
191,4,1,42,2,60,picker-1,,1,,676.0
192,5,1,12,8,60,picker-1,,1,,948.0
193,5,1,211,4,60,picker-1,,1,,993.0
194,6,1,16,4,60,picker-2,,1,,398.0
195,6,1,28,6,60,picker-2,,1,,408.0
196,7,1,8,1,60,picker-3,,1,,600.0
197,7,1,3,12,60,picker-3,,1,,545.0
198,8,1,232,10,60,picker-1,,1,,841.0
199,9,1,186,4,60,picker-2,,1,,831.0
200,10,1,445,12,60,picker-2,,1,,376.0
201,11,1,1,3,60,picker-3,,1,,597.0
202,11,1,33,10,60,picker-3,,1,,668.0
203,11,1,47,6,60,picker-3,,1,,654.0
204,11,1,94,12,60,picker-3,,1,,617.0
205,12,1,256,11,120,picker-1,,1,,444.0
206,13,1,255,1,120,picker-2,,1,,1139.0
207,13,1,7,1,120,picker-2,,1,,1134.0
208,14,1,6,4,120,picker-2,,1,,382.0
209,15,1,29,6,120,picker-3,,1,,329.0
210,16,1,51,4,120,picker-1,,1,,1067.0
211,16,1,41,6,120,picker-1,,1,,1148.0
212,16,1,20,8,120,picker-1,,1,,1091.0
213,17,1,41,5,120,picker-1,,1,,1001.0
214,17,1,9,6,120,picker-1,,1,,1010.0
215,18,1,23,4,120,picker-1,,1,,373.0
216,19,1,51,5,120,picker-1,,1,,1191.0
217,20,1,25,10,180,picker-2,,1,,359.0
218,21,1,1,8,180,picker-3,,-1,,
219,21,1,252,10,180,picker-3,,-1,,
220,22,1,14,4,180,,,-3,,
221,22,1,444,8,180,,,-3,,
222,22,1,3,7,180,,,-3,,
223,22,1,89,1,180,,,-3,,
224,22,1,21,4,180,,,-3,,
225,23,1,284,8,180,,,-3,,
226,23,1,1,7,180,,,-3,,
227,24,1,64,1,180,picker-2,,1,,731.0
228,24,1,0,5,180,picker-2,,1,,715.0
229,25,1,26,6,180,picker-2,,1,,792.0
230,25,1,67,4,180,picker-2,,1,,799.0
231,26,1,150,10,240,,,-3,,
232,26,1,303,8,240,,,-3,,
233,27,1,480,9,240,picker-2,,1,,467.0
234,28,1,425,12,240,picker-2,,-1,,
235,29,1,35,7,240,picker-1,,1,,351.0
236,30,1,127,5,240,picker-3,,-1,,
237,31,1,77,12,300,picker-1,,1,,598.0
238,32,1,33,6,300,picker-3,,1,,516.0
239,33,1,113,7,300,,,-3,,
240,33,1,13,7,300,,,-3,,
241,33,1,437,8,300,,,-3,,
242,33,1,85,3,300,,,-3,,
243,34,1,11,9,300,picker-2,,1,,728.0
244,35,1,158,10,300,,,-3,,
245,35,1,64,6,300,,,-3,,
246,36,1,27,7,300,picker-3,,1,,484.0
247,37,1,12,7,300,picker-1,,1,,515.0
248,38,1,358,8,300,picker-1,,1,,495.0
249,39,1,167,9,300,picker-3,,1,,865.0
250,40,1,64,10,300,,,-3,,
251,40,1,82,10,300,,,-3,,
252,40,1,38,6,300,,,-3,,
253,40,1,36,7,300,,,-3,,
254,41,1,45,10,300,,,-3,,
255,41,1,12,4,300,,,-3,,
256,41,1,121,7,300,,,-3,,
257,41,1,8,9,300,,,-3,,
258,41,1,147,10,300,,,-3,,
259,42,1,11,4,300,picker-2,,1,,775.0
260,42,1,434,3,300,picker-2,,1,,768.0
261,43,1,306,8,300,,,-3,,
262,43,1,11,7,300,,,-3,,
263,44,1,65,10,360,picker-3,,1,,1083.0
264,45,1,344,7,360,picker-3,,1,,1416.0
265,46,1,0,8,360,picker-2,,1,,614.0
266,47,1,34,5,360,picker-2,,1,,573.0
267,48,1,88,6,360,picker-2,,1,,1094.0
268,49,1,0,7,360,picker-2,,1,,496.0
269,50,1,22,2,420,,,-3,,
270,50,1,134,9,420,,,-3,,
271,51,1,3,9,420,,,-3,,
272,51,1,159,5,420,,,-3,,
273,52,1,102,6,420,picker-3,,1,,711.0
274,53,1,4,5,420,picker-1,,1,,858.0
275,53,1,69,4,420,picker-1,,1,,873.0
276,54,1,6,11,420,picker-3,,1,,1491.0
277,55,1,2,8,420,picker-1,,1,,1386.0
278,55,1,39,4,420,picker-1,,1,,1402.0
279,56,1,15,10,420,picker-2,,1,,632.0
280,57,1,45,9,420,picker-3,,1,,695.0
281,57,1,272,3,420,picker-3,,1,,623.0
282,57,1,72,5,420,picker-3,,1,,719.0
283,57,1,112,2,420,picker-3,,1,,682.0
284,57,1,380,10,420,picker-3,,1,,767.0
285,58,1,44,4,420,,,-3,,
286,58,1,60,6,420,,,-3,,
287,58,1,265,4,420,,,-3,,
288,59,1,493,10,480,,,-3,,
289,59,1,45,8,480,,,-3,,
290,59,1,27,12,480,,,-3,,
291,59,1,11,9,480,,,-3,,
292,59,1,31,1,480,,,-3,,
293,59,1,241,5,480,,,-3,,
294,60,1,1,1,480,picker-2,,1,,879.0
295,61,1,26,8,480,picker-1,,1,,648.0
296,62,1,338,5,480,picker-1,,1,,714.0
297,63,1,6,2,480,picker-3,,1,,895.0
298,63,1,10,12,480,picker-3,,1,,911.0
299,63,1,43,3,480,picker-3,,1,,917.0
300,64,1,348,7,480,,,-3,,
301,64,1,114,9,480,,,-3,,
302,65,1,19,10,480,picker-3,,1,,890.0
303,66,1,274,7,480,picker-2,,1,,999.0
304,67,1,38,6,480,picker-3,,1,,677.0
305,68,1,0,5,480,picker-2,,1,,644.0
306,69,1,118,4,480,,,-3,,
307,69,1,82,10,480,,,-3,,
308,69,1,38,4,480,,,-3,,
309,69,1,3,10,480,,,-3,,
310,70,1,295,6,480,picker-1,,1,,1437.0
311,70,1,21,4,480,picker-1,,1,,1417.0
312,71,1,316,10,540,picker-1,,1,,826.0
313,72,1,158,9,540,,,-3,,
314,72,1,0,11,540,,,-3,,
315,72,1,499,4,540,,,-3,,
316,72,1,291,4,540,,,-3,,
317,72,1,29,12,540,,,-3,,
318,72,1,163,6,540,,,-3,,
319,73,1,326,3,540,picker-1,,1,,863.0
320,74,1,178,4,540,,,-3,,
321,75,1,307,12,540,picker-3,,1,,1473.0
322,76,1,44,1,540,picker-1,,1,,751.0
323,76,1,27,6,540,picker-1,,1,,785.0
324,76,1,486,6,540,picker-1,,1,,850.0
325,76,1,13,8,540,picker-1,,1,,763.0
326,77,1,133,10,540,,,-3,,
327,78,1,0,7,540,picker-2,,1,,754.0
328,79,1,5,8,540,picker-3,,1,,971.0
329,80,1,268,8,540,picker-1,,1,,775.0
330,81,1,90,5,600,,,-3,,
331,81,1,172,5,600,,,-3,,
332,81,1,8,2,600,,,-3,,
333,82,1,95,12,600,picker-2,,1,,963.0
334,83,1,45,8,600,picker-2,,-1,,
335,83,1,3,5,600,picker-2,,-1,,
336,84,1,277,4,600,picker-3,,1,,1090.0
337,84,1,11,2,600,picker-3,,1,,1048.0
338,85,1,137,2,600,,,-3,,
339,86,1,10,8,600,picker-2,,1,,898.0
340,86,1,18,9,600,picker-2,,1,,875.0
341,87,1,13,9,600,picker-2,,1,,1445.0
342,87,1,248,10,600,picker-2,,1,,1492.0
343,88,1,117,6,600,,,-3,,
344,88,1,67,5,600,,,-3,,
345,89,1,180,10,600,picker-1,,1,,1220.0
346,90,1,344,6,600,picker-3,,1,,1274.0
347,91,1,18,10,600,picker-3,,1,,796.0
348,92,1,22,4,660,,,-3,,
349,92,1,69,5,660,,,-3,,
350,92,1,2,10,660,,,-3,,
351,92,1,1,3,660,,,-3,,
352,92,1,88,6,660,,,-3,,
353,92,1,8,8,660,,,-3,,
354,93,1,432,5,660,picker-1,,1,,936.0
355,94,1,56,10,660,,,-3,,
356,94,1,34,10,660,,,-3,,
357,94,1,480,11,660,,,-3,,
358,95,1,55,9,660,picker-3,,1,,1103.0
359,96,1,206,9,660,,,-3,,
360,96,1,14,1,660,,,-3,,
361,96,1,83,6,660,,,-3,,
362,96,1,332,4,660,,,-3,,
363,96,1,39,2,660,,,-3,,
364,96,1,34,4,660,,,-3,,
365,97,1,130,8,660,picker-1,,1,,1276.0
366,98,1,3,10,660,picker-2,,1,,988.0
367,99,1,178,3,660,,,-3,,
368,100,1,72,8,660,picker-3,,1,,876.0
369,100,1,43,7,660,picker-3,,1,,928.0
370,101,1,17,4,660,picker-3,,1,,1731.0
371,101,1,4,3,660,picker-3,,1,,1775.0
372,101,1,2,9,660,picker-3,,1,,1788.0
373,101,1,5,7,660,picker-3,,1,,1696.0
374,102,1,60,12,660,,,-3,,
375,102,1,389,4,660,,,-3,,
376,103,1,159,7,720,,,-3,,
377,104,1,305,8,720,picker-3,,1,,1249.0
378,105,1,32,5,720,picker-1,,1,,976.0
379,105,1,48,7,720,picker-1,,1,,1032.0
380,106,1,28,6,720,picker-1,,1,,925.0
381,107,1,157,7,720,picker-3,,1,,1044.0
382,107,1,19,2,720,picker-3,,1,,976.0
383,108,1,43,5,720,picker-3,,1,,936.0
384,109,1,354,4,720,picker-3,,1,,1665.0
385,110,1,162,10,720,picker-3,,1,,1069.0
386,111,1,400,6,720,,,-3,,
387,112,1,297,4,720,picker-1,,1,,1227.0
388,112,1,303,10,720,picker-1,,1,,1148.0
389,113,1,16,7,780,picker-3,,1,,1237.0
390,114,1,156,7,780,picker-2,,-1,,
391,114,1,17,6,780,picker-2,,-1,,
392,115,1,48,10,780,,,-3,,
393,115,1,191,8,780,,,-3,,
394,116,1,79,12,780,,,-3,,
395,117,1,38,10,780,picker-3,,-1,,
396,117,1,44,6,780,picker-3,,-1,,
397,117,1,162,8,780,picker-3,,-1,,
398,117,1,27,5,780,picker-3,,-1,,
399,118,1,1,5,780,,,-3,,
400,118,1,123,8,780,,,-3,,
401,119,1,80,6,780,picker-1,,1,,1395.0
402,119,1,47,12,780,picker-1,,1,,1358.0
403,119,1,51,12,780,picker-1,,1,,1374.0
404,119,1,2,4,780,picker-1,,1,,1341.0
405,120,1,164,10,780,picker-1,,1,,1162.0
406,120,1,34,7,780,picker-1,,1,,1182.0
407,120,1,303,6,780,picker-1,,1,,1108.0
408,121,1,189,2,780,,,-3,,
409,122,1,1,8,780,picker-2,,1,,974.0
410,123,1,33,8,780,,,-3,,
411,123,1,76,8,780,,,-3,,
412,123,1,74,4,780,,,-3,,
413,124,1,16,6,780,picker-3,,1,,1033.0
414,125,1,150,8,840,,,-3,,
415,125,1,97,10,840,,,-3,,
416,125,1,405,3,840,,,-3,,
417,126,1,36,7,840,picker-2,,1,,1189.0
418,126,1,338,6,840,picker-2,,1,,1270.0
419,127,1,118,4,840,picker-2,,1,,1621.0
420,127,1,16,6,840,picker-2,,1,,1646.0
421,128,1,0,9,840,picker-3,,1,,1006.0
422,129,1,28,8,840,picker-1,,1,,1022.0
423,130,1,195,8,840,picker-2,,1,,1321.0
424,130,1,146,8,840,picker-2,,1,,1261.0
425,131,1,306,8,900,picker-2,,1,,1112.0
426,132,1,3,3,900,,,-3,,
427,132,1,6,9,900,,,-3,,
428,133,1,169,5,900,picker-2,,1,,1500.0
429,134,1,6,2,960,,,-3,,
430,134,1,82,8,960,,,-3,,
431,135,1,16,10,960,picker-3,,1,,1132.0
432,136,1,112,9,960,picker-3,,1,,1227.0
433,137,1,91,1,960,,,-3,,
434,138,1,359,5,960,picker-3,,1,,1155.0
435,139,1,9,6,960,picker-1,,1,,1172.0
436,140,1,1,4,960,picker-2,,1,,1100.0
437,141,1,39,12,1020,,,-3,,
438,141,1,400,11,1020,,,-3,,
439,142,1,404,3,1020,picker-1,,1,,1233.0
440,143,1,142,4,1020,picker-1,,1,,1653.0
441,144,1,152,5,1020,picker-2,,-1,,
442,145,1,37,1,1020,,,-3,,
443,145,1,462,8,1020,,,-3,,
444,145,1,0,4,1020,,,-3,,
445,146,1,317,6,1020,picker-1,,1,,1593.0
446,147,1,10,4,1020,,,-3,,
447,147,1,64,2,1020,,,-3,,
448,147,1,174,8,1020,,,-3,,
449,147,1,225,4,1020,,,-3,,
450,148,1,23,10,1080,picker-3,,1,,1606.0
451,148,1,43,6,1080,picker-3,,1,,1620.0
452,149,1,394,3,1080,picker-3,,1,,1280.0
453,150,1,40,5,1080,,,-3,,
454,150,1,29,4,1080,,,-3,,
455,150,1,455,8,1080,,,-3,,
456,150,1,31,8,1080,,,-3,,
457,151,1,9,7,1080,picker-2,,1,,1341.0
458,151,1,84,9,1080,picker-2,,1,,1458.0
459,151,1,271,4,1080,picker-2,,1,,1421.0
460,152,1,25,4,1080,picker-3,,1,,1323.0
461,152,1,233,6,1080,picker-3,,1,,1335.0
462,153,1,29,7,1080,picker-2,,1,,1378.0
463,154,1,295,1,1080,picker-3,,1,,1294.0
464,155,1,42,6,1140,picker-2,,1,,1367.0
465,156,1,445,11,1140,picker-1,,1,,1324.0
466,157,1,241,6,1140,picker-3,,1,,1500.0
467,158,1,61,4,1140,,,-3,,
468,158,1,495,9,1140,,,-3,,
469,158,1,57,8,1140,,,-3,,
470,158,1,317,8,1140,,,-3,,
471,159,1,28,6,1140,picker-2,,1,,1412.0
472,159,1,31,11,1140,picker-2,,1,,1393.0
473,160,1,37,6,1200,picker-3,,1,,1425.0
474,161,1,35,10,1200,,,-3,,
475,161,1,0,8,1200,,,-3,,
476,161,1,45,4,1200,,,-3,,
477,162,1,177,12,1200,,,-3,,
478,162,1,188,8,1200,,,-3,,
479,163,1,47,4,1260,picker-2,,1,,1637.0
480,163,1,19,6,1260,picker-2,,1,,1610.0
481,164,1,43,8,1260,picker-1,,1,,1530.0
482,165,1,19,12,1260,picker-3,,1,,1658.0
483,165,1,25,6,1260,picker-3,,1,,1629.0
484,166,1,19,2,1260,picker-2,,1,,1479.0
485,167,1,15,10,1260,picker-2,,1,,1558.0
486,167,1,46,8,1260,picker-2,,1,,1584.0
487,168,1,40,2,1260,,,-3,,
488,168,1,203,7,1260,,,-3,,
489,169,1,68,12,1260,picker-3,,-1,,
490,170,1,411,9,1260,,,-3,,
491,170,1,31,6,1260,,,-3,,
492,170,1,175,6,1260,,,-3,,
493,170,1,471,10,1260,,,-3,,
494,170,1,5,4,1260,,,-3,,
495,171,1,2,9,1260,,,-3,,
496,171,1,17,7,1260,,,-3,,
497,171,1,292,6,1260,,,-3,,
498,171,1,23,8,1260,,,-3,,
499,172,1,4,5,1260,picker-3,,1,,1436.0
500,173,1,26,6,1320,picker-2,,1,,1528.0
501,173,1,96,10,1320,picker-2,,1,,1573.0
502,174,1,23,8,1320,picker-3,,1,,1525.0
503,175,1,17,3,1320,picker-1,,1,,1518.0
504,176,1,189,9,1320,,,-3,,
505,177,1,43,8,1320,,,-3,,
506,177,1,20,9,1320,,,-3,,
507,177,1,213,7,1320,,,-3,,
508,178,1,7,2,1320,picker-2,,1,,1544.0
509,179,1,15,5,1320,picker-1,,1,,1601.0
510,179,1,114,8,1320,picker-1,,1,,1664.0
511,180,1,91,8,1320,,,-3,,
512,181,1,4,5,1320,picker-1,,1,,1678.0
513,182,1,67,8,1320,picker-3,,1,,1686.0
514,183,1,4,10,1320,,,-3,,
515,184,1,6,10,1380,picker-3,,1,,1762.0
516,185,1,30,2,1380,picker-2,,1,,1674.0
517,186,1,12,8,1380,picker-2,,1,,1753.0
518,186,1,10,10,1380,picker-2,,1,,1767.0
519,187,1,31,9,1380,picker-3,,-1,,
520,187,1,163,12,1380,picker-3,,-1,,
521,188,1,139,4,1380,,,-3,,
522,189,1,485,5,1380,,,-3,,
523,189,1,8,9,1380,,,-3,,
524,189,1,14,6,1380,,,-3,,
525,190,1,25,6,1380,picker-3,,1,,1797.0
526,190,1,44,4,1380,picker-3,,1,,1769.0
527,190,1,13,6,1380,picker-3,,-1,,
528,191,1,11,1,1380,picker-2,,-1,,
529,191,1,88,8,1380,picker-2,,-1,,
530,192,1,252,2,1380,picker-3,,1,,1634.0
531,193,1,5,6,1380,picker-3,,1,,1592.0
532,194,1,23,6,1440,picker-3,,1,,1644.0
533,195,1,9,9,1500,picker-1,,1,,1726.0
534,196,1,9,10,1500,picker-1,,1,,1713.0
535,197,1,19,8,1500,,,-3,,
536,197,1,7,6,1500,,,-3,,
537,197,1,72,6,1500,,,-3,,
538,197,1,328,2,1500,,,-3,,
539,197,1,12,2,1500,,,-3,,
540,198,1,429,8,1500,,,-3,,
541,199,1,21,6,1500,,,-3,,
542,199,1,40,10,1500,,,-3,,
543,199,1,257,8,1500,,,-3,,
544,200,1,272,5,1500,,,-3,,
545,200,1,120,10,1500,,,-3,,
546,201,1,27,4,1500,,,-3,,
547,201,1,4,8,1500,,,-3,,
548,201,1,3,2,1500,,,-3,,
549,202,1,11,8,1500,,,-3,,
550,202,1,80,10,1500,,,-3,,
551,203,1,53,7,1500,,,-3,,
552,203,1,485,4,1500,,,-3,,
553,203,1,32,3,1500,,,-3,,
554,204,1,25,8,1560,picker-1,,1,,1786.0
555,204,1,21,8,1560,picker-1,,1,,1759.0
556,205,1,65,5,1560,,,-3,,
557,205,1,488,8,1560,,,-3,,
558,205,1,159,3,1560,,,-3,,
559,206,1,154,4,1560,,,-3,,
560,206,1,57,10,1560,,,-3,,
561,207,1,42,11,1560,picker-1,,1,,1774.0
562,208,1,12,12,1560,,,-3,,
563,209,1,32,5,1560,picker-1,,1,,1747.0
564,210,1,11,12,1560,,,-3,,
565,210,1,19,7,1560,,,-3,,
566,211,1,29,6,1560,picker-2,,1,,1799.0
567,211,1,14,6,1560,picker-2,,1,,1781.0
568,212,1,182,9,1560,,,-3,,
569,212,1,48,7,1560,,,-3,,
570,212,1,354,5,1560,,,-3,,
571,213,1,5,2,1560,,,-3,,
572,214,1,375,8,1560,picker-1,,-1,,
573,215,1,2,10,1560,,,-3,,
574,215,1,338,7,1560,,,-3,,
575,216,1,1,10,1560,,,-3,,
576,216,1,24,7,1560,,,-3,,
577,216,1,13,6,1560,,,-3,,
578,216,1,350,3,1560,,,-3,,
579,217,1,15,10,1560,picker-3,,-1,,
580,218,1,187,12,1560,,,-3,,
581,219,1,75,3,1560,,,-3,,
582,219,1,40,5,1560,,,-3,,
583,220,1,8,10,1620,picker-1,,-1,,
584,221,1,44,7,1620,,,-3,,
585,221,1,58,4,1620,,,-3,,
586,221,1,33,8,1620,,,-3,,
587,221,1,25,10,1620,,,-3,,
588,222,1,165,8,1620,picker-1,,-1,,
589,223,1,49,4,1620,,,-3,,
590,223,1,57,6,1620,,,-3,,
591,223,1,1,4,1620,,,-3,,
592,224,1,10,6,1620,picker-2,,-1,,
593,225,1,105,8,1680,picker-1,,-1,,
594,226,1,269,9,1680,picker-2,,-1,,
595,227,1,110,6,1680,,,-3,,
596,228,1,34,3,1680,,,-3,,
597,228,1,244,12,1680,,,-3,,
598,228,1,201,6,1680,,,-3,,
599,229,1,271,2,1680,,,-3,,
600,229,1,386,9,1680,,,-3,,
601,230,1,12,6,1740,,,-3,,
602,230,1,313,6,1740,,,-3,,
603,230,1,427,10,1740,,,-3,,
604,230,1,19,5,1740,,,-3,,
605,230,1,23,2,1740,,,-3,,
606,231,1,192,12,1740,,,-3,,
607,231,1,103,3,1740,,,-3,,
608,231,1,3,8,1740,,,-3,,
609,232,1,114,9,1740,,,-3,,
610,233,1,9,12,1740,picker-1,,-1,,
611,233,1,8,8,1740,picker-1,,-1,,
612,234,1,87,7,1740,,,-3,,
613,235,1,15,10,1740,,,-3,,
614,235,1,276,8,1740,,,-3,,
615,235,1,237,6,1740,,,-3,,
616,235,1,32,8,1740,,,-3,,
617,236,1,199,10,1800,,,-3,,
618,236,1,4,9,1800,,,-3,,
619,237,1,123,11,1800,,,-3,,
620,237,1,39,4,1800,,,-3,,
621,238,1,163,9,1800,,,-3,,
622,238,1,49,10,1800,,,-3,,
623,238,1,197,10,1800,,,-3,,
624,238,1,324,8,1800,,,-3,,
625,238,1,270,4,1800,,,-3,,
626,238,1,57,7,1800,,,-3,,
627,238,1,9,6,1800,,,-3,,
628,238,1,16,11,1800,,,-3,,
629,239,1,166,6,1800,,,-3,,
630,240,1,495,2,1860,,,-3,,
631,240,1,133,3,1860,,,-3,,
632,241,1,99,5,1860,,,-3,,
633,242,1,219,4,1860,,,-3,,
634,243,1,42,11,1860,,,-3,,
635,244,1,398,6,1860,,,-3,,
636,244,1,32,2,1860,,,-3,,
637,245,1,13,7,1860,,,-3,,
638,245,1,45,10,1860,,,-3,,
639,245,1,16,11,1860,,,-3,,
640,245,1,425,4,1860,,,-3,,
641,245,1,22,12,1860,,,-3,,
642,245,1,48,4,1860,,,-3,,
643,246,1,269,8,1860,,,-3,,
644,246,1,356,8,1860,,,-3,,
645,246,1,21,6,1860,,,-3,,
646,247,1,113,3,1860,,,-3,,
647,248,1,130,2,1860,,,-3,,
648,249,1,8,12,1920,,,-3,,
649,250,1,26,12,1920,,,-3,,
650,251,1,18,10,1920,,,-3,,
651,251,1,408,5,1920,,,-3,,
652,252,1,15,10,1920,,,-3,,
653,253,1,36,8,1920,,,-3,,
654,253,1,372,6,1920,,,-3,,
655,254,1,11,7,1920,,,-3,,
656,254,1,10,6,1920,,,-3,,
657,255,1,206,4,1920,,,-3,,
658,256,1,208,10,1980,,,-3,,
659,256,1,15,3,1980,,,-3,,
660,257,1,335,5,1980,,,-3,,
661,257,1,453,9,1980,,,-3,,
662,258,1,48,3,1980,,,-3,,
663,259,1,11,9,1980,,,-3,,
664,259,1,63,4,1980,,,-3,,
665,259,1,46,6,1980,,,-3,,
666,260,1,140,6,1980,,,-3,,
667,260,1,19,11,1980,,,-3,,
668,261,1,2,3,1980,,,-3,,
669,261,1,89,5,1980,,,-3,,
670,262,1,27,8,1980,,,-3,,
671,263,1,26,4,1980,,,-3,,
672,263,1,62,8,1980,,,-3,,
673,264,1,8,8,1980,,,-3,,
674,265,1,23,5,2040,,,-3,,
675,266,1,39,10,2040,,,-3,,
676,267,1,199,9,2040,,,-3,,
677,267,1,92,10,2040,,,-3,,
678,267,1,37,9,2040,,,-3,,
679,267,1,462,4,2040,,,-3,,
680,267,1,39,2,2040,,,-3,,
681,268,1,276,7,2040,,,-3,,
682,268,1,10,4,2040,,,-3,,
683,269,1,147,7,2040,,,-3,,
684,269,1,250,5,2040,,,-3,,
685,269,1,418,10,2040,,,-3,,
686,270,1,366,6,2040,,,-3,,
687,271,1,257,10,2040,,,-3,,
688,272,1,0,6,2040,,,-3,,
689,272,1,158,10,2040,,,-3,,
690,273,1,152,6,2040,,,-3,,
691,274,1,285,4,2040,,,-3,,
692,275,1,117,8,2040,,,-3,,
693,276,1,23,1,2100,,,-3,,
694,277,1,38,7,2100,,,-3,,
695,278,1,26,5,2100,,,-3,,
696,278,1,166,6,2100,,,-3,,
697,278,1,0,8,2100,,,-3,,
698,279,1,429,8,2100,,,-3,,
699,279,1,114,6,2100,,,-3,,
700,280,1,32,6,2100,,,-3,,
701,280,1,3,3,2100,,,-3,,
702,281,1,7,8,2100,,,-3,,
703,281,1,50,5,2100,,,-3,,
704,282,1,107,8,2100,,,-3,,
705,282,1,161,6,2100,,,-3,,
706,282,1,2,7,2100,,,-3,,
707,282,1,363,6,2100,,,-3,,
708,282,1,42,9,2100,,,-3,,
709,283,1,152,8,2100,,,-3,,
710,283,1,408,4,2100,,,-3,,
711,283,1,108,10,2100,,,-3,,
712,283,1,98,7,2100,,,-3,,
713,284,1,17,7,2100,,,-3,,
714,285,1,8,5,2100,,,-3,,
715,286,1,28,5,2100,,,-3,,
716,286,1,42,6,2100,,,-3,,
717,287,1,5,10,2160,,,-3,,
718,288,1,450,11,2160,,,-3,,
719,288,1,29,6,2160,,,-3,,
720,288,1,6,6,2160,,,-3,,
721,288,1,19,6,2160,,,-3,,
722,288,1,40,4,2160,,,-3,,
723,289,1,231,9,2160,,,-3,,
724,290,1,169,10,2160,,,-3,,
725,291,1,3,1,2160,,,-3,,
726,292,1,2,4,2160,,,-3,,
727,292,1,7,2,2160,,,-3,,
728,293,1,103,6,2160,,,-3,,
729,294,1,330,10,2160,,,-3,,
730,294,1,41,7,2160,,,-3,,
731,295,1,121,6,2160,,,-3,,
732,295,1,455,3,2160,,,-3,,
733,295,1,114,7,2160,,,-3,,
734,295,1,8,1,2160,,,-3,,
735,295,1,40,10,2160,,,-3,,
736,295,1,39,6,2160,,,-3,,
737,295,1,28,6,2160,,,-3,,
738,296,1,46,10,2160,,,-3,,
739,297,1,133,6,2220,,,-3,,
740,297,1,106,10,2220,,,-3,,
741,298,1,70,4,2220,,,-3,,
742,299,1,70,6,2220,,,-3,,
743,299,1,105,8,2220,,,-3,,
744,300,1,317,12,2220,,,-3,,
745,300,1,173,6,2220,,,-3,,
746,301,1,121,10,2220,,,-3,,
747,302,1,147,9,2220,,,-3,,
748,302,1,33,3,2220,,,-3,,
749,303,1,150,8,2220,,,-3,,
750,304,1,197,8,2220,,,-3,,
751,305,1,45,2,2220,,,-3,,
752,305,1,0,7,2220,,,-3,,
753,305,1,80,8,2220,,,-3,,
754,306,1,140,12,2220,,,-3,,
755,306,1,202,12,2220,,,-3,,
756,307,1,120,5,2220,,,-3,,
757,307,1,168,7,2220,,,-3,,
758,307,1,224,6,2220,,,-3,,
759,308,1,58,10,2280,,,-3,,
760,309,1,1,6,2280,,,-3,,
761,309,1,246,10,2280,,,-3,,
762,310,1,449,2,2280,,,-3,,
763,310,1,199,11,2280,,,-3,,
764,311,1,23,8,2280,,,-3,,
765,312,1,361,2,2280,,,-3,,
766,312,1,8,3,2280,,,-3,,
767,313,1,200,8,2280,,,-3,,
768,313,1,39,10,2280,,,-3,,
769,314,1,36,10,2280,,,-3,,
770,314,1,28,12,2280,,,-3,,
771,314,1,92,11,2280,,,-3,,
772,315,1,204,8,2280,,,-3,,
773,315,1,174,8,2280,,,-3,,
774,315,1,162,2,2280,,,-3,,
775,315,1,47,4,2280,,,-3,,
776,315,1,394,10,2280,,,-3,,
777,315,1,30,6,2280,,,-3,,
778,315,1,37,5,2280,,,-3,,
779,315,1,21,3,2280,,,-3,,
780,316,1,47,12,2280,,,-3,,
781,316,1,353,1,2280,,,-3,,
782,317,1,97,10,2280,,,-3,,
783,318,1,324,6,2340,,,-3,,
784,318,1,214,4,2340,,,-3,,
785,318,1,35,4,2340,,,-3,,
786,319,1,55,2,2340,,,-3,,
787,319,1,145,3,2340,,,-3,,
788,320,1,3,2,2340,,,-3,,
789,320,1,2,9,2340,,,-3,,
790,320,1,178,10,2340,,,-3,,
791,321,1,412,5,2340,,,-3,,
792,322,1,22,1,2340,,,-3,,
793,323,1,17,4,2340,,,-3,,
794,323,1,23,6,2340,,,-3,,
795,323,1,10,8,2340,,,-3,,
796,323,1,20,8,2340,,,-3,,
797,324,1,258,7,2340,,,-3,,
798,324,1,1,4,2340,,,-3,,
799,324,1,387,4,2340,,,-3,,
800,324,1,56,6,2340,,,-3,,
801,325,1,253,7,2340,,,-3,,
802,325,1,210,8,2340,,,-3,,
803,326,1,194,11,2340,,,-3,,
804,326,1,338,8,2340,,,-3,,
805,327,1,4,2,2400,,,-3,,
806,328,1,0,2,2400,,,-3,,
807,329,1,111,2,2400,,,-3,,
808,329,1,7,7,2400,,,-3,,
809,330,1,24,4,2400,,,-3,,
810,330,1,106,8,2400,,,-3,,
811,331,1,21,11,2400,,,-3,,
812,332,1,92,12,2400,,,-3,,
813,333,1,64,10,2400,,,-3,,
814,334,1,49,2,2400,,,-3,,
815,334,1,126,5,2400,,,-3,,
816,334,1,47,9,2400,,,-3,,
817,335,1,7,10,2400,,,-3,,
818,335,1,52,10,2400,,,-3,,
819,336,1,3,6,2400,,,-3,,
820,336,1,101,9,2400,,,-3,,
821,336,1,5,5,2400,,,-3,,
822,336,1,498,5,2400,,,-3,,
823,336,1,169,4,2400,,,-3,,
824,336,1,17,8,2400,,,-3,,
825,336,1,145,3,2400,,,-3,,
826,336,1,298,7,2400,,,-3,,
827,336,1,34,7,2400,,,-3,,
828,336,1,487,12,2400,,,-3,,
829,337,1,30,8,2400,,,-3,,
830,338,1,159,4,2460,,,-3,,
831,338,1,82,4,2460,,,-3,,
832,338,1,45,8,2460,,,-3,,
833,339,1,31,3,2460,,,-3,,
834,339,1,4,8,2460,,,-3,,
835,339,1,17,4,2460,,,-3,,
836,339,1,112,4,2460,,,-3,,
837,340,1,2,9,2460,,,-3,,
838,341,1,36,2,2460,,,-3,,
839,341,1,16,4,2460,,,-3,,
840,342,1,45,10,2460,,,-3,,
841,342,1,126,6,2460,,,-3,,
842,343,1,153,8,2460,,,-3,,
843,343,1,1,6,2460,,,-3,,
844,343,1,180,6,2460,,,-3,,
845,344,1,44,5,2460,,,-3,,
846,344,1,47,3,2460,,,-3,,
847,344,1,116,4,2460,,,-3,,
848,344,1,3,7,2460,,,-3,,
849,344,1,20,3,2460,,,-3,,
850,345,1,0,5,2460,,,-3,,
851,346,1,261,10,2520,,,-3,,
852,346,1,190,3,2520,,,-3,,
853,346,1,11,9,2520,,,-3,,
854,346,1,41,5,2520,,,-3,,
855,346,1,48,3,2520,,,-3,,
856,346,1,37,2,2520,,,-3,,
857,347,1,34,5,2520,,,-3,,
858,347,1,56,5,2520,,,-3,,
859,347,1,29,6,2520,,,-3,,
860,347,1,45,4,2520,,,-3,,
861,348,1,6,6,2520,,,-3,,
862,349,1,5,12,2520,,,-3,,
863,350,1,102,4,2520,,,-3,,
864,350,1,242,4,2520,,,-3,,
865,351,1,12,6,2520,,,-3,,
866,352,1,116,8,2520,,,-3,,
867,353,1,14,6,2520,,,-3,,
868,354,1,60,6,2520,,,-3,,
869,355,1,41,7,2520,,,-3,,
870,355,1,44,6,2520,,,-3,,
871,355,1,459,8,2520,,,-3,,
872,355,1,32,7,2520,,,-3,,
873,356,1,463,8,2580,,,-3,,
874,356,1,87,2,2580,,,-3,,
875,356,1,162,8,2580,,,-3,,
876,357,1,9,8,2580,,,-3,,
877,357,1,470,6,2580,,,-3,,
878,358,1,290,8,2580,,,-3,,
879,358,1,310,4,2580,,,-3,,
880,358,1,16,2,2580,,,-3,,
881,359,1,19,7,2580,,,-3,,
882,359,1,82,9,2580,,,-3,,
883,359,1,4,10,2580,,,-3,,
884,359,1,7,7,2580,,,-3,,
885,359,1,32,9,2580,,,-3,,
886,359,1,12,5,2580,,,-3,,
887,360,1,53,8,2580,,,-3,,
888,360,1,80,8,2580,,,-3,,
889,361,1,0,6,2580,,,-3,,
890,361,1,40,6,2580,,,-3,,
891,362,1,3,10,2580,,,-3,,
892,362,1,83,10,2580,,,-3,,
893,362,1,113,5,2580,,,-3,,
894,363,1,45,4,2640,,,-3,,
895,363,1,173,8,2640,,,-3,,
896,363,1,321,6,2640,,,-3,,
897,363,1,15,6,2640,,,-3,,
898,364,1,2,11,2640,,,-3,,
899,365,1,115,2,2640,,,-3,,
900,366,1,52,3,2700,,,-3,,
901,367,1,70,2,2700,,,-3,,
902,367,1,2,10,2700,,,-3,,
903,367,1,27,8,2700,,,-3,,
904,367,1,24,8,2700,,,-3,,
905,368,1,130,3,2700,,,-3,,
906,368,1,171,8,2700,,,-3,,
907,368,1,243,6,2700,,,-3,,
908,369,1,345,11,2700,,,-3,,
909,370,1,36,7,2700,,,-3,,
910,371,1,11,4,2700,,,-3,,
911,372,1,25,4,2700,,,-3,,
912,372,1,9,10,2700,,,-3,,
913,372,1,28,6,2700,,,-3,,
914,373,1,469,6,2760,,,-3,,
915,373,1,406,6,2760,,,-3,,
916,373,1,34,8,2760,,,-3,,
917,374,1,146,12,2760,,,-3,,
918,374,1,54,11,2760,,,-3,,
919,375,1,10,8,2760,,,-3,,
920,375,1,21,8,2760,,,-3,,
921,376,1,186,6,2760,,,-3,,
922,377,1,8,6,2760,,,-3,,
923,378,1,372,2,2760,,,-3,,
924,378,1,443,6,2760,,,-3,,
925,378,1,67,2,2760,,,-3,,
926,378,1,247,10,2760,,,-3,,
927,378,1,66,8,2760,,,-3,,
928,379,1,93,10,2760,,,-3,,
929,380,1,82,10,2760,,,-3,,
930,381,1,6,10,2760,,,-3,,
931,381,1,19,7,2760,,,-3,,
932,382,1,0,5,2760,,,-3,,
933,383,1,242,5,2820,,,-3,,
934,383,1,15,8,2820,,,-3,,
935,384,1,1,10,2820,,,-3,,
936,385,1,89,6,2820,,,-3,,
937,385,1,161,7,2820,,,-3,,
938,386,1,89,12,2820,,,-3,,
939,386,1,12,9,2820,,,-3,,
940,387,1,14,4,2820,,,-3,,
941,387,1,48,10,2820,,,-3,,
942,388,1,4,6,2820,,,-3,,
943,389,1,15,9,2880,,,-3,,
944,389,1,4,8,2880,,,-3,,
945,389,1,61,4,2880,,,-3,,
946,389,1,31,4,2880,,,-3,,
947,389,1,3,1,2880,,,-3,,
948,390,1,95,6,2880,,,-3,,
949,390,1,5,12,2880,,,-3,,
950,390,1,12,6,2880,,,-3,,
951,391,1,33,7,2880,,,-3,,
952,392,1,124,3,2880,,,-3,,
953,392,1,88,7,2880,,,-3,,
954,393,1,41,7,2880,,,-3,,
955,394,1,47,7,2880,,,-3,,
956,395,1,9,6,2880,,,-3,,
957,395,1,328,8,2880,,,-3,,
958,396,1,118,10,2880,,,-3,,
959,396,1,53,6,2880,,,-3,,
960,397,1,197,8,2940,,,-3,,
961,398,1,7,7,2940,,,-3,,
962,398,1,459,7,2940,,,-3,,
963,398,1,18,1,2940,,,-3,,
964,399,1,48,3,2940,,,-3,,
965,399,1,352,6,2940,,,-3,,
966,400,1,174,6,2940,,,-3,,
967,401,1,189,10,2940,,,-3,,
968,402,1,123,6,2940,,,-3,,
969,403,1,456,9,2940,,,-3,,
970,403,1,327,7,2940,,,-3,,
971,403,1,5,4,2940,,,-3,,
972,403,1,166,6,2940,,,-3,,
973,403,1,148,10,2940,,,-3,,
974,404,1,8,5,2940,,,-3,,
975,404,1,182,4,2940,,,-3,,
976,404,1,11,12,2940,,,-3,,
977,404,1,144,6,2940,,,-3,,
978,405,1,469,6,3000,,,-3,,
979,405,1,439,11,3000,,,-3,,
980,405,1,13,9,3000,,,-3,,
981,405,1,43,4,3000,,,-3,,
982,405,1,420,5,3000,,,-3,,
983,405,1,71,6,3000,,,-3,,
984,406,1,226,6,3000,,,-3,,
985,406,1,9,3,3000,,,-3,,
986,406,1,88,7,3000,,,-3,,
987,406,1,23,5,3000,,,-3,,
988,406,1,84,4,3000,,,-3,,
989,407,1,3,12,3000,,,-3,,
990,408,1,18,1,3000,,,-3,,
991,408,1,47,1,3000,,,-3,,
992,409,1,44,3,3000,,,-3,,
993,410,1,34,6,3000,,,-3,,
994,411,1,1,10,3060,,,-3,,
995,412,1,1,8,3060,,,-3,,
996,412,1,98,10,3060,,,-3,,
997,412,1,8,7,3060,,,-3,,
998,412,1,22,4,3060,,,-3,,
999,413,1,59,1,3060,,,-3,,
1000,413,1,4,2,3060,,,-3,,
1001,413,1,242,6,3060,,,-3,,
1002,414,1,100,10,3060,,,-3,,
1003,415,1,208,8,3060,,,-3,,
1004,415,1,195,1,3060,,,-3,,
1005,416,1,128,8,3060,,,-3,,
1006,416,1,33,9,3060,,,-3,,
1007,417,1,90,1,3060,,,-3,,
1008,418,1,267,12,3060,,,-3,,
1009,418,1,9,4,3060,,,-3,,
1010,419,1,191,4,3060,,,-3,,
1011,420,1,291,2,3060,,,-3,,
1012,420,1,452,6,3060,,,-3,,
1013,421,1,1,10,3060,,,-3,,
1014,421,1,150,9,3060,,,-3,,
1015,421,1,47,4,3060,,,-3,,
1016,422,1,247,10,3120,,,-3,,
1017,423,1,1,9,3120,,,-3,,
1018,424,1,0,8,3120,,,-3,,
1019,425,1,20,6,3120,,,-3,,
1020,426,1,13,10,3120,,,-3,,
1021,426,1,191,7,3120,,,-3,,
1022,427,1,34,11,3120,,,-3,,
1023,428,1,164,7,3120,,,-3,,
1024,429,1,0,11,3180,,,-3,,
1025,430,1,210,7,3180,,,-3,,
1026,430,1,19,10,3180,,,-3,,
1027,431,1,31,6,3180,,,-3,,
1028,432,1,135,2,3180,,,-3,,
1029,432,1,5,8,3180,,,-3,,
1030,432,1,337,6,3180,,,-3,,
1031,433,1,50,2,3180,,,-3,,
1032,434,1,3,2,3180,,,-3,,
1033,434,1,1,7,3180,,,-3,,
1034,434,1,154,10,3180,,,-3,,
1035,434,1,45,6,3180,,,-3,,
1036,435,1,40,7,3180,,,-3,,
1037,436,1,234,5,3180,,,-3,,
1038,437,1,180,7,3180,,,-3,,
1039,437,1,30,8,3180,,,-3,,
1040,437,1,11,11,3180,,,-3,,
1041,437,1,424,9,3180,,,-3,,
1042,438,1,138,2,3180,,,-3,,
1043,439,1,17,2,3180,,,-3,,
1044,439,1,2,10,3180,,,-3,,
1045,440,1,17,8,3180,,,-3,,
1046,440,1,93,5,3180,,,-3,,
1047,441,1,10,10,3180,,,-3,,
1048,441,1,29,6,3180,,,-3,,
1049,441,1,446,8,3180,,,-3,,
1050,441,1,296,7,3180,,,-3,,
1051,442,1,1,6,3240,,,-3,,
1052,443,1,45,12,3240,,,-3,,
1053,444,1,4,4,3240,,,-3,,
1054,445,1,13,5,3240,,,-3,,
1055,446,1,15,3,3240,,,-3,,
1056,446,1,14,2,3240,,,-3,,
1057,446,1,493,7,3240,,,-3,,
1058,446,1,3,2,3240,,,-3,,
1059,446,1,179,5,3240,,,-3,,
1060,446,1,206,6,3240,,,-3,,
1061,446,1,427,6,3240,,,-3,,
1062,447,1,144,4,3240,,,-3,,
1063,448,1,59,7,3240,,,-3,,
1064,448,1,83,12,3240,,,-3,,
1065,448,1,14,6,3240,,,-3,,
1066,449,1,368,9,3240,,,-3,,
1067,450,1,49,5,3240,,,-3,,
1068,450,1,89,3,3240,,,-3,,
1069,450,1,288,8,3240,,,-3,,
1070,451,1,58,4,3300,,,-3,,
1071,451,1,268,2,3300,,,-3,,
1072,452,1,181,7,3300,,,-3,,
1073,452,1,40,8,3300,,,-3,,
1074,452,1,450,5,3300,,,-3,,
1075,453,1,0,10,3300,,,-3,,
1076,453,1,36,11,3300,,,-3,,
1077,454,1,241,3,3300,,,-3,,
1078,454,1,152,1,3300,,,-3,,
1079,454,1,127,11,3300,,,-3,,
1080,455,1,49,9,3360,,,-3,,
1081,455,1,0,8,3360,,,-3,,
1082,456,1,9,2,3360,,,-3,,
1083,456,1,69,5,3360,,,-3,,
1084,457,1,39,8,3360,,,-3,,
1085,457,1,6,8,3360,,,-3,,
1086,458,1,69,10,3360,,,-3,,
1087,459,1,18,3,3360,,,-3,,
1088,459,1,95,8,3360,,,-3,,
1089,459,1,14,4,3360,,,-3,,
1090,460,1,289,2,3360,,,-3,,
1091,461,1,34,8,3360,,,-3,,
1092,461,1,66,7,3360,,,-3,,
1093,461,1,83,7,3360,,,-3,,
1094,461,1,35,8,3360,,,-3,,
1095,461,1,20,11,3360,,,-3,,
1096,462,1,13,4,3360,,,-3,,
1097,462,1,151,5,3360,,,-3,,
1098,462,1,110,6,3360,,,-3,,
1099,462,1,22,3,3360,,,-3,,
1100,462,1,42,5,3360,,,-3,,
1101,462,1,450,4,3360,,,-3,,
1102,462,1,41,10,3360,,,-3,,
1103,463,1,42,8,3360,,,-3,,
1104,463,1,37,5,3360,,,-3,,
1105,463,1,6,5,3360,,,-3,,
1106,463,1,46,8,3360,,,-3,,
1107,463,1,11,5,3360,,,-3,,
1108,463,1,0,10,3360,,,-3,,
1109,464,1,11,11,3360,,,-3,,
1110,465,1,1,9,3360,,,-3,,
1111,465,1,55,3,3360,,,-3,,
1112,466,1,303,7,3420,,,-3,,
1113,466,1,359,6,3420,,,-3,,
1114,466,1,34,4,3420,,,-3,,
1115,467,1,349,12,3420,,,-3,,
1116,468,1,470,5,3420,,,-3,,
1117,468,1,17,2,3420,,,-3,,
1118,469,1,458,10,3420,,,-3,,
1119,470,1,232,4,3420,,,-3,,
1120,471,1,385,8,3420,,,-3,,
1121,471,1,55,4,3420,,,-3,,
1122,471,1,16,6,3420,,,-3,,
1123,471,1,194,4,3420,,,-3,,
1124,472,1,397,8,3480,,,-3,,
1125,473,1,421,7,3480,,,-3,,
1126,474,1,374,11,3480,,,-3,,
1127,474,1,121,11,3480,,,-3,,
1128,474,1,19,4,3480,,,-3,,
1129,475,1,41,5,3480,,,-3,,
1130,475,1,439,11,3480,,,-3,,
1131,476,1,4,2,3480,,,-3,,
1132,476,1,28,4,3480,,,-3,,
1133,476,1,235,10,3480,,,-3,,
1134,476,1,74,8,3480,,,-3,,
1135,477,1,176,4,3480,,,-3,,
1136,478,1,50,3,3480,,,-3,,
1137,478,1,316,7,3480,,,-3,,
1138,478,1,14,6,3480,,,-3,,
1139,479,1,4,12,3480,,,-3,,
1140,480,1,65,9,3480,,,-3,,
1141,480,1,296,8,3480,,,-3,,
1142,481,1,7,2,3480,,,-3,,
1143,481,1,32,5,3480,,,-3,,
1144,482,1,66,8,3540,,,-3,,
1145,482,1,21,10,3540,,,-3,,
1146,482,1,6,10,3540,,,-3,,
1147,482,1,285,6,3540,,,-3,,
1148,482,1,19,4,3540,,,-3,,
1149,483,1,384,8,3540,,,-3,,
1150,483,1,343,9,3540,,,-3,,
1151,483,1,15,8,3540,,,-3,,
1152,484,1,22,6,3540,,,-3,,
1153,484,1,9,8,3540,,,-3,,
1154,484,1,30,9,3540,,,-3,,
1155,484,1,417,4,3540,,,-3,,
1156,484,1,273,10,3540,,,-3,,
1157,484,1,112,8,3540,,,-3,,
1158,485,1,4,8,3540,,,-3,,
1159,485,1,18,10,3540,,,-3,,
1160,486,1,2,11,3540,,,-3,,
1161,486,1,39,12,3540,,,-3,,
1162,487,1,178,1,3540,,,-3,,
1163,488,1,20,7,3540,,,-3,,
1164,488,1,21,8,3540,,,-3,,
1165,489,1,160,6,3540,,,-3,,
1166,489,1,345,2,3540,,,-3,,
1167,489,1,49,8,3540,,,-3,,
1168,490,1,117,6,3540,,,-3,,
1169,490,1,106,8,3540,,,-3,,
1170,491,1,185,5,3600,,,-3,,
1171,492,1,13,12,3600,,,-3,,
1172,493,1,0,8,3600,,,-3,,
1173,493,1,406,11,3600,,,-3,,
1174,493,1,230,11,3600,,,-3,,
1175,493,1,289,3,3600,,,-3,,
1176,493,1,28,10,3600,,,-3,,
1177,493,1,34,9,3600,,,-3,,
1178,493,1,14,10,3600,,,-3,,
1179,494,1,5,2,3600,,,-3,,
1180,495,1,16,4,3600,,,-3,,
1181,496,1,188,8,3600,,,-3,,
1182,497,1,413,5,3600,,,-3,,
1183,498,1,45,9,3600,,,-3,,
1184,499,1,45,5,3600,,,-3,,
1185,499,1,36,2,3600,,,-3,,
1186,499,1,121,7,3600,,,-3,,
1187,500,1,2,9,3600,,,-3,,
1188,500,1,270,10,3600,,,-3,,
1189,500,1,23,4,3600,,,-3,,
1190,501,1,482,9,3600,,,-3,,
1191,501,1,146,10,3600,,,-3,,
1192,501,1,382,5,3600,,,-3,,
1193,501,1,44,7,3600,,,-3,,
1194,502,1,294,7,3600,,,-3,,
1195,503,1,196,8,3600,,,-3,,
1196,503,1,0,12,3600,,,-3,,
1197,503,1,324,7,3600,,,-3,,
1198,504,1,393,7,3600,,,-3,,
1199,504,1,8,2,3600,,,-3,,
1200,504,1,256,10,3600,,,-3,,
1201,505,1,29,3,3600,,,-3,,
1202,505,1,2,9,3600,,,-3,,
1203,506,1,47,4,3660,,,-3,,
1204,506,1,31,6,3660,,,-3,,
1205,507,1,22,6,3660,,,-3,,
1206,508,1,43,2,3660,,,-3,,
1207,509,1,147,6,3660,,,-3,,
1208,510,1,94,2,3660,,,-3,,
1209,511,1,29,5,3660,,,-3,,
1210,511,1,41,9,3660,,,-3,,
1211,512,1,83,2,3660,,,-3,,
1212,513,1,6,10,3660,,,-3,,
1213,513,1,371,3,3660,,,-3,,
1214,513,1,149,8,3660,,,-3,,
1215,514,1,347,12,3660,,,-3,,
1216,514,1,219,10,3660,,,-3,,
1217,514,1,320,7,3660,,,-3,,
1218,515,1,17,7,3660,,,-3,,
1219,516,1,10,4,3660,,,-3,,
1220,517,1,2,5,3660,,,-3,,
1221,517,1,20,8,3660,,,-3,,
1222,518,1,74,6,3660,,,-3,,
1223,519,1,14,4,3720,,,-3,,
1224,519,1,17,7,3720,,,-3,,
1225,520,1,18,10,3720,,,-3,,
1226,521,1,320,10,3720,,,-3,,
1227,522,1,76,8,3720,,,-3,,
1228,522,1,2,8,3720,,,-3,,
1229,523,1,444,6,3720,,,-3,,
1230,523,1,26,5,3720,,,-3,,
1231,523,1,485,7,3720,,,-3,,
1232,523,1,251,8,3720,,,-3,,
1233,524,1,6,10,3720,,,-3,,
1234,524,1,257,8,3720,,,-3,,
1235,525,1,291,7,3720,,,-3,,
1236,526,1,53,2,3720,,,-3,,
1237,527,1,33,10,3720,,,-3,,
1238,528,1,237,4,3720,,,-3,,
1239,528,1,454,2,3720,,,-3,,
1240,528,1,16,5,3720,,,-3,,
1241,529,1,70,5,3720,,,-3,,
1242,530,1,92,1,3780,,,-3,,
1243,530,1,15,7,3780,,,-3,,
1244,530,1,137,8,3780,,,-3,,
1245,530,1,42,9,3780,,,-3,,
1246,531,1,56,3,3780,,,-3,,
1247,531,1,147,5,3780,,,-3,,
1248,531,1,67,12,3780,,,-3,,
1249,532,1,13,5,3780,,,-3,,
1250,532,1,486,10,3780,,,-3,,
1251,532,1,73,5,3780,,,-3,,
1252,532,1,52,7,3780,,,-3,,
1253,533,1,5,3,3780,,,-3,,
1254,533,1,7,3,3780,,,-3,,
1255,533,1,28,9,3780,,,-3,,
1256,533,1,0,8,3780,,,-3,,
1257,534,1,77,4,3780,,,-3,,
1258,535,1,10,7,3780,,,-3,,
1259,536,1,171,11,3780,,,-3,,
1260,537,1,120,5,3780,,,-3,,
1261,538,1,393,1,3780,,,-3,,
1262,538,1,16,6,3780,,,-3,,
1263,539,1,365,9,3780,,,-3,,
1264,539,1,287,10,3780,,,-3,,
1265,540,1,140,10,3840,,,-3,,
1266,540,1,26,8,3840,,,-3,,
1267,540,1,208,7,3840,,,-3,,
1268,541,1,9,4,3840,,,-3,,
1269,542,1,233,7,3840,,,-3,,
1270,543,1,27,2,3840,,,-3,,
1271,544,1,17,6,3840,,,-3,,
1272,545,1,11,2,3840,,,-3,,
1273,545,1,1,9,3840,,,-3,,
1274,546,1,103,4,3840,,,-3,,
1275,547,1,129,1,3840,,,-3,,
1276,548,1,336,6,3900,,,-3,,
1277,549,1,115,10,3900,,,-3,,
1278,549,1,49,8,3900,,,-3,,
1279,549,1,2,8,3900,,,-3,,
1280,550,1,17,7,3900,,,-3,,
1281,551,1,70,6,3900,,,-3,,
1282,552,1,13,12,3900,,,-3,,
1283,552,1,41,10,3900,,,-3,,
1284,552,1,126,7,3900,,,-3,,
1285,553,1,76,8,3900,,,-3,,
1286,553,1,382,4,3900,,,-3,,
1287,553,1,273,10,3900,,,-3,,
1288,554,1,11,8,3900,,,-3,,
1289,554,1,322,10,3900,,,-3,,
1290,554,1,400,7,3900,,,-3,,
1291,554,1,180,12,3900,,,-3,,
1292,555,1,22,11,3900,,,-3,,
1293,555,1,8,8,3900,,,-3,,
1294,556,1,0,6,3960,,,-3,,
1295,556,1,13,5,3960,,,-3,,
1296,557,1,0,8,3960,,,-3,,
1297,558,1,27,6,3960,,,-3,,
1298,558,1,121,9,3960,,,-3,,
1299,559,1,2,8,3960,,,-3,,
1300,559,1,30,5,3960,,,-3,,
1301,559,1,24,6,3960,,,-3,,
1302,560,1,163,4,3960,,,-3,,
1303,561,1,49,6,3960,,,-3,,
1304,562,1,103,12,3960,,,-3,,
1305,563,1,32,6,3960,,,-3,,
1306,563,1,50,8,3960,,,-3,,
1307,563,1,294,3,3960,,,-3,,
1308,563,1,437,6,3960,,,-3,,
1309,563,1,98,10,3960,,,-3,,
1310,564,1,138,6,3960,,,-3,,
1311,565,1,157,6,3960,,,-3,,
1312,566,1,148,5,3960,,,-3,,
1313,566,1,108,10,3960,,,-3,,
1314,567,1,28,6,4020,,,-3,,
1315,567,1,154,6,4020,,,-3,,
1316,568,1,187,10,4020,,,-3,,
1317,568,1,85,7,4020,,,-3,,
1318,568,1,11,5,4020,,,-3,,
1319,569,1,455,5,4020,,,-3,,
1320,569,1,51,8,4020,,,-3,,
1321,569,1,76,9,4020,,,-3,,
1322,569,1,109,10,4020,,,-3,,
1323,570,1,404,4,4020,,,-3,,
1324,570,1,33,9,4020,,,-3,,
1325,570,1,15,7,4020,,,-3,,
1326,571,1,43,6,4020,,,-3,,
1327,572,1,242,8,4020,,,-3,,
1328,572,1,77,9,4020,,,-3,,
1329,573,1,195,6,4080,,,-3,,
1330,574,1,1,12,4080,,,-3,,
1331,575,1,211,8,4080,,,-3,,
1332,576,1,12,4,4080,,,-3,,
1333,576,1,7,11,4080,,,-3,,
1334,576,1,9,6,4080,,,-3,,
1335,577,1,20,10,4080,,,-3,,
1336,578,1,65,3,4080,,,-3,,
1337,579,1,44,11,4080,,,-3,,
1338,580,1,280,4,4080,,,-3,,
1339,580,1,20,10,4080,,,-3,,
1340,581,1,9,3,4080,,,-3,,
1341,582,1,1,10,4080,,,-3,,
1342,583,1,376,2,4080,,,-3,,
1343,584,1,171,9,4080,,,-3,,
1344,585,1,11,12,4080,,,-3,,
1345,585,1,0,5,4080,,,-3,,
1346,586,1,0,10,4140,,,-3,,
1347,586,1,41,8,4140,,,-3,,
1348,586,1,45,3,4140,,,-3,,
1349,586,1,11,3,4140,,,-3,,
1350,587,1,13,6,4140,,,-3,,
1351,588,1,14,6,4140,,,-3,,
1352,589,1,13,10,4140,,,-3,,
1353,589,1,20,8,4140,,,-3,,
1354,590,1,288,4,4140,,,-3,,
1355,590,1,321,8,4140,,,-3,,
1356,590,1,16,9,4140,,,-3,,
1357,590,1,392,1,4140,,,-3,,
1358,591,1,194,4,4140,,,-3,,
1359,592,1,316,8,4140,,,-3,,
1360,592,1,279,4,4140,,,-3,,
1361,592,1,368,2,4140,,,-3,,
1362,592,1,164,12,4140,,,-3,,
1363,592,1,172,2,4140,,,-3,,
1364,593,1,23,5,4140,,,-3,,
1365,594,1,29,8,4200,,,-3,,
1366,595,1,4,7,4200,,,-3,,
1367,596,1,98,8,4200,,,-3,,
1368,597,1,5,2,4200,,,-3,,
1369,597,1,14,10,4200,,,-3,,
1370,597,1,282,8,4200,,,-3,,
1371,597,1,225,4,4200,,,-3,,
1372,597,1,246,3,4200,,,-3,,
1373,597,1,56,5,4200,,,-3,,
1374,597,1,39,2,4200,,,-3,,
1375,597,1,28,6,4200,,,-3,,
1376,597,1,43,6,4200,,,-3,,
1377,598,1,191,5,4200,,,-3,,
1378,598,1,43,6,4200,,,-3,,
1379,599,1,225,5,4200,,,-3,,
1380,599,1,138,12,4200,,,-3,,
1381,600,1,112,3,4200,,,-3,,
1382,601,1,428,10,4200,,,-3,,
1383,601,1,175,9,4200,,,-3,,
1384,601,1,9,3,4200,,,-3,,
1385,601,1,155,4,4200,,,-3,,
1386,601,1,1,5,4200,,,-3,,
1387,601,1,0,5,4200,,,-3,,
1388,601,1,18,2,4200,,,-3,,
1389,602,1,10,6,4200,,,-3,,
1390,602,1,63,3,4200,,,-3,,
1391,602,1,174,4,4200,,,-3,,
1392,603,1,1,9,4200,,,-3,,
1393,604,1,49,10,4260,,,-3,,
1394,604,1,4,7,4260,,,-3,,
1395,605,1,31,10,4260,,,-3,,
1396,606,1,43,12,4260,,,-3,,
1397,607,1,24,2,4260,,,-3,,
1398,607,1,296,6,4260,,,-3,,
1399,607,1,13,6,4260,,,-3,,
1400,608,1,30,10,4260,,,-3,,
1401,609,1,90,7,4260,,,-3,,
1402,609,1,327,8,4260,,,-3,,
1403,610,1,41,6,4260,,,-3,,
1404,611,1,138,2,4260,,,-3,,
1405,611,1,0,10,4260,,,-3,,
1406,611,1,70,6,4260,,,-3,,
1407,611,1,8,8,4260,,,-3,,
1408,611,1,300,4,4260,,,-3,,
1409,611,1,4,8,4260,,,-3,,
1410,611,1,11,6,4260,,,-3,,
1411,612,1,132,4,4320,,,-3,,
1412,612,1,82,7,4320,,,-3,,
1413,613,1,6,12,4320,,,-3,,
1414,613,1,15,10,4320,,,-3,,
1415,614,1,193,10,4320,,,-3,,
1416,614,1,7,8,4320,,,-3,,
1417,614,1,119,3,4320,,,-3,,
1418,614,1,17,6,4320,,,-3,,
1419,614,1,6,11,4320,,,-3,,
1420,615,1,8,12,4320,,,-3,,
1421,616,1,456,8,4320,,,-3,,
1422,616,1,11,9,4320,,,-3,,
1423,616,1,46,10,4320,,,-3,,
1424,616,1,218,8,4320,,,-3,,
1425,617,1,12,2,4320,,,-3,,
1426,618,1,75,8,4320,,,-3,,
1427,618,1,9,7,4320,,,-3,,
1428,619,1,15,6,4380,,,-3,,
1429,619,1,225,4,4380,,,-3,,
1430,619,1,33,3,4380,,,-3,,
1431,620,1,274,3,4440,,,-3,,
1432,621,1,21,6,4440,,,-3,,
1433,621,1,81,5,4440,,,-3,,
1434,621,1,0,2,4440,,,-3,,
1435,621,1,89,7,4440,,,-3,,
1436,622,1,26,7,4440,,,-3,,
1437,623,1,90,7,4440,,,-3,,
1438,624,1,13,5,4500,,,-3,,
1439,624,1,96,6,4500,,,-3,,
1440,625,1,138,8,4500,,,-3,,
1441,626,1,112,5,4500,,,-3,,
1442,626,1,1,3,4500,,,-3,,
1443,626,1,37,12,4500,,,-3,,
1444,626,1,365,9,4500,,,-3,,
1445,626,1,273,7,4500,,,-3,,
1446,627,1,18,8,4500,,,-3,,
1447,628,1,5,10,4500,,,-3,,
1448,629,1,145,9,4560,,,-3,,
1449,630,1,18,4,4560,,,-3,,
1450,630,1,116,10,4560,,,-3,,
1451,631,1,177,7,4560,,,-3,,
1452,632,1,9,8,4560,,,-3,,
1453,633,1,35,8,4560,,,-3,,
1454,633,1,482,2,4560,,,-3,,
1455,634,1,100,6,4560,,,-3,,
1456,634,1,164,9,4560,,,-3,,
1457,634,1,395,7,4560,,,-3,,
1458,635,1,14,9,4560,,,-3,,
1459,635,1,66,8,4560,,,-3,,
1460,635,1,5,10,4560,,,-3,,
1461,636,1,61,4,4560,,,-3,,
1462,637,1,156,7,4560,,,-3,,
1463,638,1,242,6,4560,,,-3,,
1464,639,1,243,6,4560,,,-3,,
1465,639,1,31,8,4560,,,-3,,
1466,640,1,23,7,4620,,,-3,,
1467,641,1,101,8,4620,,,-3,,
1468,642,1,183,3,4620,,,-3,,
1469,643,1,485,11,4620,,,-3,,
1470,644,1,3,10,4620,,,-3,,
1471,645,1,164,8,4620,,,-3,,
1472,646,1,1,1,4620,,,-3,,
1473,646,1,44,10,4620,,,-3,,
1474,647,1,206,6,4680,,,-3,,
1475,648,1,97,2,4680,,,-3,,
1476,649,1,11,8,4680,,,-3,,
1477,650,1,1,6,4680,,,-3,,
1478,650,1,477,4,4680,,,-3,,
1479,651,1,47,7,4680,,,-3,,
1480,652,1,45,5,4680,,,-3,,
1481,652,1,150,6,4680,,,-3,,
1482,653,1,492,11,4740,,,-3,,
1483,653,1,91,1,4740,,,-3,,
1484,653,1,47,10,4740,,,-3,,
1485,654,1,179,5,4740,,,-3,,
1486,655,1,28,5,4740,,,-3,,
1487,655,1,23,7,4740,,,-3,,
1488,656,1,110,12,4740,,,-3,,
1489,657,1,13,12,4740,,,-3,,
1490,657,1,159,8,4740,,,-3,,
1491,657,1,27,8,4740,,,-3,,
1492,657,1,190,3,4740,,,-3,,
1493,658,1,40,8,4800,,,-3,,
1494,658,1,183,10,4800,,,-3,,
1495,659,1,432,8,4800,,,-3,,
1496,660,1,51,8,4800,,,-3,,
1497,661,1,339,6,4800,,,-3,,
1498,662,1,113,11,4800,,,-3,,
1499,663,1,40,9,4800,,,-3,,
1500,663,1,321,4,4800,,,-3,,
1501,664,1,34,4,4800,,,-3,,
1502,665,1,10,6,4800,,,-3,,
1503,665,1,3,7,4800,,,-3,,
1504,666,1,267,5,4860,,,-3,,
1505,666,1,25,12,4860,,,-3,,
1506,666,1,0,10,4860,,,-3,,
1507,666,1,2,9,4860,,,-3,,
1508,667,1,366,4,4860,,,-3,,
1509,667,1,300,6,4860,,,-3,,
1510,668,1,42,7,4860,,,-3,,
1511,668,1,24,7,4860,,,-3,,
1512,668,1,294,6,4860,,,-3,,
1513,669,1,2,8,4860,,,-3,,
1514,669,1,19,4,4860,,,-3,,
1515,670,1,53,10,4860,,,-3,,
1516,670,1,85,12,4860,,,-3,,
1517,670,1,118,12,4860,,,-3,,
1518,670,1,88,5,4860,,,-3,,
1519,670,1,274,6,4860,,,-3,,
1520,670,1,203,2,4860,,,-3,,
1521,671,1,236,10,4860,,,-3,,
1522,672,1,309,3,4860,,,-3,,
1523,672,1,219,4,4860,,,-3,,
1524,673,1,483,1,4860,,,-3,,
1525,673,1,5,3,4860,,,-3,,
1526,674,1,9,10,4860,,,-3,,
1527,674,1,120,8,4860,,,-3,,
1528,675,1,5,5,4860,,,-3,,
1529,676,1,467,7,4860,,,-3,,
1530,676,1,289,6,4860,,,-3,,
1531,676,1,17,9,4860,,,-3,,
1532,676,1,492,8,4860,,,-3,,
1533,676,1,26,1,4860,,,-3,,
1534,677,1,28,3,4860,,,-3,,
1535,678,1,34,10,4920,,,-3,,
1536,678,1,78,2,4920,,,-3,,
1537,678,1,484,10,4920,,,-3,,
1538,679,1,392,8,4920,,,-3,,
1539,679,1,151,6,4920,,,-3,,
1540,679,1,0,9,4920,,,-3,,
1541,680,1,9,8,4920,,,-3,,
1542,680,1,207,4,4920,,,-3,,
1543,681,1,115,12,4920,,,-3,,
1544,681,1,16,4,4920,,,-3,,
1545,682,1,60,4,4920,,,-3,,
1546,682,1,8,1,4920,,,-3,,
1547,683,1,29,8,4920,,,-3,,
1548,683,1,8,6,4920,,,-3,,
1549,684,1,35,3,4920,,,-3,,
1550,684,1,11,11,4920,,,-3,,
1551,684,1,25,2,4920,,,-3,,
1552,685,1,5,4,4920,,,-3,,
1553,685,1,8,3,4920,,,-3,,
1554,686,1,6,12,4920,,,-3,,
1555,686,1,373,2,4920,,,-3,,
1556,687,1,45,12,4920,,,-3,,
1557,688,1,349,8,4920,,,-3,,
1558,689,1,213,6,4980,,,-3,,
1559,689,1,15,4,4980,,,-3,,
1560,690,1,6,2,4980,,,-3,,
1561,691,1,2,10,4980,,,-3,,
1562,692,1,54,5,4980,,,-3,,
1563,692,1,78,5,4980,,,-3,,
1564,693,1,0,8,4980,,,-3,,
1565,693,1,183,2,4980,,,-3,,
1566,694,1,339,10,5040,,,-3,,
1567,694,1,40,4,5040,,,-3,,
1568,695,1,23,1,5040,,,-3,,
1569,696,1,360,10,5040,,,-3,,
1570,696,1,11,1,5040,,,-3,,
1571,696,1,12,8,5040,,,-3,,
1572,696,1,77,11,5040,,,-3,,
1573,697,1,7,7,5040,,,-3,,
1574,697,1,3,3,5040,,,-3,,
1575,697,1,461,4,5040,,,-3,,
1576,697,1,156,10,5040,,,-3,,
1577,697,1,172,4,5040,,,-3,,
1578,698,1,21,8,5040,,,-3,,
1579,699,1,38,4,5040,,,-3,,
1580,700,1,381,4,5100,,,-3,,
1581,700,1,40,3,5100,,,-3,,
1582,700,1,130,3,5100,,,-3,,
1583,701,1,152,11,5100,,,-3,,
1584,701,1,0,4,5100,,,-3,,
1585,702,1,0,8,5100,,,-3,,
1586,703,1,280,4,5160,,,-3,,
1587,704,1,45,10,5160,,,-3,,
1588,704,1,40,6,5160,,,-3,,
1589,705,1,386,8,5160,,,-3,,
1590,705,1,203,8,5160,,,-3,,
1591,705,1,58,3,5160,,,-3,,
1592,705,1,33,8,5160,,,-3,,
1593,705,1,5,5,5160,,,-3,,
1594,706,1,50,5,5160,,,-3,,
1595,706,1,101,12,5160,,,-3,,
1596,707,1,347,8,5160,,,-3,,
1597,707,1,5,3,5160,,,-3,,
1598,707,1,9,2,5160,,,-3,,
1599,708,1,49,6,5160,,,-3,,
1600,708,1,30,10,5160,,,-3,,
1601,709,1,6,4,5160,,,-3,,
1602,709,1,43,2,5160,,,-3,,
1603,710,1,326,10,5160,,,-3,,
1604,711,1,16,3,5160,,,-3,,
1605,711,1,3,7,5160,,,-3,,
1606,712,1,18,11,5160,,,-3,,
1607,712,1,49,7,5160,,,-3,,
1608,713,1,196,3,5160,,,-3,,
1609,714,1,36,4,5160,,,-3,,
1610,715,1,259,7,5220,,,-3,,
1611,716,1,113,7,5220,,,-3,,
1612,716,1,152,10,5220,,,-3,,
1613,717,1,206,7,5220,,,-3,,
1614,717,1,43,6,5220,,,-3,,
1615,717,1,13,2,5220,,,-3,,
1616,717,1,208,12,5220,,,-3,,
1617,717,1,28,3,5220,,,-3,,
1618,717,1,105,3,5220,,,-3,,
1619,718,1,0,9,5220,,,-3,,
1620,718,1,5,5,5220,,,-3,,
1621,718,1,4,10,5220,,,-3,,
1622,719,1,88,4,5220,,,-3,,
1623,719,1,163,8,5220,,,-3,,
1624,720,1,110,4,5280,,,-3,,
1625,720,1,25,6,5280,,,-3,,
1626,721,1,42,4,5280,,,-3,,
1627,721,1,25,10,5280,,,-3,,
1628,721,1,0,2,5280,,,-3,,
1629,722,1,131,3,5280,,,-3,,
1630,723,1,372,8,5280,,,-3,,
1631,724,1,157,2,5280,,,-3,,
1632,724,1,2,6,5280,,,-3,,
1633,724,1,25,10,5280,,,-3,,
1634,724,1,41,10,5280,,,-3,,
1635,724,1,213,4,5280,,,-3,,
1636,724,1,141,7,5280,,,-3,,
1637,724,1,175,6,5280,,,-3,,
1638,724,1,334,3,5280,,,-3,,
1639,725,1,14,6,5280,,,-3,,
1640,725,1,6,2,5280,,,-3,,
1641,725,1,21,10,5280,,,-3,,
1642,725,1,38,3,5280,,,-3,,
1643,725,1,65,4,5280,,,-3,,
1644,726,1,104,8,5280,,,-3,,
1645,727,1,161,10,5280,,,-3,,
1646,728,1,13,4,5280,,,-3,,
1647,729,1,39,10,5340,,,-3,,
1648,729,1,1,2,5340,,,-3,,
1649,729,1,57,9,5340,,,-3,,
1650,730,1,5,9,5340,,,-3,,
1651,731,1,9,3,5340,,,-3,,
1652,731,1,30,8,5340,,,-3,,
1653,732,1,22,2,5340,,,-3,,
1654,733,1,289,12,5340,,,-3,,
1655,734,1,58,2,5340,,,-3,,
1656,735,1,123,3,5400,,,-3,,
1657,736,1,177,5,5400,,,-3,,
1658,737,1,87,7,5400,,,-3,,
1659,738,1,175,1,5400,,,-3,,
1660,738,1,154,10,5400,,,-3,,
1661,739,1,3,6,5400,,,-3,,
1662,739,1,33,8,5400,,,-3,,
1663,739,1,193,2,5400,,,-3,,
1664,739,1,28,10,5400,,,-3,,
1665,739,1,194,10,5400,,,-3,,
1666,739,1,2,12,5400,,,-3,,
1667,739,1,145,8,5400,,,-3,,
1668,740,1,30,2,5400,,,-3,,
1669,740,1,5,10,5400,,,-3,,
1670,740,1,4,8,5400,,,-3,,
1671,741,1,26,6,5400,,,-3,,
1672,742,1,152,8,5400,,,-3,,
1673,743,1,83,7,5400,,,-3,,
1674,744,1,3,12,5400,,,-3,,
1675,745,1,27,2,5400,,,-3,,
1676,746,1,7,4,5400,,,-3,,
1677,747,1,146,3,5460,,,-3,,
1678,748,1,61,6,5460,,,-3,,
1679,748,1,342,7,5460,,,-3,,
1680,748,1,10,4,5460,,,-3,,
1681,748,1,200,4,5460,,,-3,,
1682,748,1,3,4,5460,,,-3,,
1683,749,1,19,9,5460,,,-3,,
1684,749,1,64,6,5460,,,-3,,
1685,749,1,152,11,5460,,,-3,,
1686,749,1,376,12,5460,,,-3,,
1687,750,1,257,11,5460,,,-3,,
1688,750,1,1,4,5460,,,-3,,
1689,750,1,161,5,5460,,,-3,,
1690,751,1,11,6,5460,,,-3,,
1691,751,1,13,5,5460,,,-3,,
1692,752,1,373,7,5460,,,-3,,
1693,753,1,30,8,5460,,,-3,,
1694,754,1,2,11,5460,,,-3,,
1695,755,1,0,9,5460,,,-3,,
1696,756,1,48,2,5460,,,-3,,
1697,757,1,98,8,5460,,,-3,,
1698,758,1,40,8,5460,,,-3,,
1699,758,1,79,6,5460,,,-3,,
1700,759,1,214,2,5520,,,-3,,
1701,759,1,63,6,5520,,,-3,,
1702,759,1,16,7,5520,,,-3,,
1703,760,1,38,8,5520,,,-3,,
1704,760,1,17,1,5520,,,-3,,
1705,761,1,484,12,5520,,,-3,,
1706,761,1,138,5,5520,,,-3,,
1707,762,1,49,7,5520,,,-3,,
1708,763,1,337,3,5520,,,-3,,
1709,764,1,2,5,5520,,,-3,,
1710,764,1,3,3,5520,,,-3,,
1711,764,1,19,10,5520,,,-3,,
1712,764,1,53,4,5520,,,-3,,
1713,764,1,187,6,5520,,,-3,,
1714,765,1,52,6,5520,,,-3,,
1715,766,1,75,10,5520,,,-3,,
1716,766,1,46,2,5520,,,-3,,
1717,766,1,4,1,5520,,,-3,,
1718,767,1,1,10,5520,,,-3,,
1719,767,1,48,6,5520,,,-3,,
1720,768,1,52,3,5580,,,-3,,
1721,769,1,1,12,5580,,,-3,,
1722,769,1,179,10,5580,,,-3,,
1723,770,1,178,5,5580,,,-3,,
1724,770,1,267,3,5580,,,-3,,
1725,770,1,8,6,5580,,,-3,,
1726,770,1,239,7,5580,,,-3,,
1727,770,1,5,4,5580,,,-3,,
1728,770,1,3,1,5580,,,-3,,
1729,770,1,2,7,5580,,,-3,,
1730,770,1,48,8,5580,,,-3,,
1731,770,1,40,4,5580,,,-3,,
1732,770,1,236,6,5580,,,-3,,
1733,770,1,387,12,5580,,,-3,,
1734,771,1,395,7,5580,,,-3,,
1735,771,1,11,9,5580,,,-3,,
1736,771,1,369,2,5580,,,-3,,
1737,771,1,20,6,5580,,,-3,,
1738,771,1,97,7,5580,,,-3,,
1739,771,1,407,3,5580,,,-3,,
1740,771,1,44,4,5580,,,-3,,
1741,772,1,94,6,5580,,,-3,,
1742,772,1,87,3,5580,,,-3,,
1743,772,1,6,9,5580,,,-3,,
1744,772,1,57,2,5580,,,-3,,
1745,772,1,352,8,5580,,,-3,,
1746,773,1,2,8,5580,,,-3,,
1747,773,1,13,4,5580,,,-3,,
1748,773,1,226,12,5580,,,-3,,
1749,773,1,21,6,5580,,,-3,,
1750,773,1,14,10,5580,,,-3,,
1751,773,1,199,9,5580,,,-3,,
1752,774,1,220,8,5580,,,-3,,
1753,775,1,233,8,5580,,,-3,,
1754,776,1,41,4,5580,,,-3,,
1755,777,1,143,12,5580,,,-3,,
1756,777,1,72,6,5580,,,-3,,
1757,777,1,7,12,5580,,,-3,,
1758,778,1,289,6,5640,,,-3,,
1759,778,1,88,10,5640,,,-3,,
1760,778,1,248,4,5640,,,-3,,
1761,779,1,42,3,5640,,,-3,,
1762,779,1,10,6,5640,,,-3,,
1763,779,1,14,6,5640,,,-3,,
1764,779,1,69,7,5640,,,-3,,
1765,779,1,291,7,5640,,,-3,,
1766,780,1,5,6,5640,,,-3,,
1767,780,1,65,6,5640,,,-3,,
1768,780,1,13,8,5640,,,-3,,
1769,780,1,27,3,5640,,,-3,,
1770,780,1,156,6,5640,,,-3,,
1771,781,1,95,4,5640,,,-3,,
1772,782,1,3,6,5640,,,-3,,
1773,782,1,163,5,5640,,,-3,,
1774,783,1,309,4,5640,,,-3,,
1775,784,1,0,3,5640,,,-3,,
1776,784,1,9,9,5640,,,-3,,
1777,785,1,203,6,5640,,,-3,,
1778,786,1,10,6,5640,,,-3,,
1779,786,1,58,8,5640,,,-3,,
1780,786,1,195,11,5640,,,-3,,
1781,786,1,160,2,5640,,,-3,,
1782,787,1,1,4,5640,,,-3,,
1783,787,1,123,10,5640,,,-3,,
1784,788,1,194,6,5700,,,-3,,
1785,789,1,30,10,5700,,,-3,,
1786,790,1,23,8,5700,,,-3,,
1787,791,1,30,6,5700,,,-3,,
1788,792,1,3,4,5700,,,-3,,
1789,793,1,26,2,5700,,,-3,,
1790,794,1,216,10,5700,,,-3,,
1791,794,1,74,9,5700,,,-3,,
1792,794,1,19,2,5700,,,-3,,
1793,795,1,2,4,5700,,,-3,,
1794,796,1,32,4,5700,,,-3,,
1795,796,1,4,12,5700,,,-3,,
1796,797,1,42,1,5700,,,-3,,
1797,798,1,278,8,5760,,,-3,,
1798,799,1,76,8,5760,,,-3,,
1799,800,1,7,12,5760,,,-3,,
1800,800,1,357,6,5760,,,-3,,
1801,800,1,38,8,5760,,,-3,,
1802,800,1,112,6,5760,,,-3,,
1803,801,1,2,8,5760,,,-3,,
1804,802,1,11,7,5760,,,-3,,
1805,803,1,487,9,5760,,,-3,,
1806,804,1,261,10,5820,,,-3,,
1807,804,1,0,10,5820,,,-3,,
1808,805,1,0,6,5820,,,-3,,
1809,806,1,53,2,5820,,,-3,,
1810,806,1,16,6,5820,,,-3,,
1811,806,1,151,12,5820,,,-3,,
1812,807,1,59,8,5880,,,-3,,
1813,807,1,12,5,5880,,,-3,,
1814,808,1,394,3,5880,,,-3,,
1815,809,1,11,6,5880,,,-3,,
1816,809,1,2,2,5880,,,-3,,
1817,810,1,324,6,5880,,,-3,,
1818,811,1,41,4,5880,,,-3,,
1819,811,1,13,8,5880,,,-3,,
1820,812,1,114,6,5940,,,-3,,
1821,813,1,17,6,5940,,,-3,,
1822,814,1,37,7,5940,,,-3,,
1823,815,1,358,8,5940,,,-3,,
1824,815,1,356,4,5940,,,-3,,
1825,816,1,64,5,5940,,,-3,,
1826,816,1,50,2,5940,,,-3,,
1827,817,1,35,4,5940,,,-3,,
1828,817,1,82,5,5940,,,-3,,
1829,817,1,25,8,5940,,,-3,,
1830,818,1,222,6,5940,,,-3,,
1831,819,1,60,6,5940,,,-3,,
1832,819,1,475,11,5940,,,-3,,
1833,819,1,162,9,5940,,,-3,,
1834,820,1,1,6,5940,,,-3,,
1835,820,1,87,2,5940,,,-3,,
1836,821,1,10,6,5940,,,-3,,
1837,821,1,19,5,5940,,,-3,,
1838,821,1,20,3,5940,,,-3,,
1839,822,1,35,10,5940,,,-3,,
1840,822,1,70,2,5940,,,-3,,
1841,823,1,4,6,5940,,,-3,,
1842,824,1,258,8,5940,,,-3,,
1843,825,1,82,10,5940,,,-3,,
1844,825,1,41,5,5940,,,-3,,
1845,826,1,449,8,6000,,,-3,,
1846,826,1,367,6,6000,,,-3,,
1847,827,1,18,10,6000,,,-3,,
1848,827,1,111,6,6000,,,-3,,
1849,827,1,174,8,6000,,,-3,,
1850,827,1,2,8,6000,,,-3,,
1851,828,1,35,6,6000,,,-3,,
1852,828,1,69,3,6000,,,-3,,
1853,828,1,133,8,6000,,,-3,,
1854,828,1,37,6,6000,,,-3,,
1855,829,1,105,4,6000,,,-3,,
1856,830,1,384,9,6000,,,-3,,
1857,831,1,6,3,6000,,,-3,,
1858,831,1,9,12,6000,,,-3,,
1859,831,1,125,4,6000,,,-3,,
1860,832,1,5,6,6000,,,-3,,
1861,832,1,219,5,6000,,,-3,,
1862,833,1,25,4,6000,,,-3,,
1863,833,1,49,6,6000,,,-3,,
1864,834,1,140,10,6000,,,-3,,
1865,834,1,94,1,6000,,,-3,,
1866,835,1,71,7,6000,,,-3,,
1867,836,1,389,8,6000,,,-3,,
1868,836,1,31,2,6000,,,-3,,
1869,836,1,459,8,6000,,,-3,,
1870,836,1,18,5,6000,,,-3,,
1871,837,1,3,12,6000,,,-3,,
1872,837,1,6,7,6000,,,-3,,
1873,837,1,471,12,6000,,,-3,,
1874,837,1,498,4,6000,,,-3,,
1875,837,1,161,3,6000,,,-3,,
1876,837,1,39,6,6000,,,-3,,
1877,838,1,1,2,6000,,,-3,,
1878,838,1,187,5,6000,,,-3,,
1879,838,1,133,5,6000,,,-3,,
1880,839,1,461,4,6060,,,-3,,
1881,840,1,14,8,6060,,,-3,,
1882,840,1,0,7,6060,,,-3,,
1883,840,1,193,5,6060,,,-3,,
1884,840,1,57,8,6060,,,-3,,
1885,841,1,173,11,6060,,,-3,,
1886,842,1,0,10,6060,,,-3,,
1887,843,1,0,8,6060,,,-3,,
1888,844,1,3,8,6060,,,-3,,
1889,845,1,279,10,6060,,,-3,,
1890,846,1,286,6,6060,,,-3,,
1891,846,1,11,4,6060,,,-3,,
1892,847,1,21,4,6060,,,-3,,
1893,847,1,11,7,6060,,,-3,,
1894,848,1,12,8,6060,,,-3,,
1895,848,1,90,6,6060,,,-3,,
1896,848,1,229,7,6060,,,-3,,
1897,848,1,94,9,6060,,,-3,,
1898,849,1,9,11,6060,,,-3,,
1899,849,1,12,4,6060,,,-3,,
1900,850,1,98,10,6120,,,-3,,
1901,850,1,28,6,6120,,,-3,,
1902,851,1,138,4,6120,,,-3,,
1903,851,1,7,5,6120,,,-3,,
1904,851,1,378,4,6120,,,-3,,
1905,851,1,54,6,6120,,,-3,,
1906,851,1,84,7,6120,,,-3,,
1907,851,1,76,4,6120,,,-3,,
1908,851,1,1,9,6120,,,-3,,
1909,851,1,11,10,6120,,,-3,,
1910,852,1,11,6,6120,,,-3,,
1911,853,1,99,8,6120,,,-3,,
1912,854,1,18,9,6120,,,-3,,
1913,854,1,255,4,6120,,,-3,,
1914,855,1,63,9,6120,,,-3,,
1915,856,1,24,10,6120,,,-3,,
1916,856,1,6,2,6120,,,-3,,
1917,856,1,192,4,6120,,,-3,,
1918,856,1,2,8,6120,,,-3,,
1919,856,1,43,2,6120,,,-3,,
1920,856,1,22,2,6120,,,-3,,
1921,856,1,17,12,6120,,,-3,,
1922,857,1,487,7,6120,,,-3,,
1923,858,1,11,4,6180,,,-3,,
1924,858,1,9,7,6180,,,-3,,
1925,859,1,461,6,6180,,,-3,,
1926,860,1,11,6,6180,,,-3,,
1927,861,1,92,8,6180,,,-3,,
1928,861,1,57,10,6180,,,-3,,
1929,861,1,5,2,6180,,,-3,,
1930,861,1,30,6,6180,,,-3,,
1931,862,1,51,5,6180,,,-3,,
1932,863,1,288,9,6240,,,-3,,
1933,864,1,29,6,6240,,,-3,,
1934,865,1,8,4,6240,,,-3,,
1935,865,1,23,6,6240,,,-3,,
1936,866,1,17,8,6240,,,-3,,
1937,866,1,22,12,6240,,,-3,,
1938,866,1,108,2,6240,,,-3,,
1939,866,1,61,12,6240,,,-3,,
1940,866,1,276,10,6240,,,-3,,
1941,867,1,7,2,6240,,,-3,,
1942,868,1,34,1,6240,,,-3,,
1943,869,1,31,7,6240,,,-3,,
1944,870,1,218,6,6240,,,-3,,
1945,871,1,334,2,6240,,,-3,,
1946,871,1,17,1,6240,,,-3,,
1947,871,1,402,6,6240,,,-3,,
1948,872,1,240,4,6300,,,-3,,
1949,872,1,479,2,6300,,,-3,,
1950,873,1,456,9,6300,,,-3,,
1951,874,1,29,11,6300,,,-3,,
1952,874,1,315,5,6300,,,-3,,
1953,874,1,16,1,6300,,,-3,,
1954,874,1,3,10,6300,,,-3,,
1955,875,1,71,8,6300,,,-3,,
1956,875,1,171,6,6300,,,-3,,
1957,876,1,115,4,6300,,,-3,,
1958,877,1,96,3,6300,,,-3,,
1959,878,1,151,6,6300,,,-3,,
1960,878,1,105,8,6300,,,-3,,
1961,879,1,252,10,6300,,,-3,,
1962,880,1,66,8,6300,,,-3,,
1963,881,1,3,10,6360,,,-3,,
1964,882,1,70,8,6360,,,-3,,
1965,883,1,17,6,6360,,,-3,,
1966,884,1,38,6,6360,,,-3,,
1967,884,1,2,4,6360,,,-3,,
1968,884,1,55,10,6360,,,-3,,
1969,885,1,32,9,6360,,,-3,,
1970,886,1,435,6,6360,,,-3,,
1971,887,1,389,4,6420,,,-3,,
1972,888,1,22,8,6420,,,-3,,
1973,889,1,1,12,6420,,,-3,,
1974,890,1,46,4,6420,,,-3,,
1975,890,1,255,6,6420,,,-3,,
1976,890,1,19,2,6420,,,-3,,
1977,891,1,1,8,6420,,,-3,,
1978,892,1,16,8,6420,,,-3,,
1979,892,1,112,8,6420,,,-3,,
1980,893,1,109,12,6420,,,-3,,
1981,894,1,44,2,6420,,,-3,,
1982,894,1,28,10,6420,,,-3,,
1983,895,1,380,6,6420,,,-3,,
1984,896,1,200,5,6420,,,-3,,
1985,897,1,57,10,6480,,,-3,,
1986,897,1,15,9,6480,,,-3,,
1987,897,1,356,6,6480,,,-3,,
1988,898,1,455,9,6480,,,-3,,
1989,899,1,51,12,6480,,,-3,,
1990,900,1,386,11,6480,,,-3,,
1991,901,1,192,10,6480,,,-3,,
1992,902,1,18,6,6480,,,-3,,
1993,902,1,66,4,6480,,,-3,,
1994,902,1,83,6,6480,,,-3,,
1995,903,1,186,12,6480,,,-3,,
1996,903,1,39,12,6480,,,-3,,
1997,904,1,30,8,6480,,,-3,,
1998,905,1,129,3,6480,,,-3,,
1999,906,1,22,6,6480,,,-3,,
2000,906,1,46,12,6480,,,-3,,
2001,906,1,7,11,6480,,,-3,,
2002,907,1,12,10,6480,,,-3,,
2003,908,1,33,6,6540,,,-3,,
2004,908,1,92,8,6540,,,-3,,
2005,909,1,6,6,6540,,,-3,,
2006,909,1,16,4,6540,,,-3,,
2007,909,1,141,10,6540,,,-3,,
2008,910,1,40,10,6540,,,-3,,
2009,910,1,421,9,6540,,,-3,,
2010,910,1,375,11,6540,,,-3,,
2011,911,1,456,10,6540,,,-3,,
2012,912,1,217,3,6540,,,-3,,
2013,913,1,48,8,6540,,,-3,,
2014,913,1,49,10,6540,,,-3,,
2015,913,1,0,4,6540,,,-3,,
2016,914,1,43,6,6540,,,-3,,
2017,914,1,263,6,6540,,,-3,,
2018,914,1,22,2,6540,,,-3,,
2019,915,1,167,2,6600,,,-3,,
2020,916,1,3,6,6600,,,-3,,
2021,917,1,388,4,6600,,,-3,,
2022,918,1,234,8,6600,,,-3,,
2023,919,1,40,10,6600,,,-3,,
2024,919,1,2,8,6600,,,-3,,
2025,920,1,156,8,6600,,,-3,,
2026,921,1,92,4,6600,,,-3,,
2027,921,1,57,6,6600,,,-3,,
2028,921,1,171,10,6600,,,-3,,
2029,922,1,11,4,6600,,,-3,,
2030,922,1,26,6,6600,,,-3,,
2031,922,1,163,6,6600,,,-3,,
2032,922,1,20,10,6600,,,-3,,
2033,922,1,60,4,6600,,,-3,,
2034,922,1,13,11,6600,,,-3,,
2035,922,1,297,8,6600,,,-3,,
2036,922,1,0,7,6600,,,-3,,
2037,923,1,67,6,6600,,,-3,,
2038,923,1,24,8,6600,,,-3,,
2039,924,1,186,2,6600,,,-3,,
2040,924,1,12,5,6600,,,-3,,
2041,924,1,18,6,6600,,,-3,,
2042,924,1,37,11,6600,,,-3,,
2043,924,1,130,3,6600,,,-3,,
2044,924,1,94,8,6600,,,-3,,
2045,924,1,492,7,6600,,,-3,,
2046,925,1,237,12,6600,,,-3,,
2047,926,1,28,4,6600,,,-3,,
2048,927,1,410,12,6660,,,-3,,
2049,928,1,7,6,6660,,,-3,,
2050,929,1,89,7,6660,,,-3,,
2051,930,1,72,3,6660,,,-3,,
2052,930,1,245,4,6660,,,-3,,
2053,931,1,24,4,6660,,,-3,,
2054,931,1,0,4,6660,,,-3,,
2055,931,1,484,10,6660,,,-3,,
2056,931,1,73,2,6660,,,-3,,
2057,932,1,414,11,6660,,,-3,,
2058,932,1,20,8,6660,,,-3,,
2059,932,1,3,3,6660,,,-3,,
2060,932,1,317,9,6660,,,-3,,
2061,933,1,63,8,6660,,,-3,,
2062,933,1,189,4,6660,,,-3,,
2063,934,1,44,4,6720,,,-3,,
2064,935,1,11,11,6720,,,-3,,
2065,936,1,433,5,6720,,,-3,,
2066,936,1,4,10,6720,,,-3,,
2067,936,1,41,11,6720,,,-3,,
2068,937,1,138,10,6720,,,-3,,
2069,938,1,389,4,6720,,,-3,,
2070,939,1,11,6,6720,,,-3,,
2071,940,1,49,7,6720,,,-3,,
2072,941,1,162,5,6720,,,-3,,
2073,941,1,2,2,6720,,,-3,,
2074,941,1,155,3,6720,,,-3,,
2075,942,1,15,6,6720,,,-3,,
2076,943,1,133,10,6780,,,-3,,
2077,944,1,24,10,6780,,,-3,,
2078,944,1,88,6,6780,,,-3,,
2079,944,1,23,6,6780,,,-3,,
2080,944,1,237,4,6780,,,-3,,
2081,944,1,442,8,6780,,,-3,,
2082,944,1,4,7,6780,,,-3,,
2083,944,1,5,12,6780,,,-3,,
2084,945,1,49,10,6780,,,-3,,
2085,946,1,97,6,6780,,,-3,,
2086,947,1,58,3,6780,,,-3,,
2087,947,1,198,2,6780,,,-3,,
2088,947,1,452,2,6780,,,-3,,
2089,948,1,18,6,6780,,,-3,,
2090,949,1,13,8,6780,,,-3,,
2091,949,1,5,4,6780,,,-3,,
2092,950,1,14,10,6780,,,-3,,
2093,950,1,347,6,6780,,,-3,,
2094,951,1,14,8,6780,,,-3,,
2095,951,1,3,6,6780,,,-3,,
2096,951,1,451,8,6780,,,-3,,
2097,951,1,37,4,6780,,,-3,,
2098,952,1,113,8,6780,,,-3,,
2099,952,1,0,4,6780,,,-3,,
2100,952,1,61,6,6780,,,-3,,
2101,953,1,96,2,6840,,,-3,,
2102,954,1,437,6,6840,,,-3,,
2103,954,1,334,10,6840,,,-3,,
2104,955,1,56,6,6840,,,-3,,
2105,956,1,139,11,6840,,,-3,,
2106,956,1,203,4,6840,,,-3,,
2107,956,1,175,3,6840,,,-3,,
2108,956,1,36,5,6840,,,-3,,
2109,957,1,127,7,6840,,,-3,,
2110,957,1,0,12,6840,,,-3,,
2111,958,1,28,8,6900,,,-3,,
2112,959,1,90,3,6900,,,-3,,
2113,959,1,14,8,6900,,,-3,,
2114,960,1,485,8,6900,,,-3,,
2115,961,1,0,6,6900,,,-3,,
2116,961,1,290,7,6900,,,-3,,
2117,961,1,232,3,6900,,,-3,,
2118,961,1,269,8,6900,,,-3,,
2119,961,1,11,5,6900,,,-3,,
2120,961,1,22,8,6900,,,-3,,
2121,961,1,170,6,6900,,,-3,,
2122,961,1,42,7,6900,,,-3,,
2123,962,1,270,6,6900,,,-3,,
2124,962,1,10,2,6900,,,-3,,
2125,963,1,75,9,6900,,,-3,,
2126,963,1,23,6,6900,,,-3,,
2127,963,1,323,6,6900,,,-3,,
2128,964,1,82,2,6960,,,-3,,
2129,965,1,152,8,6960,,,-3,,
2130,966,1,104,7,6960,,,-3,,
2131,967,1,62,3,6960,,,-3,,
2132,968,1,104,6,6960,,,-3,,
2133,969,1,204,4,6960,,,-3,,
2134,970,1,338,4,7020,,,-3,,
2135,970,1,7,10,7020,,,-3,,
2136,971,1,9,6,7020,,,-3,,
2137,971,1,43,8,7020,,,-3,,
2138,971,1,79,10,7020,,,-3,,
2139,972,1,26,6,7020,,,-3,,
2140,973,1,4,8,7020,,,-3,,
2141,974,1,97,6,7020,,,-3,,
2142,975,1,383,4,7020,,,-3,,
2143,975,1,184,11,7020,,,-3,,
2144,975,1,45,4,7020,,,-3,,
2145,975,1,5,1,7020,,,-3,,
2146,976,1,402,9,7020,,,-3,,
2147,977,1,101,12,7080,,,-3,,
2148,978,1,26,5,7080,,,-3,,
2149,978,1,138,5,7080,,,-3,,
2150,978,1,237,3,7080,,,-3,,
2151,978,1,11,8,7080,,,-3,,
2152,978,1,15,9,7080,,,-3,,
2153,978,1,27,1,7080,,,-3,,
2154,979,1,11,8,7080,,,-3,,
2155,980,1,47,2,7080,,,-3,,
2156,980,1,77,4,7080,,,-3,,
2157,980,1,230,9,7080,,,-3,,
2158,980,1,432,4,7080,,,-3,,
2159,981,1,311,2,7080,,,-3,,
2160,981,1,63,8,7080,,,-3,,
2161,982,1,467,2,7080,,,-3,,
2162,983,1,8,7,7080,,,-3,,
2163,984,1,1,2,7140,,,-3,,
2164,985,1,10,7,7140,,,-3,,
2165,986,1,85,8,7140,,,-3,,
2166,987,1,208,1,7140,,,-3,,
2167,987,1,28,5,7140,,,-3,,
2168,988,1,50,10,7140,,,-3,,
2169,988,1,24,10,7140,,,-3,,
2170,989,1,8,4,7140,,,-3,,
2171,990,1,8,7,7140,,,-3,,
2172,991,1,295,4,7140,,,-3,,
2173,992,1,35,10,7140,,,-3,,
2174,992,1,127,11,7140,,,-3,,
2175,993,1,17,12,7140,,,-3,,
2176,994,1,45,4,7140,,,-3,,
2177,995,1,246,6,7140,,,-3,,
2178,995,1,448,3,7140,,,-3,,
2179,995,1,29,8,7140,,,-3,,
2180,996,1,133,2,7140,,,-3,,
2181,997,1,25,10,7140,,,-3,,
2182,998,1,136,8,7140,,,-3,,
2183,999,1,95,8,7140,,,-3,,
2184,1000,1,69,10,7140,,,-3,,
2185,1001,1,9,3,7140,,,-3,,
2186,1002,1,441,4,7200,,,-3,,
2187,1002,1,2,9,7200,,,-3,,
2188,1002,1,228,6,7200,,,-3,,
2189,1003,1,22,9,7200,,,-3,,
2190,1003,1,29,8,7200,,,-3,,
2191,1004,1,61,6,7200,,,-3,,
2192,1004,1,18,10,7200,,,-3,,
2193,1004,1,3,12,7200,,,-3,,
2194,1004,1,181,7,7200,,,-3,,
2195,1004,1,250,10,7200,,,-3,,
2196,1004,1,27,4,7200,,,-3,,
2197,1005,1,26,9,7200,,,-3,,
2198,1006,1,264,11,7200,,,-3,,
2199,1006,1,18,6,7200,,,-3,,
2200,1006,1,44,2,7200,,,-3,,
2201,1006,1,302,6,7200,,,-3,,
2202,1007,1,122,6,7200,,,-3,,
2203,1008,1,42,10,7200,,,-3,,
2204,1008,1,5,8,7200,,,-3,,
2205,1009,1,187,1,7260,,,-3,,
2206,1009,1,19,4,7260,,,-3,,
2207,1009,1,2,6,7260,,,-3,,
2208,1010,1,0,7,7260,,,-3,,
2209,1010,1,167,4,7260,,,-3,,
2210,1010,1,241,9,7260,,,-3,,
2211,1010,1,27,8,7260,,,-3,,
2212,1010,1,221,4,7260,,,-3,,
2213,1011,1,14,5,7260,,,-3,,
2214,1011,1,5,10,7260,,,-3,,
2215,1012,1,64,6,7260,,,-3,,
2216,1012,1,66,12,7260,,,-3,,
2217,1013,1,247,7,7260,,,-3,,
2218,1013,1,414,5,7260,,,-3,,
2219,1014,1,129,4,7260,,,-3,,
2220,1015,1,189,4,7320,,,-3,,
2221,1015,1,170,8,7320,,,-3,,
2222,1015,1,5,8,7320,,,-3,,
2223,1016,1,11,10,7320,,,-3,,
2224,1017,1,31,2,7320,,,-3,,
2225,1017,1,43,10,7320,,,-3,,
2226,1018,1,15,10,7320,,,-3,,
2227,1018,1,30,8,7320,,,-3,,
2228,1019,1,368,1,7320,,,-3,,
2229,1019,1,47,5,7320,,,-3,,
2230,1019,1,142,2,7320,,,-3,,
2231,1019,1,13,2,7320,,,-3,,
2232,1019,1,7,11,7320,,,-3,,
2233,1020,1,9,5,7320,,,-3,,
2234,1020,1,304,6,7320,,,-3,,
2235,1020,1,212,10,7320,,,-3,,
2236,1020,1,343,6,7320,,,-3,,
2237,1021,1,286,2,7320,,,-3,,
2238,1021,1,5,1,7320,,,-3,,
2239,1021,1,43,9,7320,,,-3,,
2240,1022,1,368,7,7380,,,-3,,
2241,1022,1,362,8,7380,,,-3,,
2242,1023,1,36,12,7380,,,-3,,
2243,1024,1,482,9,7380,,,-3,,
2244,1025,1,360,10,7380,,,-3,,
2245,1025,1,493,4,7380,,,-3,,
2246,1026,1,18,5,7380,,,-3,,
2247,1026,1,67,2,7380,,,-3,,
2248,1027,1,21,6,7380,,,-3,,
2249,1028,1,3,6,7380,,,-3,,
2250,1029,1,22,12,7380,,,-3,,
2251,1029,1,26,6,7380,,,-3,,
2252,1030,1,57,3,7380,,,-3,,
2253,1031,1,473,6,7380,,,-3,,
2254,1031,1,53,4,7380,,,-3,,
2255,1031,1,76,4,7380,,,-3,,
2256,1032,1,21,12,7380,,,-3,,
2257,1033,1,44,6,7380,,,-3,,
2258,1034,1,196,9,7380,,,-3,,
2259,1035,1,318,7,7380,,,-3,,
2260,1035,1,38,8,7380,,,-3,,
2261,1035,1,44,12,7380,,,-3,,
2262,1036,1,6,12,7440,,,-3,,
2263,1036,1,113,6,7440,,,-3,,
2264,1036,1,120,9,7440,,,-3,,
2265,1036,1,8,12,7440,,,-3,,
2266,1036,1,1,12,7440,,,-3,,
2267,1037,1,30,2,7440,,,-3,,
2268,1038,1,353,12,7440,,,-3,,
2269,1039,1,29,8,7440,,,-3,,
2270,1039,1,12,10,7440,,,-3,,
2271,1039,1,3,10,7440,,,-3,,
2272,1040,1,9,9,7440,,,-3,,
2273,1040,1,468,10,7440,,,-3,,
2274,1040,1,19,6,7440,,,-3,,
2275,1041,1,2,4,7440,,,-3,,
2276,1041,1,330,5,7440,,,-3,,
2277,1041,1,84,4,7440,,,-3,,
2278,1042,1,332,6,7440,,,-3,,
2279,1042,1,4,8,7440,,,-3,,
2280,1042,1,55,6,7440,,,-3,,
2281,1042,1,94,1,7440,,,-3,,
2282,1043,1,0,10,7440,,,-3,,
2283,1043,1,97,2,7440,,,-3,,
2284,1043,1,1,3,7440,,,-3,,
2285,1043,1,44,10,7440,,,-3,,
2286,1043,1,23,10,7440,,,-3,,
2287,1043,1,47,6,7440,,,-3,,
2288,1044,1,44,10,7440,,,-3,,
2289,1045,1,2,4,7500,,,-3,,
2290,1045,1,16,5,7500,,,-3,,
2291,1045,1,385,7,7500,,,-3,,
2292,1045,1,347,5,7500,,,-3,,
2293,1046,1,25,10,7500,,,-3,,
2294,1046,1,0,4,7500,,,-3,,
2295,1046,1,17,5,7500,,,-3,,
2296,1047,1,30,6,7500,,,-3,,
2297,1048,1,471,10,7500,,,-3,,
2298,1048,1,3,12,7500,,,-3,,
2299,1048,1,129,9,7500,,,-3,,
2300,1048,1,82,4,7500,,,-3,,
2301,1049,1,77,7,7560,,,-3,,
2302,1049,1,377,3,7560,,,-3,,
2303,1050,1,438,4,7560,,,-3,,
2304,1051,1,12,12,7560,,,-3,,
2305,1051,1,402,7,7560,,,-3,,
2306,1051,1,82,8,7560,,,-3,,
2307,1051,1,13,10,7560,,,-3,,
2308,1052,1,119,7,7560,,,-3,,
2309,1053,1,47,8,7620,,,-3,,
2310,1053,1,84,6,7620,,,-3,,
2311,1053,1,45,2,7620,,,-3,,
2312,1054,1,10,11,7620,,,-3,,
2313,1054,1,193,3,7620,,,-3,,
2314,1054,1,41,10,7620,,,-3,,
2315,1055,1,377,8,7620,,,-3,,
2316,1055,1,10,8,7620,,,-3,,
2317,1055,1,27,2,7620,,,-3,,
2318,1056,1,1,10,7620,,,-3,,
2319,1056,1,76,5,7620,,,-3,,
2320,1056,1,3,6,7620,,,-3,,
2321,1057,1,115,5,7620,,,-3,,
2322,1057,1,9,9,7620,,,-3,,
2323,1058,1,333,2,7620,,,-3,,
2324,1058,1,49,6,7620,,,-3,,
2325,1058,1,6,8,7620,,,-3,,
2326,1059,1,253,6,7620,,,-3,,
2327,1060,1,203,7,7620,,,-3,,
2328,1060,1,2,8,7620,,,-3,,
2329,1060,1,0,7,7620,,,-3,,
2330,1060,1,85,8,7620,,,-3,,
2331,1060,1,95,8,7620,,,-3,,
2332,1060,1,127,4,7620,,,-3,,
2333,1060,1,17,12,7620,,,-3,,
2334,1061,1,34,8,7620,,,-3,,
2335,1062,1,162,10,7620,,,-3,,
2336,1062,1,5,4,7620,,,-3,,
2337,1063,1,12,10,7620,,,-3,,
2338,1064,1,3,11,7620,,,-3,,
2339,1064,1,45,4,7620,,,-3,,
2340,1065,1,8,5,7620,,,-3,,
2341,1066,1,307,6,7680,,,-3,,
2342,1067,1,118,11,7680,,,-3,,
2343,1067,1,93,2,7680,,,-3,,
2344,1067,1,12,8,7680,,,-3,,
2345,1067,1,42,5,7680,,,-3,,
2346,1067,1,228,5,7680,,,-3,,
2347,1067,1,428,8,7680,,,-3,,
2348,1067,1,47,7,7680,,,-3,,
2349,1068,1,419,4,7680,,,-3,,
2350,1069,1,158,5,7680,,,-3,,
2351,1069,1,77,3,7680,,,-3,,
2352,1070,1,46,12,7680,,,-3,,
2353,1071,1,1,6,7680,,,-3,,
2354,1072,1,5,1,7680,,,-3,,
2355,1072,1,9,6,7680,,,-3,,
2356,1072,1,337,10,7680,,,-3,,
2357,1072,1,19,9,7680,,,-3,,
2358,1072,1,6,3,7680,,,-3,,
2359,1073,1,34,4,7680,,,-3,,
2360,1073,1,24,8,7680,,,-3,,
2361,1073,1,144,8,7680,,,-3,,
2362,1073,1,2,9,7680,,,-3,,
2363,1074,1,153,6,7680,,,-3,,
2364,1075,1,26,7,7740,,,-3,,
2365,1076,1,493,1,7740,,,-3,,
2366,1077,1,109,8,7740,,,-3,,
2367,1077,1,0,8,7740,,,-3,,
2368,1078,1,206,3,7740,,,-3,,
2369,1078,1,314,9,7740,,,-3,,
2370,1079,1,79,3,7740,,,-3,,
2371,1080,1,131,4,7740,,,-3,,
2372,1080,1,4,7,7740,,,-3,,
2373,1081,1,0,6,7740,,,-3,,
2374,1081,1,3,1,7740,,,-3,,
2375,1082,1,482,5,7740,,,-3,,
2376,1082,1,1,10,7740,,,-3,,
2377,1083,1,36,8,7740,,,-3,,
2378,1083,1,332,10,7740,,,-3,,
2379,1083,1,345,3,7740,,,-3,,
2380,1083,1,8,12,7740,,,-3,,
2381,1084,1,178,8,7740,,,-3,,
2382,1084,1,91,6,7740,,,-3,,
2383,1085,1,28,3,7800,,,-3,,
2384,1085,1,260,8,7800,,,-3,,
2385,1086,1,160,4,7800,,,-3,,
2386,1086,1,116,6,7800,,,-3,,
2387,1086,1,35,4,7800,,,-3,,
2388,1087,1,114,4,7800,,,-3,,
2389,1088,1,100,10,7800,,,-3,,
2390,1088,1,60,4,7800,,,-3,,
2391,1088,1,23,10,7800,,,-3,,
2392,1088,1,446,6,7800,,,-3,,
2393,1089,1,454,10,7800,,,-3,,
2394,1089,1,9,5,7800,,,-3,,
2395,1090,1,29,4,7800,,,-3,,
2396,1090,1,10,9,7800,,,-3,,
2397,1090,1,7,7,7800,,,-3,,
2398,1091,1,26,4,7800,,,-3,,
2399,1092,1,229,12,7860,,,-3,,
2400,1093,1,276,8,7860,,,-3,,
2401,1093,1,337,7,7860,,,-3,,
2402,1093,1,262,7,7860,,,-3,,
2403,1094,1,202,6,7860,,,-3,,
2404,1094,1,24,12,7860,,,-3,,
2405,1095,1,193,4,7860,,,-3,,
2406,1095,1,0,8,7860,,,-3,,
2407,1095,1,11,6,7860,,,-3,,
2408,1095,1,289,7,7860,,,-3,,
2409,1096,1,89,2,7860,,,-3,,
2410,1096,1,76,4,7860,,,-3,,
2411,1096,1,162,5,7860,,,-3,,
2412,1097,1,19,9,7860,,,-3,,
2413,1097,1,2,6,7860,,,-3,,
2414,1098,1,8,7,7860,,,-3,,
2415,1099,1,310,8,7920,,,-3,,
2416,1100,1,40,2,7920,,,-3,,
2417,1101,1,10,4,7920,,,-3,,
2418,1102,1,1,9,7920,,,-3,,
2419,1102,1,6,10,7920,,,-3,,
2420,1102,1,32,2,7920,,,-3,,
2421,1103,1,263,4,7920,,,-3,,
2422,1104,1,2,3,7920,,,-3,,
2423,1104,1,154,5,7920,,,-3,,
2424,1105,1,18,2,7920,,,-3,,
2425,1105,1,85,3,7920,,,-3,,
2426,1105,1,19,8,7920,,,-3,,
2427,1106,1,36,7,7920,,,-3,,
2428,1106,1,0,10,7920,,,-3,,
2429,1107,1,49,8,7980,,,-3,,
2430,1107,1,123,6,7980,,,-3,,
2431,1107,1,16,10,7980,,,-3,,
2432,1107,1,168,5,7980,,,-3,,
2433,1107,1,56,2,7980,,,-3,,
2434,1108,1,116,11,7980,,,-3,,
2435,1108,1,42,6,7980,,,-3,,
2436,1108,1,146,3,7980,,,-3,,
2437,1108,1,144,8,7980,,,-3,,
2438,1109,1,8,6,7980,,,-3,,
2439,1109,1,60,8,7980,,,-3,,
2440,1109,1,7,4,7980,,,-3,,
2441,1109,1,343,10,7980,,,-3,,
2442,1110,1,11,4,7980,,,-3,,
2443,1110,1,3,7,7980,,,-3,,
2444,1111,1,221,5,7980,,,-3,,
2445,1111,1,106,4,7980,,,-3,,
2446,1111,1,16,4,7980,,,-3,,
2447,1111,1,13,10,7980,,,-3,,
2448,1111,1,47,8,7980,,,-3,,
2449,1111,1,219,6,7980,,,-3,,
2450,1112,1,0,4,7980,,,-3,,
2451,1113,1,11,2,8040,,,-3,,
2452,1113,1,157,6,8040,,,-3,,
2453,1113,1,45,7,8040,,,-3,,
2454,1113,1,40,6,8040,,,-3,,
2455,1114,1,11,6,8040,,,-3,,
2456,1114,1,40,4,8040,,,-3,,
2457,1115,1,106,9,8040,,,-3,,
2458,1116,1,10,1,8040,,,-3,,
2459,1116,1,120,8,8040,,,-3,,
2460,1116,1,46,4,8040,,,-3,,
2461,1117,1,316,6,8100,,,-3,,
2462,1117,1,4,12,8100,,,-3,,
2463,1117,1,53,11,8100,,,-3,,
2464,1118,1,387,7,8100,,,-3,,
2465,1119,1,249,8,8160,,,-3,,
2466,1120,1,233,8,8160,,,-3,,
2467,1120,1,11,10,8160,,,-3,,
2468,1120,1,462,6,8160,,,-3,,
2469,1120,1,455,10,8160,,,-3,,
2470,1121,1,26,4,8160,,,-3,,
2471,1122,1,76,10,8160,,,-3,,
2472,1122,1,27,4,8160,,,-3,,
2473,1123,1,2,6,8160,,,-3,,
2474,1123,1,113,10,8160,,,-3,,
2475,1123,1,172,10,8160,,,-3,,
2476,1124,1,494,8,8160,,,-3,,
2477,1124,1,101,9,8160,,,-3,,
2478,1125,1,10,2,8160,,,-3,,
2479,1125,1,186,2,8160,,,-3,,
2480,1125,1,11,5,8160,,,-3,,
2481,1125,1,37,6,8160,,,-3,,
2482,1126,1,26,2,8220,,,-3,,
2483,1127,1,7,6,8220,,,-3,,
2484,1128,1,0,10,8220,,,-3,,
2485,1128,1,356,7,8220,,,-3,,
2486,1128,1,18,6,8220,,,-3,,
2487,1128,1,142,3,8220,,,-3,,
2488,1129,1,113,12,8280,,,-3,,
2489,1130,1,85,3,8280,,,-3,,
2490,1130,1,250,10,8280,,,-3,,
2491,1131,1,410,7,8280,,,-3,,
2492,1132,1,48,8,8280,,,-3,,
2493,1133,1,113,4,8280,,,-3,,
2494,1133,1,37,11,8280,,,-3,,
2495,1133,1,77,2,8280,,,-3,,
2496,1134,1,134,8,8340,,,-3,,
2497,1135,1,9,8,8340,,,-3,,
2498,1135,1,15,7,8340,,,-3,,
2499,1135,1,168,6,8340,,,-3,,
2500,1135,1,2,4,8340,,,-3,,
2501,1135,1,336,6,8340,,,-3,,
2502,1135,1,7,11,8340,,,-3,,
2503,1135,1,442,6,8340,,,-3,,
2504,1135,1,435,5,8340,,,-3,,
2505,1135,1,6,8,8340,,,-3,,
2506,1136,1,9,6,8340,,,-3,,
2507,1137,1,94,10,8340,,,-3,,
2508,1137,1,169,4,8340,,,-3,,
2509,1137,1,342,11,8340,,,-3,,
2510,1138,1,67,7,8340,,,-3,,
2511,1138,1,240,2,8340,,,-3,,
2512,1138,1,432,8,8340,,,-3,,
2513,1138,1,161,1,8340,,,-3,,
2514,1138,1,19,10,8340,,,-3,,
2515,1139,1,40,6,8340,,,-3,,
2516,1140,1,8,7,8340,,,-3,,
2517,1141,1,90,7,8340,,,-3,,
2518,1142,1,60,2,8340,,,-3,,
2519,1143,1,0,10,8340,,,-3,,
2520,1144,1,133,6,8340,,,-3,,
2521,1145,1,219,7,8340,,,-3,,
2522,1145,1,0,2,8340,,,-3,,
2523,1145,1,264,6,8340,,,-3,,
2524,1145,1,8,4,8340,,,-3,,
2525,1146,1,269,6,8340,,,-3,,
2526,1146,1,40,6,8340,,,-3,,
2527,1146,1,9,4,8340,,,-3,,
2528,1147,1,65,4,8400,,,-3,,
2529,1147,1,401,5,8400,,,-3,,
2530,1148,1,425,10,8400,,,-3,,
2531,1149,1,353,7,8400,,,-3,,
2532,1149,1,14,6,8400,,,-3,,
2533,1149,1,12,2,8400,,,-3,,
2534,1149,1,10,7,8400,,,-3,,
2535,1149,1,447,10,8400,,,-3,,
2536,1150,1,59,6,8400,,,-3,,
2537,1151,1,65,9,8400,,,-3,,
2538,1151,1,23,9,8400,,,-3,,
2539,1151,1,126,3,8400,,,-3,,
2540,1152,1,203,10,8400,,,-3,,
2541,1152,1,29,3,8400,,,-3,,
2542,1153,1,24,5,8400,,,-3,,
2543,1154,1,187,7,8400,,,-3,,
2544,1155,1,47,6,8400,,,-3,,
2545,1155,1,43,10,8400,,,-3,,
2546,1155,1,14,9,8400,,,-3,,
2547,1156,1,12,9,8460,,,-3,,
2548,1156,1,113,6,8460,,,-3,,
2549,1156,1,0,6,8460,,,-3,,
2550,1157,1,76,10,8460,,,-3,,
2551,1158,1,5,4,8460,,,-3,,
2552,1158,1,6,5,8460,,,-3,,
2553,1159,1,438,8,8460,,,-3,,
2554,1160,1,43,8,8460,,,-3,,
2555,1160,1,49,4,8460,,,-3,,
2556,1160,1,138,5,8460,,,-3,,
2557,1160,1,6,8,8460,,,-3,,
2558,1160,1,2,7,8460,,,-3,,
2559,1160,1,19,6,8460,,,-3,,
2560,1160,1,21,6,8460,,,-3,,
2561,1160,1,28,8,8460,,,-3,,
2562,1160,1,7,5,8460,,,-3,,
2563,1160,1,15,11,8460,,,-3,,
2564,1160,1,17,5,8460,,,-3,,
2565,1161,1,36,6,8460,,,-3,,
2566,1161,1,90,10,8460,,,-3,,
2567,1161,1,32,11,8460,,,-3,,
2568,1161,1,114,6,8460,,,-3,,
2569,1161,1,45,2,8460,,,-3,,
2570,1161,1,127,10,8460,,,-3,,
2571,1162,1,466,2,8460,,,-3,,
2572,1162,1,24,4,8460,,,-3,,
2573,1162,1,96,2,8460,,,-3,,
2574,1163,1,8,8,8460,,,-3,,
2575,1164,1,481,12,8460,,,-3,,
2576,1164,1,51,3,8460,,,-3,,
2577,1165,1,25,3,8460,,,-3,,
2578,1166,1,11,12,8460,,,-3,,
2579,1167,1,384,8,8460,,,-3,,
2580,1167,1,41,2,8460,,,-3,,
2581,1168,1,98,5,8520,,,-3,,
2582,1169,1,16,12,8520,,,-3,,
2583,1170,1,7,4,8520,,,-3,,
2584,1171,1,113,12,8520,,,-3,,
2585,1171,1,10,8,8520,,,-3,,
2586,1172,1,42,4,8520,,,-3,,
2587,1172,1,356,8,8520,,,-3,,
2588,1173,1,499,7,8520,,,-3,,
2589,1174,1,0,2,8520,,,-3,,
2590,1175,1,21,8,8520,,,-3,,
2591,1175,1,5,5,8520,,,-3,,
2592,1176,1,255,3,8520,,,-3,,
2593,1176,1,197,6,8520,,,-3,,
2594,1177,1,48,10,8520,,,-3,,
2595,1177,1,32,8,8520,,,-3,,
2596,1177,1,179,2,8520,,,-3,,
2597,1177,1,5,4,8520,,,-3,,
2598,1177,1,17,2,8520,,,-3,,
2599,1178,1,13,8,8520,,,-3,,
2600,1179,1,108,7,8520,,,-3,,
2601,1180,1,305,5,8580,,,-3,,
2602,1181,1,2,9,8580,,,-3,,
2603,1182,1,340,8,8580,,,-3,,
2604,1182,1,43,9,8580,,,-3,,
2605,1182,1,12,6,8580,,,-3,,
2606,1183,1,464,10,8580,,,-3,,
2607,1183,1,115,11,8580,,,-3,,
2608,1184,1,74,10,8580,,,-3,,
2609,1184,1,46,8,8580,,,-3,,
2610,1185,1,349,4,8580,,,-3,,
2611,1186,1,2,10,8580,,,-3,,
2612,1186,1,453,12,8580,,,-3,,
2613,1187,1,69,4,8640,,,-3,,
2614,1188,1,88,4,8640,,,-3,,
2615,1189,1,39,4,8640,,,-3,,
2616,1189,1,16,12,8640,,,-3,,
2617,1190,1,91,5,8640,,,-3,,
2618,1191,1,380,6,8640,,,-3,,
2619,1192,1,310,6,8640,,,-3,,
2620,1192,1,25,11,8640,,,-3,,
2621,1193,1,153,5,8640,,,-3,,
2622,1193,1,83,5,8640,,,-3,,
2623,1193,1,332,8,8640,,,-3,,
2624,1194,1,1,2,8640,,,-3,,
2625,1194,1,313,8,8640,,,-3,,
2626,1195,1,335,6,8640,,,-3,,
2627,1196,1,20,10,8640,,,-3,,
2628,1196,1,404,8,8640,,,-3,,
2629,1197,1,186,5,8640,,,-3,,
2630,1198,1,104,10,8640,,,-3,,
2631,1198,1,189,4,8640,,,-3,,
2632,1199,1,1,9,8640,,,-3,,
2633,1200,1,48,6,8640,,,-3,,
2634,1201,1,19,4,8640,,,-3,,
2635,1201,1,21,9,8640,,,-3,,
2636,1202,1,215,6,8700,,,-3,,
2637,1202,1,2,6,8700,,,-3,,
2638,1203,1,225,7,8700,,,-3,,
2639,1204,1,21,8,8700,,,-3,,
2640,1204,1,20,12,8700,,,-3,,
2641,1204,1,167,7,8700,,,-3,,
2642,1205,1,172,2,8700,,,-3,,
2643,1206,1,345,7,8700,,,-3,,
2644,1206,1,335,6,8700,,,-3,,
2645,1206,1,182,7,8700,,,-3,,
2646,1206,1,75,6,8700,,,-3,,
2647,1207,1,32,4,8700,,,-3,,
2648,1207,1,9,4,8700,,,-3,,
2649,1207,1,13,6,8700,,,-3,,
2650,1207,1,25,2,8700,,,-3,,
2651,1208,1,35,9,8700,,,-3,,
2652,1208,1,19,3,8700,,,-3,,
2653,1209,1,22,4,8700,,,-3,,
2654,1209,1,284,8,8700,,,-3,,
2655,1209,1,9,8,8700,,,-3,,
2656,1209,1,469,4,8700,,,-3,,
2657,1209,1,63,6,8700,,,-3,,
2658,1210,1,56,10,8760,,,-3,,
2659,1211,1,4,6,8760,,,-3,,
2660,1211,1,192,4,8760,,,-3,,
2661,1211,1,141,1,8760,,,-3,,
2662,1212,1,146,2,8760,,,-3,,
2663,1213,1,31,7,8760,,,-3,,
2664,1214,1,9,10,8760,,,-3,,
2665,1215,1,35,6,8760,,,-3,,
2666,1215,1,285,4,8760,,,-3,,
2667,1215,1,9,8,8760,,,-3,,
2668,1215,1,68,12,8760,,,-3,,
2669,1216,1,181,8,8760,,,-3,,
2670,1216,1,15,10,8760,,,-3,,
2671,1216,1,13,7,8760,,,-3,,
2672,1216,1,1,7,8760,,,-3,,
2673,1217,1,57,8,8760,,,-3,,
2674,1217,1,45,11,8760,,,-3,,
2675,1217,1,480,6,8760,,,-3,,
2676,1218,1,328,7,8760,,,-3,,
2677,1218,1,195,6,8760,,,-3,,
2678,1219,1,306,2,8760,,,-3,,
2679,1219,1,302,8,8760,,,-3,,
2680,1220,1,262,6,8760,,,-3,,
2681,1221,1,49,6,8820,,,-3,,
2682,1221,1,44,8,8820,,,-3,,
2683,1222,1,115,8,8820,,,-3,,
2684,1223,1,81,12,8820,,,-3,,
2685,1223,1,330,5,8820,,,-3,,
2686,1223,1,2,10,8820,,,-3,,
2687,1224,1,98,2,8820,,,-3,,
2688,1224,1,10,2,8820,,,-3,,
2689,1225,1,159,8,8820,,,-3,,
2690,1225,1,36,6,8820,,,-3,,
2691,1225,1,416,4,8820,,,-3,,
2692,1225,1,196,6,8820,,,-3,,
2693,1226,1,3,6,8820,,,-3,,
2694,1226,1,32,4,8820,,,-3,,
2695,1227,1,31,12,8820,,,-3,,
2696,1227,1,36,10,8820,,,-3,,
2697,1227,1,433,6,8820,,,-3,,
2698,1228,1,45,10,8820,,,-3,,
2699,1229,1,339,8,8880,,,-3,,
2700,1230,1,22,9,8940,,,-3,,
2701,1230,1,38,6,8940,,,-3,,
2702,1230,1,11,7,8940,,,-3,,
2703,1230,1,27,4,8940,,,-3,,
2704,1231,1,5,4,8940,,,-3,,
2705,1231,1,23,2,8940,,,-3,,
2706,1232,1,28,10,8940,,,-3,,
2707,1232,1,442,6,8940,,,-3,,
2708,1233,1,11,6,8940,,,-3,,
2709,1234,1,141,12,8940,,,-3,,
2710,1234,1,2,4,8940,,,-3,,
2711,1234,1,362,4,8940,,,-3,,
2712,1235,1,169,8,8940,,,-3,,
2713,1236,1,79,4,8940,,,-3,,
2714,1237,1,314,9,9000,,,-3,,
2715,1237,1,32,7,9000,,,-3,,
2716,1238,1,36,2,9000,,,-3,,
2717,1239,1,78,2,9000,,,-3,,
2718,1239,1,96,10,9000,,,-3,,
2719,1240,1,225,4,9000,,,-3,,
2720,1241,1,111,10,9000,,,-3,,
2721,1241,1,49,6,9000,,,-3,,
2722,1241,1,478,10,9000,,,-3,,
2723,1241,1,197,7,9000,,,-3,,
2724,1242,1,479,6,9000,,,-3,,
2725,1242,1,160,12,9000,,,-3,,
2726,1243,1,154,6,9000,,,-3,,
2727,1244,1,30,12,9000,,,-3,,
2728,1245,1,44,7,9000,,,-3,,
2729,1245,1,33,3,9000,,,-3,,
2730,1245,1,84,8,9000,,,-3,,
2731,1246,1,318,11,9000,,,-3,,
2732,1247,1,29,2,9000,,,-3,,
2733,1248,1,3,4,9060,,,-3,,
2734,1249,1,208,5,9060,,,-3,,
2735,1250,1,6,4,9120,,,-3,,
2736,1251,1,36,8,9120,,,-3,,
2737,1251,1,0,8,9120,,,-3,,
2738,1252,1,32,6,9120,,,-3,,
2739,1252,1,412,4,9120,,,-3,,
2740,1253,1,24,5,9120,,,-3,,
2741,1254,1,15,6,9120,,,-3,,
2742,1255,1,2,8,9120,,,-3,,
2743,1256,1,470,11,9120,,,-3,,
2744,1256,1,225,4,9120,,,-3,,
2745,1256,1,86,3,9120,,,-3,,
2746,1256,1,150,11,9120,,,-3,,
2747,1256,1,91,4,9120,,,-3,,
2748,1257,1,128,9,9120,,,-3,,
2749,1258,1,135,5,9180,,,-3,,
2750,1259,1,33,4,9180,,,-3,,
2751,1259,1,9,9,9180,,,-3,,
2752,1260,1,12,12,9180,,,-3,,
2753,1261,1,255,1,9180,,,-3,,
2754,1262,1,148,4,9180,,,-3,,
2755,1263,1,211,4,9180,,,-3,,
2756,1263,1,1,8,9180,,,-3,,
2757,1263,1,57,9,9180,,,-3,,
2758,1263,1,225,7,9180,,,-3,,
2759,1264,1,2,4,9180,,,-3,,
2760,1264,1,80,4,9180,,,-3,,
2761,1264,1,183,5,9180,,,-3,,
2762,1264,1,8,4,9180,,,-3,,
2763,1264,1,37,12,9180,,,-3,,
2764,1265,1,23,8,9180,,,-3,,
2765,1266,1,157,5,9180,,,-3,,
2766,1267,1,30,9,9240,,,-3,,
2767,1267,1,96,4,9240,,,-3,,
2768,1267,1,99,6,9240,,,-3,,
2769,1268,1,2,8,9240,,,-3,,
2770,1269,1,62,4,9240,,,-3,,
2771,1270,1,285,9,9240,,,-3,,
2772,1270,1,171,12,9240,,,-3,,
2773,1271,1,308,7,9240,,,-3,,
2774,1271,1,48,12,9240,,,-3,,
2775,1272,1,267,8,9240,,,-3,,
2776,1273,1,18,7,9240,,,-3,,
2777,1273,1,196,4,9240,,,-3,,
2778,1273,1,474,6,9240,,,-3,,
2779,1273,1,153,6,9240,,,-3,,
2780,1273,1,275,1,9240,,,-3,,
2781,1273,1,0,10,9240,,,-3,,
2782,1274,1,58,6,9240,,,-3,,
2783,1274,1,128,6,9240,,,-3,,
2784,1275,1,193,12,9300,,,-3,,
2785,1275,1,332,2,9300,,,-3,,
2786,1276,1,450,2,9300,,,-3,,
2787,1276,1,73,4,9300,,,-3,,
2788,1277,1,30,3,9300,,,-3,,
2789,1277,1,487,12,9300,,,-3,,
2790,1277,1,178,4,9300,,,-3,,
2791,1277,1,274,8,9300,,,-3,,
2792,1277,1,54,8,9300,,,-3,,
2793,1278,1,171,4,9300,,,-3,,
2794,1278,1,10,11,9300,,,-3,,
2795,1279,1,113,3,9300,,,-3,,
2796,1280,1,133,5,9300,,,-3,,
2797,1281,1,234,6,9300,,,-3,,
2798,1282,1,492,7,9300,,,-3,,
2799,1283,1,174,4,9360,,,-3,,
2800,1283,1,141,1,9360,,,-3,,
2801,1284,1,0,8,9360,,,-3,,
2802,1284,1,42,8,9360,,,-3,,
2803,1284,1,100,6,9360,,,-3,,
2804,1284,1,433,4,9360,,,-3,,
2805,1285,1,3,6,9360,,,-3,,
2806,1286,1,16,8,9360,,,-3,,
2807,1287,1,37,10,9360,,,-3,,
2808,1287,1,231,3,9360,,,-3,,
2809,1287,1,45,8,9360,,,-3,,
2810,1288,1,6,10,9360,,,-3,,
2811,1288,1,10,7,9360,,,-3,,
2812,1288,1,413,4,9360,,,-3,,
2813,1289,1,4,4,9360,,,-3,,
2814,1290,1,126,3,9360,,,-3,,
2815,1291,1,111,2,9420,,,-3,,
2816,1291,1,3,9,9420,,,-3,,
2817,1291,1,15,2,9420,,,-3,,
2818,1291,1,0,5,9420,,,-3,,
2819,1292,1,5,6,9420,,,-3,,
2820,1293,1,176,5,9420,,,-3,,
2821,1293,1,441,8,9420,,,-3,,
2822,1294,1,5,9,9420,,,-3,,
2823,1294,1,4,6,9420,,,-3,,
2824,1295,1,5,9,9420,,,-3,,
2825,1296,1,28,9,9420,,,-3,,
2826,1296,1,82,11,9420,,,-3,,
2827,1296,1,323,4,9420,,,-3,,
2828,1296,1,39,8,9420,,,-3,,
2829,1297,1,5,8,9420,,,-3,,
2830,1298,1,5,4,9420,,,-3,,
2831,1298,1,61,1,9420,,,-3,,
2832,1299,1,10,9,9480,,,-3,,
2833,1299,1,108,6,9480,,,-3,,
2834,1300,1,59,6,9480,,,-3,,
2835,1301,1,17,4,9480,,,-3,,
2836,1302,1,27,5,9480,,,-3,,
2837,1303,1,278,8,9540,,,-3,,
2838,1304,1,475,8,9540,,,-3,,
2839,1305,1,410,6,9540,,,-3,,
2840,1306,1,43,2,9540,,,-3,,
2841,1306,1,32,8,9540,,,-3,,
2842,1306,1,306,5,9540,,,-3,,
2843,1306,1,37,8,9540,,,-3,,
2844,1306,1,2,8,9540,,,-3,,
2845,1306,1,29,10,9540,,,-3,,
2846,1307,1,17,7,9540,,,-3,,
2847,1307,1,99,6,9540,,,-3,,
2848,1308,1,0,6,9540,,,-3,,
2849,1308,1,41,8,9540,,,-3,,
2850,1309,1,23,10,9540,,,-3,,
2851,1310,1,132,4,9540,,,-3,,
2852,1311,1,305,8,9600,,,-3,,
2853,1312,1,0,9,9600,,,-3,,
2854,1312,1,16,4,9600,,,-3,,
2855,1313,1,279,10,9600,,,-3,,
2856,1313,1,213,5,9600,,,-3,,
2857,1313,1,22,10,9600,,,-3,,
2858,1313,1,49,4,9600,,,-3,,
2859,1314,1,7,9,9600,,,-3,,
2860,1315,1,73,7,9600,,,-3,,
2861,1315,1,107,7,9600,,,-3,,
2862,1316,1,66,9,9600,,,-3,,
2863,1317,1,26,5,9600,,,-3,,
2864,1318,1,1,6,9600,,,-3,,
2865,1319,1,16,6,9660,,,-3,,
2866,1319,1,112,8,9660,,,-3,,
2867,1320,1,8,12,9660,,,-3,,
2868,1320,1,220,8,9660,,,-3,,
2869,1321,1,394,7,9660,,,-3,,
2870,1322,1,13,3,9660,,,-3,,
2871,1322,1,41,9,9660,,,-3,,
2872,1322,1,18,6,9660,,,-3,,
2873,1323,1,229,4,9660,,,-3,,
2874,1323,1,248,6,9660,,,-3,,
2875,1323,1,8,7,9660,,,-3,,
2876,1323,1,3,6,9660,,,-3,,
2877,1323,1,44,8,9660,,,-3,,
2878,1324,1,37,6,9660,,,-3,,
2879,1324,1,20,11,9660,,,-3,,
2880,1324,1,41,8,9660,,,-3,,
2881,1324,1,5,8,9660,,,-3,,
2882,1324,1,9,4,9660,,,-3,,
2883,1325,1,24,7,9660,,,-3,,
2884,1326,1,40,9,9660,,,-3,,
2885,1326,1,48,6,9660,,,-3,,
2886,1327,1,6,5,9660,,,-3,,
2887,1327,1,168,5,9660,,,-3,,
2888,1327,1,127,4,9660,,,-3,,
2889,1328,1,12,5,9660,,,-3,,
2890,1329,1,139,5,9660,,,-3,,
2891,1329,1,62,12,9660,,,-3,,
2892,1330,1,65,6,9720,,,-3,,
2893,1331,1,138,7,9720,,,-3,,
2894,1331,1,8,10,9720,,,-3,,
2895,1331,1,36,5,9720,,,-3,,
2896,1332,1,314,8,9720,,,-3,,
2897,1332,1,1,12,9720,,,-3,,
2898,1332,1,12,1,9720,,,-3,,
2899,1332,1,23,7,9720,,,-3,,
2900,1333,1,344,12,9720,,,-3,,
2901,1333,1,2,4,9720,,,-3,,
2902,1334,1,226,10,9780,,,-3,,
2903,1334,1,71,4,9780,,,-3,,
2904,1334,1,479,12,9780,,,-3,,
2905,1335,1,267,5,9780,,,-3,,
2906,1335,1,0,3,9780,,,-3,,
2907,1336,1,176,6,9780,,,-3,,
2908,1336,1,19,4,9780,,,-3,,
2909,1337,1,317,8,9780,,,-3,,
2910,1337,1,29,5,9780,,,-3,,
2911,1337,1,30,6,9780,,,-3,,
2912,1337,1,367,4,9780,,,-3,,
2913,1337,1,12,6,9780,,,-3,,
2914,1337,1,18,4,9780,,,-3,,
2915,1338,1,47,10,9780,,,-3,,
2916,1338,1,11,6,9780,,,-3,,
2917,1338,1,28,6,9780,,,-3,,
2918,1339,1,116,10,9840,,,-3,,
2919,1339,1,0,8,9840,,,-3,,
2920,1340,1,3,2,9840,,,-3,,
2921,1341,1,274,12,9840,,,-3,,
2922,1341,1,348,8,9840,,,-3,,
2923,1341,1,302,8,9840,,,-3,,
2924,1342,1,30,8,9840,,,-3,,
2925,1342,1,9,10,9840,,,-3,,
2926,1342,1,14,8,9840,,,-3,,
2927,1342,1,309,11,9840,,,-3,,
2928,1342,1,0,7,9840,,,-3,,
2929,1343,1,411,8,9840,,,-3,,
2930,1343,1,7,5,9840,,,-3,,
2931,1343,1,444,4,9840,,,-3,,
2932,1343,1,40,6,9840,,,-3,,
2933,1343,1,317,12,9840,,,-3,,
2934,1344,1,3,7,9840,,,-3,,
2935,1344,1,223,6,9840,,,-3,,
2936,1344,1,158,7,9840,,,-3,,
2937,1344,1,191,2,9840,,,-3,,
2938,1345,1,24,4,9840,,,-3,,
2939,1345,1,282,8,9840,,,-3,,
2940,1345,1,487,2,9840,,,-3,,
2941,1346,1,94,6,9840,,,-3,,
2942,1346,1,28,7,9840,,,-3,,
2943,1347,1,10,8,9840,,,-3,,
2944,1348,1,62,6,9900,,,-3,,
2945,1349,1,423,10,9900,,,-3,,
2946,1350,1,0,6,9900,,,-3,,
2947,1351,1,128,2,9900,,,-3,,
2948,1352,1,14,3,9900,,,-3,,
2949,1353,1,354,3,9900,,,-3,,
2950,1353,1,7,6,9900,,,-3,,
2951,1353,1,46,2,9900,,,-3,,
2952,1353,1,238,4,9900,,,-3,,
2953,1354,1,185,6,9960,,,-3,,
2954,1354,1,8,4,9960,,,-3,,
2955,1355,1,3,8,9960,,,-3,,
2956,1355,1,97,8,9960,,,-3,,
2957,1355,1,194,8,9960,,,-3,,
2958,1356,1,9,8,9960,,,-3,,
2959,1356,1,20,4,9960,,,-3,,
2960,1357,1,106,6,9960,,,-3,,
2961,1358,1,38,6,9960,,,-3,,
2962,1358,1,34,4,9960,,,-3,,
2963,1359,1,31,10,9960,,,-3,,
2964,1359,1,314,9,9960,,,-3,,
2965,1360,1,29,6,9960,,,-3,,
2966,1360,1,201,7,9960,,,-3,,
2967,1361,1,326,4,9960,,,-3,,
2968,1362,1,178,6,9960,,,-3,,
2969,1363,1,66,2,9960,,,-3,,
2970,1363,1,182,7,9960,,,-3,,
2971,1364,1,9,12,9960,,,-3,,
2972,1364,1,2,2,9960,,,-3,,
2973,1364,1,30,4,9960,,,-3,,
2974,1365,1,104,6,9960,,,-3,,
2975,1366,1,4,4,10020,,,-3,,
2976,1367,1,15,6,10020,,,-3,,
2977,1367,1,470,4,10020,,,-3,,
2978,1367,1,11,4,10020,,,-3,,
2979,1368,1,104,8,10020,,,-3,,
2980,1369,1,267,12,10020,,,-3,,
2981,1370,1,2,8,10020,,,-3,,
2982,1371,1,36,12,10020,,,-3,,
2983,1371,1,180,2,10020,,,-3,,
2984,1371,1,19,6,10020,,,-3,,
2985,1371,1,11,5,10020,,,-3,,
2986,1371,1,54,6,10020,,,-3,,
2987,1371,1,430,5,10020,,,-3,,
2988,1372,1,92,10,10020,,,-3,,
2989,1373,1,47,4,10020,,,-3,,
2990,1373,1,385,8,10020,,,-3,,
2991,1374,1,95,3,10080,,,-3,,
2992,1374,1,8,8,10080,,,-3,,
2993,1374,1,105,8,10080,,,-3,,
2994,1374,1,298,4,10080,,,-3,,
2995,1375,1,28,4,10080,,,-3,,
2996,1376,1,14,12,10140,,,-3,,
2997,1377,1,45,10,10140,,,-3,,
2998,1377,1,131,6,10140,,,-3,,
2999,1377,1,10,9,10140,,,-3,,
3000,1377,1,179,12,10140,,,-3,,
3001,1378,1,332,8,10140,,,-3,,
3002,1378,1,154,12,10140,,,-3,,
3003,1378,1,88,5,10140,,,-3,,
3004,1379,1,102,6,10140,,,-3,,
3005,1380,1,12,8,10140,,,-3,,
3006,1380,1,100,10,10140,,,-3,,
3007,1380,1,351,8,10140,,,-3,,
3008,1380,1,22,8,10140,,,-3,,
3009,1380,1,88,12,10140,,,-3,,
3010,1381,1,17,12,10140,,,-3,,
3011,1382,1,2,4,10140,,,-3,,
3012,1382,1,48,9,10140,,,-3,,
3013,1382,1,350,5,10140,,,-3,,
3014,1382,1,20,6,10140,,,-3,,
3015,1382,1,100,6,10140,,,-3,,
3016,1383,1,102,6,10140,,,-3,,
3017,1383,1,193,6,10140,,,-3,,
3018,1383,1,42,8,10140,,,-3,,
3019,1383,1,4,11,10140,,,-3,,
3020,1383,1,81,12,10140,,,-3,,
3021,1384,1,3,6,10140,,,-3,,
3022,1385,1,132,8,10140,,,-3,,
3023,1386,1,39,3,10200,,,-3,,
3024,1387,1,186,5,10200,,,-3,,
3025,1388,1,21,11,10200,,,-3,,
3026,1388,1,14,12,10200,,,-3,,
3027,1389,1,392,9,10200,,,-3,,
3028,1390,1,46,7,10200,,,-3,,
3029,1390,1,15,5,10200,,,-3,,
3030,1391,1,0,6,10200,,,-3,,
3031,1392,1,44,8,10200,,,-3,,
3032,1392,1,187,1,10200,,,-3,,
3033,1392,1,2,4,10200,,,-3,,
3034,1393,1,94,8,10200,,,-3,,
3035,1394,1,2,8,10200,,,-3,,
3036,1395,1,149,10,10200,,,-3,,
3037,1396,1,48,2,10260,,,-3,,
3038,1396,1,2,10,10260,,,-3,,
3039,1396,1,251,4,10260,,,-3,,
3040,1396,1,130,3,10260,,,-3,,
3041,1397,1,26,7,10260,,,-3,,
3042,1398,1,102,10,10260,,,-3,,
3043,1399,1,2,5,10260,,,-3,,
3044,1400,1,1,9,10260,,,-3,,
3045,1401,1,18,7,10260,,,-3,,
3046,1402,1,14,6,10260,,,-3,,
3047,1403,1,16,2,10260,,,-3,,
3048,1403,1,132,7,10260,,,-3,,
3049,1404,1,31,8,10260,,,-3,,
3050,1404,1,89,6,10260,,,-3,,
3051,1404,1,231,6,10260,,,-3,,
3052,1404,1,4,6,10260,,,-3,,
3053,1404,1,1,6,10260,,,-3,,
3054,1404,1,6,12,10260,,,-3,,
3055,1404,1,188,1,10260,,,-3,,
3056,1405,1,27,8,10260,,,-3,,
3057,1406,1,49,10,10320,,,-3,,
3058,1406,1,54,10,10320,,,-3,,
3059,1407,1,340,11,10320,,,-3,,
3060,1408,1,20,1,10320,,,-3,,
3061,1409,1,2,3,10320,,,-3,,
3062,1410,1,89,8,10320,,,-3,,
3063,1411,1,121,4,10320,,,-3,,
3064,1412,1,0,5,10320,,,-3,,
3065,1412,1,263,6,10320,,,-3,,
3066,1413,1,70,4,10320,,,-3,,
3067,1413,1,2,6,10320,,,-3,,
3068,1414,1,38,4,10320,,,-3,,
3069,1414,1,257,2,10320,,,-3,,
3070,1415,1,11,3,10380,,,-3,,
3071,1415,1,276,11,10380,,,-3,,
3072,1415,1,18,11,10380,,,-3,,
3073,1415,1,15,6,10380,,,-3,,
3074,1416,1,15,9,10380,,,-3,,
3075,1417,1,193,7,10380,,,-3,,
3076,1418,1,1,10,10380,,,-3,,
3077,1418,1,47,12,10380,,,-3,,
3078,1418,1,46,10,10380,,,-3,,
3079,1419,1,98,9,10380,,,-3,,
3080,1419,1,359,8,10380,,,-3,,
3081,1420,1,19,4,10380,,,-3,,
3082,1421,1,182,5,10380,,,-3,,
3083,1422,1,20,10,10380,,,-3,,
3084,1422,1,189,5,10380,,,-3,,
3085,1423,1,224,4,10440,,,-3,,
3086,1424,1,74,8,10440,,,-3,,
3087,1425,1,453,7,10440,,,-3,,
3088,1425,1,2,8,10440,,,-3,,
3089,1425,1,193,8,10440,,,-3,,
3090,1425,1,62,6,10440,,,-3,,
3091,1425,1,100,2,10440,,,-3,,
3092,1425,1,148,9,10440,,,-3,,
3093,1425,1,31,5,10440,,,-3,,
3094,1425,1,3,7,10440,,,-3,,
3095,1425,1,15,6,10440,,,-3,,
3096,1426,1,70,4,10440,,,-3,,
3097,1426,1,252,6,10440,,,-3,,
3098,1426,1,1,6,10440,,,-3,,
3099,1427,1,31,3,10440,,,-3,,
3100,1428,1,3,4,10440,,,-3,,
3101,1429,1,166,10,10440,,,-3,,
3102,1430,1,26,4,10440,,,-3,,
3103,1431,1,70,5,10440,,,-3,,
3104,1431,1,89,4,10440,,,-3,,
3105,1432,1,408,2,10500,,,-3,,
3106,1433,1,23,8,10500,,,-3,,
3107,1433,1,15,9,10500,,,-3,,
3108,1433,1,85,8,10500,,,-3,,
3109,1433,1,269,10,10500,,,-3,,
3110,1434,1,282,6,10500,,,-3,,
3111,1434,1,150,4,10500,,,-3,,
3112,1434,1,23,8,10500,,,-3,,
3113,1434,1,32,6,10500,,,-3,,
3114,1435,1,25,3,10500,,,-3,,
3115,1436,1,25,7,10500,,,-3,,
3116,1437,1,346,8,10560,,,-3,,
3117,1437,1,389,8,10560,,,-3,,
3118,1437,1,391,4,10560,,,-3,,
3119,1438,1,148,3,10560,,,-3,,
3120,1439,1,166,4,10560,,,-3,,
3121,1439,1,160,7,10560,,,-3,,
3122,1440,1,16,8,10560,,,-3,,
3123,1441,1,417,6,10560,,,-3,,
3124,1442,1,440,8,10560,,,-3,,
3125,1442,1,439,3,10560,,,-3,,
3126,1442,1,237,9,10560,,,-3,,
3127,1443,1,9,8,10560,,,-3,,
3128,1443,1,0,4,10560,,,-3,,
3129,1444,1,359,5,10560,,,-3,,
3130,1444,1,21,11,10560,,,-3,,
3131,1444,1,4,5,10560,,,-3,,
3132,1445,1,4,12,10560,,,-3,,
3133,1446,1,171,4,10560,,,-3,,
3134,1446,1,186,7,10560,,,-3,,
3135,1447,1,208,6,10620,,,-3,,
3136,1447,1,26,11,10620,,,-3,,
3137,1448,1,373,8,10620,,,-3,,
3138,1448,1,42,8,10620,,,-3,,
3139,1449,1,42,7,10620,,,-3,,
3140,1449,1,175,10,10620,,,-3,,
3141,1450,1,38,4,10620,,,-3,,
3142,1450,1,48,10,10620,,,-3,,
3143,1451,1,53,4,10680,,,-3,,
3144,1452,1,7,12,10680,,,-3,,
3145,1453,1,108,4,10680,,,-3,,
3146,1454,1,497,4,10680,,,-3,,
3147,1455,1,129,7,10680,,,-3,,
3148,1455,1,31,6,10680,,,-3,,
3149,1456,1,46,8,10680,,,-3,,
3150,1456,1,312,3,10680,,,-3,,
3151,1456,1,66,6,10680,,,-3,,
3152,1457,1,0,1,10680,,,-3,,
3153,1458,1,32,9,10680,,,-3,,
3154,1458,1,126,7,10680,,,-3,,
3155,1458,1,25,8,10680,,,-3,,
3156,1459,1,41,9,10680,,,-3,,
3157,1459,1,2,3,10680,,,-3,,
3158,1460,1,44,6,10680,,,-3,,
3159,1461,1,185,10,10680,,,-3,,
3160,1462,1,156,2,10680,,,-3,,
3161,1462,1,7,7,10680,,,-3,,
3162,1462,1,162,4,10680,,,-3,,
3163,1462,1,0,10,10680,,,-3,,
3164,1463,1,73,5,10680,,,-3,,
3165,1463,1,183,10,10680,,,-3,,
3166,1463,1,4,6,10680,,,-3,,
3167,1464,1,141,7,10680,,,-3,,
3168,1464,1,128,4,10680,,,-3,,
3169,1464,1,214,7,10680,,,-3,,
3170,1464,1,8,9,10680,,,-3,,
3171,1464,1,18,1,10680,,,-3,,
3172,1465,1,1,8,10740,,,-3,,
3173,1465,1,5,6,10740,,,-3,,
3174,1466,1,183,5,10740,,,-3,,
3175,1466,1,16,8,10740,,,-3,,
3176,1467,1,40,12,10740,,,-3,,
3177,1467,1,233,9,10740,,,-3,,
3178,1467,1,67,8,10740,,,-3,,
3179,1467,1,475,8,10740,,,-3,,
3180,1468,1,413,6,10740,,,-3,,
3181,1469,1,287,2,10740,,,-3,,
3182,1469,1,173,6,10740,,,-3,,
3183,1469,1,425,3,10740,,,-3,,
3184,1470,1,410,2,10740,,,-3,,
3185,1471,1,1,8,10740,,,-3,,
3186,1472,1,17,9,10740,,,-3,,
3187,1472,1,12,8,10740,,,-3,,
3188,1472,1,454,6,10740,,,-3,,
3189,1472,1,1,9,10740,,,-3,,
3190,1472,1,79,12,10740,,,-3,,
3191,1472,1,326,7,10740,,,-3,,
3192,1472,1,34,8,10740,,,-3,,
3193,1472,1,26,10,10740,,,-3,,
3194,1472,1,32,4,10740,,,-3,,
3195,1472,1,104,8,10740,,,-3,,
3196,1472,1,49,3,10740,,,-3,,
3197,1472,1,39,6,10740,,,-3,,
3198,1472,1,88,5,10740,,,-3,,
3199,1473,1,120,8,10740,,,-3,,
3200,1474,1,146,6,10740,,,-3,,
3201,1474,1,153,11,10740,,,-3,,
3202,1474,1,24,2,10740,,,-3,,
3203,1475,1,397,8,10740,,,-3,,
3204,1476,1,251,2,10800,,,-3,,
3205,1477,1,12,8,10800,,,-3,,
3206,1477,1,23,1,10800,,,-3,,
3207,1477,1,5,6,10800,,,-3,,
3208,1477,1,14,2,10800,,,-3,,
3209,1477,1,130,11,10800,,,-3,,
3210,1477,1,61,8,10800,,,-3,,
3211,1477,1,7,10,10800,,,-3,,
3212,1478,1,60,8,10800,,,-3,,
3213,1479,1,96,12,10800,,,-3,,
3214,1480,1,410,8,10800,,,-3,,
3215,1480,1,48,7,10800,,,-3,,
3216,1480,1,8,2,10800,,,-3,,
3217,1481,1,49,9,10800,,,-3,,
3218,1482,1,2,6,10800,,,-3,,
3219,1483,1,139,6,10800,,,-3,,
3220,1483,1,289,8,10800,,,-3,,
3221,1484,1,120,8,10800,,,-3,,
3222,1485,1,11,4,10800,,,-3,,
3223,1486,1,298,8,10860,,,-3,,
3224,1487,1,379,7,10860,,,-3,,
3225,1488,1,44,6,10860,,,-3,,
3226,1489,1,41,10,10860,,,-3,,
3227,1489,1,269,9,10860,,,-3,,
3228,1490,1,162,11,10860,,,-3,,
3229,1490,1,15,7,10860,,,-3,,
3230,1491,1,72,10,10860,,,-3,,
3231,1492,1,455,10,10860,,,-3,,
3232,1493,1,2,10,10860,,,-3,,
3233,1494,1,43,6,10920,,,-3,,
3234,1494,1,185,3,10920,,,-3,,
3235,1495,1,26,12,10920,,,-3,,
3236,1496,1,3,6,10920,,,-3,,
3237,1496,1,201,6,10920,,,-3,,
3238,1497,1,196,8,10980,,,-3,,
3239,1497,1,179,11,10980,,,-3,,
3240,1498,1,350,6,10980,,,-3,,
3241,1498,1,363,2,10980,,,-3,,
3242,1498,1,244,4,10980,,,-3,,
3243,1499,1,5,4,10980,,,-3,,
3244,1500,1,147,5,11040,,,-3,,
3245,1500,1,1,6,11040,,,-3,,
3246,1500,1,262,9,11040,,,-3,,
3247,1500,1,38,5,11040,,,-3,,
3248,1501,1,48,4,11040,,,-3,,
3249,1501,1,11,2,11040,,,-3,,
3250,1502,1,4,6,11040,,,-3,,
3251,1502,1,380,6,11040,,,-3,,
3252,1503,1,6,3,11040,,,-3,,
3253,1504,1,23,9,11040,,,-3,,
3254,1505,1,35,5,11040,,,-3,,
3255,1505,1,36,5,11040,,,-3,,
3256,1505,1,11,5,11040,,,-3,,
3257,1505,1,41,7,11040,,,-3,,
3258,1506,1,38,10,11040,,,-3,,
3259,1506,1,37,3,11040,,,-3,,
3260,1507,1,19,7,11040,,,-3,,
3261,1507,1,115,7,11040,,,-3,,
3262,1508,1,41,7,11040,,,-3,,
3263,1508,1,149,2,11040,,,-3,,
3264,1508,1,28,6,11040,,,-3,,
3265,1509,1,124,9,11100,,,-3,,
3266,1510,1,9,6,11100,,,-3,,
3267,1510,1,96,4,11100,,,-3,,
3268,1511,1,162,6,11100,,,-3,,
3269,1511,1,4,10,11100,,,-3,,
3270,1512,1,18,8,11100,,,-3,,
3271,1513,1,4,11,11100,,,-3,,
3272,1513,1,254,8,11100,,,-3,,
3273,1513,1,172,11,11100,,,-3,,
3274,1514,1,280,2,11100,,,-3,,
3275,1515,1,82,2,11100,,,-3,,
3276,1515,1,427,4,11100,,,-3,,
3277,1515,1,24,11,11100,,,-3,,
3278,1516,1,292,5,11100,,,-3,,
3279,1516,1,394,10,11100,,,-3,,
3280,1517,1,135,4,11100,,,-3,,
3281,1517,1,74,6,11100,,,-3,,
3282,1517,1,6,4,11100,,,-3,,
3283,1518,1,4,5,11100,,,-3,,
3284,1519,1,105,10,11100,,,-3,,
3285,1520,1,364,10,11100,,,-3,,
3286,1521,1,139,4,11100,,,-3,,
3287,1521,1,358,11,11100,,,-3,,
3288,1522,1,144,9,11160,,,-3,,
3289,1522,1,38,7,11160,,,-3,,
3290,1522,1,108,8,11160,,,-3,,
3291,1522,1,4,6,11160,,,-3,,
3292,1522,1,121,10,11160,,,-3,,
3293,1522,1,12,6,11160,,,-3,,
3294,1522,1,278,8,11160,,,-3,,
3295,1522,1,39,2,11160,,,-3,,
3296,1522,1,22,10,11160,,,-3,,
3297,1522,1,383,6,11160,,,-3,,
3298,1523,1,21,10,11160,,,-3,,
3299,1524,1,159,12,11160,,,-3,,
3300,1525,1,22,2,11160,,,-3,,
3301,1526,1,221,6,11160,,,-3,,
3302,1527,1,49,8,11160,,,-3,,
3303,1527,1,8,8,11160,,,-3,,
3304,1528,1,187,6,11220,,,-3,,
3305,1528,1,456,6,11220,,,-3,,
3306,1528,1,7,12,11220,,,-3,,
3307,1529,1,0,5,11220,,,-3,,
3308,1530,1,9,4,11220,,,-3,,
3309,1530,1,15,11,11220,,,-3,,
3310,1531,1,10,6,11220,,,-3,,
3311,1532,1,26,8,11220,,,-3,,
3312,1533,1,3,12,11280,,,-3,,
3313,1533,1,78,7,11280,,,-3,,
3314,1533,1,4,5,11280,,,-3,,
3315,1534,1,259,2,11280,,,-3,,
3316,1535,1,0,11,11280,,,-3,,
3317,1535,1,37,8,11280,,,-3,,
3318,1536,1,42,1,11280,,,-3,,
3319,1536,1,37,6,11280,,,-3,,
3320,1537,1,9,8,11280,,,-3,,
3321,1537,1,434,3,11280,,,-3,,
3322,1537,1,56,9,11280,,,-3,,
3323,1538,1,410,6,11280,,,-3,,
3324,1539,1,150,6,11280,,,-3,,
3325,1539,1,31,6,11280,,,-3,,
3326,1539,1,0,9,11280,,,-3,,
3327,1540,1,14,3,11340,,,-3,,
3328,1540,1,30,10,11340,,,-3,,
3329,1540,1,32,6,11340,,,-3,,
3330,1541,1,38,12,11340,,,-3,,
3331,1542,1,129,12,11340,,,-3,,
3332,1543,1,70,12,11340,,,-3,,
3333,1543,1,96,6,11340,,,-3,,
3334,1543,1,101,8,11340,,,-3,,
3335,1543,1,40,4,11340,,,-3,,
3336,1543,1,8,4,11340,,,-3,,
3337,1543,1,2,9,11340,,,-3,,
3338,1543,1,85,1,11340,,,-3,,
3339,1543,1,41,8,11340,,,-3,,
3340,1544,1,210,2,11340,,,-3,,
3341,1544,1,380,10,11340,,,-3,,
3342,1545,1,2,7,11340,,,-3,,
3343,1545,1,43,4,11340,,,-3,,
3344,1545,1,0,3,11340,,,-3,,
3345,1546,1,11,8,11340,,,-3,,
3346,1546,1,13,7,11340,,,-3,,
3347,1547,1,39,8,11340,,,-3,,
3348,1548,1,165,11,11340,,,-3,,
3349,1549,1,7,8,11340,,,-3,,
3350,1549,1,3,7,11340,,,-3,,
3351,1550,1,1,7,11340,,,-3,,
3352,1551,1,81,4,11340,,,-3,,
3353,1552,1,83,9,11400,,,-3,,
3354,1552,1,32,12,11400,,,-3,,
3355,1552,1,23,4,11400,,,-3,,
3356,1552,1,413,7,11400,,,-3,,
3357,1553,1,56,6,11400,,,-3,,
3358,1553,1,476,8,11400,,,-3,,
3359,1554,1,156,6,11400,,,-3,,
3360,1555,1,46,3,11400,,,-3,,
3361,1556,1,182,5,11400,,,-3,,
3362,1556,1,39,9,11400,,,-3,,
3363,1557,1,0,8,11460,,,-3,,
3364,1557,1,8,4,11460,,,-3,,
3365,1557,1,33,10,11460,,,-3,,
3366,1558,1,274,6,11460,,,-3,,
3367,1559,1,209,6,11460,,,-3,,
3368,1560,1,13,7,11460,,,-3,,
3369,1560,1,275,4,11460,,,-3,,
3370,1560,1,7,10,11460,,,-3,,
3371,1560,1,419,6,11460,,,-3,,
3372,1561,1,16,4,11460,,,-3,,
3373,1561,1,27,8,11460,,,-3,,
3374,1562,1,54,10,11460,,,-3,,
3375,1563,1,109,10,11520,,,-3,,
3376,1564,1,80,9,11520,,,-3,,
3377,1565,1,19,6,11520,,,-3,,
3378,1566,1,334,6,11520,,,-3,,
3379,1567,1,92,7,11520,,,-3,,
3380,1568,1,26,11,11520,,,-3,,
3381,1569,1,236,8,11520,,,-3,,
3382,1570,1,206,4,11520,,,-3,,
3383,1571,1,471,7,11520,,,-3,,
3384,1571,1,15,10,11520,,,-3,,
3385,1571,1,20,4,11520,,,-3,,
3386,1572,1,27,11,11520,,,-3,,
3387,1573,1,432,12,11520,,,-3,,
3388,1573,1,38,8,11520,,,-3,,
3389,1573,1,92,8,11520,,,-3,,
3390,1573,1,285,6,11520,,,-3,,
3391,1573,1,8,3,11520,,,-3,,
3392,1573,1,43,4,11520,,,-3,,
3393,1574,1,81,5,11520,,,-3,,
3394,1575,1,11,8,11520,,,-3,,
3395,1576,1,27,6,11580,,,-3,,
3396,1576,1,353,7,11580,,,-3,,
3397,1576,1,34,1,11580,,,-3,,
3398,1576,1,41,10,11580,,,-3,,
3399,1576,1,3,8,11580,,,-3,,
3400,1577,1,46,8,11580,,,-3,,
3401,1578,1,137,9,11580,,,-3,,
3402,1579,1,8,4,11580,,,-3,,
3403,1580,1,38,10,11580,,,-3,,
3404,1581,1,41,7,11580,,,-3,,
3405,1581,1,402,3,11580,,,-3,,
3406,1581,1,34,10,11580,,,-3,,
3407,1582,1,35,4,11580,,,-3,,
3408,1582,1,9,4,11580,,,-3,,
3409,1582,1,21,10,11580,,,-3,,
3410,1583,1,115,8,11580,,,-3,,
3411,1583,1,31,3,11580,,,-3,,
3412,1584,1,302,10,11580,,,-3,,
3413,1584,1,339,5,11580,,,-3,,
3414,1585,1,232,1,11580,,,-3,,
3415,1585,1,179,2,11580,,,-3,,
3416,1586,1,19,6,11580,,,-3,,
3417,1587,1,13,10,11640,,,-3,,
3418,1587,1,10,1,11640,,,-3,,
3419,1588,1,416,5,11640,,,-3,,
3420,1588,1,5,7,11640,,,-3,,
3421,1589,1,12,5,11640,,,-3,,
3422,1589,1,31,8,11640,,,-3,,
3423,1589,1,23,12,11640,,,-3,,
3424,1590,1,284,5,11640,,,-3,,
3425,1590,1,417,4,11640,,,-3,,
3426,1591,1,333,5,11640,,,-3,,
3427,1592,1,72,10,11640,,,-3,,
3428,1592,1,39,5,11640,,,-3,,
3429,1593,1,10,1,11640,,,-3,,
3430,1594,1,8,8,11640,,,-3,,
3431,1595,1,45,4,11640,,,-3,,
3432,1596,1,69,9,11640,,,-3,,
3433,1597,1,19,4,11640,,,-3,,
3434,1598,1,60,11,11700,,,-3,,
3435,1599,1,49,8,11700,,,-3,,
3436,1599,1,246,6,11700,,,-3,,
3437,1599,1,164,7,11700,,,-3,,
3438,1600,1,10,7,11700,,,-3,,
3439,1600,1,16,7,11700,,,-3,,
3440,1601,1,69,6,11700,,,-3,,
3441,1601,1,10,4,11700,,,-3,,
3442,1601,1,183,10,11700,,,-3,,
3443,1602,1,32,7,11700,,,-3,,
3444,1603,1,49,4,11700,,,-3,,
3445,1603,1,12,11,11700,,,-3,,
3446,1604,1,2,4,11760,,,-3,,
3447,1604,1,5,4,11760,,,-3,,
3448,1605,1,46,10,11760,,,-3,,
3449,1605,1,3,7,11760,,,-3,,
3450,1605,1,99,7,11760,,,-3,,
3451,1605,1,8,6,11760,,,-3,,
3452,1605,1,9,6,11760,,,-3,,
3453,1605,1,21,5,11760,,,-3,,
3454,1605,1,12,6,11760,,,-3,,
3455,1606,1,182,5,11760,,,-3,,
3456,1607,1,32,4,11760,,,-3,,
3457,1607,1,1,8,11760,,,-3,,
3458,1608,1,3,8,11760,,,-3,,
3459,1608,1,187,4,11760,,,-3,,
3460,1609,1,13,4,11760,,,-3,,
3461,1609,1,376,4,11760,,,-3,,
3462,1610,1,35,6,11760,,,-3,,
3463,1610,1,140,6,11760,,,-3,,
3464,1611,1,131,4,11760,,,-3,,
3465,1611,1,12,4,11760,,,-3,,
3466,1611,1,41,8,11760,,,-3,,
3467,1611,1,73,12,11760,,,-3,,
3468,1611,1,209,8,11760,,,-3,,
3469,1612,1,57,8,11820,,,-3,,
3470,1612,1,23,6,11820,,,-3,,
3471,1612,1,138,10,11820,,,-3,,
3472,1612,1,412,6,11820,,,-3,,
3473,1612,1,40,6,11820,,,-3,,
3474,1612,1,115,4,11820,,,-3,,
3475,1613,1,4,12,11820,,,-3,,
3476,1614,1,146,6,11820,,,-3,,
3477,1614,1,34,8,11820,,,-3,,
3478,1615,1,0,6,11820,,,-3,,
3479,1615,1,136,3,11820,,,-3,,
3480,1615,1,11,8,11820,,,-3,,
3481,1616,1,11,9,11820,,,-3,,
3482,1616,1,32,6,11820,,,-3,,
3483,1617,1,8,5,11820,,,-3,,
3484,1618,1,25,4,11820,,,-3,,
3485,1619,1,1,8,11820,,,-3,,
3486,1620,1,7,10,11820,,,-3,,
3487,1620,1,42,3,11820,,,-3,,
3488,1620,1,150,8,11820,,,-3,,
3489,1620,1,18,8,11820,,,-3,,
3490,1621,1,481,10,11880,,,-3,,
3491,1621,1,19,4,11880,,,-3,,
3492,1621,1,123,8,11880,,,-3,,
3493,1622,1,351,4,11880,,,-3,,
3494,1623,1,185,8,11880,,,-3,,
3495,1624,1,49,5,11880,,,-3,,
3496,1624,1,132,8,11880,,,-3,,
3497,1625,1,225,4,11880,,,-3,,
3498,1625,1,401,8,11880,,,-3,,
3499,1626,1,171,5,11880,,,-3,,
3500,1627,1,1,9,11880,,,-3,,
3501,1627,1,39,8,11880,,,-3,,
3502,1628,1,90,5,11880,,,-3,,
3503,1629,1,372,6,11880,,,-3,,
3504,1630,1,68,5,11880,,,-3,,
3505,1631,1,304,6,11940,,,-3,,
3506,1631,1,2,8,11940,,,-3,,
3507,1631,1,211,4,11940,,,-3,,
3508,1632,1,58,4,11940,,,-3,,
3509,1632,1,12,4,11940,,,-3,,
3510,1633,1,28,6,11940,,,-3,,
3511,1633,1,330,10,11940,,,-3,,
3512,1634,1,28,6,12000,,,-3,,
3513,1635,1,306,4,12000,,,-3,,
3514,1636,1,13,5,12000,,,-3,,
3515,1637,1,1,2,12000,,,-3,,
3516,1638,1,466,3,12000,,,-3,,
3517,1639,1,43,12,12000,,,-3,,
3518,1639,1,55,8,12000,,,-3,,
3519,1640,1,196,1,12060,,,-3,,
3520,1640,1,76,8,12060,,,-3,,
3521,1640,1,407,6,12060,,,-3,,
3522,1641,1,74,5,12060,,,-3,,
3523,1642,1,115,12,12060,,,-3,,
3524,1642,1,77,3,12060,,,-3,,
3525,1643,1,49,6,12060,,,-3,,
3526,1644,1,3,8,12060,,,-3,,
3527,1645,1,21,8,12060,,,-3,,
3528,1646,1,3,5,12060,,,-3,,
3529,1646,1,271,2,12060,,,-3,,
3530,1646,1,2,7,12060,,,-3,,
3531,1647,1,4,10,12060,,,-3,,
3532,1647,1,321,7,12060,,,-3,,
3533,1648,1,103,6,12120,,,-3,,
3534,1649,1,412,10,12120,,,-3,,
3535,1650,1,103,4,12120,,,-3,,
3536,1651,1,3,7,12120,,,-3,,
3537,1652,1,12,1,12120,,,-3,,
3538,1652,1,28,10,12120,,,-3,,
3539,1653,1,4,8,12120,,,-3,,
3540,1653,1,430,8,12120,,,-3,,
3541,1653,1,25,4,12120,,,-3,,
3542,1653,1,31,11,12120,,,-3,,
3543,1654,1,285,8,12180,,,-3,,
3544,1654,1,2,12,12180,,,-3,,
3545,1654,1,128,4,12180,,,-3,,
3546,1655,1,4,6,12180,,,-3,,
3547,1655,1,49,7,12180,,,-3,,
3548,1655,1,20,9,12180,,,-3,,
3549,1655,1,176,5,12180,,,-3,,
3550,1655,1,286,7,12180,,,-3,,
3551,1655,1,115,7,12180,,,-3,,
3552,1656,1,117,4,12180,,,-3,,
3553,1657,1,218,2,12240,,,-3,,
3554,1657,1,180,6,12240,,,-3,,
3555,1657,1,13,4,12240,,,-3,,
3556,1657,1,38,4,12240,,,-3,,
3557,1657,1,8,10,12240,,,-3,,
3558,1657,1,18,4,12240,,,-3,,
3559,1658,1,99,5,12240,,,-3,,
3560,1659,1,84,10,12240,,,-3,,
3561,1660,1,69,2,12240,,,-3,,
3562,1661,1,40,8,12240,,,-3,,
3563,1662,1,180,10,12240,,,-3,,
3564,1662,1,3,2,12240,,,-3,,
3565,1662,1,490,1,12240,,,-3,,
3566,1662,1,47,10,12240,,,-3,,
3567,1663,1,14,4,12240,,,-3,,
3568,1664,1,181,4,12240,,,-3,,
3569,1665,1,0,6,12240,,,-3,,
3570,1665,1,6,2,12240,,,-3,,
3571,1665,1,30,4,12240,,,-3,,
3572,1666,1,114,5,12300,,,-3,,
3573,1667,1,384,4,12300,,,-3,,
3574,1668,1,1,7,12300,,,-3,,
3575,1668,1,304,4,12300,,,-3,,
3576,1668,1,83,8,12300,,,-3,,
3577,1668,1,181,7,12300,,,-3,,
3578,1668,1,17,12,12300,,,-3,,
3579,1669,1,133,5,12300,,,-3,,
3580,1669,1,13,7,12300,,,-3,,
3581,1670,1,89,7,12300,,,-3,,
3582,1670,1,13,2,12300,,,-3,,
3583,1671,1,41,8,12300,,,-3,,
3584,1672,1,54,5,12300,,,-3,,
3585,1673,1,153,10,12300,,,-3,,
3586,1674,1,8,6,12300,,,-3,,
3587,1674,1,99,10,12300,,,-3,,
3588,1674,1,106,2,12300,,,-3,,
3589,1674,1,48,4,12300,,,-3,,
3590,1675,1,80,9,12360,,,-3,,
3591,1675,1,150,9,12360,,,-3,,
3592,1675,1,4,5,12360,,,-3,,
3593,1675,1,132,7,12360,,,-3,,
3594,1676,1,7,4,12360,,,-3,,
3595,1677,1,8,6,12360,,,-3,,
3596,1677,1,157,8,12360,,,-3,,
3597,1678,1,492,5,12360,,,-3,,
3598,1679,1,438,9,12360,,,-3,,
3599,1680,1,444,9,12360,,,-3,,
3600,1681,1,16,6,12360,,,-3,,
3601,1682,1,52,6,12360,,,-3,,
3602,1682,1,155,2,12360,,,-3,,
3603,1683,1,125,7,12360,,,-3,,
3604,1684,1,0,10,12360,,,-3,,
3605,1684,1,42,2,12360,,,-3,,
3606,1685,1,44,5,12360,,,-3,,
3607,1685,1,62,5,12360,,,-3,,
3608,1685,1,350,2,12360,,,-3,,
3609,1685,1,16,5,12360,,,-3,,
3610,1685,1,395,8,12360,,,-3,,
3611,1686,1,31,8,12360,,,-3,,
3612,1686,1,2,11,12360,,,-3,,
3613,1687,1,37,11,12360,,,-3,,
3614,1687,1,313,2,12360,,,-3,,
3615,1688,1,461,4,12420,,,-3,,
3616,1688,1,1,12,12420,,,-3,,
3617,1688,1,113,3,12420,,,-3,,
3618,1689,1,44,3,12420,,,-3,,
3619,1689,1,486,12,12420,,,-3,,
3620,1689,1,33,4,12420,,,-3,,
3621,1689,1,13,12,12420,,,-3,,
3622,1689,1,143,4,12420,,,-3,,
3623,1690,1,260,8,12420,,,-3,,
3624,1691,1,276,6,12420,,,-3,,
3625,1692,1,34,7,12420,,,-3,,
3626,1692,1,68,6,12420,,,-3,,
3627,1693,1,422,5,12420,,,-3,,
3628,1694,1,137,9,12420,,,-3,,
3629,1694,1,14,5,12420,,,-3,,
3630,1695,1,327,8,12420,,,-3,,
3631,1696,1,360,4,12420,,,-3,,
3632,1697,1,142,4,12420,,,-3,,
3633,1698,1,4,8,12480,,,-3,,
3634,1699,1,4,7,12480,,,-3,,
3635,1700,1,1,10,12480,,,-3,,
3636,1701,1,73,10,12480,,,-3,,
3637,1702,1,23,9,12480,,,-3,,
3638,1702,1,33,6,12480,,,-3,,
3639,1703,1,39,10,12480,,,-3,,
3640,1703,1,38,6,12480,,,-3,,
3641,1703,1,13,8,12480,,,-3,,
3642,1704,1,275,3,12480,,,-3,,
3643,1704,1,98,6,12480,,,-3,,
3644,1704,1,33,5,12480,,,-3,,
3645,1705,1,94,4,12480,,,-3,,
3646,1706,1,386,7,12480,,,-3,,
3647,1706,1,59,8,12480,,,-3,,
3648,1706,1,64,6,12480,,,-3,,
3649,1706,1,7,12,12480,,,-3,,
3650,1706,1,299,7,12480,,,-3,,
3651,1706,1,46,2,12480,,,-3,,
3652,1706,1,137,9,12480,,,-3,,
3653,1707,1,20,11,12540,,,-3,,
3654,1707,1,2,12,12540,,,-3,,
3655,1708,1,13,5,12540,,,-3,,
3656,1709,1,243,5,12540,,,-3,,
3657,1709,1,4,5,12540,,,-3,,
3658,1709,1,133,2,12540,,,-3,,
3659,1709,1,31,11,12540,,,-3,,
3660,1710,1,32,4,12540,,,-3,,
3661,1711,1,14,11,12540,,,-3,,
3662,1711,1,0,6,12540,,,-3,,
3663,1711,1,10,8,12540,,,-3,,
3664,1711,1,439,3,12540,,,-3,,
3665,1712,1,112,3,12540,,,-3,,
3666,1712,1,445,4,12540,,,-3,,
3667,1713,1,100,8,12600,,,-3,,
3668,1713,1,161,8,12600,,,-3,,
3669,1713,1,52,12,12600,,,-3,,
3670,1713,1,141,5,12600,,,-3,,
3671,1714,1,286,11,12600,,,-3,,
3672,1715,1,26,2,12600,,,-3,,
3673,1715,1,473,4,12600,,,-3,,
3674,1715,1,24,8,12600,,,-3,,
3675,1716,1,10,5,12600,,,-3,,
3676,1716,1,295,8,12600,,,-3,,
3677,1717,1,14,11,12600,,,-3,,
3678,1718,1,196,2,12600,,,-3,,
3679,1718,1,93,4,12600,,,-3,,
3680,1718,1,387,1,12600,,,-3,,
3681,1718,1,229,4,12600,,,-3,,
3682,1719,1,91,6,12600,,,-3,,
3683,1720,1,10,8,12600,,,-3,,
3684,1721,1,75,10,12600,,,-3,,
3685,1721,1,10,4,12600,,,-3,,
3686,1721,1,120,4,12600,,,-3,,
3687,1722,1,25,5,12660,,,-3,,
3688,1723,1,491,8,12660,,,-3,,
3689,1723,1,18,3,12660,,,-3,,
3690,1723,1,94,8,12660,,,-3,,
3691,1723,1,20,10,12660,,,-3,,
3692,1724,1,100,11,12660,,,-3,,
3693,1725,1,390,6,12660,,,-3,,
3694,1725,1,11,8,12660,,,-3,,
3695,1726,1,63,10,12660,,,-3,,
3696,1727,1,283,5,12660,,,-3,,
3697,1728,1,15,12,12660,,,-3,,
3698,1728,1,88,7,12660,,,-3,,
3699,1729,1,48,4,12660,,,-3,,
3700,1729,1,187,7,12660,,,-3,,
3701,1729,1,157,5,12660,,,-3,,
3702,1730,1,136,6,12660,,,-3,,
3703,1730,1,205,12,12660,,,-3,,
3704,1731,1,89,7,12660,,,-3,,
3705,1732,1,33,1,12720,,,-3,,
3706,1732,1,64,4,12720,,,-3,,
3707,1732,1,4,10,12720,,,-3,,
3708,1733,1,55,4,12720,,,-3,,
3709,1734,1,3,7,12720,,,-3,,
3710,1734,1,16,6,12720,,,-3,,
3711,1734,1,2,4,12720,,,-3,,
3712,1734,1,475,2,12720,,,-3,,
3713,1735,1,48,8,12720,,,-3,,
3714,1735,1,280,7,12720,,,-3,,
3715,1735,1,8,3,12720,,,-3,,
3716,1735,1,79,8,12720,,,-3,,
3717,1735,1,17,8,12720,,,-3,,
3718,1736,1,1,8,12720,,,-3,,
3719,1736,1,424,7,12720,,,-3,,
3720,1736,1,23,3,12720,,,-3,,
3721,1737,1,6,5,12720,,,-3,,
3722,1738,1,22,6,12720,,,-3,,
3723,1738,1,19,5,12720,,,-3,,
3724,1738,1,48,4,12720,,,-3,,
3725,1738,1,17,11,12720,,,-3,,
3726,1738,1,162,12,12720,,,-3,,
3727,1738,1,0,7,12720,,,-3,,
3728,1738,1,28,3,12720,,,-3,,
3729,1739,1,132,7,12780,,,-3,,
3730,1739,1,30,12,12780,,,-3,,
3731,1739,1,396,12,12780,,,-3,,
3732,1739,1,4,2,12780,,,-3,,
3733,1740,1,21,4,12780,,,-3,,
3734,1740,1,96,10,12780,,,-3,,
3735,1741,1,143,3,12780,,,-3,,
3736,1742,1,4,10,12780,,,-3,,
3737,1742,1,125,11,12780,,,-3,,
3738,1742,1,285,7,12780,,,-3,,
3739,1743,1,189,9,12780,,,-3,,
3740,1743,1,2,6,12780,,,-3,,
3741,1743,1,33,5,12780,,,-3,,
3742,1744,1,481,6,12780,,,-3,,
3743,1745,1,1,6,12780,,,-3,,
3744,1746,1,11,6,12780,,,-3,,
3745,1747,1,8,8,12780,,,-3,,
3746,1747,1,28,7,12780,,,-3,,
3747,1748,1,393,12,12780,,,-3,,
3748,1748,1,0,6,12780,,,-3,,
3749,1749,1,192,4,12780,,,-3,,
3750,1749,1,89,4,12780,,,-3,,
3751,1750,1,57,5,12780,,,-3,,
3752,1751,1,26,8,12780,,,-3,,
3753,1752,1,165,6,12780,,,-3,,
3754,1753,1,369,8,12840,,,-3,,
3755,1753,1,394,4,12840,,,-3,,
3756,1754,1,34,1,12840,,,-3,,
3757,1755,1,36,8,12840,,,-3,,
3758,1756,1,40,10,12840,,,-3,,
3759,1757,1,97,8,12840,,,-3,,
3760,1757,1,58,8,12840,,,-3,,
3761,1757,1,0,10,12840,,,-3,,
3762,1757,1,46,2,12840,,,-3,,
3763,1758,1,17,1,12840,,,-3,,
3764,1758,1,11,10,12840,,,-3,,
3765,1759,1,432,10,12840,,,-3,,
3766,1759,1,47,10,12840,,,-3,,
3767,1760,1,26,5,12840,,,-3,,
3768,1761,1,1,9,12900,,,-3,,
3769,1761,1,275,6,12900,,,-3,,
3770,1762,1,9,8,12900,,,-3,,
3771,1763,1,37,3,12900,,,-3,,
3772,1763,1,213,12,12900,,,-3,,
3773,1764,1,162,7,12900,,,-3,,
3774,1765,1,5,6,12900,,,-3,,
3775,1766,1,52,5,12960,,,-3,,
3776,1766,1,4,6,12960,,,-3,,
3777,1767,1,304,9,12960,,,-3,,
3778,1768,1,148,8,12960,,,-3,,
3779,1768,1,12,4,12960,,,-3,,
3780,1769,1,64,10,12960,,,-3,,
3781,1770,1,177,2,12960,,,-3,,
3782,1770,1,273,6,12960,,,-3,,
3783,1770,1,51,10,12960,,,-3,,
3784,1771,1,135,5,12960,,,-3,,
3785,1772,1,7,3,12960,,,-3,,
3786,1772,1,6,2,12960,,,-3,,
3787,1772,1,13,7,12960,,,-3,,
3788,1772,1,32,4,12960,,,-3,,
3789,1773,1,71,7,12960,,,-3,,
3790,1774,1,8,6,13020,,,-3,,
3791,1774,1,96,1,13020,,,-3,,
3792,1775,1,146,7,13020,,,-3,,
3793,1775,1,111,4,13020,,,-3,,
3794,1775,1,0,8,13020,,,-3,,
3795,1775,1,36,5,13020,,,-3,,
3796,1776,1,24,6,13020,,,-3,,
3797,1776,1,23,7,13020,,,-3,,
3798,1777,1,359,8,13020,,,-3,,
3799,1778,1,52,4,13020,,,-3,,
3800,1779,1,156,4,13020,,,-3,,
3801,1780,1,37,8,13020,,,-3,,
3802,1781,1,8,4,13020,,,-3,,
3803,1781,1,173,10,13020,,,-3,,
3804,1781,1,70,11,13020,,,-3,,
3805,1781,1,16,7,13020,,,-3,,
3806,1781,1,14,9,13020,,,-3,,
3807,1781,1,9,9,13020,,,-3,,
3808,1781,1,3,10,13020,,,-3,,
3809,1781,1,51,9,13020,,,-3,,
3810,1781,1,62,8,13020,,,-3,,
3811,1782,1,1,1,13020,,,-3,,
3812,1782,1,10,2,13020,,,-3,,
3813,1783,1,35,8,13020,,,-3,,
3814,1783,1,383,10,13020,,,-3,,
3815,1784,1,137,4,13020,,,-3,,
3816,1785,1,11,5,13020,,,-3,,
3817,1785,1,71,2,13020,,,-3,,
3818,1785,1,22,10,13020,,,-3,,
3819,1786,1,45,6,13020,,,-3,,
3820,1787,1,218,8,13080,,,-3,,
3821,1787,1,50,6,13080,,,-3,,
3822,1787,1,150,5,13080,,,-3,,
3823,1788,1,287,3,13080,,,-3,,
3824,1789,1,3,5,13080,,,-3,,
3825,1789,1,163,1,13080,,,-3,,
3826,1790,1,165,4,13080,,,-3,,
3827,1790,1,39,8,13080,,,-3,,
3828,1791,1,108,6,13080,,,-3,,
3829,1792,1,280,2,13080,,,-3,,
3830,1792,1,111,7,13080,,,-3,,
3831,1793,1,45,7,13080,,,-3,,
3832,1794,1,143,12,13080,,,-3,,
3833,1794,1,9,4,13080,,,-3,,
3834,1795,1,1,6,13140,,,-3,,
3835,1795,1,59,10,13140,,,-3,,
3836,1796,1,307,10,13140,,,-3,,
3837,1797,1,25,1,13140,,,-3,,
3838,1797,1,251,6,13140,,,-3,,
3839,1797,1,7,6,13140,,,-3,,
3840,1797,1,96,6,13140,,,-3,,
3841,1798,1,15,8,13140,,,-3,,
3842,1798,1,22,3,13140,,,-3,,
3843,1798,1,36,8,13140,,,-3,,
3844,1798,1,160,7,13140,,,-3,,
3845,1798,1,34,7,13140,,,-3,,
3846,1799,1,226,2,13140,,,-3,,
3847,1799,1,415,6,13140,,,-3,,
3848,1800,1,46,10,13140,,,-3,,
3849,1800,1,244,12,13140,,,-3,,
3850,1801,1,456,8,13140,,,-3,,
3851,1802,1,130,5,13140,,,-3,,
3852,1803,1,85,6,13140,,,-3,,
3853,1803,1,30,8,13140,,,-3,,
3854,1803,1,17,8,13140,,,-3,,
3855,1803,1,8,5,13140,,,-3,,
3856,1803,1,65,6,13140,,,-3,,
3857,1803,1,195,4,13140,,,-3,,
3858,1803,1,233,6,13140,,,-3,,
3859,1803,1,22,5,13140,,,-3,,
3860,1803,1,46,5,13140,,,-3,,
3861,1803,1,123,10,13140,,,-3,,
3862,1803,1,349,2,13140,,,-3,,
3863,1804,1,3,9,13140,,,-3,,
3864,1805,1,2,2,13200,,,-3,,
3865,1806,1,8,10,13200,,,-3,,
3866,1807,1,40,8,13200,,,-3,,
3867,1807,1,127,10,13200,,,-3,,
3868,1808,1,21,8,13200,,,-3,,
3869,1808,1,219,9,13200,,,-3,,
3870,1808,1,23,7,13200,,,-3,,
3871,1809,1,7,11,13200,,,-3,,
3872,1810,1,206,10,13200,,,-3,,
3873,1811,1,2,1,13200,,,-3,,
3874,1811,1,473,8,13200,,,-3,,
3875,1811,1,29,5,13200,,,-3,,
3876,1811,1,25,2,13200,,,-3,,
3877,1812,1,172,11,13200,,,-3,,
3878,1813,1,97,6,13200,,,-3,,
3879,1813,1,13,6,13200,,,-3,,
3880,1814,1,286,5,13200,,,-3,,
3881,1814,1,493,9,13200,,,-3,,
3882,1814,1,325,2,13200,,,-3,,
3883,1814,1,49,8,13200,,,-3,,
3884,1815,1,31,1,13260,,,-3,,
3885,1815,1,401,1,13260,,,-3,,
3886,1816,1,329,8,13260,,,-3,,
3887,1816,1,31,9,13260,,,-3,,
3888,1817,1,0,4,13260,,,-3,,
3889,1818,1,9,3,13260,,,-3,,
3890,1819,1,294,2,13260,,,-3,,
3891,1820,1,155,4,13260,,,-3,,
3892,1820,1,209,6,13260,,,-3,,
3893,1820,1,24,6,13260,,,-3,,
3894,1820,1,10,10,13260,,,-3,,
3895,1821,1,3,6,13260,,,-3,,
3896,1822,1,247,8,13260,,,-3,,
3897,1823,1,9,10,13320,,,-3,,
3898,1824,1,214,3,13320,,,-3,,
3899,1825,1,13,7,13320,,,-3,,
3900,1825,1,23,9,13320,,,-3,,
3901,1825,1,174,6,13320,,,-3,,
3902,1826,1,343,10,13320,,,-3,,
3903,1826,1,0,6,13320,,,-3,,
3904,1827,1,189,6,13320,,,-3,,
3905,1828,1,0,9,13320,,,-3,,
3906,1829,1,0,6,13380,,,-3,,
3907,1829,1,86,1,13380,,,-3,,
3908,1829,1,35,6,13380,,,-3,,
3909,1829,1,103,7,13380,,,-3,,
3910,1830,1,137,2,13380,,,-3,,
3911,1830,1,12,5,13380,,,-3,,
3912,1830,1,39,8,13380,,,-3,,
3913,1830,1,285,9,13380,,,-3,,
3914,1831,1,35,2,13380,,,-3,,
3915,1831,1,2,9,13380,,,-3,,
3916,1831,1,1,4,13380,,,-3,,
3917,1832,1,146,12,13380,,,-3,,
3918,1832,1,4,3,13380,,,-3,,
3919,1833,1,28,12,13380,,,-3,,
3920,1833,1,25,2,13380,,,-3,,
3921,1833,1,26,4,13380,,,-3,,
3922,1834,1,3,2,13380,,,-3,,
3923,1834,1,1,9,13380,,,-3,,
3924,1835,1,138,1,13380,,,-3,,
3925,1836,1,121,8,13440,,,-3,,
3926,1836,1,82,7,13440,,,-3,,
3927,1837,1,32,4,13440,,,-3,,
3928,1837,1,328,11,13440,,,-3,,
3929,1838,1,131,7,13440,,,-3,,
3930,1838,1,113,6,13440,,,-3,,
3931,1839,1,0,2,13440,,,-3,,
3932,1839,1,48,3,13440,,,-3,,
3933,1840,1,295,5,13440,,,-3,,
3934,1841,1,0,3,13440,,,-3,,
3935,1841,1,90,8,13440,,,-3,,
3936,1841,1,41,5,13440,,,-3,,
3937,1842,1,7,9,13440,,,-3,,
3938,1843,1,4,12,13440,,,-3,,
3939,1843,1,33,4,13440,,,-3,,
3940,1843,1,21,10,13440,,,-3,,
3941,1843,1,360,10,13440,,,-3,,
3942,1843,1,34,4,13440,,,-3,,
3943,1843,1,88,7,13440,,,-3,,
3944,1843,1,65,3,13440,,,-3,,
3945,1843,1,366,4,13440,,,-3,,
3946,1843,1,257,2,13440,,,-3,,
3947,1844,1,134,3,13500,,,-3,,
3948,1844,1,358,10,13500,,,-3,,
3949,1844,1,9,8,13500,,,-3,,
3950,1844,1,48,11,13500,,,-3,,
3951,1845,1,10,1,13500,,,-3,,
3952,1845,1,43,7,13500,,,-3,,
3953,1846,1,90,1,13500,,,-3,,
3954,1847,1,42,7,13500,,,-3,,
3955,1847,1,390,4,13500,,,-3,,
3956,1847,1,232,8,13500,,,-3,,
3957,1847,1,151,9,13500,,,-3,,
3958,1847,1,43,6,13500,,,-3,,
3959,1847,1,13,4,13500,,,-3,,
3960,1847,1,0,4,13500,,,-3,,
3961,1847,1,1,10,13500,,,-3,,
3962,1848,1,108,11,13500,,,-3,,
3963,1848,1,142,8,13500,,,-3,,
3964,1848,1,34,1,13500,,,-3,,
3965,1848,1,24,3,13500,,,-3,,
3966,1849,1,274,8,13500,,,-3,,
3967,1849,1,0,9,13500,,,-3,,
3968,1849,1,18,6,13500,,,-3,,
3969,1849,1,1,8,13500,,,-3,,
3970,1850,1,2,7,13500,,,-3,,
3971,1851,1,120,2,13500,,,-3,,
3972,1852,1,7,4,13500,,,-3,,
3973,1852,1,0,4,13500,,,-3,,
3974,1853,1,1,4,13500,,,-3,,
3975,1853,1,108,6,13500,,,-3,,
3976,1854,1,2,10,13500,,,-3,,
3977,1854,1,3,8,13500,,,-3,,
3978,1855,1,35,1,13500,,,-3,,
3979,1856,1,171,7,13500,,,-3,,
3980,1856,1,214,9,13500,,,-3,,
3981,1857,1,303,2,13500,,,-3,,
3982,1857,1,12,6,13500,,,-3,,
3983,1858,1,29,10,13560,,,-3,,
3984,1859,1,459,6,13560,,,-3,,
3985,1860,1,251,5,13560,,,-3,,
3986,1861,1,95,12,13560,,,-3,,
3987,1862,1,143,10,13560,,,-3,,
3988,1863,1,84,12,13560,,,-3,,
3989,1864,1,96,12,13560,,,-3,,
3990,1865,1,48,8,13620,,,-3,,
3991,1865,1,0,8,13620,,,-3,,
3992,1866,1,39,7,13620,,,-3,,
3993,1866,1,30,8,13620,,,-3,,
3994,1867,1,142,10,13620,,,-3,,
3995,1868,1,22,4,13620,,,-3,,
3996,1869,1,24,1,13620,,,-3,,
3997,1870,1,295,3,13620,,,-3,,
3998,1870,1,471,6,13620,,,-3,,
3999,1870,1,86,9,13620,,,-3,,
4000,1871,1,23,3,13620,,,-3,,
4001,1871,1,0,9,13620,,,-3,,
4002,1871,1,47,6,13620,,,-3,,
4003,1872,1,68,6,13620,,,-3,,
4004,1872,1,124,9,13620,,,-3,,
4005,1872,1,83,5,13620,,,-3,,
4006,1872,1,25,4,13620,,,-3,,
4007,1872,1,102,10,13620,,,-3,,
4008,1872,1,112,2,13620,,,-3,,
4009,1873,1,409,10,13620,,,-3,,
4010,1873,1,4,8,13620,,,-3,,
4011,1874,1,38,10,13680,,,-3,,
4012,1874,1,35,12,13680,,,-3,,
4013,1875,1,22,10,13680,,,-3,,
4014,1875,1,87,9,13680,,,-3,,
4015,1875,1,416,1,13680,,,-3,,
4016,1876,1,14,4,13680,,,-3,,
4017,1876,1,1,5,13680,,,-3,,
4018,1876,1,46,4,13680,,,-3,,
4019,1876,1,6,2,13680,,,-3,,
4020,1876,1,10,8,13680,,,-3,,
4021,1876,1,30,6,13680,,,-3,,
4022,1876,1,41,8,13680,,,-3,,
4023,1876,1,9,9,13680,,,-3,,
4024,1876,1,0,10,13680,,,-3,,
4025,1877,1,115,10,13680,,,-3,,
4026,1878,1,474,8,13680,,,-3,,
4027,1878,1,118,5,13680,,,-3,,
4028,1879,1,100,10,13680,,,-3,,
4029,1880,1,152,12,13680,,,-3,,
4030,1881,1,347,6,13680,,,-3,,
4031,1881,1,315,5,13680,,,-3,,
4032,1881,1,7,2,13680,,,-3,,
4033,1882,1,156,9,13740,,,-3,,
4034,1883,1,9,9,13740,,,-3,,
4035,1884,1,449,7,13740,,,-3,,
4036,1885,1,155,7,13740,,,-3,,
4037,1885,1,199,9,13740,,,-3,,
4038,1885,1,115,4,13740,,,-3,,
4039,1885,1,12,12,13740,,,-3,,
4040,1885,1,5,4,13740,,,-3,,
4041,1886,1,354,4,13740,,,-3,,
4042,1886,1,147,6,13740,,,-3,,
4043,1887,1,172,9,13740,,,-3,,
4044,1887,1,206,6,13740,,,-3,,
4045,1888,1,8,10,13740,,,-3,,
4046,1888,1,24,12,13740,,,-3,,
4047,1889,1,102,2,13740,,,-3,,
4048,1890,1,23,12,13740,,,-3,,
4049,1891,1,39,7,13740,,,-3,,
4050,1891,1,245,7,13740,,,-3,,
4051,1892,1,63,6,13800,,,-3,,
4052,1892,1,41,11,13800,,,-3,,
4053,1893,1,138,10,13800,,,-3,,
4054,1893,1,61,5,13800,,,-3,,
4055,1894,1,1,6,13800,,,-3,,
4056,1895,1,89,6,13800,,,-3,,
4057,1895,1,110,6,13800,,,-3,,
4058,1896,1,458,5,13800,,,-3,,
4059,1897,1,86,5,13800,,,-3,,
4060,1898,1,19,7,13800,,,-3,,
4061,1898,1,2,8,13800,,,-3,,
4062,1899,1,400,6,13800,,,-3,,
4063,1899,1,2,3,13800,,,-3,,
4064,1900,1,6,6,13800,,,-3,,
4065,1900,1,3,4,13800,,,-3,,
4066,1900,1,2,4,13800,,,-3,,
4067,1901,1,21,11,13800,,,-3,,
4068,1902,1,166,10,13800,,,-3,,
4069,1903,1,38,1,13800,,,-3,,
4070,1904,1,158,2,13800,,,-3,,
4071,1905,1,6,5,13800,,,-3,,
4072,1905,1,148,10,13800,,,-3,,
4073,1906,1,48,4,13800,,,-3,,
4074,1906,1,5,5,13800,,,-3,,
4075,1907,1,4,4,13800,,,-3,,
4076,1908,1,37,12,13800,,,-3,,
4077,1908,1,161,11,13800,,,-3,,
4078,1908,1,277,11,13800,,,-3,,
4079,1908,1,102,9,13800,,,-3,,
4080,1908,1,21,4,13800,,,-3,,
4081,1909,1,29,12,13860,,,-3,,
4082,1909,1,155,10,13860,,,-3,,
4083,1910,1,171,4,13860,,,-3,,
4084,1910,1,22,11,13860,,,-3,,
4085,1911,1,22,10,13860,,,-3,,
4086,1912,1,4,4,13860,,,-3,,
4087,1912,1,46,5,13860,,,-3,,
4088,1912,1,60,6,13860,,,-3,,
4089,1913,1,5,4,13860,,,-3,,
4090,1914,1,109,4,13860,,,-3,,
4091,1914,1,16,8,13860,,,-3,,
4092,1915,1,41,8,13860,,,-3,,
4093,1916,1,7,6,13860,,,-3,,
4094,1916,1,33,8,13860,,,-3,,
4095,1916,1,25,8,13860,,,-3,,
4096,1917,1,16,7,13860,,,-3,,
4097,1917,1,372,8,13860,,,-3,,
4098,1917,1,3,6,13860,,,-3,,
4099,1917,1,177,8,13860,,,-3,,
4100,1918,1,37,6,13920,,,-3,,
4101,1919,1,245,4,13920,,,-3,,
4102,1920,1,93,2,13920,,,-3,,
4103,1921,1,380,10,13920,,,-3,,
4104,1922,1,143,8,13920,,,-3,,
4105,1922,1,46,5,13920,,,-3,,
4106,1923,1,2,4,13920,,,-3,,
4107,1924,1,190,3,13920,,,-3,,
4108,1924,1,193,6,13920,,,-3,,
4109,1925,1,452,5,13920,,,-3,,
4110,1926,1,25,10,13920,,,-3,,
4111,1927,1,49,4,13980,,,-3,,
4112,1928,1,12,5,13980,,,-3,,
4113,1929,1,0,5,13980,,,-3,,
4114,1929,1,32,5,13980,,,-3,,
4115,1930,1,15,6,13980,,,-3,,
4116,1931,1,21,6,13980,,,-3,,
4117,1932,1,7,8,13980,,,-3,,
4118,1932,1,458,5,13980,,,-3,,
4119,1933,1,80,2,13980,,,-3,,
4120,1934,1,58,4,14040,,,-3,,
4121,1934,1,117,4,14040,,,-3,,
4122,1935,1,408,4,14040,,,-3,,
4123,1936,1,18,6,14040,,,-3,,
4124,1937,1,0,4,14040,,,-3,,
4125,1938,1,38,6,14040,,,-3,,
4126,1939,1,30,6,14040,,,-3,,
4127,1939,1,15,6,14040,,,-3,,
4128,1939,1,36,11,14040,,,-3,,
4129,1939,1,21,10,14040,,,-3,,
4130,1939,1,9,7,14040,,,-3,,
4131,1939,1,115,8,14040,,,-3,,
4132,1940,1,314,9,14040,,,-3,,
4133,1940,1,17,1,14040,,,-3,,
4134,1941,1,41,10,14040,,,-3,,
4135,1942,1,488,10,14040,,,-3,,
4136,1943,1,3,4,14040,,,-3,,
4137,1943,1,24,2,14040,,,-3,,
4138,1943,1,9,6,14040,,,-3,,
4139,1944,1,40,7,14100,,,-3,,
4140,1945,1,74,7,14100,,,-3,,
4141,1945,1,109,3,14100,,,-3,,
4142,1945,1,1,10,14100,,,-3,,
4143,1946,1,71,6,14100,,,-3,,
4144,1946,1,190,8,14100,,,-3,,
4145,1947,1,128,8,14100,,,-3,,
4146,1948,1,13,6,14100,,,-3,,
4147,1948,1,31,7,14100,,,-3,,
4148,1949,1,219,7,14100,,,-3,,
4149,1949,1,120,9,14100,,,-3,,
4150,1949,1,47,7,14100,,,-3,,
4151,1949,1,21,10,14100,,,-3,,
4152,1949,1,28,4,14100,,,-3,,
4153,1949,1,2,5,14100,,,-3,,
4154,1949,1,161,2,14100,,,-3,,
4155,1949,1,298,8,14100,,,-3,,
4156,1950,1,97,12,14100,,,-3,,
4157,1950,1,59,4,14100,,,-3,,
4158,1951,1,228,1,14160,,,-3,,
4159,1951,1,125,8,14160,,,-3,,
4160,1952,1,26,6,14160,,,-3,,
4161,1953,1,319,6,14160,,,-3,,
4162,1954,1,300,9,14160,,,-3,,
4163,1954,1,12,7,14160,,,-3,,
4164,1954,1,38,10,14160,,,-3,,
4165,1954,1,16,5,14160,,,-3,,
4166,1955,1,30,4,14160,,,-3,,
4167,1956,1,30,5,14160,,,-3,,
4168,1956,1,45,11,14160,,,-3,,
4169,1956,1,18,8,14160,,,-3,,
4170,1956,1,19,7,14160,,,-3,,
4171,1957,1,3,3,14160,,,-3,,
4172,1958,1,19,4,14160,,,-3,,
4173,1958,1,89,6,14160,,,-3,,
4174,1959,1,9,2,14220,,,-3,,
4175,1959,1,440,9,14220,,,-3,,
4176,1960,1,1,11,14220,,,-3,,
4177,1961,1,0,8,14220,,,-3,,
4178,1962,1,157,6,14220,,,-3,,
4179,1963,1,59,12,14220,,,-3,,
4180,1963,1,20,3,14220,,,-3,,
4181,1963,1,18,7,14220,,,-3,,
4182,1963,1,8,8,14220,,,-3,,
4183,1964,1,100,3,14220,,,-3,,
4184,1965,1,5,10,14220,,,-3,,
4185,1966,1,361,5,14220,,,-3,,
4186,1966,1,25,8,14220,,,-3,,
4187,1966,1,167,9,14220,,,-3,,
4188,1967,1,30,8,14280,,,-3,,
4189,1968,1,301,9,14280,,,-3,,
4190,1968,1,120,7,14280,,,-3,,
4191,1969,1,49,9,14280,,,-3,,
4192,1970,1,8,2,14280,,,-3,,
4193,1971,1,309,12,14280,,,-3,,
4194,1972,1,123,6,14280,,,-3,,
4195,1973,1,127,4,14280,,,-3,,
4196,1973,1,73,11,14280,,,-3,,
4197,1974,1,160,8,14280,,,-3,,
4198,1975,1,94,10,14280,,,-3,,
4199,1976,1,39,8,14280,,,-3,,
4200,1976,1,14,11,14280,,,-3,,
4201,1977,1,13,3,14340,,,-3,,
4202,1977,1,8,4,14340,,,-3,,
4203,1977,1,101,10,14340,,,-3,,
4204,1978,1,447,4,14340,,,-3,,
4205,1978,1,3,8,14340,,,-3,,
4206,1979,1,46,4,14340,,,-3,,
4207,1980,1,10,8,14340,,,-3,,
4208,1981,1,214,6,14340,,,-3,,
4209,1981,1,263,2,14340,,,-3,,
4210,1982,1,246,3,14340,,,-3,,
4211,1982,1,145,4,14340,,,-3,,
4212,1983,1,32,2,14340,,,-3,,
4213,1984,1,0,6,14340,,,-3,,
4214,1984,1,83,2,14340,,,-3,,
4215,1984,1,416,6,14340,,,-3,,
4216,1984,1,64,6,14340,,,-3,,
4217,1984,1,406,10,14340,,,-3,,
4218,1984,1,9,7,14340,,,-3,,
4219,1985,1,217,4,14340,,,-3,,
4220,1985,1,27,10,14340,,,-3,,
4221,1986,1,33,2,14340,,,-3,,
4222,1987,1,150,6,14340,,,-3,,
4223,1988,1,120,2,14400,,,-3,,
4224,1988,1,0,6,14400,,,-3,,
4225,1988,1,10,10,14400,,,-3,,
4226,1988,1,82,6,14400,,,-3,,
4227,1989,1,421,8,14400,,,-3,,
4228,1989,1,244,10,14400,,,-3,,
4229,1989,1,344,4,14400,,,-3,,
4230,1989,1,47,6,14400,,,-3,,
4231,1989,1,33,3,14400,,,-3,,
4232,1990,1,81,8,14400,,,-3,,
4233,1990,1,51,8,14400,,,-3,,
4234,1991,1,0,6,14400,,,-3,,
4235,1991,1,50,12,14400,,,-3,,
4236,1991,1,9,10,14400,,,-3,,
4237,1992,1,14,5,14400,,,-3,,
4238,1992,1,36,3,14400,,,-3,,
4239,1993,1,37,4,14400,,,-3,,
4240,1993,1,24,7,14400,,,-3,,
4241,1993,1,10,5,14400,,,-3,,
4242,1994,1,127,2,14400,,,-3,,
4243,1995,1,42,4,14400,,,-3,,
4244,1996,1,142,7,14460,,,-3,,
4245,1996,1,118,6,14460,,,-3,,
4246,1996,1,27,11,14460,,,-3,,
4247,1997,1,0,4,14460,,,-3,,
4248,1997,1,204,9,14460,,,-3,,
4249,1998,1,15,11,14460,,,-3,,
4250,1998,1,42,9,14460,,,-3,,
4251,1998,1,12,12,14460,,,-3,,
4252,1999,1,385,8,14460,,,-3,,
4253,2000,1,7,6,14460,,,-3,,
4254,2000,1,95,10,14460,,,-3,,
4255,2001,1,47,4,14460,,,-3,,
4256,2001,1,240,10,14460,,,-3,,
4257,2002,1,10,11,14520,,,-3,,
4258,2002,1,2,6,14520,,,-3,,
4259,2002,1,141,7,14520,,,-3,,
4260,2003,1,199,4,14520,,,-3,,
4261,2003,1,84,4,14520,,,-3,,
4262,2003,1,1,6,14520,,,-3,,
4263,2003,1,51,8,14520,,,-3,,
4264,2003,1,219,7,14520,,,-3,,
4265,2003,1,143,4,14520,,,-3,,
4266,2004,1,0,12,14520,,,-3,,
4267,2005,1,149,2,14520,,,-3,,
4268,2006,1,82,7,14520,,,-3,,
4269,2007,1,212,4,14520,,,-3,,
4270,2007,1,5,4,14520,,,-3,,
4271,2008,1,20,5,14520,,,-3,,
4272,2008,1,15,6,14520,,,-3,,
4273,2008,1,63,6,14520,,,-3,,
4274,2008,1,200,6,14520,,,-3,,
4275,2009,1,491,4,14520,,,-3,,
4276,2009,1,287,5,14520,,,-3,,
4277,2009,1,117,5,14520,,,-3,,
4278,2010,1,261,7,14520,,,-3,,
4279,2011,1,38,8,14520,,,-3,,
4280,2012,1,70,11,14520,,,-3,,
4281,2012,1,147,10,14520,,,-3,,
4282,2012,1,321,7,14520,,,-3,,
4283,2013,1,362,6,14580,,,-3,,
4284,2014,1,25,6,14580,,,-3,,
4285,2015,1,55,4,14580,,,-3,,
4286,2016,1,197,3,14580,,,-3,,
4287,2016,1,411,4,14580,,,-3,,
4288,2017,1,13,2,14580,,,-3,,
4289,2018,1,13,10,14640,,,-3,,
4290,2019,1,439,8,14640,,,-3,,
4291,2019,1,27,9,14640,,,-3,,
4292,2019,1,281,4,14640,,,-3,,
4293,2020,1,331,8,14640,,,-3,,
4294,2021,1,162,8,14640,,,-3,,
4295,2022,1,153,5,14640,,,-3,,
4296,2022,1,26,8,14640,,,-3,,
4297,2022,1,76,4,14640,,,-3,,
4298,2023,1,1,6,14640,,,-3,,
4299,2023,1,34,6,14640,,,-3,,
4300,2023,1,164,9,14640,,,-3,,
4301,2023,1,33,6,14640,,,-3,,
4302,2024,1,60,6,14700,,,-3,,
4303,2025,1,207,8,14700,,,-3,,
4304,2025,1,16,12,14700,,,-3,,
4305,2026,1,1,4,14700,,,-3,,
4306,2026,1,25,11,14700,,,-3,,
4307,2027,1,5,8,14700,,,-3,,
4308,2028,1,122,3,14700,,,-3,,
4309,2028,1,452,2,14700,,,-3,,
4310,2028,1,28,3,14700,,,-3,,
4311,2028,1,51,8,14700,,,-3,,
4312,2028,1,290,2,14700,,,-3,,
4313,2028,1,269,6,14700,,,-3,,
4314,2028,1,128,6,14700,,,-3,,
4315,2028,1,45,5,14700,,,-3,,
4316,2029,1,133,6,14700,,,-3,,
4317,2029,1,48,10,14700,,,-3,,
4318,2030,1,153,10,14700,,,-3,,
4319,2031,1,171,6,14700,,,-3,,
4320,2032,1,34,10,14760,,,-3,,
4321,2032,1,98,8,14760,,,-3,,
4322,2032,1,295,6,14760,,,-3,,
4323,2032,1,6,3,14760,,,-3,,
4324,2033,1,113,6,14760,,,-3,,
4325,2034,1,463,6,14760,,,-3,,
4326,2034,1,152,2,14760,,,-3,,
4327,2034,1,18,10,14760,,,-3,,
4328,2035,1,89,9,14760,,,-3,,
4329,2035,1,385,4,14760,,,-3,,
4330,2035,1,11,10,14760,,,-3,,
4331,2036,1,63,3,14760,,,-3,,
4332,2036,1,35,8,14760,,,-3,,
4333,2036,1,468,4,14760,,,-3,,
4334,2037,1,15,9,14760,,,-3,,
4335,2037,1,4,6,14760,,,-3,,
4336,2038,1,20,4,14760,,,-3,,
4337,2038,1,195,3,14760,,,-3,,
4338,2039,1,33,6,14760,,,-3,,
4339,2040,1,308,10,14760,,,-3,,
4340,2041,1,314,7,14760,,,-3,,
4341,2042,1,124,9,14760,,,-3,,
4342,2043,1,106,4,14820,,,-3,,
4343,2044,1,21,6,14820,,,-3,,
4344,2044,1,114,6,14820,,,-3,,
4345,2044,1,345,6,14820,,,-3,,
4346,2045,1,251,2,14820,,,-3,,
4347,2045,1,310,8,14820,,,-3,,
4348,2045,1,14,7,14820,,,-3,,
4349,2046,1,17,8,14820,,,-3,,
4350,2046,1,260,3,14820,,,-3,,
4351,2046,1,0,4,14820,,,-3,,
4352,2046,1,120,2,14820,,,-3,,
4353,2047,1,11,9,14820,,,-3,,
4354,2048,1,12,8,14820,,,-3,,
4355,2049,1,22,6,14820,,,-3,,
4356,2050,1,50,8,14880,,,-3,,
4357,2051,1,426,2,14880,,,-3,,
4358,2052,1,7,9,14880,,,-3,,
4359,2052,1,139,3,14880,,,-3,,
4360,2052,1,313,9,14880,,,-3,,
4361,2053,1,17,4,14880,,,-3,,
4362,2053,1,137,3,14880,,,-3,,
4363,2054,1,40,8,14880,,,-3,,
4364,2054,1,198,5,14880,,,-3,,
4365,2054,1,71,2,14880,,,-3,,
4366,2054,1,16,5,14880,,,-3,,
4367,2054,1,155,12,14880,,,-3,,
4368,2054,1,158,11,14880,,,-3,,
4369,2055,1,78,8,14880,,,-3,,
4370,2055,1,475,2,14880,,,-3,,
4371,2055,1,0,5,14880,,,-3,,
4372,2055,1,137,6,14880,,,-3,,
4373,2055,1,389,3,14880,,,-3,,
4374,2056,1,396,10,14880,,,-3,,
4375,2056,1,124,4,14880,,,-3,,
4376,2056,1,3,11,14880,,,-3,,
4377,2057,1,9,10,14940,,,-3,,
4378,2058,1,2,8,14940,,,-3,,
4379,2058,1,15,4,14940,,,-3,,
4380,2058,1,450,10,14940,,,-3,,
4381,2058,1,462,4,14940,,,-3,,
4382,2058,1,29,7,14940,,,-3,,
4383,2058,1,354,12,14940,,,-3,,
4384,2058,1,26,4,14940,,,-3,,
4385,2058,1,8,6,14940,,,-3,,
4386,2058,1,17,4,14940,,,-3,,
4387,2059,1,72,6,14940,,,-3,,
4388,2059,1,49,4,14940,,,-3,,
4389,2059,1,10,10,14940,,,-3,,
4390,2059,1,36,6,14940,,,-3,,
4391,2060,1,126,6,15000,,,-3,,
4392,2061,1,26,8,15000,,,-3,,
4393,2061,1,68,7,15000,,,-3,,
4394,2061,1,269,6,15000,,,-3,,
4395,2062,1,5,3,15000,,,-3,,
4396,2063,1,119,9,15000,,,-3,,
4397,2063,1,72,2,15000,,,-3,,
4398,2063,1,33,6,15000,,,-3,,
4399,2064,1,432,6,15000,,,-3,,
4400,2065,1,458,9,15000,,,-3,,
4401,2065,1,1,4,15000,,,-3,,
4402,2066,1,185,5,15000,,,-3,,
4403,2067,1,8,6,15060,,,-3,,
4404,2068,1,170,8,15060,,,-3,,
4405,2068,1,99,8,15060,,,-3,,
4406,2069,1,499,10,15060,,,-3,,
4407,2069,1,44,4,15060,,,-3,,
4408,2069,1,0,6,15060,,,-3,,
4409,2069,1,102,2,15060,,,-3,,
4410,2069,1,312,6,15060,,,-3,,
4411,2069,1,40,10,15060,,,-3,,
4412,2070,1,53,10,15060,,,-3,,
4413,2071,1,1,8,15060,,,-3,,
4414,2071,1,340,8,15060,,,-3,,
4415,2071,1,24,2,15060,,,-3,,
4416,2072,1,158,10,15060,,,-3,,
4417,2072,1,12,4,15060,,,-3,,
4418,2073,1,26,6,15060,,,-3,,
4419,2073,1,100,3,15060,,,-3,,
4420,2073,1,11,2,15060,,,-3,,
4421,2073,1,456,11,15060,,,-3,,
4422,2074,1,6,7,15060,,,-3,,
4423,2074,1,77,4,15060,,,-3,,
4424,2074,1,470,6,15060,,,-3,,
4425,2075,1,25,11,15060,,,-3,,
4426,2075,1,118,8,15060,,,-3,,
4427,2076,1,243,8,15060,,,-3,,
4428,2077,1,200,10,15060,,,-3,,
4429,2078,1,0,6,15120,,,-3,,
4430,2078,1,3,7,15120,,,-3,,
4431,2078,1,92,4,15120,,,-3,,
4432,2078,1,48,11,15120,,,-3,,
4433,2078,1,9,12,15120,,,-3,,
4434,2078,1,7,10,15120,,,-3,,
4435,2079,1,152,6,15120,,,-3,,
4436,2080,1,44,10,15120,,,-3,,
4437,2081,1,48,10,15120,,,-3,,
4438,2082,1,45,8,15120,,,-3,,
4439,2082,1,6,4,15120,,,-3,,
4440,2083,1,20,8,15120,,,-3,,
4441,2083,1,23,9,15120,,,-3,,
4442,2083,1,254,10,15120,,,-3,,
4443,2083,1,30,10,15120,,,-3,,
4444,2084,1,42,9,15120,,,-3,,
4445,2085,1,117,8,15120,,,-3,,
4446,2085,1,2,2,15120,,,-3,,
4447,2085,1,30,8,15120,,,-3,,
4448,2085,1,41,7,15120,,,-3,,
4449,2085,1,15,10,15120,,,-3,,
4450,2085,1,18,5,15120,,,-3,,
4451,2086,1,23,10,15120,,,-3,,
4452,2086,1,8,12,15120,,,-3,,
4453,2086,1,54,2,15120,,,-3,,
4454,2087,1,8,6,15120,,,-3,,
4455,2087,1,182,8,15120,,,-3,,
4456,2088,1,7,4,15180,,,-3,,
4457,2088,1,274,10,15180,,,-3,,
4458,2088,1,3,3,15180,,,-3,,
4459,2089,1,292,9,15180,,,-3,,
4460,2089,1,79,5,15180,,,-3,,
4461,2090,1,67,4,15180,,,-3,,
4462,2091,1,78,8,15180,,,-3,,
4463,2092,1,29,3,15180,,,-3,,
4464,2093,1,44,4,15180,,,-3,,
4465,2094,1,43,10,15180,,,-3,,
4466,2095,1,231,5,15240,,,-3,,
4467,2095,1,56,2,15240,,,-3,,
4468,2096,1,38,8,15240,,,-3,,
4469,2097,1,97,5,15240,,,-3,,
4470,2097,1,25,4,15240,,,-3,,
4471,2097,1,180,10,15240,,,-3,,
4472,2098,1,144,7,15240,,,-3,,
4473,2098,1,7,8,15240,,,-3,,
4474,2099,1,5,7,15240,,,-3,,
4475,2100,1,93,3,15300,,,-3,,
4476,2100,1,432,5,15300,,,-3,,
4477,2101,1,11,2,15300,,,-3,,
4478,2101,1,96,9,15300,,,-3,,
4479,2101,1,254,4,15300,,,-3,,
4480,2101,1,64,10,15300,,,-3,,
4481,2102,1,245,8,15300,,,-3,,
4482,2103,1,344,6,15300,,,-3,,
4483,2104,1,249,10,15300,,,-3,,
4484,2105,1,25,4,15300,,,-3,,
4485,2106,1,78,9,15300,,,-3,,
4486,2106,1,24,6,15300,,,-3,,
4487,2107,1,7,3,15300,,,-3,,
4488,2108,1,0,12,15300,,,-3,,
4489,2108,1,141,9,15300,,,-3,,
4490,2108,1,37,2,15300,,,-3,,
4491,2108,1,280,6,15300,,,-3,,
4492,2109,1,188,8,15300,,,-3,,
4493,2109,1,27,2,15300,,,-3,,
4494,2110,1,123,2,15300,,,-3,,
4495,2111,1,32,4,15300,,,-3,,
4496,2112,1,446,12,15300,,,-3,,
4497,2112,1,143,8,15300,,,-3,,
4498,2113,1,2,8,15360,,,-3,,
4499,2113,1,189,2,15360,,,-3,,
4500,2114,1,19,4,15360,,,-3,,
4501,2114,1,0,8,15360,,,-3,,
4502,2114,1,26,8,15360,,,-3,,
4503,2114,1,392,10,15360,,,-3,,
4504,2114,1,17,9,15360,,,-3,,
4505,2115,1,188,10,15360,,,-3,,
4506,2116,1,119,5,15360,,,-3,,
4507,2117,1,121,1,15360,,,-3,,
4508,2117,1,9,12,15360,,,-3,,
4509,2117,1,18,2,15360,,,-3,,
4510,2117,1,368,8,15360,,,-3,,
4511,2117,1,0,6,15360,,,-3,,
4512,2118,1,263,10,15360,,,-3,,
4513,2118,1,428,6,15360,,,-3,,
4514,2119,1,9,8,15360,,,-3,,
4515,2119,1,485,6,15360,,,-3,,
4516,2120,1,6,5,15360,,,-3,,
4517,2120,1,17,8,15360,,,-3,,
4518,2121,1,1,3,15360,,,-3,,
4519,2121,1,133,10,15360,,,-3,,
4520,2121,1,27,8,15360,,,-3,,
4521,2122,1,377,3,15360,,,-3,,
4522,2122,1,453,1,15360,,,-3,,
4523,2122,1,2,9,15360,,,-3,,
4524,2123,1,18,6,15360,,,-3,,
4525,2124,1,309,9,15420,,,-3,,
4526,2125,1,18,5,15420,,,-3,,
4527,2125,1,25,7,15420,,,-3,,
4528,2125,1,93,7,15420,,,-3,,
4529,2126,1,15,5,15420,,,-3,,
4530,2126,1,44,4,15420,,,-3,,
4531,2126,1,2,4,15420,,,-3,,
4532,2126,1,250,8,15420,,,-3,,
4533,2127,1,42,9,15420,,,-3,,
4534,2128,1,10,6,15420,,,-3,,
4535,2128,1,65,9,15420,,,-3,,
4536,2128,1,37,8,15420,,,-3,,
4537,2129,1,184,12,15420,,,-3,,
4538,2130,1,102,9,15420,,,-3,,
4539,2131,1,159,7,15420,,,-3,,
4540,2131,1,21,7,15420,,,-3,,
4541,2132,1,75,8,15420,,,-3,,
4542,2133,1,115,7,15420,,,-3,,
4543,2134,1,118,3,15420,,,-3,,
4544,2134,1,177,4,15420,,,-3,,
4545,2135,1,431,10,15420,,,-3,,
4546,2135,1,5,6,15420,,,-3,,
4547,2136,1,3,7,15480,,,-3,,
4548,2136,1,373,8,15480,,,-3,,
4549,2136,1,16,6,15480,,,-3,,
4550,2136,1,96,8,15480,,,-3,,
4551,2137,1,27,8,15480,,,-3,,
4552,2138,1,28,12,15480,,,-3,,
4553,2139,1,41,6,15480,,,-3,,
4554,2140,1,422,6,15480,,,-3,,
4555,2141,1,280,7,15480,,,-3,,
4556,2142,1,43,4,15480,,,-3,,
4557,2143,1,37,8,15540,,,-3,,
4558,2144,1,43,8,15540,,,-3,,
4559,2144,1,4,6,15540,,,-3,,
4560,2145,1,2,7,15540,,,-3,,
4561,2145,1,232,3,15540,,,-3,,
4562,2145,1,36,2,15540,,,-3,,
4563,2146,1,133,2,15540,,,-3,,
4564,2146,1,76,4,15540,,,-3,,
4565,2146,1,117,5,15540,,,-3,,
4566,2147,1,3,4,15600,,,-3,,
4567,2147,1,444,4,15600,,,-3,,
4568,2147,1,5,4,15600,,,-3,,
4569,2148,1,8,3,15600,,,-3,,
4570,2148,1,1,12,15600,,,-3,,
4571,2148,1,30,9,15600,,,-3,,
4572,2148,1,411,4,15600,,,-3,,
4573,2149,1,12,7,15600,,,-3,,
4574,2150,1,443,12,15600,,,-3,,
4575,2151,1,442,6,15600,,,-3,,
4576,2152,1,328,10,15600,,,-3,,
4577,2153,1,130,3,15600,,,-3,,
4578,2154,1,285,3,15600,,,-3,,
4579,2155,1,166,4,15660,,,-3,,
4580,2156,1,161,2,15660,,,-3,,
4581,2157,1,322,7,15660,,,-3,,
4582,2158,1,1,4,15660,,,-3,,
4583,2158,1,30,6,15660,,,-3,,
4584,2159,1,0,3,15660,,,-3,,
4585,2159,1,4,5,15660,,,-3,,
4586,2159,1,56,4,15660,,,-3,,
4587,2160,1,368,11,15660,,,-3,,
4588,2161,1,25,11,15660,,,-3,,
4589,2161,1,190,8,15660,,,-3,,
4590,2162,1,36,3,15660,,,-3,,
4591,2162,1,35,6,15660,,,-3,,
4592,2163,1,118,8,15660,,,-3,,
4593,2163,1,11,12,15660,,,-3,,
4594,2163,1,353,3,15660,,,-3,,
4595,2164,1,97,4,15720,,,-3,,
4596,2164,1,42,4,15720,,,-3,,
4597,2164,1,49,6,15720,,,-3,,
4598,2165,1,149,8,15720,,,-3,,
4599,2166,1,109,9,15720,,,-3,,
4600,2166,1,9,10,15720,,,-3,,
4601,2166,1,18,1,15720,,,-3,,
4602,2167,1,498,9,15720,,,-3,,
4603,2168,1,1,5,15720,,,-3,,
4604,2168,1,34,8,15720,,,-3,,
4605,2169,1,4,12,15720,,,-3,,
4606,2170,1,26,6,15720,,,-3,,
4607,2171,1,397,4,15720,,,-3,,
4608,2171,1,0,2,15720,,,-3,,
4609,2172,1,4,2,15720,,,-3,,
4610,2172,1,85,12,15720,,,-3,,
4611,2172,1,7,6,15720,,,-3,,
4612,2172,1,10,2,15720,,,-3,,
4613,2172,1,11,4,15720,,,-3,,
4614,2172,1,281,10,15720,,,-3,,
4615,2173,1,4,5,15780,,,-3,,
4616,2174,1,74,4,15780,,,-3,,
4617,2174,1,492,10,15780,,,-3,,
4618,2174,1,351,12,15780,,,-3,,
4619,2175,1,76,6,15780,,,-3,,
4620,2175,1,27,4,15780,,,-3,,
4621,2176,1,99,4,15780,,,-3,,
4622,2176,1,6,10,15780,,,-3,,
4623,2176,1,0,4,15780,,,-3,,
4624,2177,1,27,2,15780,,,-3,,
4625,2178,1,32,9,15780,,,-3,,
4626,2179,1,40,4,15780,,,-3,,
4627,2179,1,133,7,15780,,,-3,,
4628,2179,1,149,11,15780,,,-3,,
4629,2180,1,10,6,15780,,,-3,,
4630,2180,1,262,8,15780,,,-3,,
4631,2180,1,108,10,15780,,,-3,,
4632,2180,1,3,4,15780,,,-3,,
4633,2180,1,6,8,15780,,,-3,,
4634,2181,1,132,1,15780,,,-3,,
4635,2182,1,36,2,15780,,,-3,,
4636,2182,1,30,6,15780,,,-3,,
4637,2182,1,0,7,15780,,,-3,,
4638,2182,1,415,6,15780,,,-3,,
4639,2182,1,68,6,15780,,,-3,,
4640,2183,1,180,11,15780,,,-3,,
4641,2184,1,94,12,15840,,,-3,,
4642,2185,1,27,9,15840,,,-3,,
4643,2186,1,2,11,15840,,,-3,,
4644,2186,1,141,10,15840,,,-3,,
4645,2187,1,81,9,15840,,,-3,,
4646,2187,1,186,1,15840,,,-3,,
4647,2188,1,116,10,15840,,,-3,,
4648,2188,1,401,8,15840,,,-3,,
4649,2189,1,21,8,15840,,,-3,,
4650,2189,1,110,10,15840,,,-3,,
4651,2189,1,212,2,15840,,,-3,,
4652,2189,1,1,5,15840,,,-3,,
4653,2189,1,14,8,15840,,,-3,,
4654,2189,1,351,10,15840,,,-3,,
4655,2190,1,137,4,15900,,,-3,,
4656,2191,1,226,4,15900,,,-3,,
4657,2191,1,2,5,15900,,,-3,,
4658,2192,1,440,10,15900,,,-3,,
4659,2192,1,93,6,15900,,,-3,,
4660,2192,1,7,4,15900,,,-3,,
4661,2193,1,42,8,15900,,,-3,,
4662,2194,1,66,5,15900,,,-3,,
4663,2194,1,142,4,15900,,,-3,,
4664,2194,1,156,8,15900,,,-3,,
4665,2194,1,130,5,15900,,,-3,,
4666,2195,1,11,10,15900,,,-3,,
4667,2196,1,174,10,15900,,,-3,,
4668,2196,1,119,3,15900,,,-3,,
4669,2196,1,48,8,15900,,,-3,,
4670,2197,1,25,2,15900,,,-3,,
4671,2198,1,286,6,15900,,,-3,,
4672,2198,1,228,4,15900,,,-3,,
4673,2199,1,42,11,15900,,,-3,,
4674,2200,1,117,4,15960,,,-3,,
4675,2200,1,29,6,15960,,,-3,,
4676,2200,1,11,2,15960,,,-3,,
4677,2200,1,40,7,15960,,,-3,,
4678,2201,1,176,7,15960,,,-3,,
4679,2201,1,30,10,15960,,,-3,,
4680,2201,1,487,10,15960,,,-3,,
4681,2202,1,55,2,15960,,,-3,,
4682,2203,1,178,12,15960,,,-3,,
4683,2204,1,1,6,15960,,,-3,,
4684,2204,1,24,6,15960,,,-3,,
4685,2204,1,88,3,15960,,,-3,,
4686,2205,1,32,11,16020,,,-3,,
4687,2205,1,161,3,16020,,,-3,,
4688,2205,1,109,6,16020,,,-3,,
4689,2205,1,82,6,16020,,,-3,,
4690,2206,1,26,4,16020,,,-3,,
4691,2207,1,64,6,16020,,,-3,,
4692,2208,1,65,6,16020,,,-3,,
4693,2208,1,38,8,16020,,,-3,,
4694,2209,1,492,9,16020,,,-3,,
4695,2210,1,84,7,16020,,,-3,,
4696,2210,1,195,7,16020,,,-3,,
4697,2211,1,331,4,16020,,,-3,,
4698,2211,1,55,6,16020,,,-3,,
4699,2212,1,24,3,16020,,,-3,,
4700,2213,1,14,7,16020,,,-3,,
4701,2213,1,147,7,16020,,,-3,,
4702,2213,1,3,10,16020,,,-3,,
4703,2213,1,12,6,16020,,,-3,,
4704,2214,1,91,3,16020,,,-3,,
4705,2215,1,18,5,16020,,,-3,,
4706,2216,1,2,5,16020,,,-3,,
4707,2217,1,75,3,16080,,,-3,,
4708,2218,1,57,3,16080,,,-3,,
4709,2218,1,35,9,16080,,,-3,,
4710,2219,1,398,1,16080,,,-3,,
4711,2220,1,3,6,16080,,,-3,,
4712,2220,1,149,12,16080,,,-3,,
4713,2221,1,58,4,16080,,,-3,,
4714,2222,1,323,11,16140,,,-3,,
4715,2222,1,208,1,16140,,,-3,,
4716,2223,1,160,8,16140,,,-3,,
4717,2223,1,22,2,16140,,,-3,,
4718,2223,1,133,7,16140,,,-3,,
4719,2224,1,6,3,16140,,,-3,,
4720,2224,1,42,10,16140,,,-3,,
4721,2224,1,156,6,16140,,,-3,,
4722,2225,1,268,9,16140,,,-3,,
4723,2225,1,288,7,16140,,,-3,,
4724,2226,1,81,10,16140,,,-3,,
4725,2227,1,11,10,16140,,,-3,,
4726,2227,1,169,7,16140,,,-3,,
4727,2228,1,126,7,16140,,,-3,,
4728,2229,1,95,4,16140,,,-3,,
4729,2229,1,13,10,16140,,,-3,,
4730,2230,1,2,7,16140,,,-3,,
4731,2230,1,300,2,16140,,,-3,,
4732,2230,1,239,10,16140,,,-3,,
4733,2231,1,12,12,16140,,,-3,,
4734,2232,1,1,6,16140,,,-3,,
4735,2233,1,31,10,16200,,,-3,,
4736,2233,1,23,3,16200,,,-3,,
4737,2234,1,142,8,16200,,,-3,,
4738,2234,1,0,9,16200,,,-3,,
4739,2234,1,118,11,16200,,,-3,,
4740,2235,1,34,12,16200,,,-3,,
4741,2236,1,3,8,16200,,,-3,,
4742,2236,1,66,11,16200,,,-3,,
4743,2237,1,102,9,16200,,,-3,,
4744,2237,1,140,1,16200,,,-3,,
4745,2237,1,120,5,16200,,,-3,,
4746,2237,1,60,8,16200,,,-3,,
4747,2237,1,269,4,16200,,,-3,,
4748,2238,1,227,10,16200,,,-3,,
4749,2239,1,211,3,16200,,,-3,,
4750,2239,1,145,8,16200,,,-3,,
4751,2240,1,174,10,16200,,,-3,,
4752,2240,1,0,9,16200,,,-3,,
4753,2240,1,40,3,16200,,,-3,,
4754,2241,1,37,6,16200,,,-3,,
4755,2242,1,13,6,16200,,,-3,,
4756,2243,1,38,4,16260,,,-3,,
4757,2244,1,228,2,16260,,,-3,,
4758,2245,1,76,5,16260,,,-3,,
4759,2245,1,71,10,16260,,,-3,,
4760,2246,1,416,4,16260,,,-3,,
4761,2247,1,33,10,16260,,,-3,,
4762,2248,1,307,11,16260,,,-3,,
4763,2248,1,160,9,16260,,,-3,,
4764,2248,1,101,8,16260,,,-3,,
4765,2248,1,389,6,16260,,,-3,,
4766,2248,1,56,6,16260,,,-3,,
4767,2248,1,58,8,16260,,,-3,,
4768,2249,1,111,8,16260,,,-3,,
4769,2250,1,183,5,16260,,,-3,,
4770,2251,1,9,6,16260,,,-3,,
4771,2252,1,13,8,16260,,,-3,,
4772,2252,1,20,7,16260,,,-3,,
4773,2252,1,14,6,16260,,,-3,,
4774,2253,1,30,8,16260,,,-3,,
4775,2254,1,431,5,16260,,,-3,,
4776,2255,1,440,3,16260,,,-3,,
4777,2256,1,5,8,16320,,,-3,,
4778,2256,1,49,6,16320,,,-3,,
4779,2256,1,0,9,16320,,,-3,,
4780,2256,1,96,10,16320,,,-3,,
4781,2256,1,42,4,16320,,,-3,,
4782,2256,1,11,4,16320,,,-3,,
4783,2256,1,29,4,16320,,,-3,,
4784,2257,1,223,8,16320,,,-3,,
4785,2258,1,27,11,16320,,,-3,,
4786,2258,1,124,6,16320,,,-3,,
4787,2258,1,259,8,16320,,,-3,,
4788,2258,1,334,10,16320,,,-3,,
4789,2259,1,32,2,16320,,,-3,,
4790,2260,1,41,8,16320,,,-3,,
4791,2261,1,304,4,16320,,,-3,,
4792,2262,1,302,4,16320,,,-3,,
4793,2262,1,4,10,16320,,,-3,,
4794,2262,1,54,8,16320,,,-3,,
4795,2263,1,181,2,16320,,,-3,,
4796,2264,1,19,4,16320,,,-3,,
4797,2264,1,16,9,16320,,,-3,,
4798,2265,1,159,7,16380,,,-3,,
4799,2266,1,19,7,16380,,,-3,,
4800,2266,1,315,8,16380,,,-3,,
4801,2266,1,13,8,16380,,,-3,,
4802,2266,1,10,10,16380,,,-3,,
4803,2266,1,2,9,16380,,,-3,,
4804,2266,1,33,11,16380,,,-3,,
4805,2266,1,144,1,16380,,,-3,,
4806,2266,1,300,10,16380,,,-3,,
4807,2266,1,82,2,16380,,,-3,,
4808,2266,1,142,4,16380,,,-3,,
4809,2266,1,398,9,16380,,,-3,,
4810,2266,1,5,3,16380,,,-3,,
4811,2266,1,35,8,16380,,,-3,,
4812,2267,1,143,5,16380,,,-3,,
4813,2267,1,76,6,16380,,,-3,,
4814,2267,1,2,9,16380,,,-3,,
4815,2267,1,58,5,16380,,,-3,,
4816,2268,1,72,8,16380,,,-3,,
4817,2269,1,39,6,16380,,,-3,,
4818,2270,1,450,2,16380,,,-3,,
4819,2271,1,34,7,16380,,,-3,,
4820,2271,1,23,6,16380,,,-3,,
4821,2271,1,45,12,16380,,,-3,,
4822,2272,1,339,4,16380,,,-3,,
4823,2272,1,311,6,16380,,,-3,,
4824,2272,1,39,11,16380,,,-3,,
4825,2272,1,15,6,16380,,,-3,,
4826,2272,1,17,6,16380,,,-3,,
4827,2273,1,2,2,16380,,,-3,,
4828,2274,1,49,10,16380,,,-3,,
4829,2275,1,474,4,16440,,,-3,,
4830,2276,1,165,5,16440,,,-3,,
4831,2276,1,9,10,16440,,,-3,,
4832,2276,1,65,10,16440,,,-3,,
4833,2277,1,3,6,16440,,,-3,,
4834,2277,1,22,4,16440,,,-3,,
4835,2278,1,91,6,16440,,,-3,,
4836,2278,1,37,4,16440,,,-3,,
4837,2279,1,2,11,16440,,,-3,,
4838,2280,1,9,2,16440,,,-3,,
4839,2281,1,422,4,16440,,,-3,,
4840,2281,1,12,9,16440,,,-3,,
4841,2282,1,312,5,16440,,,-3,,
4842,2283,1,321,6,16440,,,-3,,
4843,2284,1,16,6,16440,,,-3,,
4844,2284,1,35,8,16440,,,-3,,
4845,2285,1,1,4,16440,,,-3,,
4846,2286,1,33,6,16500,,,-3,,
4847,2286,1,205,8,16500,,,-3,,
4848,2286,1,235,12,16500,,,-3,,
4849,2287,1,185,8,16500,,,-3,,
4850,2287,1,11,5,16500,,,-3,,
4851,2287,1,174,3,16500,,,-3,,
4852,2287,1,79,6,16500,,,-3,,
4853,2287,1,177,6,16500,,,-3,,
4854,2287,1,60,10,16500,,,-3,,
4855,2288,1,1,7,16500,,,-3,,
4856,2289,1,197,8,16500,,,-3,,
4857,2290,1,49,6,16500,,,-3,,
4858,2291,1,127,8,16500,,,-3,,
4859,2292,1,189,7,16500,,,-3,,
4860,2293,1,93,9,16500,,,-3,,
4861,2293,1,9,6,16500,,,-3,,
4862,2294,1,321,4,16500,,,-3,,
4863,2294,1,49,9,16500,,,-3,,
4864,2294,1,10,4,16500,,,-3,,
4865,2294,1,2,6,16500,,,-3,,
4866,2295,1,48,8,16500,,,-3,,
4867,2296,1,147,2,16500,,,-3,,
4868,2296,1,12,3,16500,,,-3,,
4869,2297,1,2,6,16560,,,-3,,
4870,2297,1,68,9,16560,,,-3,,
4871,2298,1,48,7,16560,,,-3,,
4872,2298,1,94,10,16560,,,-3,,
4873,2298,1,6,4,16560,,,-3,,
4874,2298,1,27,4,16560,,,-3,,
4875,2299,1,44,11,16560,,,-3,,
4876,2300,1,1,4,16560,,,-3,,
4877,2301,1,31,6,16560,,,-3,,
4878,2301,1,7,6,16560,,,-3,,
4879,2301,1,346,6,16560,,,-3,,
4880,2302,1,0,8,16560,,,-3,,
4881,2302,1,281,10,16560,,,-3,,
4882,2303,1,41,6,16560,,,-3,,
4883,2303,1,477,5,16560,,,-3,,
4884,2303,1,139,1,16560,,,-3,,
4885,2304,1,29,7,16560,,,-3,,
4886,2304,1,50,7,16560,,,-3,,
4887,2304,1,178,4,16560,,,-3,,
4888,2305,1,34,6,16560,,,-3,,
4889,2305,1,19,12,16560,,,-3,,
4890,2306,1,175,6,16620,,,-3,,
4891,2306,1,54,7,16620,,,-3,,
4892,2306,1,118,8,16620,,,-3,,
4893,2307,1,26,4,16620,,,-3,,
4894,2308,1,8,5,16620,,,-3,,
4895,2309,1,24,12,16620,,,-3,,
4896,2309,1,2,8,16620,,,-3,,
4897,2309,1,237,5,16620,,,-3,,
4898,2310,1,109,8,16620,,,-3,,
4899,2311,1,30,8,16620,,,-3,,
4900,2312,1,36,4,16620,,,-3,,
4901,2312,1,416,3,16620,,,-3,,
4902,2313,1,29,5,16620,,,-3,,
4903,2313,1,3,7,16620,,,-3,,
4904,2313,1,4,4,16620,,,-3,,
4905,2313,1,10,4,16620,,,-3,,
4906,2313,1,82,8,16620,,,-3,,
4907,2314,1,304,8,16620,,,-3,,
4908,2314,1,77,8,16620,,,-3,,
4909,2314,1,458,12,16620,,,-3,,
4910,2314,1,29,10,16620,,,-3,,
4911,2315,1,23,8,16620,,,-3,,
4912,2315,1,126,10,16620,,,-3,,
4913,2315,1,239,8,16620,,,-3,,
4914,2315,1,279,3,16620,,,-3,,
4915,2315,1,51,11,16620,,,-3,,
4916,2315,1,105,2,16620,,,-3,,
4917,2316,1,259,5,16680,,,-3,,
4918,2316,1,83,9,16680,,,-3,,
4919,2316,1,399,2,16680,,,-3,,
4920,2317,1,295,4,16680,,,-3,,
4921,2317,1,3,4,16680,,,-3,,
4922,2317,1,67,11,16680,,,-3,,
4923,2318,1,50,3,16680,,,-3,,
4924,2319,1,20,6,16680,,,-3,,
4925,2320,1,139,4,16680,,,-3,,
4926,2321,1,29,3,16680,,,-3,,
4927,2322,1,23,8,16680,,,-3,,
4928,2322,1,7,2,16680,,,-3,,
4929,2323,1,102,6,16680,,,-3,,
4930,2324,1,247,9,16740,,,-3,,
4931,2324,1,437,7,16740,,,-3,,
4932,2325,1,28,4,16740,,,-3,,
4933,2325,1,41,8,16740,,,-3,,
4934,2326,1,4,4,16740,,,-3,,
4935,2326,1,25,9,16740,,,-3,,
4936,2327,1,93,10,16740,,,-3,,
4937,2327,1,169,9,16740,,,-3,,
4938,2328,1,236,12,16740,,,-3,,
4939,2329,1,73,9,16740,,,-3,,
4940,2330,1,187,10,16740,,,-3,,
4941,2331,1,425,6,16740,,,-3,,
4942,2332,1,41,4,16740,,,-3,,
4943,2333,1,75,7,16740,,,-3,,
4944,2333,1,55,6,16740,,,-3,,
4945,2333,1,0,5,16740,,,-3,,
4946,2334,1,20,5,16800,,,-3,,
4947,2334,1,35,8,16800,,,-3,,
4948,2335,1,150,5,16800,,,-3,,
4949,2336,1,324,7,16800,,,-3,,
4950,2337,1,23,10,16800,,,-3,,
4951,2337,1,21,6,16800,,,-3,,
4952,2337,1,0,3,16800,,,-3,,
4953,2337,1,64,4,16800,,,-3,,
4954,2338,1,26,4,16800,,,-3,,
4955,2338,1,119,6,16800,,,-3,,
4956,2339,1,47,6,16800,,,-3,,
4957,2340,1,401,7,16800,,,-3,,
4958,2341,1,4,8,16800,,,-3,,
4959,2341,1,2,6,16800,,,-3,,
4960,2342,1,383,10,16800,,,-3,,
4961,2342,1,78,6,16800,,,-3,,
4962,2343,1,19,3,16800,,,-3,,
4963,2343,1,158,7,16800,,,-3,,
4964,2343,1,216,6,16800,,,-3,,
4965,2343,1,36,9,16800,,,-3,,
4966,2344,1,16,12,16800,,,-3,,
4967,2345,1,174,4,16800,,,-3,,
4968,2346,1,432,9,16800,,,-3,,
4969,2347,1,64,8,16800,,,-3,,
4970,2347,1,277,9,16800,,,-3,,
4971,2347,1,2,10,16800,,,-3,,
4972,2347,1,18,7,16800,,,-3,,
4973,2347,1,33,7,16800,,,-3,,
4974,2348,1,116,8,16800,,,-3,,
4975,2349,1,38,7,16800,,,-3,,
4976,2350,1,32,8,16860,,,-3,,
4977,2350,1,83,10,16860,,,-3,,
4978,2351,1,60,7,16860,,,-3,,
4979,2352,1,23,7,16860,,,-3,,
4980,2352,1,193,6,16860,,,-3,,
4981,2353,1,77,3,16860,,,-3,,
4982,2353,1,41,6,16860,,,-3,,
4983,2353,1,106,12,16860,,,-3,,
4984,2353,1,118,10,16860,,,-3,,
4985,2353,1,13,6,16860,,,-3,,
4986,2353,1,25,11,16860,,,-3,,
4987,2354,1,14,3,16920,,,-3,,
4988,2355,1,462,9,16920,,,-3,,
4989,2355,1,388,6,16920,,,-3,,
4990,2355,1,6,5,16920,,,-3,,
4991,2355,1,198,4,16920,,,-3,,
4992,2355,1,19,3,16920,,,-3,,
4993,2356,1,182,8,16920,,,-3,,
4994,2356,1,25,10,16920,,,-3,,
4995,2356,1,191,10,16920,,,-3,,
4996,2356,1,9,9,16920,,,-3,,
4997,2357,1,64,4,16920,,,-3,,
4998,2357,1,428,6,16920,,,-3,,
4999,2358,1,40,12,16920,,,-3,,
5000,2358,1,0,10,16920,,,-3,,
5001,2359,1,11,12,16920,,,-3,,
5002,2360,1,13,8,16920,,,-3,,
5003,2360,1,91,9,16920,,,-3,,
5004,2361,1,65,12,16920,,,-3,,
5005,2362,1,10,6,16980,,,-3,,
5006,2362,1,65,3,16980,,,-3,,
5007,2362,1,5,6,16980,,,-3,,
5008,2362,1,246,5,16980,,,-3,,
5009,2362,1,24,8,16980,,,-3,,
5010,2363,1,5,6,16980,,,-3,,
5011,2364,1,3,2,16980,,,-3,,
5012,2365,1,62,6,16980,,,-3,,
5013,2365,1,373,4,16980,,,-3,,
5014,2366,1,79,6,16980,,,-3,,
5015,2366,1,290,10,16980,,,-3,,
5016,2367,1,396,10,16980,,,-3,,
5017,2368,1,1,7,17040,,,-3,,
5018,2369,1,48,3,17040,,,-3,,
5019,2369,1,127,6,17040,,,-3,,
5020,2369,1,79,4,17040,,,-3,,
5021,2370,1,1,11,17040,,,-3,,
5022,2370,1,96,6,17040,,,-3,,
5023,2371,1,415,5,17040,,,-3,,
5024,2371,1,46,6,17040,,,-3,,
5025,2372,1,173,6,17040,,,-3,,
5026,2373,1,86,12,17040,,,-3,,
5027,2373,1,58,6,17040,,,-3,,
5028,2373,1,239,2,17040,,,-3,,
5029,2373,1,24,8,17040,,,-3,,
5030,2374,1,152,7,17040,,,-3,,
5031,2374,1,86,3,17040,,,-3,,
5032,2375,1,0,10,17040,,,-3,,
5033,2376,1,191,7,17040,,,-3,,
5034,2376,1,212,3,17040,,,-3,,
5035,2377,1,351,8,17040,,,-3,,
5036,2377,1,4,11,17040,,,-3,,
5037,2378,1,1,4,17040,,,-3,,
5038,2379,1,22,1,17100,,,-3,,
5039,2380,1,11,8,17100,,,-3,,
5040,2381,1,11,6,17100,,,-3,,
5041,2382,1,10,4,17100,,,-3,,
5042,2382,1,352,7,17100,,,-3,,
5043,2382,1,49,4,17100,,,-3,,
5044,2382,1,73,8,17100,,,-3,,
5045,2382,1,4,12,17100,,,-3,,
5046,2383,1,52,10,17100,,,-3,,
5047,2384,1,197,5,17100,,,-3,,
5048,2385,1,3,6,17100,,,-3,,
5049,2386,1,27,4,17100,,,-3,,
5050,2386,1,12,4,17100,,,-3,,
5051,2386,1,25,5,17100,,,-3,,
5052,2387,1,31,4,17100,,,-3,,
5053,2387,1,30,4,17100,,,-3,,
5054,2387,1,252,8,17100,,,-3,,
5055,2387,1,22,10,17100,,,-3,,
5056,2388,1,45,2,17100,,,-3,,
5057,2389,1,440,5,17100,,,-3,,
5058,2390,1,57,7,17100,,,-3,,
5059,2390,1,12,4,17100,,,-3,,
5060,2390,1,1,11,17100,,,-3,,
5061,2390,1,180,6,17100,,,-3,,
5062,2390,1,15,8,17100,,,-3,,
5063,2391,1,55,2,17100,,,-3,,
5064,2392,1,188,4,17160,,,-3,,
5065,2393,1,0,2,17160,,,-3,,
5066,2393,1,49,4,17160,,,-3,,
5067,2393,1,36,7,17160,,,-3,,
5068,2394,1,67,10,17160,,,-3,,
5069,2395,1,30,8,17160,,,-3,,
5070,2395,1,6,8,17160,,,-3,,
5071,2395,1,91,11,17160,,,-3,,
5072,2396,1,4,7,17160,,,-3,,
5073,2397,1,6,4,17160,,,-3,,
5074,2397,1,190,6,17160,,,-3,,
5075,2398,1,167,10,17220,,,-3,,
5076,2399,1,0,9,17220,,,-3,,
5077,2400,1,278,4,17220,,,-3,,
5078,2401,1,34,4,17220,,,-3,,
5079,2401,1,32,11,17220,,,-3,,
5080,2402,1,9,8,17220,,,-3,,
5081,2402,1,63,5,17220,,,-3,,
5082,2403,1,4,8,17220,,,-3,,
5083,2403,1,16,9,17220,,,-3,,
5084,2403,1,48,5,17220,,,-3,,
5085,2403,1,118,10,17220,,,-3,,
5086,2403,1,24,1,17220,,,-3,,
5087,2404,1,3,4,17220,,,-3,,
5088,2404,1,38,4,17220,,,-3,,
5089,2405,1,4,7,17220,,,-3,,
5090,2406,1,23,1,17220,,,-3,,
5091,2406,1,2,9,17220,,,-3,,
5092,2406,1,299,9,17220,,,-3,,
5093,2407,1,3,7,17220,,,-3,,
5094,2407,1,295,1,17220,,,-3,,
5095,2408,1,268,10,17220,,,-3,,
5096,2408,1,259,10,17220,,,-3,,
5097,2408,1,336,6,17220,,,-3,,
5098,2409,1,118,8,17220,,,-3,,
5099,2409,1,40,6,17220,,,-3,,
5100,2409,1,32,8,17220,,,-3,,
5101,2409,1,359,8,17220,,,-3,,
5102,2409,1,2,8,17220,,,-3,,
5103,2409,1,57,6,17220,,,-3,,
5104,2409,1,42,4,17220,,,-3,,
5105,2409,1,46,2,17220,,,-3,,
5106,2410,1,124,7,17280,,,-3,,
5107,2410,1,14,10,17280,,,-3,,
5108,2410,1,126,6,17280,,,-3,,
5109,2411,1,263,4,17280,,,-3,,
5110,2412,1,274,6,17280,,,-3,,
5111,2413,1,170,4,17280,,,-3,,
5112,2413,1,14,9,17280,,,-3,,
5113,2414,1,100,12,17280,,,-3,,
5114,2414,1,32,5,17280,,,-3,,
5115,2414,1,115,10,17280,,,-3,,
5116,2414,1,104,7,17280,,,-3,,
5117,2415,1,15,9,17280,,,-3,,
5118,2416,1,252,5,17280,,,-3,,
5119,2416,1,15,4,17280,,,-3,,
5120,2416,1,77,7,17280,,,-3,,
5121,2417,1,10,10,17340,,,-3,,
5122,2417,1,14,8,17340,,,-3,,
5123,2418,1,15,7,17340,,,-3,,
5124,2418,1,26,9,17340,,,-3,,
5125,2419,1,110,4,17340,,,-3,,
5126,2419,1,283,6,17340,,,-3,,
5127,2419,1,7,4,17340,,,-3,,
5128,2419,1,62,6,17340,,,-3,,
5129,2419,1,40,12,17340,,,-3,,
5130,2419,1,3,3,17340,,,-3,,
5131,2419,1,186,5,17340,,,-3,,
5132,2420,1,343,6,17340,,,-3,,
5133,2421,1,98,10,17340,,,-3,,
5134,2421,1,105,8,17340,,,-3,,
5135,2421,1,256,6,17340,,,-3,,
5136,2421,1,165,3,17340,,,-3,,
5137,2422,1,27,8,17340,,,-3,,
5138,2422,1,38,6,17340,,,-3,,
5139,2423,1,173,5,17340,,,-3,,
5140,2424,1,130,4,17400,,,-3,,
5141,2424,1,2,6,17400,,,-3,,
5142,2425,1,119,5,17400,,,-3,,
5143,2426,1,13,8,17400,,,-3,,
5144,2426,1,339,3,17400,,,-3,,
5145,2427,1,231,4,17400,,,-3,,
5146,2427,1,169,5,17400,,,-3,,
5147,2428,1,178,10,17400,,,-3,,
5148,2428,1,144,6,17400,,,-3,,
5149,2429,1,208,10,17400,,,-3,,
5150,2430,1,13,12,17460,,,-3,,
5151,2431,1,48,2,17460,,,-3,,
5152,2432,1,16,6,17460,,,-3,,
5153,2432,1,187,4,17460,,,-3,,
5154,2433,1,0,2,17460,,,-3,,
5155,2434,1,42,9,17460,,,-3,,
5156,2434,1,165,10,17460,,,-3,,
5157,2434,1,121,10,17460,,,-3,,
5158,2434,1,0,4,17460,,,-3,,
5159,2435,1,26,6,17460,,,-3,,
5160,2435,1,14,4,17460,,,-3,,
5161,2436,1,182,10,17460,,,-3,,
5162,2436,1,1,7,17460,,,-3,,
5163,2436,1,62,4,17460,,,-3,,
5164,2437,1,40,1,17460,,,-3,,
5165,2438,1,6,6,17460,,,-3,,
5166,2439,1,54,8,17460,,,-3,,
5167,2439,1,15,4,17460,,,-3,,
5168,2439,1,12,8,17460,,,-3,,
5169,2440,1,131,8,17460,,,-3,,
5170,2440,1,45,6,17460,,,-3,,
5171,2440,1,40,9,17460,,,-3,,
5172,2441,1,318,5,17460,,,-3,,
5173,2441,1,39,11,17460,,,-3,,
5174,2441,1,211,6,17460,,,-3,,
5175,2442,1,194,2,17460,,,-3,,
5176,2442,1,81,1,17460,,,-3,,
5177,2442,1,30,6,17460,,,-3,,
5178,2443,1,1,2,17460,,,-3,,
5179,2443,1,39,8,17460,,,-3,,
5180,2444,1,295,2,17520,,,-3,,
5181,2444,1,411,2,17520,,,-3,,
5182,2445,1,107,10,17520,,,-3,,
5183,2446,1,1,10,17520,,,-3,,
5184,2447,1,4,5,17520,,,-3,,
5185,2448,1,216,10,17520,,,-3,,
5186,2449,1,17,8,17520,,,-3,,
5187,2449,1,31,5,17520,,,-3,,
5188,2449,1,7,12,17520,,,-3,,
5189,2449,1,71,6,17520,,,-3,,
5190,2450,1,166,5,17520,,,-3,,
5191,2450,1,55,8,17520,,,-3,,
5192,2450,1,25,6,17520,,,-3,,
5193,2450,1,53,4,17520,,,-3,,
5194,2450,1,83,4,17520,,,-3,,
5195,2450,1,82,2,17520,,,-3,,
5196,2451,1,9,4,17580,,,-3,,
5197,2451,1,37,6,17580,,,-3,,
5198,2452,1,174,8,17580,,,-3,,
5199,2453,1,6,6,17580,,,-3,,
5200,2454,1,136,7,17580,,,-3,,
5201,2455,1,1,3,17640,,,-3,,
5202,2456,1,186,5,17640,,,-3,,
5203,2456,1,267,4,17640,,,-3,,
5204,2457,1,3,7,17640,,,-3,,
5205,2457,1,5,10,17640,,,-3,,
5206,2458,1,0,8,17640,,,-3,,
5207,2459,1,99,10,17640,,,-3,,
5208,2460,1,1,8,17640,,,-3,,
5209,2460,1,35,11,17640,,,-3,,
5210,2460,1,246,4,17640,,,-3,,
5211,2460,1,18,1,17640,,,-3,,
5212,2460,1,54,9,17640,,,-3,,
5213,2461,1,341,5,17640,,,-3,,
5214,2461,1,133,3,17640,,,-3,,
5215,2462,1,176,7,17640,,,-3,,
5216,2463,1,7,9,17640,,,-3,,
5217,2463,1,28,12,17640,,,-3,,
5218,2463,1,110,6,17640,,,-3,,
5219,2463,1,74,3,17640,,,-3,,
5220,2464,1,38,9,17640,,,-3,,
5221,2465,1,19,2,17640,,,-3,,
5222,2466,1,7,8,17640,,,-3,,
5223,2467,1,7,5,17640,,,-3,,
5224,2468,1,43,6,17640,,,-3,,
5225,2468,1,122,9,17640,,,-3,,
5226,2468,1,141,2,17640,,,-3,,
5227,2469,1,98,6,17700,,,-3,,
5228,2469,1,15,8,17700,,,-3,,
5229,2469,1,43,4,17700,,,-3,,
5230,2470,1,27,8,17700,,,-3,,
5231,2471,1,87,6,17700,,,-3,,
5232,2471,1,209,6,17700,,,-3,,
5233,2471,1,12,4,17700,,,-3,,
5234,2472,1,64,6,17700,,,-3,,
5235,2473,1,24,2,17700,,,-3,,
5236,2473,1,85,5,17700,,,-3,,
5237,2473,1,42,10,17700,,,-3,,
5238,2474,1,51,4,17700,,,-3,,
5239,2474,1,393,10,17700,,,-3,,
5240,2474,1,111,9,17700,,,-3,,
5241,2475,1,41,6,17700,,,-3,,
5242,2476,1,105,2,17700,,,-3,,
5243,2476,1,1,8,17700,,,-3,,
5244,2476,1,178,5,17700,,,-3,,
5245,2477,1,348,6,17700,,,-3,,
5246,2478,1,88,5,17760,,,-3,,
5247,2479,1,68,2,17760,,,-3,,
5248,2480,1,415,2,17760,,,-3,,
5249,2480,1,10,10,17760,,,-3,,
5250,2481,1,437,6,17760,,,-3,,
5251,2482,1,32,10,17760,,,-3,,
5252,2483,1,443,2,17760,,,-3,,
5253,2483,1,0,4,17760,,,-3,,
5254,2484,1,462,3,17760,,,-3,,
5255,2485,1,103,9,17760,,,-3,,
5256,2486,1,40,10,17820,,,-3,,
5257,2486,1,419,9,17820,,,-3,,
5258,2487,1,142,6,17820,,,-3,,
5259,2488,1,36,12,17820,,,-3,,
5260,2488,1,21,11,17820,,,-3,,
5261,2488,1,126,6,17820,,,-3,,
5262,2488,1,365,2,17820,,,-3,,
5263,2488,1,473,2,17820,,,-3,,
5264,2488,1,4,4,17820,,,-3,,
5265,2489,1,60,5,17820,,,-3,,
5266,2490,1,23,7,17820,,,-3,,
5267,2491,1,173,2,17820,,,-3,,
5268,2492,1,175,8,17820,,,-3,,
5269,2492,1,340,3,17820,,,-3,,
5270,2493,1,32,9,17820,,,-3,,
5271,2494,1,10,8,17820,,,-3,,
5272,2494,1,13,9,17820,,,-3,,
5273,2494,1,94,4,17820,,,-3,,
5274,2495,1,61,7,17820,,,-3,,
5275,2496,1,2,5,17820,,,-3,,
5276,2497,1,104,4,17880,,,-3,,
5277,2497,1,9,4,17880,,,-3,,
5278,2497,1,13,12,17880,,,-3,,
5279,2498,1,33,10,17880,,,-3,,
5280,2499,1,5,12,17880,,,-3,,
5281,2499,1,279,6,17880,,,-3,,
5282,2499,1,142,6,17880,,,-3,,
5283,2499,1,203,4,17880,,,-3,,
5284,2499,1,8,2,17880,,,-3,,
5285,2500,1,80,6,17880,,,-3,,
5286,2501,1,4,6,17940,,,-3,,
5287,2502,1,11,12,17940,,,-3,,
5288,2503,1,10,4,17940,,,-3,,
5289,2503,1,408,5,17940,,,-3,,
5290,2503,1,442,8,17940,,,-3,,
5291,2504,1,471,5,17940,,,-3,,
5292,2504,1,164,7,17940,,,-3,,
5293,2504,1,15,8,17940,,,-3,,
5294,2504,1,0,4,17940,,,-3,,
5295,2504,1,360,8,17940,,,-3,,
5296,2504,1,6,10,17940,,,-3,,
5297,2505,1,66,8,17940,,,-3,,
5298,2505,1,12,8,17940,,,-3,,
5299,2505,1,23,6,17940,,,-3,,
5300,2506,1,20,4,17940,,,-3,,
5301,2507,1,49,7,17940,,,-3,,
5302,2508,1,36,12,17940,,,-3,,
5303,2508,1,26,4,17940,,,-3,,
5304,2509,1,57,6,17940,,,-3,,
5305,2510,1,6,1,17940,,,-3,,
5306,2510,1,191,8,17940,,,-3,,
5307,2510,1,45,2,17940,,,-3,,
5308,2511,1,129,5,18000,,,-3,,
5309,2512,1,2,4,18000,,,-3,,
5310,2513,1,114,6,18000,,,-3,,
5311,2514,1,198,10,18000,,,-3,,
5312,2515,1,0,10,18000,,,-3,,
5313,2515,1,115,10,18000,,,-3,,
5314,2515,1,6,8,18000,,,-3,,
5315,2515,1,360,4,18000,,,-3,,
5316,2515,1,458,8,18000,,,-3,,
5317,2516,1,86,4,18000,,,-3,,
5318,2516,1,42,4,18000,,,-3,,
5319,2516,1,14,9,18000,,,-3,,
5320,2517,1,36,6,18000,,,-3,,
5321,2518,1,12,8,18060,,,-3,,
5322,2519,1,200,3,18060,,,-3,,
5323,2520,1,482,3,18060,,,-3,,
5324,2521,1,306,4,18060,,,-3,,
5325,2522,1,178,2,18060,,,-3,,
5326,2522,1,76,4,18060,,,-3,,
5327,2523,1,162,3,18060,,,-3,,
5328,2523,1,19,5,18060,,,-3,,
5329,2523,1,9,6,18060,,,-3,,
5330,2524,1,140,4,18060,,,-3,,
5331,2524,1,439,10,18060,,,-3,,
5332,2525,1,143,12,18060,,,-3,,
5333,2526,1,466,7,18060,,,-3,,
5334,2527,1,49,2,18060,,,-3,,
5335,2528,1,1,6,18120,,,-3,,
5336,2528,1,85,4,18120,,,-3,,
5337,2528,1,38,11,18120,,,-3,,
5338,2528,1,175,9,18120,,,-3,,
5339,2529,1,0,3,18120,,,-3,,
5340,2529,1,79,4,18120,,,-3,,
5341,2529,1,13,5,18120,,,-3,,
5342,2529,1,4,3,18120,,,-3,,
5343,2529,1,167,8,18120,,,-3,,
5344,2529,1,21,7,18120,,,-3,,
5345,2530,1,19,6,18120,,,-3,,
5346,2530,1,126,8,18120,,,-3,,
5347,2531,1,19,6,18120,,,-3,,
5348,2531,1,59,9,18120,,,-3,,
5349,2531,1,171,6,18120,,,-3,,
5350,2532,1,10,7,18120,,,-3,,
5351,2533,1,430,6,18120,,,-3,,
5352,2533,1,8,8,18120,,,-3,,
5353,2533,1,22,10,18120,,,-3,,
5354,2533,1,235,5,18120,,,-3,,
5355,2534,1,25,6,18120,,,-3,,
5356,2535,1,487,5,18120,,,-3,,
5357,2535,1,313,4,18120,,,-3,,
5358,2535,1,59,8,18120,,,-3,,
5359,2536,1,451,7,18120,,,-3,,
5360,2536,1,41,4,18120,,,-3,,
5361,2537,1,48,4,18120,,,-3,,
5362,2538,1,40,11,18180,,,-3,,
5363,2539,1,46,3,18180,,,-3,,
5364,2539,1,29,11,18180,,,-3,,
5365,2539,1,18,5,18180,,,-3,,
5366,2540,1,318,8,18180,,,-3,,
5367,2541,1,138,7,18180,,,-3,,
5368,2542,1,114,4,18180,,,-3,,
5369,2542,1,159,8,18180,,,-3,,
5370,2543,1,9,6,18180,,,-3,,
5371,2543,1,2,2,18180,,,-3,,
5372,2544,1,82,6,18180,,,-3,,
5373,2545,1,217,2,18180,,,-3,,
5374,2545,1,24,2,18180,,,-3,,
5375,2545,1,110,8,18180,,,-3,,
5376,2545,1,427,4,18180,,,-3,,
5377,2545,1,0,9,18180,,,-3,,
5378,2546,1,448,7,18180,,,-3,,
5379,2546,1,29,5,18180,,,-3,,
5380,2547,1,155,5,18240,,,-3,,
5381,2548,1,308,10,18240,,,-3,,
5382,2548,1,403,10,18240,,,-3,,
5383,2548,1,14,7,18240,,,-3,,
5384,2548,1,149,12,18240,,,-3,,
5385,2549,1,64,11,18240,,,-3,,
5386,2550,1,116,2,18240,,,-3,,
5387,2551,1,38,8,18240,,,-3,,
5388,2551,1,29,9,18240,,,-3,,
5389,2551,1,150,8,18240,,,-3,,
5390,2551,1,77,9,18240,,,-3,,
5391,2551,1,22,6,18240,,,-3,,
5392,2552,1,49,8,18240,,,-3,,
5393,2553,1,268,4,18240,,,-3,,
5394,2554,1,95,10,18240,,,-3,,
5395,2555,1,12,1,18300,,,-3,,
5396,2556,1,381,7,18300,,,-3,,
5397,2556,1,26,12,18300,,,-3,,
5398,2556,1,382,2,18300,,,-3,,
5399,2557,1,167,12,18300,,,-3,,
5400,2558,1,64,10,18300,,,-3,,
5401,2558,1,3,3,18300,,,-3,,
5402,2559,1,185,8,18300,,,-3,,
5403,2559,1,90,3,18300,,,-3,,
5404,2560,1,218,11,18300,,,-3,,
5405,2560,1,236,2,18300,,,-3,,
5406,2561,1,8,1,18300,,,-3,,
5407,2562,1,448,9,18300,,,-3,,
5408,2563,1,11,8,18300,,,-3,,
5409,2564,1,180,6,18300,,,-3,,
5410,2564,1,0,7,18300,,,-3,,
5411,2565,1,374,10,18300,,,-3,,
5412,2566,1,424,9,18360,,,-3,,
5413,2567,1,138,12,18360,,,-3,,
5414,2567,1,172,6,18360,,,-3,,
5415,2567,1,42,2,18360,,,-3,,
5416,2567,1,68,6,18360,,,-3,,
5417,2568,1,13,8,18360,,,-3,,
5418,2569,1,5,12,18360,,,-3,,
5419,2570,1,125,3,18360,,,-3,,
5420,2571,1,370,10,18360,,,-3,,
5421,2571,1,212,3,18360,,,-3,,
5422,2571,1,15,4,18360,,,-3,,
5423,2571,1,14,7,18360,,,-3,,
5424,2571,1,38,8,18360,,,-3,,
5425,2572,1,260,2,18360,,,-3,,
5426,2572,1,208,5,18360,,,-3,,
5427,2572,1,39,5,18360,,,-3,,
5428,2573,1,48,6,18360,,,-3,,
5429,2573,1,104,6,18360,,,-3,,
5430,2574,1,5,1,18420,,,-3,,
5431,2574,1,62,3,18420,,,-3,,
5432,2575,1,107,4,18420,,,-3,,
5433,2576,1,21,2,18420,,,-3,,
5434,2576,1,106,5,18420,,,-3,,
5435,2577,1,33,1,18420,,,-3,,
5436,2578,1,42,4,18420,,,-3,,
5437,2578,1,137,9,18420,,,-3,,
5438,2579,1,4,5,18420,,,-3,,
5439,2580,1,3,9,18420,,,-3,,
5440,2580,1,220,4,18420,,,-3,,
5441,2581,1,145,3,18420,,,-3,,
5442,2581,1,11,4,18420,,,-3,,
5443,2582,1,2,6,18420,,,-3,,
5444,2582,1,352,11,18420,,,-3,,
5445,2582,1,27,6,18420,,,-3,,
5446,2583,1,3,7,18420,,,-3,,
5447,2583,1,2,8,18420,,,-3,,
5448,2584,1,6,3,18420,,,-3,,
5449,2585,1,186,8,18420,,,-3,,
5450,2586,1,107,8,18420,,,-3,,
5451,2586,1,134,11,18420,,,-3,,
5452,2587,1,40,6,18420,,,-3,,
5453,2587,1,164,2,18420,,,-3,,
5454,2588,1,75,2,18480,,,-3,,
5455,2588,1,391,6,18480,,,-3,,
5456,2588,1,145,9,18480,,,-3,,
5457,2589,1,33,9,18480,,,-3,,
5458,2589,1,456,8,18480,,,-3,,
5459,2590,1,170,3,18480,,,-3,,
5460,2591,1,19,11,18480,,,-3,,
5461,2591,1,157,12,18480,,,-3,,
5462,2591,1,20,6,18480,,,-3,,
5463,2591,1,21,6,18480,,,-3,,
5464,2592,1,9,10,18540,,,-3,,
5465,2592,1,0,3,18540,,,-3,,
5466,2593,1,43,12,18540,,,-3,,
5467,2594,1,13,8,18540,,,-3,,
5468,2594,1,16,4,18540,,,-3,,
5469,2594,1,281,8,18540,,,-3,,
5470,2594,1,33,6,18540,,,-3,,
5471,2594,1,38,3,18540,,,-3,,
5472,2595,1,318,5,18540,,,-3,,
5473,2596,1,23,8,18540,,,-3,,
5474,2597,1,184,7,18540,,,-3,,
5475,2598,1,334,10,18540,,,-3,,
5476,2599,1,7,4,18540,,,-3,,
5477,2599,1,5,8,18540,,,-3,,
5478,2600,1,122,6,18540,,,-3,,
5479,2601,1,245,8,18600,,,-3,,
5480,2602,1,2,10,18600,,,-3,,
5481,2602,1,384,7,18600,,,-3,,
5482,2603,1,220,12,18600,,,-3,,
5483,2603,1,28,7,18600,,,-3,,
5484,2604,1,21,3,18600,,,-3,,
5485,2604,1,48,3,18600,,,-3,,
5486,2605,1,24,6,18600,,,-3,,
5487,2606,1,100,6,18600,,,-3,,
5488,2607,1,48,6,18660,,,-3,,
5489,2607,1,488,4,18660,,,-3,,
5490,2607,1,286,8,18660,,,-3,,
5491,2607,1,12,4,18660,,,-3,,
5492,2607,1,2,12,18660,,,-3,,
5493,2608,1,151,6,18660,,,-3,,
5494,2609,1,94,11,18660,,,-3,,
5495,2610,1,421,4,18660,,,-3,,
5496,2610,1,371,1,18660,,,-3,,
5497,2610,1,24,10,18660,,,-3,,
5498,2611,1,1,8,18660,,,-3,,
5499,2611,1,146,1,18660,,,-3,,
5500,2612,1,91,9,18660,,,-3,,
5501,2612,1,52,4,18660,,,-3,,
5502,2612,1,65,7,18660,,,-3,,
5503,2612,1,211,8,18660,,,-3,,
5504,2613,1,33,3,18720,,,-3,,
5505,2614,1,102,3,18720,,,-3,,
5506,2614,1,49,4,18720,,,-3,,
5507,2614,1,96,9,18720,,,-3,,
5508,2614,1,97,1,18720,,,-3,,
5509,2615,1,8,7,18720,,,-3,,
5510,2615,1,0,10,18720,,,-3,,
5511,2616,1,13,8,18720,,,-3,,
5512,2616,1,117,10,18720,,,-3,,
5513,2617,1,10,2,18720,,,-3,,
5514,2617,1,287,5,18720,,,-3,,
5515,2617,1,100,2,18720,,,-3,,
5516,2618,1,255,5,18720,,,-3,,
5517,2618,1,380,6,18720,,,-3,,
5518,2618,1,174,10,18720,,,-3,,
5519,2618,1,6,2,18720,,,-3,,
5520,2619,1,11,5,18780,,,-3,,
5521,2620,1,0,6,18780,,,-3,,
5522,2620,1,437,3,18780,,,-3,,
5523,2620,1,226,6,18780,,,-3,,
5524,2621,1,8,7,18780,,,-3,,
5525,2621,1,133,2,18780,,,-3,,
5526,2622,1,17,9,18780,,,-3,,
5527,2623,1,37,12,18780,,,-3,,
5528,2624,1,8,6,18840,,,-3,,
5529,2624,1,6,4,18840,,,-3,,
5530,2625,1,54,6,18840,,,-3,,
5531,2625,1,4,8,18840,,,-3,,
5532,2626,1,20,5,18840,,,-3,,
5533,2626,1,109,4,18840,,,-3,,
5534,2627,1,21,6,18840,,,-3,,
5535,2627,1,0,10,18840,,,-3,,
5536,2628,1,231,10,18840,,,-3,,
5537,2629,1,31,3,18840,,,-3,,
5538,2630,1,22,6,18840,,,-3,,
5539,2631,1,14,5,18840,,,-3,,
5540,2632,1,24,10,18840,,,-3,,
5541,2632,1,41,4,18840,,,-3,,
5542,2633,1,81,3,18840,,,-3,,
5543,2634,1,130,12,18900,,,-3,,
5544,2634,1,8,6,18900,,,-3,,
5545,2635,1,146,7,18900,,,-3,,
5546,2635,1,26,10,18900,,,-3,,
5547,2635,1,193,12,18900,,,-3,,
5548,2635,1,12,4,18900,,,-3,,
5549,2636,1,67,8,18900,,,-3,,
5550,2636,1,129,3,18900,,,-3,,
5551,2637,1,37,8,18900,,,-3,,
5552,2638,1,186,2,18900,,,-3,,
5553,2638,1,282,10,18900,,,-3,,
5554,2638,1,25,9,18900,,,-3,,
5555,2639,1,8,2,18900,,,-3,,
5556,2639,1,145,3,18900,,,-3,,
5557,2639,1,18,6,18900,,,-3,,
5558,2640,1,185,12,18900,,,-3,,
5559,2640,1,122,7,18900,,,-3,,
5560,2640,1,0,8,18900,,,-3,,
5561,2640,1,111,1,18900,,,-3,,
5562,2641,1,0,4,18900,,,-3,,
5563,2641,1,23,10,18900,,,-3,,
5564,2642,1,25,6,18900,,,-3,,
5565,2643,1,85,4,18900,,,-3,,
5566,2644,1,68,12,18900,,,-3,,
5567,2645,1,252,5,18900,,,-3,,
5568,2645,1,5,4,18900,,,-3,,
5569,2645,1,39,4,18900,,,-3,,
5570,2646,1,71,4,18900,,,-3,,
5571,2647,1,21,2,18960,,,-3,,
5572,2647,1,55,8,18960,,,-3,,
5573,2647,1,46,10,18960,,,-3,,
5574,2648,1,0,2,18960,,,-3,,
5575,2649,1,4,7,18960,,,-3,,
5576,2650,1,308,12,18960,,,-3,,
5577,2650,1,152,4,18960,,,-3,,
5578,2650,1,68,2,18960,,,-3,,
5579,2651,1,203,6,18960,,,-3,,
5580,2652,1,88,10,18960,,,-3,,
5581,2652,1,175,7,18960,,,-3,,
5582,2652,1,25,6,18960,,,-3,,
5583,2652,1,408,7,18960,,,-3,,
5584,2653,1,20,8,18960,,,-3,,
5585,2653,1,9,6,18960,,,-3,,
5586,2654,1,37,2,19020,,,-3,,
5587,2655,1,36,8,19020,,,-3,,
5588,2655,1,43,7,19020,,,-3,,
5589,2656,1,387,11,19020,,,-3,,
5590,2657,1,121,10,19020,,,-3,,
5591,2658,1,199,10,19020,,,-3,,
5592,2658,1,14,4,19020,,,-3,,
5593,2658,1,438,10,19020,,,-3,,
5594,2658,1,2,5,19020,,,-3,,
5595,2658,1,10,4,19020,,,-3,,
5596,2659,1,342,8,19020,,,-3,,
5597,2660,1,405,10,19020,,,-3,,
5598,2660,1,3,2,19020,,,-3,,
5599,2660,1,197,11,19020,,,-3,,
5600,2661,1,24,6,19020,,,-3,,
5601,2661,1,184,6,19020,,,-3,,
5602,2661,1,0,2,19020,,,-3,,
5603,2662,1,25,6,19080,,,-3,,
5604,2662,1,22,12,19080,,,-3,,
5605,2663,1,88,4,19080,,,-3,,
5606,2664,1,354,6,19080,,,-3,,
5607,2664,1,48,1,19080,,,-3,,
5608,2664,1,1,8,19080,,,-3,,
5609,2665,1,47,8,19080,,,-3,,
5610,2666,1,163,4,19140,,,-3,,
5611,2666,1,4,8,19140,,,-3,,
5612,2667,1,272,2,19140,,,-3,,
5613,2668,1,67,8,19140,,,-3,,
5614,2668,1,61,10,19140,,,-3,,
5615,2669,1,32,9,19140,,,-3,,
5616,2670,1,226,11,19140,,,-3,,
5617,2670,1,130,6,19140,,,-3,,
5618,2670,1,27,5,19140,,,-3,,
5619,2671,1,367,7,19140,,,-3,,
5620,2671,1,4,5,19140,,,-3,,
5621,2671,1,56,2,19140,,,-3,,
5622,2671,1,48,8,19140,,,-3,,
5623,2672,1,238,10,19140,,,-3,,
5624,2672,1,208,6,19140,,,-3,,
5625,2672,1,424,5,19140,,,-3,,
5626,2673,1,236,8,19140,,,-3,,
5627,2674,1,119,9,19140,,,-3,,
5628,2675,1,136,7,19200,,,-3,,
5629,2676,1,8,10,19200,,,-3,,
5630,2676,1,173,8,19200,,,-3,,
5631,2676,1,31,10,19200,,,-3,,
5632,2677,1,73,8,19200,,,-3,,
5633,2677,1,19,9,19200,,,-3,,
5634,2678,1,70,4,19200,,,-3,,
5635,2679,1,365,10,19200,,,-3,,
5636,2680,1,2,10,19260,,,-3,,
5637,2681,1,214,7,19260,,,-3,,
5638,2681,1,172,4,19260,,,-3,,
5639,2681,1,23,8,19260,,,-3,,
5640,2681,1,198,10,19260,,,-3,,
5641,2682,1,23,4,19260,,,-3,,
5642,2683,1,23,11,19260,,,-3,,
5643,2683,1,266,11,19260,,,-3,,
5644,2684,1,36,6,19260,,,-3,,
5645,2684,1,33,10,19260,,,-3,,
5646,2684,1,39,6,19260,,,-3,,
5647,2684,1,286,6,19260,,,-3,,
5648,2684,1,170,5,19260,,,-3,,
5649,2685,1,6,10,19260,,,-3,,
5650,2686,1,9,4,19260,,,-3,,
5651,2687,1,215,11,19320,,,-3,,
5652,2687,1,8,7,19320,,,-3,,
5653,2688,1,283,8,19320,,,-3,,
5654,2688,1,499,10,19320,,,-3,,
5655,2688,1,329,6,19320,,,-3,,
5656,2688,1,145,10,19320,,,-3,,
5657,2689,1,21,10,19320,,,-3,,
5658,2689,1,8,6,19320,,,-3,,
5659,2690,1,45,8,19320,,,-3,,
5660,2690,1,235,7,19320,,,-3,,
5661,2690,1,0,10,19320,,,-3,,
5662,2691,1,28,8,19320,,,-3,,
5663,2692,1,76,5,19320,,,-3,,
5664,2693,1,37,8,19320,,,-3,,
5665,2694,1,62,4,19320,,,-3,,
5666,2694,1,143,5,19320,,,-3,,
5667,2695,1,176,2,19320,,,-3,,
5668,2695,1,39,8,19320,,,-3,,
5669,2696,1,202,8,19380,,,-3,,
5670,2697,1,116,7,19380,,,-3,,
5671,2697,1,20,4,19380,,,-3,,
5672,2698,1,38,3,19380,,,-3,,
5673,2698,1,3,7,19380,,,-3,,
5674,2698,1,357,4,19380,,,-3,,
5675,2698,1,454,11,19380,,,-3,,
5676,2699,1,8,10,19380,,,-3,,
5677,2700,1,51,2,19380,,,-3,,
5678,2701,1,182,6,19380,,,-3,,
5679,2702,1,14,5,19380,,,-3,,
5680,2702,1,32,5,19380,,,-3,,
5681,2703,1,208,4,19380,,,-3,,
5682,2703,1,318,7,19380,,,-3,,
5683,2703,1,163,6,19380,,,-3,,
5684,2703,1,8,6,19380,,,-3,,
5685,2703,1,11,10,19380,,,-3,,
5686,2703,1,187,7,19380,,,-3,,
5687,2704,1,32,8,19380,,,-3,,
5688,2705,1,2,6,19440,,,-3,,
5689,2705,1,48,7,19440,,,-3,,
5690,2705,1,261,2,19440,,,-3,,
5691,2706,1,39,2,19440,,,-3,,
5692,2707,1,355,7,19440,,,-3,,
5693,2707,1,30,8,19440,,,-3,,
5694,2707,1,63,6,19440,,,-3,,
5695,2707,1,9,2,19440,,,-3,,
5696,2708,1,146,12,19440,,,-3,,
5697,2708,1,7,10,19440,,,-3,,
5698,2708,1,1,2,19440,,,-3,,
5699,2708,1,79,4,19440,,,-3,,
5700,2708,1,340,7,19440,,,-3,,
5701,2708,1,28,8,19440,,,-3,,
5702,2709,1,345,4,19440,,,-3,,
5703,2709,1,21,1,19440,,,-3,,
5704,2709,1,124,6,19440,,,-3,,
5705,2710,1,260,2,19500,,,-3,,
5706,2711,1,200,7,19500,,,-3,,
5707,2712,1,167,2,19500,,,-3,,
5708,2712,1,41,7,19500,,,-3,,
5709,2713,1,176,7,19500,,,-3,,
5710,2714,1,62,2,19500,,,-3,,
5711,2715,1,188,5,19500,,,-3,,
5712,2715,1,3,3,19500,,,-3,,
5713,2716,1,102,3,19500,,,-3,,
5714,2716,1,48,8,19500,,,-3,,
5715,2716,1,84,11,19500,,,-3,,
5716,2716,1,10,5,19500,,,-3,,
5717,2717,1,15,8,19500,,,-3,,
5718,2717,1,3,7,19500,,,-3,,
5719,2718,1,16,6,19500,,,-3,,
5720,2719,1,99,4,19560,,,-3,,
5721,2720,1,154,4,19560,,,-3,,
5722,2721,1,8,2,19560,,,-3,,
5723,2722,1,36,6,19560,,,-3,,
5724,2723,1,247,2,19560,,,-3,,
5725,2723,1,263,3,19560,,,-3,,
5726,2724,1,240,8,19560,,,-3,,
5727,2724,1,1,6,19560,,,-3,,
5728,2724,1,47,4,19560,,,-3,,
5729,2724,1,178,6,19560,,,-3,,
5730,2724,1,44,10,19560,,,-3,,
5731,2725,1,314,4,19560,,,-3,,
5732,2726,1,5,7,19560,,,-3,,
5733,2727,1,300,2,19560,,,-3,,
5734,2727,1,235,5,19560,,,-3,,
5735,2728,1,3,4,19560,,,-3,,
5736,2728,1,14,8,19560,,,-3,,
5737,2728,1,9,7,19560,,,-3,,
5738,2728,1,371,5,19560,,,-3,,
5739,2729,1,6,12,19560,,,-3,,
5740,2730,1,36,10,19560,,,-3,,
5741,2730,1,1,8,19560,,,-3,,
5742,2730,1,31,2,19560,,,-3,,
5743,2730,1,42,6,19560,,,-3,,
5744,2730,1,196,5,19560,,,-3,,
5745,2730,1,33,7,19560,,,-3,,
5746,2731,1,122,8,19620,,,-3,,
5747,2731,1,18,12,19620,,,-3,,
5748,2732,1,99,4,19620,,,-3,,
5749,2732,1,14,6,19620,,,-3,,
5750,2732,1,167,4,19620,,,-3,,
5751,2733,1,8,5,19620,,,-3,,
5752,2734,1,190,6,19620,,,-3,,
5753,2735,1,164,4,19620,,,-3,,
5754,2736,1,20,7,19620,,,-3,,
5755,2736,1,125,3,19620,,,-3,,
5756,2736,1,32,6,19620,,,-3,,
5757,2737,1,141,5,19620,,,-3,,
5758,2738,1,48,2,19620,,,-3,,
5759,2738,1,499,7,19620,,,-3,,
5760,2738,1,0,2,19620,,,-3,,
5761,2738,1,76,2,19620,,,-3,,
5762,2739,1,36,5,19620,,,-3,,
5763,2740,1,1,4,19680,,,-3,,
5764,2740,1,49,8,19680,,,-3,,
5765,2740,1,42,5,19680,,,-3,,
5766,2741,1,1,8,19680,,,-3,,
5767,2741,1,72,4,19680,,,-3,,
5768,2742,1,72,8,19680,,,-3,,
5769,2742,1,201,5,19680,,,-3,,
5770,2743,1,152,3,19680,,,-3,,
5771,2743,1,246,5,19680,,,-3,,
5772,2744,1,71,6,19680,,,-3,,
5773,2744,1,493,1,19680,,,-3,,
5774,2744,1,21,2,19680,,,-3,,
5775,2744,1,89,8,19680,,,-3,,
5776,2744,1,1,1,19680,,,-3,,
5777,2745,1,75,8,19680,,,-3,,
5778,2746,1,31,12,19680,,,-3,,
5779,2747,1,208,4,19740,,,-3,,
5780,2748,1,312,8,19740,,,-3,,
5781,2749,1,11,10,19740,,,-3,,
5782,2750,1,109,6,19740,,,-3,,
5783,2750,1,98,6,19740,,,-3,,
5784,2750,1,89,1,19740,,,-3,,
5785,2751,1,16,4,19740,,,-3,,
5786,2752,1,110,6,19740,,,-3,,
5787,2753,1,42,11,19740,,,-3,,
5788,2753,1,33,8,19740,,,-3,,
5789,2753,1,496,5,19740,,,-3,,
5790,2753,1,260,5,19740,,,-3,,
5791,2753,1,54,9,19740,,,-3,,
5792,2753,1,113,6,19740,,,-3,,
5793,2753,1,23,3,19740,,,-3,,
5794,2753,1,1,8,19740,,,-3,,
5795,2754,1,369,8,19740,,,-3,,
5796,2754,1,3,10,19740,,,-3,,
5797,2754,1,97,3,19740,,,-3,,
5798,2754,1,82,6,19740,,,-3,,
5799,2755,1,272,5,19740,,,-3,,
5800,2756,1,2,12,19740,,,-3,,
5801,2757,1,5,6,19800,,,-3,,
5802,2757,1,488,11,19800,,,-3,,
5803,2757,1,212,8,19800,,,-3,,
5804,2757,1,491,4,19800,,,-3,,
5805,2758,1,5,10,19800,,,-3,,
5806,2759,1,118,11,19800,,,-3,,
5807,2760,1,78,2,19800,,,-3,,
5808,2761,1,259,6,19800,,,-3,,
5809,2762,1,1,8,19800,,,-3,,
5810,2762,1,21,8,19800,,,-3,,
5811,2763,1,226,8,19800,,,-3,,
5812,2763,1,28,10,19800,,,-3,,
5813,2764,1,468,9,19800,,,-3,,
5814,2764,1,276,8,19800,,,-3,,
5815,2765,1,2,9,19860,,,-3,,
5816,2766,1,120,9,19860,,,-3,,
5817,2766,1,12,6,19860,,,-3,,
5818,2767,1,16,4,19860,,,-3,,
5819,2767,1,15,9,19860,,,-3,,
5820,2767,1,2,8,19860,,,-3,,
5821,2768,1,64,8,19860,,,-3,,
5822,2768,1,68,4,19860,,,-3,,
5823,2769,1,48,2,19860,,,-3,,
5824,2770,1,385,2,19860,,,-3,,
5825,2771,1,22,10,19860,,,-3,,
5826,2771,1,265,7,19860,,,-3,,
5827,2771,1,35,7,19860,,,-3,,
5828,2772,1,43,4,19860,,,-3,,
5829,2773,1,0,6,19860,,,-3,,
5830,2774,1,76,4,19920,,,-3,,
5831,2774,1,272,10,19920,,,-3,,
5832,2775,1,41,7,19920,,,-3,,
5833,2776,1,4,8,19920,,,-3,,
5834,2777,1,430,7,19920,,,-3,,
5835,2777,1,31,4,19920,,,-3,,
5836,2777,1,86,7,19920,,,-3,,
5837,2778,1,178,10,19920,,,-3,,
5838,2778,1,205,3,19920,,,-3,,
5839,2779,1,55,4,19920,,,-3,,
5840,2779,1,315,3,19920,,,-3,,
5841,2780,1,81,10,19920,,,-3,,
5842,2781,1,141,4,19920,,,-3,,
5843,2781,1,23,7,19920,,,-3,,
5844,2782,1,72,9,19920,,,-3,,
5845,2783,1,41,7,19980,,,-3,,
5846,2784,1,34,6,19980,,,-3,,
5847,2785,1,426,4,19980,,,-3,,
5848,2785,1,8,9,19980,,,-3,,
5849,2786,1,11,11,19980,,,-3,,
5850,2787,1,3,11,19980,,,-3,,
5851,2787,1,136,4,19980,,,-3,,
5852,2788,1,142,4,19980,,,-3,,
5853,2789,1,22,9,19980,,,-3,,
5854,2790,1,34,6,19980,,,-3,,
5855,2790,1,47,6,19980,,,-3,,
5856,2790,1,26,12,19980,,,-3,,
5857,2790,1,0,5,19980,,,-3,,
5858,2790,1,341,6,19980,,,-3,,
5859,2790,1,465,7,19980,,,-3,,
5860,2790,1,478,4,19980,,,-3,,
5861,2791,1,344,7,20040,,,-3,,
5862,2791,1,43,9,20040,,,-3,,
5863,2791,1,159,3,20040,,,-3,,
5864,2792,1,224,10,20040,,,-3,,
5865,2793,1,41,8,20040,,,-3,,
5866,2793,1,175,10,20040,,,-3,,
5867,2793,1,11,3,20040,,,-3,,
5868,2794,1,101,4,20040,,,-3,,
5869,2794,1,31,3,20040,,,-3,,
5870,2794,1,287,8,20040,,,-3,,
5871,2795,1,1,7,20040,,,-3,,
5872,2796,1,43,7,20040,,,-3,,
5873,2796,1,1,2,20040,,,-3,,
5874,2797,1,60,5,20040,,,-3,,
5875,2797,1,63,3,20040,,,-3,,
5876,2797,1,8,1,20040,,,-3,,
5877,2797,1,26,7,20040,,,-3,,
5878,2798,1,438,4,20040,,,-3,,
5879,2799,1,1,10,20040,,,-3,,
5880,2799,1,70,5,20040,,,-3,,
5881,2799,1,315,9,20040,,,-3,,
5882,2800,1,160,5,20040,,,-3,,
5883,2801,1,29,8,20100,,,-3,,
5884,2801,1,383,1,20100,,,-3,,
5885,2801,1,3,12,20100,,,-3,,
5886,2802,1,47,6,20100,,,-3,,
5887,2802,1,69,5,20100,,,-3,,
5888,2802,1,249,8,20100,,,-3,,
5889,2803,1,35,3,20100,,,-3,,
5890,2803,1,476,9,20100,,,-3,,
5891,2803,1,125,2,20100,,,-3,,
5892,2804,1,188,2,20100,,,-3,,
5893,2804,1,21,6,20100,,,-3,,
5894,2804,1,3,11,20100,,,-3,,
5895,2805,1,82,8,20100,,,-3,,
5896,2805,1,6,8,20100,,,-3,,
5897,2805,1,187,9,20100,,,-3,,
5898,2805,1,31,10,20100,,,-3,,
5899,2806,1,15,5,20100,,,-3,,
5900,2807,1,114,8,20160,,,-3,,
5901,2808,1,13,6,20160,,,-3,,
5902,2809,1,51,3,20160,,,-3,,
5903,2810,1,5,2,20160,,,-3,,
5904,2810,1,487,11,20160,,,-3,,
5905,2810,1,132,4,20160,,,-3,,
5906,2811,1,86,8,20160,,,-3,,
5907,2812,1,35,5,20160,,,-3,,
5908,2813,1,3,9,20160,,,-3,,
5909,2813,1,24,3,20160,,,-3,,
5910,2814,1,44,6,20160,,,-3,,
5911,2814,1,43,10,20160,,,-3,,
5912,2815,1,180,7,20160,,,-3,,
5913,2815,1,269,8,20160,,,-3,,
5914,2816,1,472,4,20220,,,-3,,
5915,2816,1,301,8,20220,,,-3,,
5916,2816,1,36,10,20220,,,-3,,
5917,2817,1,160,5,20220,,,-3,,
5918,2818,1,242,6,20220,,,-3,,
5919,2819,1,149,4,20280,,,-3,,
5920,2820,1,90,10,20280,,,-3,,
5921,2820,1,57,8,20280,,,-3,,
5922,2821,1,34,1,20280,,,-3,,
5923,2821,1,97,8,20280,,,-3,,
5924,2821,1,331,2,20280,,,-3,,
5925,2822,1,10,2,20280,,,-3,,
5926,2823,1,87,12,20280,,,-3,,
5927,2823,1,15,8,20280,,,-3,,
5928,2824,1,9,8,20280,,,-3,,
5929,2824,1,12,8,20280,,,-3,,
5930,2824,1,49,2,20280,,,-3,,
5931,2824,1,136,7,20280,,,-3,,
5932,2825,1,58,6,20280,,,-3,,
5933,2826,1,9,2,20280,,,-3,,
5934,2826,1,43,6,20280,,,-3,,
5935,2827,1,49,8,20280,,,-3,,
5936,2828,1,413,5,20340,,,-3,,
5937,2829,1,262,1,20340,,,-3,,
5938,2830,1,1,5,20340,,,-3,,
5939,2830,1,46,3,20340,,,-3,,
5940,2831,1,32,4,20340,,,-3,,
5941,2832,1,200,5,20340,,,-3,,
5942,2832,1,65,11,20340,,,-3,,
5943,2833,1,434,6,20340,,,-3,,
5944,2833,1,115,5,20340,,,-3,,
5945,2834,1,116,6,20340,,,-3,,
5946,2835,1,34,7,20340,,,-3,,
5947,2836,1,142,7,20340,,,-3,,
5948,2836,1,428,10,20340,,,-3,,
5949,2836,1,2,10,20340,,,-3,,
5950,2837,1,75,5,20340,,,-3,,
5951,2838,1,189,9,20400,,,-3,,
5952,2839,1,253,10,20400,,,-3,,
5953,2840,1,265,6,20400,,,-3,,
5954,2841,1,168,12,20400,,,-3,,
5955,2841,1,6,4,20400,,,-3,,
5956,2842,1,198,11,20400,,,-3,,
5957,2843,1,110,7,20400,,,-3,,
5958,2844,1,470,7,20400,,,-3,,
5959,2844,1,11,6,20400,,,-3,,
5960,2845,1,185,7,20400,,,-3,,
5961,2846,1,444,4,20400,,,-3,,
5962,2846,1,12,11,20400,,,-3,,
5963,2846,1,327,4,20400,,,-3,,
5964,2847,1,107,8,20400,,,-3,,
5965,2848,1,8,6,20400,,,-3,,
5966,2848,1,22,6,20400,,,-3,,
5967,2849,1,49,4,20460,,,-3,,
5968,2850,1,37,10,20460,,,-3,,
5969,2851,1,18,8,20460,,,-3,,
5970,2851,1,12,6,20460,,,-3,,
5971,2851,1,451,6,20460,,,-3,,
5972,2851,1,33,8,20460,,,-3,,
5973,2851,1,48,8,20460,,,-3,,
5974,2852,1,159,2,20460,,,-3,,
5975,2852,1,25,12,20460,,,-3,,
5976,2853,1,3,5,20460,,,-3,,
5977,2853,1,43,4,20460,,,-3,,
5978,2854,1,103,12,20460,,,-3,,
5979,2854,1,84,8,20460,,,-3,,
5980,2855,1,105,8,20460,,,-3,,
5981,2855,1,38,10,20460,,,-3,,
5982,2856,1,36,10,20460,,,-3,,
5983,2857,1,305,7,20520,,,-3,,
5984,2857,1,3,8,20520,,,-3,,
5985,2857,1,4,8,20520,,,-3,,
5986,2858,1,479,4,20520,,,-3,,
5987,2858,1,37,8,20520,,,-3,,
5988,2858,1,337,4,20520,,,-3,,
5989,2859,1,164,3,20520,,,-3,,
5990,2860,1,180,11,20520,,,-3,,
5991,2860,1,7,2,20520,,,-3,,
5992,2861,1,438,4,20520,,,-3,,
5993,2861,1,23,2,20520,,,-3,,
5994,2861,1,54,1,20520,,,-3,,
5995,2862,1,3,12,20520,,,-3,,
5996,2863,1,20,5,20580,,,-3,,
5997,2864,1,36,6,20580,,,-3,,
5998,2865,1,1,5,20580,,,-3,,
5999,2865,1,42,7,20580,,,-3,,
6000,2865,1,26,11,20580,,,-3,,
6001,2865,1,13,11,20580,,,-3,,
6002,2866,1,395,7,20580,,,-3,,
6003,2867,1,399,2,20580,,,-3,,
6004,2867,1,49,4,20580,,,-3,,
6005,2868,1,12,4,20580,,,-3,,
6006,2869,1,46,10,20580,,,-3,,
6007,2870,1,240,6,20580,,,-3,,
6008,2871,1,118,12,20640,,,-3,,
6009,2872,1,27,10,20640,,,-3,,
6010,2872,1,12,8,20640,,,-3,,
6011,2873,1,46,7,20640,,,-3,,
6012,2874,1,5,10,20640,,,-3,,
6013,2875,1,405,2,20640,,,-3,,
6014,2876,1,50,8,20640,,,-3,,
6015,2877,1,45,9,20700,,,-3,,
6016,2877,1,448,8,20700,,,-3,,
6017,2878,1,21,12,20700,,,-3,,
6018,2879,1,142,7,20700,,,-3,,
6019,2880,1,103,6,20700,,,-3,,
6020,2881,1,149,8,20700,,,-3,,
6021,2882,1,39,7,20700,,,-3,,
6022,2883,1,16,5,20760,,,-3,,
6023,2883,1,43,7,20760,,,-3,,
6024,2883,1,38,8,20760,,,-3,,
6025,2883,1,8,8,20760,,,-3,,
6026,2883,1,10,5,20760,,,-3,,
6027,2883,1,14,7,20760,,,-3,,
6028,2883,1,29,10,20760,,,-3,,
6029,2883,1,97,4,20760,,,-3,,
6030,2883,1,41,10,20760,,,-3,,
6031,2884,1,4,2,20760,,,-3,,
6032,2884,1,432,2,20760,,,-3,,
6033,2884,1,66,8,20760,,,-3,,
6034,2884,1,172,10,20760,,,-3,,
6035,2885,1,16,7,20760,,,-3,,
6036,2885,1,63,8,20760,,,-3,,
6037,2885,1,58,12,20760,,,-3,,
6038,2885,1,218,5,20760,,,-3,,
6039,2886,1,35,5,20760,,,-3,,
6040,2887,1,1,4,20760,,,-3,,
6041,2887,1,17,9,20760,,,-3,,
6042,2888,1,171,7,20760,,,-3,,
6043,2888,1,11,2,20760,,,-3,,
6044,2889,1,78,10,20760,,,-3,,
6045,2889,1,168,9,20760,,,-3,,
6046,2889,1,230,6,20760,,,-3,,
6047,2890,1,321,10,20760,,,-3,,
6048,2890,1,11,2,20760,,,-3,,
6049,2890,1,149,4,20760,,,-3,,
6050,2891,1,3,8,20820,,,-3,,
6051,2891,1,1,4,20820,,,-3,,
6052,2892,1,233,9,20820,,,-3,,
6053,2893,1,75,6,20820,,,-3,,
6054,2893,1,5,9,20820,,,-3,,
6055,2893,1,6,10,20820,,,-3,,
6056,2893,1,26,8,20820,,,-3,,
6057,2894,1,52,10,20820,,,-3,,
6058,2895,1,21,9,20820,,,-3,,
6059,2896,1,36,4,20820,,,-3,,
6060,2896,1,167,8,20820,,,-3,,
6061,2896,1,436,2,20820,,,-3,,
6062,2897,1,297,8,20820,,,-3,,
6063,2897,1,26,10,20820,,,-3,,
6064,2898,1,363,6,20820,,,-3,,
6065,2898,1,83,6,20820,,,-3,,
6066,2899,1,207,8,20820,,,-3,,
6067,2899,1,7,8,20820,,,-3,,
6068,2899,1,182,10,20820,,,-3,,
6069,2900,1,48,6,20880,,,-3,,
6070,2901,1,152,3,20880,,,-3,,
6071,2902,1,123,6,20880,,,-3,,
6072,2903,1,149,11,20880,,,-3,,
6073,2904,1,39,8,20880,,,-3,,
6074,2904,1,5,8,20880,,,-3,,
6075,2904,1,17,6,20880,,,-3,,
6076,2905,1,12,10,20880,,,-3,,
6077,2905,1,435,6,20880,,,-3,,
6078,2905,1,1,7,20880,,,-3,,
6079,2906,1,447,8,20880,,,-3,,
6080,2907,1,6,4,20880,,,-3,,
6081,2907,1,9,4,20880,,,-3,,
6082,2907,1,60,4,20880,,,-3,,
6083,2907,1,25,6,20880,,,-3,,
6084,2907,1,43,8,20880,,,-3,,
6085,2907,1,100,10,20880,,,-3,,
6086,2907,1,28,10,20880,,,-3,,
6087,2908,1,373,10,20880,,,-3,,
6088,2908,1,18,9,20880,,,-3,,
6089,2909,1,15,8,20880,,,-3,,
6090,2909,1,81,10,20880,,,-3,,
6091,2909,1,322,11,20880,,,-3,,
6092,2910,1,381,11,20940,,,-3,,
6093,2911,1,18,10,20940,,,-3,,
6094,2912,1,1,1,20940,,,-3,,
6095,2912,1,83,3,20940,,,-3,,
6096,2913,1,305,10,20940,,,-3,,
6097,2914,1,3,4,20940,,,-3,,
6098,2914,1,10,7,20940,,,-3,,
6099,2914,1,202,2,20940,,,-3,,
6100,2915,1,81,9,20940,,,-3,,
6101,2916,1,21,6,20940,,,-3,,
6102,2916,1,53,8,20940,,,-3,,
6103,2916,1,23,12,20940,,,-3,,
6104,2917,1,121,4,21000,,,-3,,
6105,2917,1,39,11,21000,,,-3,,
6106,2918,1,3,7,21000,,,-3,,
6107,2919,1,29,5,21000,,,-3,,
6108,2920,1,42,6,21000,,,-3,,
6109,2920,1,33,8,21000,,,-3,,
6110,2920,1,32,3,21000,,,-3,,
6111,2921,1,301,7,21000,,,-3,,
6112,2922,1,38,9,21000,,,-3,,
6113,2922,1,44,9,21000,,,-3,,
6114,2923,1,103,2,21000,,,-3,,
6115,2923,1,10,2,21000,,,-3,,
6116,2924,1,31,8,21000,,,-3,,
6117,2925,1,8,8,21000,,,-3,,
6118,2926,1,10,2,21000,,,-3,,
6119,2927,1,3,6,21060,,,-3,,
6120,2928,1,104,2,21060,,,-3,,
6121,2929,1,83,2,21060,,,-3,,
6122,2929,1,20,8,21060,,,-3,,
6123,2929,1,13,3,21060,,,-3,,
6124,2929,1,3,7,21060,,,-3,,
6125,2929,1,35,4,21060,,,-3,,
6126,2930,1,42,2,21060,,,-3,,
6127,2931,1,0,6,21060,,,-3,,
6128,2931,1,9,8,21060,,,-3,,
6129,2931,1,302,10,21060,,,-3,,
6130,2931,1,314,6,21060,,,-3,,
6131,2931,1,68,3,21060,,,-3,,
6132,2931,1,63,3,21060,,,-3,,
6133,2932,1,14,8,21060,,,-3,,
6134,2933,1,33,8,21060,,,-3,,
6135,2934,1,75,7,21060,,,-3,,
6136,2935,1,4,9,21060,,,-3,,
6137,2936,1,9,4,21060,,,-3,,
6138,2937,1,133,8,21060,,,-3,,
6139,2937,1,43,8,21060,,,-3,,
6140,2937,1,400,8,21060,,,-3,,
6141,2937,1,68,2,21060,,,-3,,
6142,2937,1,1,4,21060,,,-3,,
6143,2938,1,139,4,21120,,,-3,,
6144,2939,1,32,4,21120,,,-3,,
6145,2939,1,7,9,21120,,,-3,,
6146,2939,1,0,4,21120,,,-3,,
6147,2939,1,126,4,21120,,,-3,,
6148,2940,1,13,10,21120,,,-3,,
6149,2941,1,51,6,21120,,,-3,,
6150,2942,1,380,7,21120,,,-3,,
6151,2943,1,198,5,21120,,,-3,,
6152,2944,1,191,12,21120,,,-3,,
6153,2945,1,215,4,21120,,,-3,,
6154,2946,1,8,10,21180,,,-3,,
6155,2946,1,44,4,21180,,,-3,,
6156,2946,1,34,3,21180,,,-3,,
6157,2946,1,13,2,21180,,,-3,,
6158,2946,1,39,5,21180,,,-3,,
6159,2946,1,480,6,21180,,,-3,,
6160,2946,1,105,6,21180,,,-3,,
6161,2946,1,4,4,21180,,,-3,,
6162,2946,1,69,7,21180,,,-3,,
6163,2946,1,359,4,21180,,,-3,,
6164,2947,1,37,3,21180,,,-3,,
6165,2948,1,9,6,21180,,,-3,,
6166,2949,1,455,10,21180,,,-3,,
6167,2950,1,23,8,21180,,,-3,,
6168,2950,1,210,4,21180,,,-3,,
6169,2951,1,8,10,21180,,,-3,,
6170,2951,1,127,12,21180,,,-3,,
6171,2951,1,37,12,21180,,,-3,,
6172,2951,1,451,8,21180,,,-3,,
6173,2951,1,47,9,21180,,,-3,,
6174,2951,1,5,10,21180,,,-3,,
6175,2951,1,9,12,21180,,,-3,,
6176,2951,1,234,3,21180,,,-3,,
6177,2952,1,27,5,21180,,,-3,,
6178,2953,1,55,2,21180,,,-3,,
6179,2954,1,169,8,21180,,,-3,,
6180,2954,1,30,7,21180,,,-3,,
6181,2955,1,35,2,21180,,,-3,,
6182,2955,1,4,4,21180,,,-3,,
6183,2956,1,20,10,21180,,,-3,,
6184,2957,1,111,5,21180,,,-3,,
6185,2958,1,115,9,21180,,,-3,,
6186,2958,1,38,5,21180,,,-3,,
6187,2958,1,13,2,21180,,,-3,,
6188,2958,1,90,7,21180,,,-3,,
6189,2958,1,21,8,21180,,,-3,,
6190,2958,1,91,8,21180,,,-3,,
6191,2959,1,34,5,21180,,,-3,,
6192,2960,1,38,4,21180,,,-3,,
6193,2961,1,11,10,21180,,,-3,,
6194,2961,1,31,5,21180,,,-3,,
6195,2962,1,188,8,21180,,,-3,,
6196,2962,1,163,6,21180,,,-3,,
6197,2963,1,9,6,21240,,,-3,,
6198,2964,1,0,4,21240,,,-3,,
6199,2964,1,423,10,21240,,,-3,,
6200,2965,1,41,9,21240,,,-3,,
6201,2966,1,146,2,21240,,,-3,,
6202,2967,1,85,6,21240,,,-3,,
6203,2968,1,22,8,21240,,,-3,,
6204,2968,1,19,6,21240,,,-3,,
6205,2969,1,217,5,21240,,,-3,,
6206,2970,1,26,8,21240,,,-3,,
6207,2971,1,71,6,21240,,,-3,,
6208,2971,1,64,8,21240,,,-3,,
6209,2972,1,23,6,21240,,,-3,,
6210,2973,1,151,2,21240,,,-3,,
6211,2974,1,440,8,21240,,,-3,,
6212,2975,1,67,10,21240,,,-3,,
6213,2976,1,17,6,21240,,,-3,,
6214,2976,1,34,6,21240,,,-3,,
6215,2976,1,22,5,21240,,,-3,,
6216,2977,1,391,7,21300,,,-3,,
6217,2978,1,92,9,21300,,,-3,,
6218,2978,1,4,4,21300,,,-3,,
6219,2979,1,383,10,21300,,,-3,,
6220,2979,1,2,8,21300,,,-3,,
6221,2979,1,462,8,21300,,,-3,,
6222,2979,1,342,5,21300,,,-3,,
6223,2979,1,78,5,21300,,,-3,,
6224,2979,1,326,2,21300,,,-3,,
6225,2979,1,468,5,21300,,,-3,,
6226,2979,1,329,6,21300,,,-3,,
6227,2980,1,34,5,21300,,,-3,,
6228,2981,1,8,7,21300,,,-3,,
6229,2981,1,35,11,21300,,,-3,,
6230,2982,1,126,4,21300,,,-3,,
6231,2982,1,148,6,21300,,,-3,,
6232,2983,1,40,9,21300,,,-3,,
6233,2984,1,55,7,21300,,,-3,,
6234,2985,1,82,12,21300,,,-3,,
6235,2986,1,30,6,21300,,,-3,,
6236,2987,1,102,6,21300,,,-3,,
6237,2987,1,320,3,21300,,,-3,,
6238,2988,1,206,2,21360,,,-3,,
6239,2989,1,157,6,21360,,,-3,,
6240,2990,1,216,10,21360,,,-3,,
6241,2991,1,103,12,21360,,,-3,,
6242,2991,1,4,7,21360,,,-3,,
6243,2991,1,12,4,21360,,,-3,,
6244,2992,1,22,6,21360,,,-3,,
6245,2992,1,195,6,21360,,,-3,,
6246,2993,1,275,1,21360,,,-3,,
6247,2994,1,45,6,21360,,,-3,,
6248,2995,1,154,4,21420,,,-3,,
6249,2995,1,144,1,21420,,,-3,,
6250,2995,1,155,10,21420,,,-3,,
6251,2995,1,12,8,21420,,,-3,,
6252,2995,1,37,1,21420,,,-3,,
6253,2995,1,45,8,21420,,,-3,,
6254,2995,1,237,5,21420,,,-3,,
6255,2996,1,44,2,21420,,,-3,,
6256,2997,1,14,3,21420,,,-3,,
6257,2998,1,11,6,21420,,,-3,,
6258,2999,1,33,7,21420,,,-3,,
6259,2999,1,43,6,21420,,,-3,,
6260,3000,1,9,2,21480,,,-3,,
6261,3000,1,21,5,21480,,,-3,,
6262,3001,1,30,8,21480,,,-3,,
6263,3001,1,215,6,21480,,,-3,,
6264,3002,1,62,2,21480,,,-3,,
6265,3003,1,169,9,21480,,,-3,,
6266,3004,1,20,6,21480,,,-3,,
6267,3005,1,36,4,21480,,,-3,,
6268,3005,1,7,8,21480,,,-3,,
6269,3005,1,32,12,21480,,,-3,,
6270,3005,1,293,6,21480,,,-3,,
6271,3005,1,11,6,21480,,,-3,,
6272,3006,1,473,10,21480,,,-3,,
6273,3006,1,18,6,21480,,,-3,,
6274,3007,1,61,6,21480,,,-3,,
6275,3007,1,7,10,21480,,,-3,,
6276,3007,1,86,11,21480,,,-3,,
6277,3007,1,46,3,21480,,,-3,,
6278,3008,1,104,8,21480,,,-3,,
6279,3009,1,13,8,21480,,,-3,,
6280,3009,1,30,4,21480,,,-3,,
6281,3010,1,342,6,21480,,,-3,,
6282,3010,1,35,2,21480,,,-3,,
6283,3010,1,359,4,21480,,,-3,,
6284,3011,1,106,5,21480,,,-3,,
6285,3012,1,41,11,21480,,,-3,,
6286,3013,1,39,8,21480,,,-3,,
6287,3013,1,400,8,21480,,,-3,,
6288,3014,1,0,5,21480,,,-3,,
6289,3015,1,36,2,21540,,,-3,,
6290,3016,1,9,8,21540,,,-3,,
6291,3017,1,86,4,21540,,,-3,,
6292,3018,1,240,2,21540,,,-3,,
6293,3018,1,28,3,21540,,,-3,,
6294,3018,1,394,3,21540,,,-3,,
6295,3018,1,37,9,21540,,,-3,,
6296,3018,1,92,9,21540,,,-3,,
6297,3018,1,21,6,21540,,,-3,,
6298,3018,1,446,9,21540,,,-3,,
6299,3018,1,38,6,21540,,,-3,,
6300,3019,1,41,9,21540,,,-3,,
6301,3020,1,29,6,21540,,,-3,,
6302,3020,1,2,8,21540,,,-3,,
6303,3020,1,3,8,21540,,,-3,,
6304,3021,1,2,5,21540,,,-3,,
6305,3021,1,31,4,21540,,,-3,,
6306,3022,1,304,10,21540,,,-3,,
6307,3022,1,0,2,21540,,,-3,,
6308,3022,1,3,7,21540,,,-3,,
6309,3023,1,8,11,21540,,,-3,,
6310,3024,1,316,4,21540,,,-3,,
6311,3025,1,116,8,21600,,,-3,,
6312,3025,1,403,11,21600,,,-3,,
6313,3026,1,30,4,21600,,,-3,,
6314,3027,1,12,6,21600,,,-3,,
6315,3027,1,9,8,21600,,,-3,,
6316,3027,1,358,1,21600,,,-3,,
6317,3027,1,136,6,21600,,,-3,,
6318,3028,1,48,10,21600,,,-3,,
6319,3029,1,0,12,21660,,,-3,,
6320,3029,1,5,8,21660,,,-3,,
6321,3030,1,49,7,21660,,,-3,,
6322,3030,1,2,7,21660,,,-3,,
6323,3030,1,19,6,21660,,,-3,,
6324,3031,1,8,8,21660,,,-3,,
6325,3031,1,104,3,21660,,,-3,,
6326,3031,1,163,9,21660,,,-3,,
6327,3031,1,478,10,21660,,,-3,,
6328,3031,1,12,4,21660,,,-3,,
6329,3031,1,113,6,21660,,,-3,,
6330,3031,1,52,7,21660,,,-3,,
6331,3031,1,74,10,21660,,,-3,,
6332,3032,1,11,2,21660,,,-3,,
6333,3033,1,109,6,21660,,,-3,,
6334,3034,1,64,6,21660,,,-3,,
6335,3034,1,53,8,21660,,,-3,,
6336,3034,1,25,6,21660,,,-3,,
6337,3035,1,236,6,21660,,,-3,,
6338,3036,1,71,2,21660,,,-3,,
6339,3037,1,18,10,21660,,,-3,,
6340,3038,1,35,8,21660,,,-3,,
6341,3039,1,225,6,21660,,,-3,,
6342,3040,1,58,2,21660,,,-3,,
6343,3040,1,4,6,21660,,,-3,,
6344,3040,1,181,8,21660,,,-3,,
6345,3040,1,7,5,21660,,,-3,,
6346,3040,1,5,9,21660,,,-3,,
6347,3041,1,39,2,21660,,,-3,,
6348,3042,1,180,9,21660,,,-3,,
6349,3043,1,1,12,21720,,,-3,,
6350,3044,1,441,6,21720,,,-3,,
6351,3044,1,491,9,21720,,,-3,,
6352,3044,1,3,8,21720,,,-3,,
6353,3044,1,5,2,21720,,,-3,,
6354,3044,1,367,10,21720,,,-3,,
6355,3045,1,38,8,21780,,,-3,,
6356,3046,1,3,4,21780,,,-3,,
6357,3047,1,19,5,21780,,,-3,,
6358,3047,1,38,2,21780,,,-3,,
6359,3048,1,332,6,21780,,,-3,,
6360,3049,1,40,8,21780,,,-3,,
6361,3049,1,163,8,21780,,,-3,,
6362,3050,1,16,8,21840,,,-3,,
6363,3050,1,29,8,21840,,,-3,,
6364,3050,1,4,3,21840,,,-3,,
6365,3051,1,63,5,21840,,,-3,,
6366,3052,1,116,1,21840,,,-3,,
6367,3053,1,127,5,21840,,,-3,,
6368,3053,1,26,5,21840,,,-3,,
6369,3054,1,41,3,21840,,,-3,,
6370,3055,1,52,6,21840,,,-3,,
6371,3055,1,271,12,21840,,,-3,,
6372,3056,1,4,4,21840,,,-3,,
6373,3056,1,188,4,21840,,,-3,,
6374,3057,1,440,3,21840,,,-3,,
6375,3057,1,88,6,21840,,,-3,,
6376,3058,1,96,4,21840,,,-3,,
6377,3059,1,97,7,21900,,,-3,,
6378,3060,1,371,4,21900,,,-3,,
6379,3060,1,122,5,21900,,,-3,,
6380,3060,1,143,10,21900,,,-3,,
6381,3061,1,12,10,21900,,,-3,,
6382,3062,1,21,2,21900,,,-3,,
6383,3062,1,325,10,21900,,,-3,,
6384,3062,1,62,8,21900,,,-3,,
6385,3063,1,41,7,21900,,,-3,,
6386,3064,1,33,8,21900,,,-3,,
6387,3064,1,209,4,21900,,,-3,,
6388,3065,1,22,3,21900,,,-3,,
6389,3066,1,447,6,21900,,,-3,,
6390,3066,1,33,8,21900,,,-3,,
6391,3066,1,92,8,21900,,,-3,,
6392,3066,1,7,4,21900,,,-3,,
6393,3067,1,192,12,21900,,,-3,,
6394,3068,1,297,8,21960,,,-3,,
6395,3069,1,245,4,21960,,,-3,,
6396,3070,1,4,12,21960,,,-3,,
6397,3070,1,138,3,21960,,,-3,,
6398,3070,1,132,5,21960,,,-3,,
6399,3071,1,12,12,21960,,,-3,,
6400,3072,1,16,5,21960,,,-3,,
6401,3073,1,19,11,21960,,,-3,,
6402,3073,1,48,8,21960,,,-3,,
6403,3073,1,37,10,21960,,,-3,,
6404,3073,1,12,8,21960,,,-3,,
6405,3073,1,3,6,21960,,,-3,,
6406,3074,1,82,12,21960,,,-3,,
6407,3075,1,41,12,21960,,,-3,,
6408,3076,1,427,5,21960,,,-3,,
6409,3077,1,10,10,21960,,,-3,,
6410,3078,1,46,6,22020,,,-3,,
6411,3079,1,36,7,22020,,,-3,,
6412,3080,1,119,4,22020,,,-3,,
6413,3080,1,28,10,22020,,,-3,,
6414,3080,1,171,6,22020,,,-3,,
6415,3081,1,415,6,22020,,,-3,,
6416,3082,1,87,6,22020,,,-3,,
6417,3083,1,23,5,22080,,,-3,,
6418,3084,1,158,4,22080,,,-3,,
6419,3085,1,5,9,22080,,,-3,,
6420,3085,1,154,7,22080,,,-3,,
6421,3085,1,16,8,22080,,,-3,,
6422,3085,1,170,12,22080,,,-3,,
6423,3085,1,131,8,22080,,,-3,,
6424,3086,1,403,7,22080,,,-3,,
6425,3086,1,44,7,22080,,,-3,,
6426,3086,1,81,2,22080,,,-3,,
6427,3086,1,3,7,22080,,,-3,,
6428,3087,1,347,5,22080,,,-3,,
6429,3087,1,282,5,22080,,,-3,,
6430,3087,1,116,3,22080,,,-3,,
6431,3087,1,31,6,22080,,,-3,,
6432,3088,1,39,3,22080,,,-3,,
6433,3088,1,20,6,22080,,,-3,,
6434,3088,1,256,5,22080,,,-3,,
6435,3088,1,60,4,22080,,,-3,,
6436,3089,1,110,10,22140,,,-3,,
6437,3090,1,16,2,22140,,,-3,,
6438,3090,1,385,10,22140,,,-3,,
6439,3090,1,380,6,22140,,,-3,,
6440,3090,1,40,7,22140,,,-3,,
6441,3091,1,10,3,22140,,,-3,,
6442,3091,1,91,6,22140,,,-3,,
6443,3091,1,30,12,22140,,,-3,,
6444,3092,1,47,4,22140,,,-3,,
6445,3093,1,2,12,22200,,,-3,,
6446,3094,1,6,9,22200,,,-3,,
6447,3095,1,43,6,22200,,,-3,,
6448,3096,1,32,10,22200,,,-3,,
6449,3097,1,483,4,22200,,,-3,,
6450,3098,1,54,1,22200,,,-3,,
6451,3098,1,47,12,22200,,,-3,,
6452,3099,1,59,6,22260,,,-3,,
6453,3100,1,268,5,22260,,,-3,,
6454,3100,1,1,4,22260,,,-3,,
6455,3100,1,8,6,22260,,,-3,,
6456,3100,1,0,5,22260,,,-3,,
6457,3101,1,285,10,22260,,,-3,,
6458,3101,1,165,7,22260,,,-3,,
6459,3102,1,338,9,22260,,,-3,,
6460,3102,1,187,6,22260,,,-3,,
6461,3103,1,13,2,22260,,,-3,,
6462,3104,1,1,8,22260,,,-3,,
6463,3105,1,165,3,22260,,,-3,,
6464,3106,1,221,6,22260,,,-3,,
6465,3106,1,179,8,22260,,,-3,,
6466,3106,1,137,10,22260,,,-3,,
6467,3106,1,122,6,22260,,,-3,,
6468,3107,1,16,6,22260,,,-3,,
6469,3107,1,467,10,22260,,,-3,,
6470,3108,1,82,6,22260,,,-3,,
6471,3109,1,48,7,22260,,,-3,,
6472,3110,1,379,4,22260,,,-3,,
6473,3110,1,402,6,22260,,,-3,,
6474,3110,1,45,6,22260,,,-3,,
6475,3111,1,78,6,22320,,,-3,,
6476,3111,1,92,6,22320,,,-3,,
6477,3111,1,324,6,22320,,,-3,,
6478,3112,1,0,2,22320,,,-3,,
6479,3112,1,2,12,22320,,,-3,,
6480,3112,1,373,8,22320,,,-3,,
6481,3112,1,246,9,22320,,,-3,,
6482,3113,1,27,5,22320,,,-3,,
6483,3113,1,35,10,22320,,,-3,,
6484,3114,1,100,8,22320,,,-3,,
6485,3114,1,86,6,22320,,,-3,,
6486,3114,1,16,2,22320,,,-3,,
6487,3115,1,463,8,22320,,,-3,,
6488,3115,1,24,7,22320,,,-3,,
6489,3115,1,427,8,22320,,,-3,,
6490,3116,1,28,12,22320,,,-3,,
6491,3117,1,9,10,22320,,,-3,,
6492,3117,1,188,12,22320,,,-3,,
6493,3117,1,0,10,22320,,,-3,,
6494,3118,1,41,10,22320,,,-3,,
6495,3119,1,90,6,22320,,,-3,,
6496,3120,1,390,6,22320,,,-3,,
6497,3121,1,3,12,22320,,,-3,,
6498,3121,1,84,5,22320,,,-3,,
6499,3121,1,272,6,22320,,,-3,,
6500,3122,1,18,2,22320,,,-3,,
6501,3123,1,193,3,22320,,,-3,,
6502,3124,1,183,6,22320,,,-3,,
6503,3125,1,140,10,22380,,,-3,,
6504,3125,1,363,8,22380,,,-3,,
6505,3126,1,351,6,22380,,,-3,,
6506,3127,1,241,7,22380,,,-3,,
6507,3127,1,176,9,22380,,,-3,,
6508,3127,1,89,10,22380,,,-3,,
6509,3128,1,169,9,22380,,,-3,,
6510,3129,1,59,8,22380,,,-3,,
6511,3129,1,46,3,22380,,,-3,,
6512,3130,1,108,8,22380,,,-3,,
6513,3130,1,191,7,22380,,,-3,,
6514,3130,1,69,10,22380,,,-3,,
6515,3130,1,287,6,22380,,,-3,,
6516,3130,1,31,4,22380,,,-3,,
6517,3131,1,131,1,22380,,,-3,,
6518,3131,1,46,8,22380,,,-3,,
6519,3132,1,246,6,22380,,,-3,,
6520,3133,1,38,9,22380,,,-3,,
6521,3134,1,419,6,22380,,,-3,,
6522,3135,1,22,6,22440,,,-3,,
6523,3136,1,29,3,22440,,,-3,,
6524,3137,1,0,6,22440,,,-3,,
6525,3138,1,66,3,22440,,,-3,,
6526,3138,1,165,10,22440,,,-3,,
6527,3138,1,3,3,22440,,,-3,,
6528,3138,1,108,5,22440,,,-3,,
6529,3139,1,17,6,22440,,,-3,,
6530,3139,1,5,6,22440,,,-3,,
6531,3139,1,41,6,22440,,,-3,,
6532,3139,1,183,6,22440,,,-3,,
6533,3140,1,119,10,22440,,,-3,,
6534,3141,1,6,11,22440,,,-3,,
6535,3142,1,48,5,22440,,,-3,,
6536,3142,1,463,7,22440,,,-3,,
6537,3143,1,62,4,22440,,,-3,,
6538,3143,1,13,11,22440,,,-3,,
6539,3144,1,44,5,22440,,,-3,,
6540,3144,1,17,10,22440,,,-3,,
6541,3144,1,149,8,22440,,,-3,,
6542,3145,1,163,3,22440,,,-3,,
6543,3145,1,15,8,22440,,,-3,,
6544,3146,1,178,6,22440,,,-3,,
6545,3146,1,336,7,22440,,,-3,,
6546,3147,1,106,12,22440,,,-3,,
6547,3147,1,0,2,22440,,,-3,,
6548,3148,1,2,4,22500,,,-3,,
6549,3148,1,186,8,22500,,,-3,,
6550,3149,1,5,4,22500,,,-3,,
6551,3150,1,344,12,22500,,,-3,,
6552,3150,1,101,10,22500,,,-3,,
6553,3150,1,25,9,22500,,,-3,,
6554,3151,1,28,4,22500,,,-3,,
6555,3152,1,48,9,22500,,,-3,,
6556,3152,1,470,6,22500,,,-3,,
6557,3153,1,6,5,22500,,,-3,,
6558,3153,1,54,8,22500,,,-3,,
6559,3153,1,158,5,22500,,,-3,,
6560,3154,1,7,7,22500,,,-3,,
6561,3154,1,22,7,22500,,,-3,,
6562,3155,1,317,10,22500,,,-3,,
6563,3155,1,31,2,22500,,,-3,,
6564,3155,1,38,5,22500,,,-3,,
6565,3156,1,57,6,22500,,,-3,,
6566,3156,1,383,5,22500,,,-3,,
6567,3157,1,3,9,22500,,,-3,,
6568,3157,1,61,12,22500,,,-3,,
6569,3158,1,68,6,22560,,,-3,,
6570,3158,1,111,11,22560,,,-3,,
6571,3158,1,2,8,22560,,,-3,,
6572,3158,1,1,11,22560,,,-3,,
6573,3159,1,29,5,22560,,,-3,,
6574,3160,1,8,6,22560,,,-3,,
6575,3161,1,165,12,22560,,,-3,,
6576,3162,1,162,5,22560,,,-3,,
6577,3162,1,357,10,22560,,,-3,,
6578,3163,1,30,8,22560,,,-3,,
6579,3164,1,17,11,22620,,,-3,,
6580,3165,1,48,10,22620,,,-3,,
6581,3166,1,147,6,22620,,,-3,,
6582,3167,1,143,5,22620,,,-3,,
6583,3167,1,4,8,22620,,,-3,,
6584,3168,1,185,4,22620,,,-3,,
6585,3168,1,469,4,22620,,,-3,,
6586,3168,1,26,6,22620,,,-3,,
6587,3169,1,87,11,22620,,,-3,,
6588,3169,1,14,2,22620,,,-3,,
6589,3170,1,396,12,22620,,,-3,,
6590,3171,1,22,8,22620,,,-3,,
6591,3172,1,175,10,22620,,,-3,,
6592,3173,1,96,11,22620,,,-3,,
6593,3173,1,31,3,22620,,,-3,,
6594,3173,1,37,9,22620,,,-3,,
6595,3174,1,301,2,22680,,,-3,,
6596,3175,1,184,2,22680,,,-3,,
6597,3175,1,49,9,22680,,,-3,,
6598,3175,1,311,8,22680,,,-3,,
6599,3175,1,8,4,22680,,,-3,,
6600,3175,1,17,6,22680,,,-3,,
6601,3175,1,14,7,22680,,,-3,,
6602,3175,1,18,4,22680,,,-3,,
6603,3176,1,200,12,22680,,,-3,,
6604,3177,1,1,7,22680,,,-3,,
6605,3177,1,278,8,22680,,,-3,,
6606,3178,1,64,12,22680,,,-3,,
6607,3179,1,186,1,22680,,,-3,,
6608,3180,1,106,7,22680,,,-3,,
6609,3181,1,123,6,22680,,,-3,,
6610,3182,1,196,7,22680,,,-3,,
6611,3183,1,45,4,22680,,,-3,,
6612,3183,1,48,3,22680,,,-3,,
6613,3183,1,10,6,22680,,,-3,,
6614,3184,1,0,6,22740,,,-3,,
6615,3184,1,47,12,22740,,,-3,,
6616,3185,1,47,5,22740,,,-3,,
6617,3185,1,74,2,22740,,,-3,,
6618,3185,1,488,12,22740,,,-3,,
6619,3186,1,119,4,22740,,,-3,,
6620,3186,1,7,12,22740,,,-3,,
6621,3186,1,132,4,22740,,,-3,,
6622,3186,1,55,3,22740,,,-3,,
6623,3187,1,94,8,22740,,,-3,,
6624,3187,1,63,6,22740,,,-3,,
6625,3188,1,381,11,22740,,,-3,,
6626,3189,1,194,2,22740,,,-3,,
6627,3190,1,61,10,22740,,,-3,,
6628,3190,1,128,6,22740,,,-3,,
6629,3190,1,26,6,22740,,,-3,,
6630,3191,1,374,8,22800,,,-3,,
6631,3192,1,165,6,22800,,,-3,,
6632,3192,1,3,3,22800,,,-3,,
6633,3192,1,321,8,22800,,,-3,,
6634,3193,1,128,8,22800,,,-3,,
6635,3193,1,59,8,22800,,,-3,,
6636,3194,1,4,10,22800,,,-3,,
6637,3195,1,275,8,22800,,,-3,,
6638,3195,1,187,7,22800,,,-3,,
6639,3195,1,18,12,22800,,,-3,,
6640,3196,1,29,5,22800,,,-3,,
6641,3197,1,119,2,22800,,,-3,,
6642,3198,1,44,8,22800,,,-3,,
6643,3198,1,257,2,22800,,,-3,,
6644,3199,1,8,10,22800,,,-3,,
6645,3200,1,33,10,22800,,,-3,,
6646,3200,1,48,5,22800,,,-3,,
6647,3200,1,410,4,22800,,,-3,,
6648,3200,1,2,9,22800,,,-3,,
6649,3200,1,13,2,22800,,,-3,,
6650,3201,1,19,6,22860,,,-3,,
6651,3201,1,170,9,22860,,,-3,,
6652,3201,1,106,12,22860,,,-3,,
6653,3201,1,32,3,22860,,,-3,,
6654,3202,1,27,9,22860,,,-3,,
6655,3203,1,2,2,22860,,,-3,,
6656,3204,1,26,12,22860,,,-3,,
6657,3205,1,58,6,22860,,,-3,,
6658,3206,1,172,12,22860,,,-3,,
6659,3207,1,91,8,22920,,,-3,,
6660,3207,1,178,8,22920,,,-3,,
6661,3208,1,110,5,22920,,,-3,,
6662,3209,1,34,2,22920,,,-3,,
6663,3209,1,154,10,22920,,,-3,,
6664,3210,1,22,9,22920,,,-3,,
6665,3210,1,14,4,22920,,,-3,,
6666,3211,1,238,4,22920,,,-3,,
6667,3211,1,11,4,22920,,,-3,,
6668,3211,1,7,6,22920,,,-3,,
6669,3211,1,12,4,22920,,,-3,,
6670,3211,1,3,8,22920,,,-3,,
6671,3211,1,94,12,22920,,,-3,,
6672,3211,1,37,5,22920,,,-3,,
6673,3212,1,3,10,22920,,,-3,,
6674,3213,1,141,4,22920,,,-3,,
6675,3214,1,27,2,22920,,,-3,,
6676,3214,1,142,5,22920,,,-3,,
6677,3214,1,24,8,22920,,,-3,,
6678,3215,1,34,5,22920,,,-3,,
6679,3215,1,356,6,22920,,,-3,,
6680,3216,1,33,7,22920,,,-3,,
6681,3217,1,402,12,22980,,,-3,,
6682,3217,1,4,2,22980,,,-3,,
6683,3217,1,1,9,22980,,,-3,,
6684,3217,1,2,5,22980,,,-3,,
6685,3217,1,389,6,22980,,,-3,,
6686,3217,1,40,7,22980,,,-3,,
6687,3218,1,105,4,22980,,,-3,,
6688,3218,1,27,8,22980,,,-3,,
6689,3218,1,5,2,22980,,,-3,,
6690,3218,1,15,12,22980,,,-3,,
6691,3218,1,3,8,22980,,,-3,,
6692,3219,1,9,12,22980,,,-3,,
6693,3220,1,416,8,22980,,,-3,,
6694,3220,1,432,4,22980,,,-3,,
6695,3220,1,141,12,22980,,,-3,,
6696,3221,1,405,9,22980,,,-3,,
6697,3222,1,7,8,22980,,,-3,,
6698,3222,1,1,8,22980,,,-3,,
6699,3223,1,8,11,22980,,,-3,,
6700,3224,1,2,8,22980,,,-3,,
6701,3224,1,168,8,22980,,,-3,,
6702,3225,1,126,8,23040,,,-3,,
6703,3225,1,144,12,23040,,,-3,,
6704,3226,1,267,11,23040,,,-3,,
6705,3226,1,117,9,23040,,,-3,,
6706,3226,1,355,8,23040,,,-3,,
6707,3227,1,1,10,23040,,,-3,,
6708,3227,1,173,3,23040,,,-3,,
6709,3228,1,103,2,23100,,,-3,,
6710,3228,1,41,7,23100,,,-3,,
6711,3229,1,21,3,23100,,,-3,,
6712,3229,1,77,8,23100,,,-3,,
6713,3230,1,72,6,23100,,,-3,,
6714,3231,1,106,2,23100,,,-3,,
6715,3231,1,28,5,23100,,,-3,,
6716,3231,1,14,8,23100,,,-3,,
6717,3231,1,15,10,23100,,,-3,,
6718,3232,1,20,8,23100,,,-3,,
6719,3233,1,95,7,23100,,,-3,,
6720,3234,1,39,8,23100,,,-3,,
6721,3235,1,0,12,23100,,,-3,,
6722,3236,1,118,4,23100,,,-3,,
6723,3236,1,17,8,23100,,,-3,,
6724,3236,1,357,11,23100,,,-3,,
6725,3237,1,121,6,23100,,,-3,,
6726,3237,1,331,5,23100,,,-3,,
6727,3237,1,74,10,23100,,,-3,,
6728,3238,1,131,5,23160,,,-3,,
6729,3238,1,48,5,23160,,,-3,,
6730,3239,1,206,3,23160,,,-3,,
6731,3240,1,13,6,23160,,,-3,,
6732,3240,1,48,6,23160,,,-3,,
6733,3241,1,24,8,23160,,,-3,,
6734,3241,1,7,10,23160,,,-3,,
6735,3242,1,282,10,23160,,,-3,,
6736,3243,1,3,8,23160,,,-3,,
6737,3244,1,38,7,23160,,,-3,,
6738,3245,1,487,6,23160,,,-3,,
6739,3246,1,278,8,23220,,,-3,,
6740,3246,1,70,6,23220,,,-3,,
6741,3247,1,82,8,23220,,,-3,,
6742,3247,1,101,6,23220,,,-3,,
6743,3247,1,0,4,23220,,,-3,,
6744,3248,1,8,2,23220,,,-3,,
6745,3249,1,188,7,23220,,,-3,,
6746,3250,1,48,6,23220,,,-3,,
6747,3251,1,395,6,23220,,,-3,,
6748,3252,1,245,5,23220,,,-3,,
6749,3253,1,5,8,23220,,,-3,,
6750,3253,1,19,4,23220,,,-3,,
6751,3253,1,174,8,23220,,,-3,,
6752,3253,1,27,5,23220,,,-3,,
6753,3253,1,39,3,23220,,,-3,,
6754,3253,1,30,6,23220,,,-3,,
6755,3254,1,30,4,23220,,,-3,,
6756,3254,1,22,2,23220,,,-3,,
6757,3255,1,290,11,23220,,,-3,,
6758,3255,1,16,5,23220,,,-3,,
6759,3255,1,11,10,23220,,,-3,,
6760,3256,1,287,11,23220,,,-3,,
6761,3257,1,183,4,23220,,,-3,,
6762,3258,1,155,4,23220,,,-3,,
6763,3258,1,142,4,23220,,,-3,,
6764,3258,1,19,6,23220,,,-3,,
6765,3258,1,79,6,23220,,,-3,,
6766,3258,1,137,6,23220,,,-3,,
6767,3259,1,16,6,23280,,,-3,,
6768,3259,1,31,4,23280,,,-3,,
6769,3260,1,13,8,23280,,,-3,,
6770,3261,1,57,11,23280,,,-3,,
6771,3262,1,109,2,23280,,,-3,,
6772,3263,1,0,5,23280,,,-3,,
6773,3263,1,35,10,23280,,,-3,,
6774,3263,1,240,7,23280,,,-3,,
6775,3264,1,33,5,23280,,,-3,,
6776,3264,1,86,2,23280,,,-3,,
6777,3265,1,47,6,23280,,,-3,,
6778,3265,1,161,4,23280,,,-3,,
6779,3265,1,9,6,23280,,,-3,,
6780,3266,1,7,8,23280,,,-3,,
6781,3266,1,135,10,23280,,,-3,,
6782,3266,1,98,4,23280,,,-3,,
6783,3266,1,341,8,23280,,,-3,,
6784,3266,1,1,6,23280,,,-3,,
6785,3267,1,57,2,23340,,,-3,,
6786,3267,1,8,6,23340,,,-3,,
6787,3267,1,102,7,23340,,,-3,,
6788,3267,1,19,6,23340,,,-3,,
6789,3268,1,94,12,23340,,,-3,,
6790,3269,1,47,4,23340,,,-3,,
6791,3269,1,33,4,23340,,,-3,,
6792,3270,1,40,7,23340,,,-3,,
6793,3270,1,1,2,23340,,,-3,,
6794,3271,1,323,4,23340,,,-3,,
6795,3271,1,78,6,23340,,,-3,,
6796,3271,1,134,8,23340,,,-3,,
6797,3271,1,90,6,23340,,,-3,,
6798,3271,1,29,5,23340,,,-3,,
6799,3271,1,64,4,23340,,,-3,,
6800,3271,1,19,10,23340,,,-3,,
6801,3272,1,29,11,23340,,,-3,,
6802,3272,1,445,2,23340,,,-3,,
6803,3273,1,15,11,23340,,,-3,,
6804,3274,1,139,7,23340,,,-3,,
6805,3274,1,360,3,23340,,,-3,,
6806,3274,1,102,3,23340,,,-3,,
6807,3275,1,27,1,23340,,,-3,,
6808,3276,1,262,7,23400,,,-3,,
6809,3277,1,38,10,23400,,,-3,,
6810,3277,1,9,4,23400,,,-3,,
6811,3278,1,74,6,23400,,,-3,,
6812,3278,1,456,3,23400,,,-3,,
6813,3278,1,442,12,23400,,,-3,,
6814,3278,1,284,10,23400,,,-3,,
6815,3278,1,358,4,23400,,,-3,,
6816,3279,1,120,2,23400,,,-3,,
6817,3279,1,25,8,23400,,,-3,,
6818,3280,1,32,7,23400,,,-3,,
6819,3280,1,6,6,23400,,,-3,,
6820,3281,1,76,12,23400,,,-3,,
6821,3281,1,212,9,23400,,,-3,,
6822,3282,1,301,6,23400,,,-3,,
6823,3283,1,253,3,23400,,,-3,,
6824,3283,1,160,10,23400,,,-3,,
6825,3284,1,15,9,23400,,,-3,,
6826,3285,1,160,12,23460,,,-3,,
6827,3286,1,10,6,23460,,,-3,,
6828,3287,1,386,10,23460,,,-3,,
6829,3288,1,3,8,23460,,,-3,,
6830,3289,1,19,9,23460,,,-3,,
6831,3289,1,51,2,23460,,,-3,,
6832,3290,1,11,4,23460,,,-3,,
6833,3290,1,53,7,23460,,,-3,,
6834,3291,1,33,7,23520,,,-3,,
6835,3291,1,178,6,23520,,,-3,,
6836,3291,1,36,6,23520,,,-3,,
6837,3292,1,104,5,23520,,,-3,,
6838,3292,1,490,8,23520,,,-3,,
6839,3293,1,0,9,23520,,,-3,,
6840,3293,1,86,2,23520,,,-3,,
6841,3294,1,73,1,23520,,,-3,,
6842,3295,1,30,9,23580,,,-3,,
6843,3295,1,42,5,23580,,,-3,,
6844,3296,1,28,11,23580,,,-3,,
6845,3296,1,10,3,23580,,,-3,,
6846,3297,1,12,4,23580,,,-3,,
6847,3298,1,54,5,23580,,,-3,,
6848,3298,1,151,10,23580,,,-3,,
6849,3299,1,22,5,23580,,,-3,,
6850,3299,1,45,6,23580,,,-3,,
6851,3299,1,172,8,23580,,,-3,,
6852,3299,1,12,12,23580,,,-3,,
6853,3299,1,37,2,23580,,,-3,,
6854,3299,1,11,7,23580,,,-3,,
6855,3299,1,44,10,23580,,,-3,,
6856,3299,1,42,9,23580,,,-3,,
6857,3300,1,345,6,23580,,,-3,,
6858,3301,1,193,4,23580,,,-3,,
6859,3302,1,302,4,23580,,,-3,,
6860,3302,1,18,2,23580,,,-3,,
6861,3302,1,2,5,23580,,,-3,,
6862,3303,1,40,6,23580,,,-3,,
6863,3304,1,6,8,23580,,,-3,,
6864,3304,1,3,1,23580,,,-3,,
6865,3305,1,79,9,23580,,,-3,,
6866,3305,1,98,10,23580,,,-3,,
6867,3306,1,20,2,23580,,,-3,,
6868,3306,1,155,8,23580,,,-3,,
6869,3307,1,121,2,23580,,,-3,,
6870,3308,1,31,8,23580,,,-3,,
6871,3309,1,7,4,23580,,,-3,,
6872,3310,1,128,2,23580,,,-3,,
6873,3311,1,32,3,23640,,,-3,,
6874,3312,1,108,4,23640,,,-3,,
6875,3312,1,95,4,23640,,,-3,,
6876,3312,1,78,7,23640,,,-3,,
6877,3313,1,175,4,23640,,,-3,,
6878,3313,1,30,4,23640,,,-3,,
6879,3313,1,3,9,23640,,,-3,,
6880,3314,1,40,5,23640,,,-3,,
6881,3315,1,215,12,23640,,,-3,,
6882,3316,1,7,7,23640,,,-3,,
6883,3316,1,129,9,23640,,,-3,,
6884,3316,1,32,2,23640,,,-3,,
6885,3316,1,25,12,23640,,,-3,,
6886,3316,1,47,6,23640,,,-3,,
6887,3317,1,5,8,23640,,,-3,,
6888,3318,1,1,6,23640,,,-3,,
6889,3318,1,16,6,23640,,,-3,,
6890,3319,1,19,2,23640,,,-3,,
6891,3319,1,27,7,23640,,,-3,,
6892,3320,1,29,7,23640,,,-3,,
6893,3321,1,27,5,23700,,,-3,,
6894,3321,1,22,11,23700,,,-3,,
6895,3322,1,449,8,23700,,,-3,,
6896,3323,1,186,12,23700,,,-3,,
6897,3324,1,187,8,23700,,,-3,,
6898,3324,1,5,8,23700,,,-3,,
6899,3324,1,134,4,23700,,,-3,,
6900,3325,1,12,7,23760,,,-3,,
6901,3325,1,301,6,23760,,,-3,,
6902,3325,1,116,10,23760,,,-3,,
6903,3325,1,49,8,23760,,,-3,,
6904,3325,1,412,11,23760,,,-3,,
6905,3326,1,223,6,23760,,,-3,,
6906,3326,1,55,10,23760,,,-3,,
6907,3326,1,57,8,23760,,,-3,,
6908,3326,1,81,1,23760,,,-3,,
6909,3327,1,132,6,23760,,,-3,,
6910,3328,1,131,3,23760,,,-3,,
6911,3328,1,92,4,23760,,,-3,,
6912,3329,1,20,7,23760,,,-3,,
6913,3329,1,73,7,23760,,,-3,,
6914,3329,1,308,8,23760,,,-3,,
6915,3329,1,258,8,23760,,,-3,,
6916,3329,1,30,8,23760,,,-3,,
6917,3330,1,11,8,23760,,,-3,,
6918,3331,1,491,9,23820,,,-3,,
6919,3331,1,81,8,23820,,,-3,,
6920,3332,1,78,4,23820,,,-3,,
6921,3333,1,159,8,23820,,,-3,,
6922,3333,1,57,2,23820,,,-3,,
6923,3333,1,28,4,23820,,,-3,,
6924,3334,1,300,8,23820,,,-3,,
6925,3335,1,214,7,23820,,,-3,,
6926,3336,1,24,4,23820,,,-3,,
6927,3337,1,36,5,23820,,,-3,,
6928,3338,1,6,5,23820,,,-3,,
6929,3338,1,46,8,23820,,,-3,,
6930,3338,1,265,9,23820,,,-3,,
6931,3338,1,50,2,23820,,,-3,,
6932,3339,1,34,6,23880,,,-3,,
6933,3339,1,40,3,23880,,,-3,,
6934,3340,1,189,2,23880,,,-3,,
6935,3340,1,259,4,23880,,,-3,,
6936,3340,1,4,6,23880,,,-3,,
6937,3341,1,148,8,23880,,,-3,,
6938,3342,1,309,12,23880,,,-3,,
6939,3342,1,200,8,23880,,,-3,,
6940,3342,1,108,6,23880,,,-3,,
6941,3342,1,121,12,23880,,,-3,,
6942,3342,1,15,6,23880,,,-3,,
6943,3343,1,30,6,23880,,,-3,,
6944,3344,1,45,10,23880,,,-3,,
6945,3345,1,307,3,23880,,,-3,,
6946,3345,1,23,4,23880,,,-3,,
6947,3346,1,437,6,23880,,,-3,,
6948,3347,1,30,2,23940,,,-3,,
6949,3348,1,215,8,23940,,,-3,,
6950,3348,1,211,6,23940,,,-3,,
6951,3349,1,18,10,23940,,,-3,,
6952,3349,1,355,2,23940,,,-3,,
6953,3349,1,460,4,23940,,,-3,,
6954,3350,1,128,8,23940,,,-3,,
6955,3351,1,125,9,23940,,,-3,,
6956,3352,1,34,6,24000,,,-3,,
6957,3352,1,124,11,24000,,,-3,,
6958,3353,1,49,6,24000,,,-3,,
6959,3354,1,89,7,24000,,,-3,,
6960,3354,1,2,7,24000,,,-3,,
6961,3355,1,20,6,24000,,,-3,,
6962,3356,1,93,5,24000,,,-3,,
6963,3357,1,323,3,24000,,,-3,,
6964,3357,1,51,2,24000,,,-3,,
6965,3358,1,145,8,24000,,,-3,,
6966,3359,1,10,10,24060,,,-3,,
6967,3359,1,2,7,24060,,,-3,,
6968,3359,1,155,7,24060,,,-3,,
6969,3360,1,288,7,24060,,,-3,,
6970,3361,1,202,5,24060,,,-3,,
6971,3362,1,26,6,24060,,,-3,,
6972,3362,1,66,4,24060,,,-3,,
6973,3362,1,7,9,24060,,,-3,,
6974,3362,1,333,6,24060,,,-3,,
6975,3362,1,84,8,24060,,,-3,,
6976,3362,1,155,5,24060,,,-3,,
6977,3362,1,60,4,24060,,,-3,,
6978,3363,1,304,4,24060,,,-3,,
6979,3363,1,37,6,24060,,,-3,,
6980,3364,1,39,8,24060,,,-3,,
6981,3364,1,21,7,24060,,,-3,,
6982,3364,1,92,3,24060,,,-3,,
6983,3365,1,10,6,24060,,,-3,,
6984,3365,1,154,6,24060,,,-3,,
6985,3365,1,206,5,24060,,,-3,,
6986,3366,1,19,6,24060,,,-3,,
6987,3366,1,31,3,24060,,,-3,,
6988,3366,1,458,10,24060,,,-3,,
6989,3366,1,86,4,24060,,,-3,,
6990,3367,1,332,6,24060,,,-3,,
6991,3368,1,12,10,24060,,,-3,,
6992,3369,1,148,6,24060,,,-3,,
6993,3370,1,139,10,24060,,,-3,,
6994,3371,1,182,4,24120,,,-3,,
6995,3371,1,11,8,24120,,,-3,,
6996,3372,1,43,10,24120,,,-3,,
6997,3373,1,473,2,24120,,,-3,,
6998,3373,1,230,9,24120,,,-3,,
6999,3374,1,97,6,24120,,,-3,,
7000,3374,1,194,4,24120,,,-3,,
7001,3374,1,12,4,24120,,,-3,,
7002,3375,1,255,5,24120,,,-3,,
7003,3376,1,27,8,24120,,,-3,,
7004,3376,1,0,8,24120,,,-3,,
7005,3376,1,20,2,24120,,,-3,,
7006,3377,1,231,10,24120,,,-3,,
7007,3377,1,196,9,24120,,,-3,,
7008,3378,1,56,4,24120,,,-3,,
7009,3378,1,173,4,24120,,,-3,,
7010,3378,1,15,4,24120,,,-3,,
7011,3379,1,293,10,24120,,,-3,,
7012,3380,1,67,4,24120,,,-3,,
7013,3380,1,20,8,24120,,,-3,,
7014,3380,1,1,3,24120,,,-3,,
7015,3381,1,380,6,24180,,,-3,,
7016,3381,1,220,2,24180,,,-3,,
7017,3381,1,377,8,24180,,,-3,,
7018,3382,1,238,7,24180,,,-3,,
7019,3383,1,34,2,24180,,,-3,,
7020,3384,1,73,8,24180,,,-3,,
7021,3384,1,9,6,24180,,,-3,,
7022,3384,1,298,4,24180,,,-3,,
7023,3385,1,0,10,24180,,,-3,,
7024,3385,1,417,6,24180,,,-3,,
7025,3386,1,40,5,24180,,,-3,,
7026,3386,1,393,7,24180,,,-3,,
7027,3386,1,398,6,24180,,,-3,,
7028,3387,1,52,5,24180,,,-3,,
7029,3387,1,252,12,24180,,,-3,,
7030,3388,1,0,12,24180,,,-3,,
7031,3388,1,96,10,24180,,,-3,,
7032,3388,1,295,2,24180,,,-3,,
7033,3388,1,38,1,24180,,,-3,,
7034,3389,1,354,6,24180,,,-3,,
7035,3390,1,10,9,24180,,,-3,,
7036,3390,1,72,8,24180,,,-3,,
7037,3390,1,392,9,24180,,,-3,,
7038,3390,1,109,4,24180,,,-3,,
7039,3391,1,31,9,24180,,,-3,,
7040,3391,1,5,4,24180,,,-3,,
7041,3391,1,146,9,24180,,,-3,,
7042,3392,1,413,6,24180,,,-3,,
7043,3392,1,23,5,24180,,,-3,,
7044,3393,1,75,10,24180,,,-3,,
7045,3393,1,279,7,24180,,,-3,,
7046,3394,1,19,3,24180,,,-3,,
7047,3395,1,317,6,24180,,,-3,,
7048,3395,1,68,4,24180,,,-3,,
7049,3395,1,44,6,24180,,,-3,,
7050,3395,1,40,5,24180,,,-3,,
7051,3395,1,467,2,24180,,,-3,,
7052,3396,1,464,2,24180,,,-3,,
7053,3397,1,6,6,24180,,,-3,,
7054,3398,1,49,6,24180,,,-3,,
7055,3398,1,200,6,24180,,,-3,,
7056,3399,1,245,5,24240,,,-3,,
7057,3399,1,269,11,24240,,,-3,,
7058,3399,1,319,9,24240,,,-3,,
7059,3400,1,168,11,24240,,,-3,,
7060,3401,1,121,4,24240,,,-3,,
7061,3402,1,200,5,24240,,,-3,,
7062,3403,1,13,10,24240,,,-3,,
7063,3403,1,465,7,24240,,,-3,,
7064,3403,1,245,5,24240,,,-3,,
7065,3404,1,229,10,24240,,,-3,,
7066,3405,1,7,6,24240,,,-3,,
7067,3406,1,186,8,24240,,,-3,,
7068,3406,1,294,5,24240,,,-3,,
7069,3407,1,77,5,24240,,,-3,,
7070,3408,1,2,9,24300,,,-3,,
7071,3408,1,27,7,24300,,,-3,,
7072,3408,1,18,4,24300,,,-3,,
7073,3408,1,3,4,24300,,,-3,,
7074,3409,1,15,8,24300,,,-3,,
7075,3410,1,169,1,24300,,,-3,,
7076,3411,1,3,12,24300,,,-3,,
7077,3412,1,46,6,24300,,,-3,,
7078,3412,1,11,1,24300,,,-3,,
7079,3413,1,356,8,24300,,,-3,,
7080,3414,1,28,9,24300,,,-3,,
7081,3414,1,3,12,24300,,,-3,,
7082,3414,1,132,7,24300,,,-3,,
7083,3415,1,31,12,24300,,,-3,,
7084,3415,1,6,10,24300,,,-3,,
7085,3416,1,178,5,24300,,,-3,,
7086,3417,1,83,11,24300,,,-3,,
7087,3418,1,4,6,24300,,,-3,,
7088,3419,1,186,6,24300,,,-3,,
7089,3419,1,7,3,24300,,,-3,,
7090,3419,1,13,10,24300,,,-3,,
7091,3419,1,465,12,24300,,,-3,,
7092,3420,1,6,11,24300,,,-3,,
7093,3420,1,149,8,24300,,,-3,,
7094,3421,1,60,1,24360,,,-3,,
7095,3421,1,106,5,24360,,,-3,,
7096,3421,1,347,6,24360,,,-3,,
7097,3421,1,63,6,24360,,,-3,,
7098,3421,1,30,8,24360,,,-3,,
7099,3422,1,37,9,24360,,,-3,,
7100,3423,1,119,4,24360,,,-3,,
7101,3424,1,193,6,24360,,,-3,,
7102,3424,1,28,2,24360,,,-3,,
7103,3425,1,50,2,24360,,,-3,,
7104,3426,1,35,3,24420,,,-3,,
7105,3427,1,42,6,24420,,,-3,,
7106,3427,1,118,4,24420,,,-3,,
7107,3427,1,238,6,24420,,,-3,,
7108,3428,1,389,9,24420,,,-3,,
7109,3428,1,5,7,24420,,,-3,,
7110,3429,1,18,4,24420,,,-3,,
7111,3430,1,123,6,24420,,,-3,,
7112,3430,1,67,6,24420,,,-3,,
7113,3430,1,114,4,24420,,,-3,,
7114,3431,1,92,6,24420,,,-3,,
7115,3432,1,5,10,24420,,,-3,,
7116,3432,1,22,4,24420,,,-3,,
7117,3433,1,238,2,24420,,,-3,,
7118,3433,1,117,7,24420,,,-3,,
7119,3433,1,9,3,24420,,,-3,,
7120,3433,1,29,3,24420,,,-3,,
7121,3433,1,33,11,24420,,,-3,,
7122,3434,1,0,4,24480,,,-3,,
7123,3434,1,59,8,24480,,,-3,,
7124,3435,1,154,4,24480,,,-3,,
7125,3435,1,247,2,24480,,,-3,,
7126,3436,1,22,9,24480,,,-3,,
7127,3436,1,10,4,24480,,,-3,,
7128,3437,1,14,4,24480,,,-3,,
7129,3437,1,22,4,24480,,,-3,,
7130,3438,1,1,6,24540,,,-3,,
7131,3439,1,44,2,24540,,,-3,,
7132,3439,1,137,10,24540,,,-3,,
7133,3439,1,179,5,24540,,,-3,,
7134,3440,1,2,7,24540,,,-3,,
7135,3441,1,2,6,24540,,,-3,,
7136,3441,1,105,6,24540,,,-3,,
7137,3442,1,9,7,24540,,,-3,,
7138,3443,1,398,6,24540,,,-3,,
7139,3443,1,337,12,24540,,,-3,,
7140,3444,1,191,10,24540,,,-3,,
7141,3445,1,14,11,24540,,,-3,,
7142,3445,1,20,4,24540,,,-3,,
7143,3446,1,34,12,24540,,,-3,,
7144,3447,1,7,9,24540,,,-3,,
7145,3448,1,142,6,24540,,,-3,,
7146,3448,1,439,6,24540,,,-3,,
7147,3449,1,11,6,24540,,,-3,,
7148,3449,1,57,2,24540,,,-3,,
7149,3450,1,6,4,24540,,,-3,,
7150,3451,1,29,7,24540,,,-3,,
7151,3452,1,38,2,24540,,,-3,,
7152,3453,1,187,6,24540,,,-3,,
7153,3453,1,463,7,24540,,,-3,,
7154,3454,1,40,8,24600,,,-3,,
7155,3455,1,117,1,24600,,,-3,,
7156,3455,1,35,1,24600,,,-3,,
7157,3455,1,6,4,24600,,,-3,,
7158,3456,1,87,3,24600,,,-3,,
7159,3456,1,143,5,24600,,,-3,,
7160,3456,1,138,3,24600,,,-3,,
7161,3457,1,470,8,24600,,,-3,,
7162,3457,1,461,4,24600,,,-3,,
7163,3457,1,73,10,24600,,,-3,,
7164,3458,1,134,6,24600,,,-3,,
7165,3458,1,27,10,24600,,,-3,,
7166,3458,1,0,6,24600,,,-3,,
7167,3459,1,51,5,24600,,,-3,,
7168,3460,1,320,2,24600,,,-3,,
7169,3460,1,315,4,24600,,,-3,,
7170,3460,1,12,11,24600,,,-3,,
7171,3461,1,59,1,24600,,,-3,,
7172,3462,1,214,3,24600,,,-3,,
7173,3463,1,22,8,24600,,,-3,,
7174,3464,1,6,8,24660,,,-3,,
7175,3465,1,245,6,24660,,,-3,,
7176,3466,1,0,10,24660,,,-3,,
7177,3467,1,99,1,24660,,,-3,,
7178,3468,1,42,6,24660,,,-3,,
7179,3468,1,47,10,24660,,,-3,,
7180,3468,1,4,7,24660,,,-3,,
7181,3469,1,141,10,24660,,,-3,,
7182,3469,1,23,2,24660,,,-3,,
7183,3469,1,2,10,24660,,,-3,,
7184,3470,1,13,6,24720,,,-3,,
7185,3471,1,2,8,24720,,,-3,,
7186,3472,1,147,2,24720,,,-3,,
7187,3472,1,324,7,24720,,,-3,,
7188,3472,1,22,10,24720,,,-3,,
7189,3472,1,61,7,24720,,,-3,,
7190,3473,1,43,4,24720,,,-3,,
7191,3474,1,10,4,24720,,,-3,,
7192,3475,1,33,7,24720,,,-3,,
7193,3475,1,28,4,24720,,,-3,,
7194,3475,1,220,8,24720,,,-3,,
7195,3476,1,307,8,24720,,,-3,,
7196,3476,1,16,5,24720,,,-3,,
7197,3476,1,335,10,24720,,,-3,,
7198,3477,1,40,7,24720,,,-3,,
7199,3478,1,23,4,24720,,,-3,,
7200,3478,1,22,6,24720,,,-3,,
7201,3478,1,69,4,24720,,,-3,,
7202,3478,1,7,6,24720,,,-3,,
7203,3478,1,39,2,24720,,,-3,,
7204,3478,1,80,8,24720,,,-3,,
7205,3479,1,0,10,24780,,,-3,,
7206,3480,1,49,4,24780,,,-3,,
7207,3480,1,25,6,24780,,,-3,,
7208,3480,1,337,8,24780,,,-3,,
7209,3481,1,16,6,24780,,,-3,,
7210,3482,1,89,2,24780,,,-3,,
7211,3483,1,2,4,24780,,,-3,,
7212,3484,1,59,8,24780,,,-3,,
7213,3484,1,167,8,24780,,,-3,,
7214,3485,1,8,1,24840,,,-3,,
7215,3485,1,22,2,24840,,,-3,,
7216,3486,1,61,8,24840,,,-3,,
7217,3486,1,121,8,24840,,,-3,,
7218,3487,1,2,3,24840,,,-3,,
7219,3488,1,308,10,24840,,,-3,,
7220,3489,1,47,12,24840,,,-3,,
7221,3489,1,2,6,24840,,,-3,,
7222,3489,1,16,11,24840,,,-3,,
7223,3490,1,53,5,24840,,,-3,,
7224,3490,1,209,10,24840,,,-3,,
7225,3490,1,199,4,24840,,,-3,,
7226,3490,1,2,6,24840,,,-3,,
7227,3490,1,44,8,24840,,,-3,,
7228,3490,1,45,9,24840,,,-3,,
7229,3490,1,149,8,24840,,,-3,,
7230,3490,1,133,5,24840,,,-3,,
7231,3491,1,117,2,24840,,,-3,,
7232,3492,1,59,12,24840,,,-3,,
7233,3492,1,127,2,24840,,,-3,,
7234,3493,1,3,8,24840,,,-3,,
7235,3493,1,117,4,24840,,,-3,,
7236,3493,1,59,8,24840,,,-3,,
7237,3493,1,23,4,24840,,,-3,,
7238,3493,1,224,9,24840,,,-3,,
7239,3494,1,125,4,24840,,,-3,,
7240,3495,1,60,4,24840,,,-3,,
7241,3496,1,6,8,24840,,,-3,,
7242,3497,1,130,7,24840,,,-3,,
7243,3498,1,23,4,24840,,,-3,,
7244,3499,1,6,8,24840,,,-3,,
7245,3499,1,7,10,24840,,,-3,,
7246,3499,1,22,1,24840,,,-3,,
7247,3500,1,400,5,24900,,,-3,,
7248,3500,1,12,12,24900,,,-3,,
7249,3501,1,90,8,24900,,,-3,,
7250,3502,1,3,4,24900,,,-3,,
7251,3502,1,107,8,24900,,,-3,,
7252,3503,1,19,4,24900,,,-3,,
7253,3504,1,436,2,24960,,,-3,,
7254,3504,1,36,8,24960,,,-3,,
7255,3505,1,149,10,24960,,,-3,,
7256,3505,1,31,10,24960,,,-3,,
7257,3505,1,344,8,24960,,,-3,,
7258,3506,1,139,3,24960,,,-3,,
7259,3506,1,10,6,24960,,,-3,,
7260,3506,1,206,9,24960,,,-3,,
7261,3507,1,284,10,24960,,,-3,,
7262,3507,1,273,10,24960,,,-3,,
7263,3508,1,56,2,24960,,,-3,,
7264,3509,1,236,3,24960,,,-3,,
7265,3510,1,361,6,24960,,,-3,,
7266,3511,1,17,2,24960,,,-3,,
7267,3511,1,25,8,24960,,,-3,,
7268,3512,1,253,1,25020,,,-3,,
7269,3513,1,29,1,25020,,,-3,,
7270,3514,1,38,7,25020,,,-3,,
7271,3514,1,59,8,25020,,,-3,,
7272,3515,1,37,7,25020,,,-3,,
7273,3515,1,38,4,25020,,,-3,,
7274,3516,1,3,8,25020,,,-3,,
7275,3516,1,50,8,25020,,,-3,,
7276,3517,1,41,1,25020,,,-3,,
7277,3518,1,42,6,25020,,,-3,,
7278,3519,1,33,9,25080,,,-3,,
7279,3520,1,2,2,25080,,,-3,,
7280,3520,1,43,8,25080,,,-3,,
7281,3520,1,126,8,25080,,,-3,,
7282,3520,1,193,6,25080,,,-3,,
7283,3521,1,36,2,25080,,,-3,,
7284,3522,1,162,2,25080,,,-3,,
7285,3523,1,157,4,25080,,,-3,,
7286,3523,1,1,4,25080,,,-3,,
7287,3524,1,342,9,25080,,,-3,,
7288,3524,1,374,9,25080,,,-3,,
7289,3525,1,45,9,25080,,,-3,,
7290,3526,1,202,10,25080,,,-3,,
7291,3526,1,223,9,25080,,,-3,,
7292,3526,1,7,2,25080,,,-3,,
7293,3526,1,11,12,25080,,,-3,,
7294,3527,1,27,6,25080,,,-3,,
7295,3527,1,112,12,25080,,,-3,,
7296,3528,1,28,2,25080,,,-3,,
7297,3528,1,3,10,25080,,,-3,,
7298,3528,1,14,2,25080,,,-3,,
7299,3529,1,161,5,25080,,,-3,,
7300,3530,1,7,5,25080,,,-3,,
7301,3531,1,21,8,25080,,,-3,,
7302,3531,1,124,7,25080,,,-3,,
7303,3532,1,47,5,25140,,,-3,,
7304,3533,1,1,4,25140,,,-3,,
7305,3534,1,10,11,25140,,,-3,,
7306,3535,1,427,5,25140,,,-3,,
7307,3536,1,164,8,25140,,,-3,,
7308,3537,1,10,12,25140,,,-3,,
7309,3537,1,94,11,25140,,,-3,,
7310,3538,1,7,4,25140,,,-3,,
7311,3539,1,5,2,25140,,,-3,,
7312,3540,1,5,10,25140,,,-3,,
7313,3540,1,233,6,25140,,,-3,,
7314,3540,1,33,8,25140,,,-3,,
7315,3540,1,197,7,25140,,,-3,,
7316,3540,1,1,10,25140,,,-3,,
7317,3541,1,7,8,25200,,,-3,,
7318,3541,1,46,8,25200,,,-3,,
7319,3542,1,48,8,25200,,,-3,,
7320,3543,1,6,4,25200,,,-3,,
7321,3543,1,22,5,25200,,,-3,,
7322,3544,1,2,5,25200,,,-3,,
7323,3544,1,63,7,25200,,,-3,,
7324,3544,1,73,9,25200,,,-3,,
7325,3545,1,473,6,25200,,,-3,,
7326,3545,1,185,10,25200,,,-3,,
7327,3546,1,17,8,25200,,,-3,,
7328,3546,1,437,7,25200,,,-3,,
7329,3546,1,134,4,25200,,,-3,,
7330,3547,1,5,8,25260,,,-3,,
7331,3548,1,18,8,25260,,,-3,,
7332,3548,1,29,10,25260,,,-3,,
7333,3549,1,111,5,25260,,,-3,,
7334,3550,1,7,5,25260,,,-3,,
7335,3550,1,167,3,25260,,,-3,,
7336,3551,1,25,5,25260,,,-3,,
7337,3551,1,11,7,25260,,,-3,,
7338,3551,1,6,7,25260,,,-3,,
7339,3552,1,49,5,25260,,,-3,,
7340,3553,1,141,12,25260,,,-3,,
7341,3553,1,20,4,25260,,,-3,,
7342,3553,1,24,11,25260,,,-3,,
7343,3554,1,37,8,25320,,,-3,,
7344,3555,1,1,7,25320,,,-3,,
7345,3555,1,235,1,25320,,,-3,,
7346,3556,1,10,4,25320,,,-3,,
7347,3556,1,7,10,25320,,,-3,,
7348,3557,1,3,9,25320,,,-3,,
7349,3557,1,0,6,25320,,,-3,,
7350,3557,1,1,12,25320,,,-3,,
7351,3557,1,17,1,25320,,,-3,,
7352,3558,1,64,9,25320,,,-3,,
7353,3558,1,0,6,25320,,,-3,,
7354,3559,1,279,6,25320,,,-3,,
7355,3559,1,127,10,25320,,,-3,,
7356,3559,1,2,4,25320,,,-3,,
7357,3559,1,25,6,25320,,,-3,,
7358,3559,1,15,3,25320,,,-3,,
7359,3559,1,9,6,25320,,,-3,,
7360,3559,1,44,8,25320,,,-3,,
7361,3559,1,20,2,25320,,,-3,,
7362,3560,1,84,9,25320,,,-3,,
7363,3560,1,134,2,25320,,,-3,,
7364,3561,1,43,7,25320,,,-3,,
7365,3561,1,479,4,25320,,,-3,,
7366,3562,1,36,4,25320,,,-3,,
7367,3563,1,7,9,25380,,,-3,,
7368,3563,1,179,7,25380,,,-3,,
7369,3563,1,34,10,25380,,,-3,,
7370,3564,1,69,4,25380,,,-3,,
7371,3565,1,27,6,25380,,,-3,,
7372,3566,1,29,5,25380,,,-3,,
7373,3567,1,41,1,25380,,,-3,,
7374,3567,1,8,5,25380,,,-3,,
7375,3568,1,253,11,25380,,,-3,,
7376,3568,1,17,4,25380,,,-3,,
7377,3569,1,96,12,25380,,,-3,,
7378,3569,1,421,11,25380,,,-3,,
7379,3569,1,21,6,25380,,,-3,,
7380,3569,1,5,5,25380,,,-3,,
7381,3570,1,122,4,25380,,,-3,,
7382,3571,1,262,6,25380,,,-3,,
7383,3571,1,25,8,25380,,,-3,,
7384,3572,1,80,10,25440,,,-3,,
7385,3573,1,39,1,25440,,,-3,,
7386,3574,1,214,12,25440,,,-3,,
7387,3574,1,47,2,25440,,,-3,,
7388,3575,1,81,5,25440,,,-3,,
7389,3576,1,86,8,25440,,,-3,,
7390,3577,1,230,11,25500,,,-3,,
7391,3578,1,133,6,25500,,,-3,,
7392,3578,1,0,8,25500,,,-3,,
7393,3578,1,15,9,25500,,,-3,,
7394,3578,1,253,10,25500,,,-3,,
7395,3578,1,283,8,25500,,,-3,,
7396,3579,1,105,10,25500,,,-3,,
7397,3579,1,10,2,25500,,,-3,,
7398,3579,1,12,6,25500,,,-3,,
7399,3580,1,21,10,25500,,,-3,,
7400,3580,1,16,4,25500,,,-3,,
7401,3581,1,80,5,25560,,,-3,,
7402,3581,1,13,3,25560,,,-3,,
7403,3581,1,24,4,25560,,,-3,,
7404,3582,1,220,1,25560,,,-3,,
7405,3583,1,197,11,25560,,,-3,,
7406,3584,1,175,4,25560,,,-3,,
7407,3584,1,160,10,25560,,,-3,,
7408,3584,1,77,5,25560,,,-3,,
7409,3585,1,37,10,25560,,,-3,,
7410,3585,1,40,7,25560,,,-3,,
7411,3586,1,375,2,25560,,,-3,,
7412,3587,1,167,1,25560,,,-3,,
7413,3588,1,292,6,25560,,,-3,,
7414,3589,1,290,4,25620,,,-3,,
7415,3590,1,27,6,25620,,,-3,,
7416,3590,1,154,4,25620,,,-3,,
7417,3590,1,159,12,25620,,,-3,,
7418,3590,1,39,5,25620,,,-3,,
7419,3590,1,29,8,25620,,,-3,,
7420,3590,1,19,8,25620,,,-3,,
7421,3590,1,326,6,25620,,,-3,,
7422,3590,1,45,10,25620,,,-3,,
7423,3591,1,0,8,25620,,,-3,,
7424,3592,1,100,10,25620,,,-3,,
7425,3593,1,11,2,25620,,,-3,,
7426,3593,1,0,5,25620,,,-3,,
7427,3594,1,0,6,25620,,,-3,,
7428,3595,1,198,4,25680,,,-3,,
7429,3595,1,38,11,25680,,,-3,,
7430,3596,1,447,8,25680,,,-3,,
7431,3597,1,91,2,25680,,,-3,,
7432,3598,1,29,7,25680,,,-3,,
7433,3598,1,158,5,25680,,,-3,,
7434,3599,1,172,6,25680,,,-3,,
7435,3599,1,113,6,25680,,,-3,,
7436,3600,1,36,9,25680,,,-3,,
7437,3601,1,188,2,25680,,,-3,,
7438,3602,1,3,7,25680,,,-3,,
7439,3602,1,70,10,25680,,,-3,,
7440,3603,1,134,4,25740,,,-3,,
7441,3603,1,460,5,25740,,,-3,,
7442,3603,1,2,8,25740,,,-3,,
7443,3603,1,120,1,25740,,,-3,,
7444,3604,1,14,7,25740,,,-3,,
7445,3604,1,71,8,25740,,,-3,,
7446,3605,1,9,5,25740,,,-3,,
7447,3606,1,45,6,25740,,,-3,,
7448,3607,1,6,8,25740,,,-3,,
7449,3608,1,108,6,25740,,,-3,,
7450,3608,1,131,8,25740,,,-3,,
7451,3608,1,25,6,25740,,,-3,,
7452,3609,1,49,8,25740,,,-3,,
7453,3610,1,8,4,25740,,,-3,,
7454,3611,1,167,8,25800,,,-3,,
7455,3612,1,164,7,25800,,,-3,,
7456,3613,1,89,7,25800,,,-3,,
7457,3614,1,54,8,25800,,,-3,,
7458,3614,1,25,12,25800,,,-3,,
7459,3614,1,23,5,25800,,,-3,,
7460,3614,1,30,8,25800,,,-3,,
7461,3615,1,47,8,25800,,,-3,,
7462,3615,1,312,12,25800,,,-3,,
7463,3615,1,271,2,25800,,,-3,,
7464,3615,1,9,10,25800,,,-3,,
7465,3616,1,39,7,25800,,,-3,,
7466,3617,1,1,10,25860,,,-3,,
7467,3618,1,27,2,25860,,,-3,,
7468,3618,1,36,8,25860,,,-3,,
7469,3619,1,35,5,25860,,,-3,,
7470,3620,1,24,12,25860,,,-3,,
7471,3621,1,10,9,25860,,,-3,,
7472,3621,1,16,2,25860,,,-3,,
7473,3622,1,11,2,25860,,,-3,,
7474,3622,1,226,7,25860,,,-3,,
7475,3622,1,217,6,25860,,,-3,,
7476,3622,1,31,2,25860,,,-3,,
7477,3622,1,355,1,25860,,,-3,,
7478,3622,1,24,1,25860,,,-3,,
7479,3622,1,0,8,25860,,,-3,,
7480,3622,1,20,5,25860,,,-3,,
7481,3623,1,34,7,25860,,,-3,,
7482,3623,1,114,4,25860,,,-3,,
7483,3623,1,13,8,25860,,,-3,,
7484,3624,1,95,7,25860,,,-3,,
7485,3624,1,102,6,25860,,,-3,,
7486,3624,1,11,11,25860,,,-3,,
7487,3624,1,215,6,25860,,,-3,,
7488,3625,1,13,9,25860,,,-3,,
7489,3625,1,49,11,25860,,,-3,,
7490,3625,1,114,4,25860,,,-3,,
7491,3625,1,247,4,25860,,,-3,,
7492,3625,1,199,4,25860,,,-3,,
7493,3625,1,264,8,25860,,,-3,,
7494,3626,1,2,9,25860,,,-3,,
7495,3626,1,401,10,25860,,,-3,,
7496,3626,1,35,11,25860,,,-3,,
7497,3626,1,38,10,25860,,,-3,,
7498,3627,1,273,6,25860,,,-3,,
7499,3628,1,68,4,25860,,,-3,,
7500,3628,1,14,1,25860,,,-3,,
7501,3628,1,31,8,25860,,,-3,,
7502,3629,1,177,4,25920,,,-3,,
7503,3629,1,42,5,25920,,,-3,,
7504,3629,1,3,1,25920,,,-3,,
7505,3629,1,64,12,25920,,,-3,,
7506,3629,1,40,8,25920,,,-3,,
7507,3629,1,69,8,25920,,,-3,,
7508,3630,1,314,4,25920,,,-3,,
7509,3630,1,157,10,25920,,,-3,,
7510,3630,1,30,4,25920,,,-3,,
7511,3630,1,24,6,25920,,,-3,,
7512,3631,1,83,8,25920,,,-3,,
7513,3632,1,316,2,25920,,,-3,,
7514,3632,1,136,4,25920,,,-3,,
7515,3633,1,0,6,25920,,,-3,,
7516,3633,1,6,6,25920,,,-3,,
7517,3633,1,31,8,25920,,,-3,,
7518,3634,1,15,2,25920,,,-3,,
7519,3634,1,1,10,25920,,,-3,,
7520,3635,1,309,8,25980,,,-3,,
7521,3636,1,26,2,25980,,,-3,,
7522,3637,1,5,10,25980,,,-3,,
7523,3638,1,19,9,25980,,,-3,,
7524,3638,1,33,12,25980,,,-3,,
7525,3638,1,13,10,25980,,,-3,,
7526,3638,1,140,9,25980,,,-3,,
7527,3639,1,243,11,25980,,,-3,,
7528,3640,1,8,10,25980,,,-3,,
7529,3641,1,2,6,26040,,,-3,,
7530,3642,1,108,4,26040,,,-3,,
7531,3643,1,63,8,26040,,,-3,,
7532,3644,1,300,7,26040,,,-3,,
7533,3644,1,197,4,26040,,,-3,,
7534,3645,1,33,8,26040,,,-3,,
7535,3645,1,3,10,26040,,,-3,,
7536,3646,1,110,10,26040,,,-3,,
7537,3647,1,2,4,26040,,,-3,,
7538,3648,1,269,4,26040,,,-3,,
7539,3648,1,14,6,26040,,,-3,,
7540,3648,1,45,6,26040,,,-3,,
7541,3648,1,258,8,26040,,,-3,,
7542,3648,1,137,2,26040,,,-3,,
7543,3649,1,76,11,26040,,,-3,,
7544,3649,1,2,8,26040,,,-3,,
7545,3650,1,383,4,26040,,,-3,,
7546,3651,1,484,6,26040,,,-3,,
7547,3651,1,5,9,26040,,,-3,,
7548,3651,1,75,5,26040,,,-3,,
7549,3651,1,44,8,26040,,,-3,,
7550,3652,1,22,1,26040,,,-3,,
7551,3652,1,2,5,26040,,,-3,,
7552,3652,1,12,6,26040,,,-3,,
7553,3652,1,20,2,26040,,,-3,,
7554,3653,1,48,6,26040,,,-3,,
7555,3654,1,31,6,26100,,,-3,,
7556,3654,1,30,4,26100,,,-3,,
7557,3655,1,6,9,26100,,,-3,,
7558,3656,1,493,4,26100,,,-3,,
7559,3657,1,69,4,26100,,,-3,,
7560,3658,1,7,5,26100,,,-3,,
7561,3659,1,12,6,26100,,,-3,,
7562,3660,1,146,5,26100,,,-3,,
7563,3661,1,329,1,26100,,,-3,,
7564,3662,1,62,7,26160,,,-3,,
7565,3663,1,278,7,26160,,,-3,,
7566,3663,1,419,4,26160,,,-3,,
7567,3664,1,6,11,26160,,,-3,,
7568,3665,1,129,6,26160,,,-3,,
7569,3666,1,433,3,26160,,,-3,,
7570,3667,1,18,10,26160,,,-3,,
7571,3667,1,202,7,26160,,,-3,,
7572,3667,1,0,4,26160,,,-3,,
7573,3668,1,295,3,26220,,,-3,,
7574,3669,1,146,6,26220,,,-3,,
7575,3670,1,153,3,26220,,,-3,,
7576,3670,1,339,7,26220,,,-3,,
7577,3671,1,0,8,26220,,,-3,,
7578,3672,1,477,2,26220,,,-3,,
7579,3672,1,16,9,26220,,,-3,,
7580,3673,1,376,3,26220,,,-3,,
7581,3673,1,49,10,26220,,,-3,,
7582,3674,1,17,6,26220,,,-3,,
7583,3674,1,306,6,26220,,,-3,,
7584,3675,1,174,7,26220,,,-3,,
7585,3675,1,109,4,26220,,,-3,,
7586,3676,1,134,10,26220,,,-3,,
7587,3676,1,31,4,26220,,,-3,,
7588,3676,1,4,11,26220,,,-3,,
7589,3676,1,9,4,26220,,,-3,,
7590,3677,1,17,12,26280,,,-3,,
7591,3677,1,8,4,26280,,,-3,,
7592,3678,1,57,1,26280,,,-3,,
7593,3679,1,483,7,26280,,,-3,,
7594,3680,1,32,6,26280,,,-3,,
7595,3681,1,147,1,26280,,,-3,,
7596,3682,1,435,6,26280,,,-3,,
7597,3683,1,24,5,26280,,,-3,,
7598,3684,1,21,5,26280,,,-3,,
7599,3685,1,41,6,26280,,,-3,,
7600,3685,1,19,5,26280,,,-3,,
7601,3685,1,6,6,26280,,,-3,,
7602,3685,1,333,8,26280,,,-3,,
7603,3686,1,159,1,26280,,,-3,,
7604,3686,1,89,8,26280,,,-3,,
7605,3687,1,28,8,26280,,,-3,,
7606,3688,1,1,12,26340,,,-3,,
7607,3689,1,65,6,26340,,,-3,,
7608,3689,1,115,6,26340,,,-3,,
7609,3690,1,27,8,26340,,,-3,,
7610,3690,1,4,4,26340,,,-3,,
7611,3691,1,237,8,26340,,,-3,,
7612,3691,1,20,8,26340,,,-3,,
7613,3691,1,8,8,26340,,,-3,,
7614,3691,1,412,6,26340,,,-3,,
7615,3692,1,453,5,26340,,,-3,,
7616,3692,1,94,7,26340,,,-3,,
7617,3692,1,42,2,26340,,,-3,,
7618,3693,1,142,4,26400,,,-3,,
7619,3693,1,29,8,26400,,,-3,,
7620,3693,1,10,6,26400,,,-3,,
7621,3694,1,85,8,26400,,,-3,,
7622,3694,1,23,7,26400,,,-3,,
7623,3695,1,0,8,26400,,,-3,,
7624,3696,1,10,9,26400,,,-3,,
7625,3697,1,12,4,26400,,,-3,,
7626,3697,1,53,4,26400,,,-3,,
7627,3697,1,125,4,26400,,,-3,,
7628,3698,1,2,2,26400,,,-3,,
7629,3698,1,28,4,26400,,,-3,,
7630,3698,1,362,8,26400,,,-3,,
7631,3698,1,206,7,26400,,,-3,,
7632,3699,1,213,3,26400,,,-3,,
7633,3699,1,73,2,26400,,,-3,,
7634,3700,1,23,6,26400,,,-3,,
7635,3701,1,42,7,26460,,,-3,,
7636,3702,1,2,10,26460,,,-3,,
7637,3703,1,2,9,26460,,,-3,,
7638,3703,1,151,4,26460,,,-3,,
7639,3703,1,103,9,26460,,,-3,,
7640,3703,1,184,6,26460,,,-3,,
7641,3704,1,1,9,26460,,,-3,,
7642,3705,1,469,11,26520,,,-3,,
7643,3705,1,6,7,26520,,,-3,,
7644,3706,1,0,11,26520,,,-3,,
7645,3706,1,5,6,26520,,,-3,,
7646,3706,1,13,7,26520,,,-3,,
7647,3707,1,2,6,26520,,,-3,,
7648,3707,1,118,6,26520,,,-3,,
7649,3708,1,23,6,26520,,,-3,,
7650,3709,1,14,4,26520,,,-3,,
7651,3709,1,56,10,26520,,,-3,,
7652,3709,1,0,8,26520,,,-3,,
7653,3709,1,211,7,26520,,,-3,,
7654,3710,1,228,6,26520,,,-3,,
7655,3710,1,192,2,26520,,,-3,,
7656,3710,1,0,10,26520,,,-3,,
7657,3711,1,3,2,26520,,,-3,,
7658,3711,1,6,4,26520,,,-3,,
7659,3711,1,400,8,26520,,,-3,,
7660,3711,1,149,5,26520,,,-3,,
7661,3712,1,17,6,26520,,,-3,,
7662,3712,1,93,8,26520,,,-3,,
7663,3713,1,346,10,26520,,,-3,,
7664,3713,1,0,5,26520,,,-3,,
7665,3714,1,9,4,26520,,,-3,,
7666,3714,1,168,8,26520,,,-3,,
7667,3715,1,312,4,26580,,,-3,,
7668,3716,1,107,4,26580,,,-3,,
7669,3717,1,121,7,26580,,,-3,,
7670,3717,1,221,9,26580,,,-3,,
7671,3718,1,152,8,26580,,,-3,,
7672,3719,1,379,6,26580,,,-3,,
7673,3719,1,308,4,26580,,,-3,,
7674,3719,1,282,7,26580,,,-3,,
7675,3720,1,0,12,26580,,,-3,,
7676,3720,1,12,10,26580,,,-3,,
7677,3721,1,322,10,26580,,,-3,,
7678,3722,1,18,6,26580,,,-3,,
7679,3723,1,139,4,26580,,,-3,,
7680,3723,1,208,8,26580,,,-3,,
7681,3723,1,217,6,26580,,,-3,,
7682,3724,1,133,12,26580,,,-3,,
7683,3724,1,9,7,26580,,,-3,,
7684,3724,1,4,10,26580,,,-3,,
7685,3724,1,341,5,26580,,,-3,,
7686,3724,1,69,4,26580,,,-3,,
7687,3724,1,169,3,26580,,,-3,,
7688,3725,1,245,7,26580,,,-3,,
7689,3725,1,1,6,26580,,,-3,,
7690,3725,1,10,6,26580,,,-3,,
7691,3726,1,36,8,26580,,,-3,,
7692,3727,1,32,4,26580,,,-3,,
7693,3727,1,9,8,26580,,,-3,,
7694,3727,1,0,10,26580,,,-3,,
7695,3728,1,27,5,26640,,,-3,,
7696,3729,1,171,12,26640,,,-3,,
7697,3729,1,446,4,26640,,,-3,,
7698,3730,1,27,4,26640,,,-3,,
7699,3731,1,0,2,26640,,,-3,,
7700,3732,1,278,8,26640,,,-3,,
7701,3733,1,65,8,26640,,,-3,,
7702,3733,1,19,1,26640,,,-3,,
7703,3733,1,306,5,26640,,,-3,,
7704,3733,1,392,8,26640,,,-3,,
7705,3733,1,63,8,26640,,,-3,,
7706,3733,1,99,5,26640,,,-3,,
7707,3733,1,32,5,26640,,,-3,,
7708,3734,1,67,5,26640,,,-3,,
7709,3735,1,69,8,26700,,,-3,,
7710,3736,1,75,6,26700,,,-3,,
7711,3736,1,461,2,26700,,,-3,,
7712,3737,1,22,10,26700,,,-3,,
7713,3738,1,27,6,26700,,,-3,,
7714,3738,1,391,7,26700,,,-3,,
7715,3738,1,67,4,26700,,,-3,,
7716,3739,1,35,6,26700,,,-3,,
7717,3740,1,9,7,26760,,,-3,,
7718,3740,1,8,3,26760,,,-3,,
7719,3741,1,3,4,26760,,,-3,,
7720,3742,1,424,8,26760,,,-3,,
7721,3743,1,135,10,26760,,,-3,,
7722,3744,1,8,10,26820,,,-3,,
7723,3745,1,113,6,26820,,,-3,,
7724,3745,1,7,8,26820,,,-3,,
7725,3745,1,209,6,26820,,,-3,,
7726,3746,1,31,5,26820,,,-3,,
7727,3747,1,205,4,26820,,,-3,,
7728,3747,1,236,9,26820,,,-3,,
7729,3747,1,175,11,26820,,,-3,,
7730,3747,1,220,4,26820,,,-3,,
7731,3748,1,88,5,26820,,,-3,,
7732,3749,1,40,2,26820,,,-3,,
7733,3750,1,387,6,26820,,,-3,,
7734,3750,1,257,2,26820,,,-3,,
7735,3751,1,64,1,26820,,,-3,,
7736,3752,1,458,12,26820,,,-3,,
7737,3753,1,116,8,26820,,,-3,,
7738,3754,1,51,6,26820,,,-3,,
7739,3754,1,72,12,26820,,,-3,,
7740,3755,1,46,1,26880,,,-3,,
7741,3756,1,319,11,26880,,,-3,,
7742,3757,1,233,5,26880,,,-3,,
7743,3757,1,10,10,26880,,,-3,,
7744,3758,1,61,9,26880,,,-3,,
7745,3758,1,93,12,26880,,,-3,,
7746,3759,1,21,5,26880,,,-3,,
7747,3760,1,11,8,26880,,,-3,,
7748,3761,1,94,10,26880,,,-3,,
7749,3762,1,103,2,26880,,,-3,,
7750,3762,1,85,6,26880,,,-3,,
7751,3763,1,67,1,26880,,,-3,,
7752,3763,1,29,8,26880,,,-3,,
7753,3764,1,17,2,26940,,,-3,,
7754,3765,1,23,8,26940,,,-3,,
7755,3765,1,9,8,26940,,,-3,,
7756,3766,1,22,10,26940,,,-3,,
7757,3767,1,38,11,26940,,,-3,,
7758,3768,1,348,3,26940,,,-3,,
7759,3769,1,41,7,26940,,,-3,,
7760,3770,1,7,6,26940,,,-3,,
7761,3770,1,30,4,26940,,,-3,,
7762,3771,1,40,8,26940,,,-3,,
7763,3771,1,26,2,26940,,,-3,,
7764,3772,1,5,12,26940,,,-3,,
7765,3773,1,42,4,26940,,,-3,,
7766,3773,1,13,6,26940,,,-3,,
7767,3773,1,29,7,26940,,,-3,,
7768,3773,1,355,3,26940,,,-3,,
7769,3773,1,6,3,26940,,,-3,,
7770,3773,1,321,8,26940,,,-3,,
7771,3774,1,46,11,26940,,,-3,,
7772,3775,1,0,8,26940,,,-3,,
7773,3776,1,34,4,26940,,,-3,,
7774,3776,1,22,6,26940,,,-3,,
7775,3777,1,25,6,27000,,,-3,,
7776,3778,1,80,6,27000,,,-3,,
7777,3778,1,36,10,27000,,,-3,,
7778,3779,1,6,6,27000,,,-3,,
7779,3779,1,401,4,27000,,,-3,,
7780,3779,1,173,9,27000,,,-3,,
7781,3780,1,21,3,27000,,,-3,,
7782,3780,1,252,5,27000,,,-3,,
7783,3781,1,437,4,27000,,,-3,,
7784,3781,1,113,1,27000,,,-3,,
7785,3781,1,336,11,27000,,,-3,,
7786,3781,1,136,4,27000,,,-3,,
7787,3782,1,298,6,27000,,,-3,,
7788,3782,1,7,5,27000,,,-3,,
7789,3783,1,193,3,27000,,,-3,,
7790,3784,1,81,12,27000,,,-3,,
7791,3784,1,160,6,27000,,,-3,,
7792,3785,1,101,6,27000,,,-3,,
7793,3785,1,309,8,27000,,,-3,,
7794,3785,1,42,7,27000,,,-3,,
7795,3785,1,32,3,27000,,,-3,,
7796,3786,1,2,12,27000,,,-3,,
7797,3787,1,327,7,27000,,,-3,,
7798,3788,1,204,7,27000,,,-3,,
7799,3788,1,2,9,27000,,,-3,,
7800,3789,1,303,1,27000,,,-3,,
7801,3790,1,441,6,27000,,,-3,,
7802,3790,1,101,7,27000,,,-3,,
7803,3790,1,438,11,27000,,,-3,,
7804,3791,1,75,5,27060,,,-3,,
7805,3791,1,1,3,27060,,,-3,,
7806,3791,1,124,8,27060,,,-3,,
7807,3791,1,339,6,27060,,,-3,,
7808,3791,1,131,4,27060,,,-3,,
7809,3791,1,34,6,27060,,,-3,,
7810,3792,1,182,11,27060,,,-3,,
7811,3793,1,309,1,27060,,,-3,,
7812,3793,1,222,10,27060,,,-3,,
7813,3794,1,139,4,27060,,,-3,,
7814,3794,1,444,7,27060,,,-3,,
7815,3795,1,178,4,27060,,,-3,,
7816,3796,1,0,2,27060,,,-3,,
7817,3796,1,7,9,27060,,,-3,,
7818,3797,1,55,3,27060,,,-3,,
7819,3798,1,3,2,27060,,,-3,,
7820,3798,1,242,5,27060,,,-3,,
7821,3799,1,233,12,27060,,,-3,,
7822,3799,1,113,1,27060,,,-3,,
7823,3799,1,15,11,27060,,,-3,,
7824,3800,1,45,10,27060,,,-3,,
7825,3800,1,5,6,27060,,,-3,,
7826,3800,1,20,8,27060,,,-3,,
7827,3801,1,353,10,27060,,,-3,,
7828,3801,1,8,4,27060,,,-3,,
7829,3802,1,26,2,27060,,,-3,,
7830,3803,1,4,12,27060,,,-3,,
7831,3804,1,388,8,27060,,,-3,,
7832,3805,1,41,10,27120,,,-3,,
7833,3806,1,156,12,27120,,,-3,,
7834,3806,1,153,4,27120,,,-3,,
7835,3806,1,305,10,27120,,,-3,,
7836,3807,1,2,6,27120,,,-3,,
7837,3808,1,6,6,27120,,,-3,,
7838,3808,1,36,6,27120,,,-3,,
7839,3808,1,411,11,27120,,,-3,,
7840,3809,1,77,8,27120,,,-3,,
7841,3809,1,141,10,27120,,,-3,,
7842,3810,1,15,7,27120,,,-3,,
7843,3811,1,307,2,27120,,,-3,,
7844,3811,1,57,4,27120,,,-3,,
7845,3812,1,57,4,27180,,,-3,,
7846,3813,1,376,6,27180,,,-3,,
7847,3813,1,2,4,27180,,,-3,,
7848,3813,1,39,8,27180,,,-3,,
7849,3813,1,150,9,27180,,,-3,,
7850,3813,1,333,2,27180,,,-3,,
7851,3813,1,0,8,27180,,,-3,,
7852,3813,1,21,8,27180,,,-3,,
7853,3813,1,11,6,27180,,,-3,,
7854,3814,1,49,2,27180,,,-3,,
7855,3814,1,84,5,27180,,,-3,,
7856,3815,1,46,4,27180,,,-3,,
7857,3816,1,52,5,27180,,,-3,,
7858,3817,1,454,4,27180,,,-3,,
7859,3818,1,0,10,27180,,,-3,,
7860,3818,1,47,5,27180,,,-3,,
7861,3818,1,126,10,27180,,,-3,,
7862,3818,1,495,4,27180,,,-3,,
7863,3818,1,85,4,27180,,,-3,,
7864,3819,1,5,9,27180,,,-3,,
7865,3820,1,32,8,27180,,,-3,,
7866,3820,1,82,3,27180,,,-3,,
7867,3820,1,17,8,27180,,,-3,,
7868,3820,1,2,4,27180,,,-3,,
7869,3821,1,261,6,27180,,,-3,,
7870,3822,1,1,10,27240,,,-3,,
7871,3822,1,257,7,27240,,,-3,,
7872,3822,1,386,3,27240,,,-3,,
7873,3823,1,133,2,27240,,,-3,,
7874,3824,1,473,5,27240,,,-3,,
7875,3825,1,157,6,27240,,,-3,,
7876,3826,1,342,8,27240,,,-3,,
7877,3826,1,194,9,27240,,,-3,,
7878,3827,1,55,2,27300,,,-3,,
7879,3827,1,102,6,27300,,,-3,,
7880,3827,1,1,8,27300,,,-3,,
7881,3827,1,9,2,27300,,,-3,,
7882,3827,1,23,8,27300,,,-3,,
7883,3828,1,320,9,27300,,,-3,,
7884,3829,1,10,7,27300,,,-3,,
7885,3829,1,1,10,27300,,,-3,,
7886,3830,1,21,8,27300,,,-3,,
7887,3831,1,442,6,27300,,,-3,,
7888,3832,1,197,10,27300,,,-3,,
7889,3833,1,1,8,27300,,,-3,,
7890,3834,1,11,5,27360,,,-3,,
7891,3835,1,58,7,27360,,,-3,,
7892,3835,1,29,8,27360,,,-3,,
7893,3835,1,458,7,27360,,,-3,,
7894,3835,1,171,4,27360,,,-3,,
7895,3836,1,381,9,27360,,,-3,,
7896,3837,1,489,8,27360,,,-3,,
7897,3838,1,343,12,27360,,,-3,,
7898,3839,1,18,12,27360,,,-3,,
7899,3839,1,157,8,27360,,,-3,,
7900,3840,1,90,6,27360,,,-3,,
7901,3840,1,346,5,27360,,,-3,,
7902,3840,1,16,4,27360,,,-3,,
7903,3840,1,163,10,27360,,,-3,,
7904,3841,1,311,4,27420,,,-3,,
7905,3842,1,18,2,27420,,,-3,,
7906,3843,1,4,3,27420,,,-3,,
7907,3844,1,123,8,27420,,,-3,,
7908,3845,1,139,11,27420,,,-3,,
7909,3845,1,42,2,27420,,,-3,,
7910,3846,1,8,4,27420,,,-3,,
7911,3847,1,10,6,27420,,,-3,,
7912,3848,1,111,5,27420,,,-3,,
7913,3848,1,483,9,27420,,,-3,,
7914,3848,1,0,6,27420,,,-3,,
7915,3848,1,46,6,27420,,,-3,,
7916,3848,1,24,5,27420,,,-3,,
7917,3849,1,467,5,27420,,,-3,,
7918,3849,1,8,9,27420,,,-3,,
7919,3850,1,11,9,27480,,,-3,,
7920,3851,1,331,6,27480,,,-3,,
7921,3852,1,5,4,27480,,,-3,,
7922,3853,1,40,2,27480,,,-3,,
7923,3853,1,11,8,27480,,,-3,,
7924,3854,1,241,3,27480,,,-3,,
7925,3854,1,37,7,27480,,,-3,,
7926,3854,1,2,6,27480,,,-3,,
7927,3855,1,9,5,27480,,,-3,,
7928,3855,1,155,10,27480,,,-3,,
7929,3855,1,370,4,27480,,,-3,,
7930,3855,1,14,7,27480,,,-3,,
7931,3856,1,270,6,27480,,,-3,,
7932,3856,1,125,6,27480,,,-3,,
7933,3857,1,97,3,27480,,,-3,,
7934,3857,1,123,2,27480,,,-3,,
7935,3857,1,267,7,27480,,,-3,,
7936,3857,1,6,6,27480,,,-3,,
7937,3857,1,306,5,27480,,,-3,,
7938,3857,1,2,9,27480,,,-3,,
7939,3858,1,490,8,27480,,,-3,,
7940,3858,1,45,9,27480,,,-3,,
7941,3859,1,66,10,27540,,,-3,,
7942,3860,1,3,10,27540,,,-3,,
7943,3860,1,0,7,27540,,,-3,,
7944,3860,1,42,5,27540,,,-3,,
7945,3861,1,2,4,27540,,,-3,,
7946,3862,1,7,10,27540,,,-3,,
7947,3863,1,3,8,27540,,,-3,,
7948,3863,1,282,12,27540,,,-3,,
7949,3864,1,78,8,27540,,,-3,,
7950,3864,1,1,4,27540,,,-3,,
7951,3864,1,0,7,27540,,,-3,,
7952,3864,1,40,4,27540,,,-3,,
7953,3865,1,40,4,27600,,,-3,,
7954,3866,1,103,5,27600,,,-3,,
7955,3866,1,49,6,27600,,,-3,,
7956,3867,1,7,11,27600,,,-3,,
7957,3867,1,376,2,27600,,,-3,,
7958,3867,1,23,10,27600,,,-3,,
7959,3867,1,384,8,27600,,,-3,,
7960,3868,1,24,3,27660,,,-3,,
7961,3869,1,34,6,27660,,,-3,,
7962,3869,1,125,6,27660,,,-3,,
7963,3869,1,88,2,27660,,,-3,,
7964,3870,1,15,8,27660,,,-3,,
7965,3871,1,16,8,27660,,,-3,,
7966,3872,1,69,4,27660,,,-3,,
7967,3873,1,476,10,27660,,,-3,,
7968,3874,1,2,2,27660,,,-3,,
7969,3874,1,1,4,27660,,,-3,,
7970,3875,1,130,4,27660,,,-3,,
7971,3876,1,21,12,27660,,,-3,,
7972,3876,1,47,8,27660,,,-3,,
7973,3876,1,25,8,27660,,,-3,,
7974,3876,1,7,3,27660,,,-3,,
7975,3876,1,9,8,27660,,,-3,,
7976,3876,1,120,12,27660,,,-3,,
7977,3877,1,22,6,27660,,,-3,,
7978,3877,1,46,1,27660,,,-3,,
7979,3877,1,27,8,27660,,,-3,,
7980,3877,1,32,6,27660,,,-3,,
7981,3877,1,172,12,27660,,,-3,,
7982,3877,1,159,6,27660,,,-3,,
7983,3877,1,19,10,27660,,,-3,,
7984,3877,1,196,8,27660,,,-3,,
7985,3878,1,41,5,27660,,,-3,,
7986,3879,1,11,6,27720,,,-3,,
7987,3880,1,35,2,27720,,,-3,,
7988,3880,1,294,6,27720,,,-3,,
7989,3880,1,283,8,27720,,,-3,,
7990,3880,1,189,6,27720,,,-3,,
7991,3881,1,325,2,27720,,,-3,,
7992,3882,1,99,9,27720,,,-3,,
7993,3882,1,163,3,27720,,,-3,,
7994,3882,1,90,6,27720,,,-3,,
7995,3882,1,261,7,27720,,,-3,,
7996,3883,1,52,5,27720,,,-3,,
7997,3883,1,38,7,27720,,,-3,,
7998,3883,1,165,9,27720,,,-3,,
7999,3884,1,499,3,27720,,,-3,,
8000,3884,1,186,7,27720,,,-3,,
8001,3885,1,144,8,27720,,,-3,,
8002,3885,1,43,3,27720,,,-3,,
8003,3886,1,0,8,27780,,,-3,,
8004,3887,1,25,3,27780,,,-3,,
8005,3887,1,5,4,27780,,,-3,,
8006,3888,1,8,4,27780,,,-3,,
8007,3889,1,15,4,27780,,,-3,,
8008,3889,1,43,2,27780,,,-3,,
8009,3890,1,1,2,27780,,,-3,,
8010,3891,1,23,6,27780,,,-3,,
8011,3892,1,12,6,27780,,,-3,,
8012,3893,1,37,6,27780,,,-3,,
8013,3894,1,214,8,27840,,,-3,,
8014,3895,1,321,7,27840,,,-3,,
8015,3896,1,47,6,27840,,,-3,,
8016,3896,1,39,7,27840,,,-3,,
8017,3896,1,60,5,27840,,,-3,,
8018,3897,1,50,10,27840,,,-3,,
8019,3898,1,266,5,27840,,,-3,,
8020,3899,1,43,7,27840,,,-3,,
8021,3900,1,0,5,27840,,,-3,,
8022,3901,1,99,4,27840,,,-3,,
8023,3902,1,55,9,27900,,,-3,,
8024,3903,1,456,2,27900,,,-3,,
8025,3904,1,466,2,27900,,,-3,,
8026,3905,1,4,6,27900,,,-3,,
8027,3905,1,0,10,27900,,,-3,,
8028,3905,1,341,10,27900,,,-3,,
8029,3905,1,94,4,27900,,,-3,,
8030,3905,1,6,5,27900,,,-3,,
8031,3905,1,82,6,27900,,,-3,,
8032,3905,1,36,6,27900,,,-3,,
8033,3906,1,287,3,27900,,,-3,,
8034,3906,1,477,11,27900,,,-3,,
8035,3906,1,127,4,27900,,,-3,,
8036,3906,1,144,7,27900,,,-3,,
8037,3906,1,4,2,27900,,,-3,,
8038,3906,1,2,6,27900,,,-3,,
8039,3907,1,105,6,27900,,,-3,,
8040,3908,1,3,10,27960,,,-3,,
8041,3909,1,307,5,27960,,,-3,,
8042,3909,1,46,3,27960,,,-3,,
8043,3909,1,373,6,27960,,,-3,,
8044,3910,1,333,2,27960,,,-3,,
8045,3910,1,346,5,27960,,,-3,,
8046,3910,1,47,5,27960,,,-3,,
8047,3910,1,258,7,27960,,,-3,,
8048,3911,1,46,6,27960,,,-3,,
8049,3911,1,156,2,27960,,,-3,,
8050,3912,1,259,12,27960,,,-3,,
8051,3913,1,7,7,27960,,,-3,,
8052,3914,1,14,8,27960,,,-3,,
8053,3914,1,40,4,27960,,,-3,,
8054,3914,1,23,4,27960,,,-3,,
8055,3915,1,80,4,27960,,,-3,,
8056,3915,1,24,7,27960,,,-3,,
8057,3916,1,21,7,27960,,,-3,,
8058,3917,1,23,7,27960,,,-3,,
8059,3918,1,264,7,28020,,,-3,,
8060,3918,1,99,6,28020,,,-3,,
8061,3918,1,13,2,28020,,,-3,,
8062,3918,1,2,2,28020,,,-3,,
8063,3918,1,37,4,28020,,,-3,,
8064,3918,1,15,2,28020,,,-3,,
8065,3919,1,25,6,28020,,,-3,,
8066,3920,1,16,6,28020,,,-3,,
8067,3920,1,0,1,28020,,,-3,,
8068,3920,1,3,10,28020,,,-3,,
8069,3920,1,59,1,28020,,,-3,,
8070,3921,1,72,7,28020,,,-3,,
8071,3922,1,71,8,28020,,,-3,,
8072,3923,1,66,8,28020,,,-3,,
8073,3924,1,31,7,28020,,,-3,,
8074,3925,1,22,8,28080,,,-3,,
8075,3925,1,6,2,28080,,,-3,,
8076,3926,1,2,6,28080,,,-3,,
8077,3927,1,36,7,28080,,,-3,,
8078,3928,1,194,4,28080,,,-3,,
8079,3928,1,71,8,28080,,,-3,,
8080,3928,1,240,4,28080,,,-3,,
8081,3929,1,6,11,28080,,,-3,,
8082,3930,1,45,3,28080,,,-3,,
8083,3930,1,186,5,28080,,,-3,,
8084,3931,1,171,6,28140,,,-3,,
8085,3931,1,8,8,28140,,,-3,,
8086,3931,1,17,6,28140,,,-3,,
8087,3931,1,472,8,28140,,,-3,,
8088,3931,1,187,6,28140,,,-3,,
8089,3932,1,385,10,28140,,,-3,,
8090,3932,1,1,2,28140,,,-3,,
8091,3932,1,23,8,28140,,,-3,,
8092,3932,1,297,4,28140,,,-3,,
8093,3932,1,5,6,28140,,,-3,,
8094,3932,1,253,12,28140,,,-3,,
8095,3932,1,80,6,28140,,,-3,,
8096,3933,1,38,11,28140,,,-3,,
8097,3933,1,11,7,28140,,,-3,,
8098,3934,1,267,8,28140,,,-3,,
8099,3935,1,8,7,28140,,,-3,,
8100,3935,1,0,10,28140,,,-3,,
8101,3936,1,29,10,28140,,,-3,,
8102,3937,1,7,4,28140,,,-3,,
8103,3937,1,16,9,28140,,,-3,,
8104,3938,1,15,4,28140,,,-3,,
8105,3939,1,31,5,28140,,,-3,,
8106,3940,1,397,10,28140,,,-3,,
8107,3941,1,146,9,28140,,,-3,,
8108,3942,1,40,6,28140,,,-3,,
8109,3942,1,52,2,28140,,,-3,,
8110,3943,1,43,6,28140,,,-3,,
8111,3943,1,10,6,28140,,,-3,,
8112,3944,1,187,5,28140,,,-3,,
8113,3945,1,166,8,28140,,,-3,,
8114,3946,1,0,6,28140,,,-3,,
8115,3947,1,214,8,28200,,,-3,,
8116,3947,1,151,4,28200,,,-3,,
8117,3948,1,25,6,28200,,,-3,,
8118,3949,1,141,7,28200,,,-3,,
8119,3949,1,8,6,28200,,,-3,,
8120,3949,1,35,7,28200,,,-3,,
8121,3949,1,457,9,28200,,,-3,,
8122,3950,1,3,6,28200,,,-3,,
8123,3951,1,14,10,28200,,,-3,,
8124,3952,1,49,3,28260,,,-3,,
8125,3952,1,35,8,28260,,,-3,,
8126,3952,1,207,7,28260,,,-3,,
8127,3953,1,9,6,28260,,,-3,,
8128,3953,1,37,6,28260,,,-3,,
8129,3953,1,100,2,28260,,,-3,,
8130,3953,1,14,10,28260,,,-3,,
8131,3954,1,56,12,28260,,,-3,,
8132,3955,1,254,2,28260,,,-3,,
8133,3955,1,293,7,28260,,,-3,,
8134,3955,1,477,4,28260,,,-3,,
8135,3956,1,170,12,28260,,,-3,,
8136,3957,1,310,7,28260,,,-3,,
8137,3957,1,84,10,28260,,,-3,,
8138,3957,1,212,8,28260,,,-3,,
8139,3958,1,24,6,28320,,,-3,,
8140,3959,1,17,4,28320,,,-3,,
8141,3959,1,123,4,28320,,,-3,,
8142,3959,1,2,2,28320,,,-3,,
8143,3960,1,187,8,28320,,,-3,,
8144,3960,1,53,8,28320,,,-3,,
8145,3960,1,6,11,28320,,,-3,,
8146,3960,1,457,4,28320,,,-3,,
8147,3961,1,274,7,28320,,,-3,,
8148,3962,1,49,8,28380,,,-3,,
8149,3963,1,281,8,28380,,,-3,,
8150,3963,1,57,6,28380,,,-3,,
8151,3964,1,30,10,28380,,,-3,,
8152,3964,1,93,8,28380,,,-3,,
8153,3964,1,159,7,28380,,,-3,,
8154,3965,1,29,4,28380,,,-3,,
8155,3966,1,22,4,28380,,,-3,,
8156,3967,1,0,10,28380,,,-3,,
8157,3967,1,42,6,28380,,,-3,,
8158,3967,1,274,2,28380,,,-3,,
8159,3967,1,193,7,28380,,,-3,,
8160,3967,1,76,8,28380,,,-3,,
8161,3967,1,381,5,28380,,,-3,,
8162,3967,1,17,5,28380,,,-3,,
8163,3968,1,201,1,28380,,,-3,,
8164,3969,1,400,6,28380,,,-3,,
8165,3970,1,47,6,28380,,,-3,,
8166,3971,1,167,3,28380,,,-3,,
8167,3971,1,42,5,28380,,,-3,,
8168,3971,1,106,6,28380,,,-3,,
8169,3971,1,57,8,28380,,,-3,,
8170,3971,1,3,3,28380,,,-3,,
8171,3972,1,224,1,28440,,,-3,,
8172,3972,1,167,8,28440,,,-3,,
8173,3973,1,152,2,28440,,,-3,,
8174,3974,1,14,8,28440,,,-3,,
8175,3975,1,405,9,28440,,,-3,,
8176,3976,1,101,2,28500,,,-3,,
8177,3977,1,215,1,28500,,,-3,,
8178,3977,1,168,10,28500,,,-3,,
8179,3977,1,205,6,28500,,,-3,,
8180,3977,1,79,4,28500,,,-3,,
8181,3977,1,89,10,28500,,,-3,,
8182,3977,1,23,7,28500,,,-3,,
8183,3977,1,313,8,28500,,,-3,,
8184,3978,1,7,6,28500,,,-3,,
8185,3979,1,118,9,28500,,,-3,,
8186,3979,1,64,10,28500,,,-3,,
8187,3979,1,192,6,28500,,,-3,,
8188,3979,1,26,10,28500,,,-3,,
8189,3980,1,167,6,28500,,,-3,,
8190,3980,1,45,4,28500,,,-3,,
8191,3981,1,225,1,28560,,,-3,,
8192,3982,1,17,7,28560,,,-3,,
8193,3982,1,170,2,28560,,,-3,,
8194,3983,1,251,1,28560,,,-3,,
8195,3983,1,22,2,28560,,,-3,,
8196,3984,1,35,10,28560,,,-3,,
8197,3985,1,30,9,28560,,,-3,,
8198,3985,1,6,7,28560,,,-3,,
8199,3986,1,45,2,28560,,,-3,,
8200,3986,1,169,2,28560,,,-3,,
8201,3987,1,91,4,28560,,,-3,,
8202,3987,1,215,9,28560,,,-3,,
8203,3987,1,419,1,28560,,,-3,,
8204,3988,1,313,4,28560,,,-3,,
8205,3989,1,39,12,28620,,,-3,,
8206,3989,1,19,10,28620,,,-3,,
8207,3990,1,28,10,28620,,,-3,,
8208,3990,1,187,2,28620,,,-3,,
8209,3991,1,213,7,28620,,,-3,,
8210,3991,1,499,6,28620,,,-3,,
8211,3991,1,2,2,28620,,,-3,,
8212,3992,1,8,9,28620,,,-3,,
8213,3992,1,1,10,28620,,,-3,,
8214,3992,1,4,9,28620,,,-3,,
8215,3992,1,0,4,28620,,,-3,,
8216,3993,1,64,7,28620,,,-3,,
8217,3994,1,10,6,28620,,,-3,,
8218,3995,1,34,3,28620,,,-3,,
8219,3995,1,14,6,28620,,,-3,,
8220,3995,1,3,7,28620,,,-3,,
8221,3996,1,20,6,28620,,,-3,,
8222,3997,1,32,7,28620,,,-3,,
8223,3998,1,85,7,28620,,,-3,,
8224,3998,1,4,2,28620,,,-3,,
8225,3998,1,240,6,28620,,,-3,,
8226,3998,1,80,9,28620,,,-3,,
8227,3999,1,26,12,28620,,,-3,,
8228,3999,1,336,11,28620,,,-3,,
8229,3999,1,359,4,28620,,,-3,,
8230,4000,1,244,4,28620,,,-3,,
8231,4001,1,166,9,28680,,,-3,,
8232,4002,1,164,10,28680,,,-3,,
8233,4003,1,138,8,28680,,,-3,,
8234,4003,1,16,8,28680,,,-3,,
8235,4004,1,1,6,28680,,,-3,,
8236,4005,1,40,6,28680,,,-3,,
8237,4006,1,14,9,28680,,,-3,,
8238,4006,1,434,10,28680,,,-3,,
8239,4006,1,254,4,28680,,,-3,,
8240,4006,1,17,2,28680,,,-3,,
8241,4007,1,33,2,28680,,,-3,,
8242,4007,1,161,8,28680,,,-3,,
8243,4008,1,15,6,28740,,,-3,,
8244,4009,1,48,12,28740,,,-3,,
8245,4010,1,2,9,28740,,,-3,,
8246,4010,1,33,6,28740,,,-3,,
8247,4010,1,30,6,28740,,,-3,,
8248,4010,1,240,6,28740,,,-3,,
8249,4010,1,401,8,28740,,,-3,,
8250,4011,1,22,3,28740,,,-3,,
8251,4012,1,69,8,28740,,,-3,,
8252,4012,1,366,4,28740,,,-3,,
8253,4013,1,35,4,28740,,,-3,,
8254,4014,1,324,7,28740,,,-3,,
8255,4015,1,1,8,28740,,,-3,,
8256,4016,1,3,2,28740,,,-3,,
8257,4016,1,88,4,28740,,,-3,,
8258,4016,1,11,8,28740,,,-3,,
8259,4017,1,160,4,28740,,,-3,,
8260,4018,1,133,4,28740,,,-3,,
8261,4018,1,4,4,28740,,,-3,,
8262,4018,1,40,11,28740,,,-3,,
8263,4019,1,13,6,28740,,,-3,,
8264,4019,1,21,2,28740,,,-3,,
8265,4020,1,85,7,28740,,,-3,,
8266,4021,1,379,6,28740,,,-3,,
8267,4021,1,436,10,28740,,,-3,,
8268,4021,1,92,8,28740,,,-3,,
8269,4022,1,47,4,28740,,,-3,,
8270,4023,1,49,6,28800,,,-3,,
8271,4024,1,157,12,28800,,,-3,,
8272,4024,1,240,8,28800,,,-3,,
8273,4024,1,0,6,28800,,,-3,,
8274,4025,1,71,5,28800,,,-3,,
8275,4025,1,12,7,28800,,,-3,,
8276,4025,1,404,4,28800,,,-3,,
8277,4025,1,332,8,28800,,,-3,,
8278,4026,1,0,9,28800,,,-3,,
8279,4026,1,18,2,28800,,,-3,,
8280,4027,1,81,9,28800,,,-3,,
8281,4028,1,115,6,28800,,,-3,,
8282,4029,1,4,10,28800,,,-3,,
8283,4029,1,64,2,28800,,,-3,,
8284,4030,1,125,6,28860,,,-3,,
8285,4030,1,0,10,28860,,,-3,,
8286,4031,1,0,8,28860,,,-3,,
8287,4031,1,2,7,28860,,,-3,,
8288,4032,1,21,8,28860,,,-3,,
8289,4032,1,3,7,28860,,,-3,,
8290,4033,1,174,8,28860,,,-3,,
8291,4033,1,52,2,28860,,,-3,,
8292,4034,1,154,2,28860,,,-3,,
8293,4034,1,32,5,28860,,,-3,,
8294,4035,1,124,9,28860,,,-3,,
8295,4036,1,223,3,28860,,,-3,,
8296,4036,1,92,10,28860,,,-3,,
8297,4037,1,10,2,28860,,,-3,,
8298,4037,1,14,1,28860,,,-3,,
8299,4037,1,478,11,28860,,,-3,,
8300,4038,1,23,10,28860,,,-3,,
8301,4038,1,34,2,28860,,,-3,,
8302,4039,1,36,8,28920,,,-3,,
8303,4039,1,26,5,28920,,,-3,,
8304,4039,1,466,7,28920,,,-3,,
8305,4039,1,62,10,28920,,,-3,,
8306,4039,1,383,8,28920,,,-3,,
8307,4039,1,227,5,28920,,,-3,,
8308,4040,1,187,4,28920,,,-3,,
8309,4040,1,10,6,28920,,,-3,,
8310,4041,1,431,8,28920,,,-3,,
8311,4042,1,0,3,28920,,,-3,,
8312,4043,1,261,4,28920,,,-3,,
8313,4044,1,115,4,28920,,,-3,,
8314,4045,1,153,10,28920,,,-3,,
8315,4046,1,208,8,28920,,,-3,,
8316,4046,1,200,6,28920,,,-3,,
8317,4047,1,402,6,28920,,,-3,,
8318,4048,1,188,4,28980,,,-3,,
8319,4048,1,33,8,28980,,,-3,,
8320,4048,1,200,11,28980,,,-3,,
8321,4049,1,31,6,28980,,,-3,,
8322,4050,1,6,2,28980,,,-3,,
8323,4050,1,0,8,28980,,,-3,,
8324,4051,1,5,7,28980,,,-3,,
8325,4051,1,471,5,28980,,,-3,,
8326,4052,1,23,4,28980,,,-3,,
8327,4052,1,251,8,28980,,,-3,,
8328,4053,1,6,10,28980,,,-3,,
8329,4053,1,78,12,28980,,,-3,,
8330,4054,1,85,7,28980,,,-3,,
8331,4055,1,7,7,28980,,,-3,,
8332,4056,1,62,5,29040,,,-3,,
8333,4057,1,91,4,29040,,,-3,,
8334,4058,1,136,8,29040,,,-3,,
8335,4058,1,33,4,29040,,,-3,,
8336,4059,1,116,8,29040,,,-3,,
8337,4059,1,338,6,29040,,,-3,,
8338,4060,1,324,10,29040,,,-3,,
8339,4061,1,78,9,29040,,,-3,,
8340,4061,1,0,8,29040,,,-3,,
8341,4062,1,134,4,29040,,,-3,,
8342,4063,1,196,7,29100,,,-3,,
8343,4063,1,103,6,29100,,,-3,,
8344,4063,1,217,6,29100,,,-3,,
8345,4064,1,3,2,29100,,,-3,,
8346,4064,1,2,6,29100,,,-3,,
8347,4064,1,51,10,29100,,,-3,,
8348,4065,1,410,10,29100,,,-3,,
8349,4065,1,57,1,29100,,,-3,,
8350,4066,1,21,6,29100,,,-3,,
8351,4067,1,30,12,29100,,,-3,,
8352,4067,1,19,10,29100,,,-3,,
8353,4068,1,10,10,29100,,,-3,,
8354,4069,1,406,6,29100,,,-3,,
8355,4070,1,53,2,29100,,,-3,,
8356,4071,1,4,6,29100,,,-3,,
8357,4071,1,0,4,29100,,,-3,,
8358,4072,1,184,10,29100,,,-3,,
8359,4073,1,167,3,29100,,,-3,,
8360,4074,1,493,6,29100,,,-3,,
8361,4074,1,26,5,29100,,,-3,,
8362,4075,1,86,12,29160,,,-3,,
8363,4075,1,11,4,29160,,,-3,,
8364,4076,1,67,4,29160,,,-3,,
8365,4076,1,152,9,29160,,,-3,,
8366,4076,1,103,1,29160,,,-3,,
8367,4076,1,15,6,29160,,,-3,,
8368,4076,1,13,2,29160,,,-3,,
8369,4077,1,6,10,29160,,,-3,,
8370,4078,1,184,4,29160,,,-3,,
8371,4078,1,0,8,29160,,,-3,,
8372,4079,1,4,7,29160,,,-3,,
8373,4080,1,106,3,29160,,,-3,,
8374,4081,1,71,11,29160,,,-3,,
8375,4081,1,47,8,29160,,,-3,,
8376,4081,1,62,3,29160,,,-3,,
8377,4081,1,4,4,29160,,,-3,,
8378,4081,1,19,1,29160,,,-3,,
8379,4082,1,20,7,29160,,,-3,,
8380,4082,1,31,5,29160,,,-3,,
8381,4082,1,18,5,29160,,,-3,,
8382,4083,1,44,10,29160,,,-3,,
8383,4084,1,129,6,29160,,,-3,,
8384,4084,1,298,4,29160,,,-3,,
8385,4084,1,144,4,29160,,,-3,,
8386,4085,1,41,6,29160,,,-3,,
8387,4085,1,19,10,29160,,,-3,,
8388,4085,1,11,9,29160,,,-3,,
8389,4085,1,14,2,29160,,,-3,,
8390,4086,1,5,7,29220,,,-3,,
8391,4086,1,40,6,29220,,,-3,,
8392,4086,1,356,1,29220,,,-3,,
8393,4087,1,47,4,29220,,,-3,,
8394,4087,1,16,4,29220,,,-3,,
8395,4087,1,4,2,29220,,,-3,,
8396,4087,1,37,6,29220,,,-3,,
8397,4088,1,32,7,29220,,,-3,,
8398,4088,1,20,6,29220,,,-3,,
8399,4089,1,233,6,29220,,,-3,,
8400,4089,1,59,8,29220,,,-3,,
8401,4090,1,258,9,29220,,,-3,,
8402,4090,1,40,8,29220,,,-3,,
8403,4091,1,97,7,29220,,,-3,,
8404,4092,1,42,7,29220,,,-3,,
8405,4093,1,308,8,29280,,,-3,,
8406,4093,1,13,8,29280,,,-3,,
8407,4093,1,18,6,29280,,,-3,,
8408,4094,1,96,10,29280,,,-3,,
8409,4095,1,159,10,29280,,,-3,,
8410,4095,1,63,4,29280,,,-3,,
8411,4096,1,223,7,29280,,,-3,,
8412,4096,1,374,4,29280,,,-3,,
8413,4096,1,26,9,29280,,,-3,,
8414,4096,1,51,5,29280,,,-3,,
8415,4096,1,229,7,29280,,,-3,,
8416,4096,1,323,6,29280,,,-3,,
8417,4097,1,37,8,29280,,,-3,,
8418,4098,1,1,3,29280,,,-3,,
8419,4098,1,135,8,29280,,,-3,,
8420,4098,1,9,6,29280,,,-3,,
8421,4098,1,251,7,29280,,,-3,,
8422,4098,1,196,6,29280,,,-3,,
8423,4098,1,243,8,29280,,,-3,,
8424,4098,1,17,4,29280,,,-3,,
8425,4099,1,17,7,29340,,,-3,,
8426,4100,1,9,8,29340,,,-3,,
8427,4100,1,22,9,29340,,,-3,,
8428,4101,1,1,7,29340,,,-3,,
8429,4102,1,8,11,29340,,,-3,,
8430,4103,1,82,7,29340,,,-3,,
8431,4104,1,12,2,29400,,,-3,,
8432,4104,1,38,3,29400,,,-3,,
8433,4104,1,1,7,29400,,,-3,,
8434,4105,1,58,5,29400,,,-3,,
8435,4106,1,55,10,29400,,,-3,,
8436,4106,1,51,6,29400,,,-3,,
8437,4106,1,187,4,29400,,,-3,,
8438,4107,1,48,3,29400,,,-3,,
8439,4107,1,21,10,29400,,,-3,,
8440,4107,1,340,12,29400,,,-3,,
8441,4108,1,3,8,29400,,,-3,,
8442,4108,1,227,4,29400,,,-3,,
8443,4108,1,299,2,29400,,,-3,,
8444,4109,1,16,2,29400,,,-3,,
8445,4110,1,280,4,29400,,,-3,,
8446,4111,1,146,11,29400,,,-3,,
8447,4111,1,148,10,29400,,,-3,,
8448,4111,1,30,8,29400,,,-3,,
8449,4112,1,11,6,29400,,,-3,,
8450,4112,1,2,4,29400,,,-3,,
8451,4113,1,28,4,29460,,,-3,,
8452,4113,1,36,6,29460,,,-3,,
8453,4113,1,45,2,29460,,,-3,,
8454,4113,1,1,6,29460,,,-3,,
8455,4114,1,30,5,29460,,,-3,,
8456,4115,1,4,7,29460,,,-3,,
8457,4115,1,120,9,29460,,,-3,,
8458,4116,1,174,6,29460,,,-3,,
8459,4117,1,16,5,29460,,,-3,,
8460,4117,1,32,6,29460,,,-3,,
8461,4118,1,127,6,29520,,,-3,,
8462,4119,1,113,6,29520,,,-3,,
8463,4119,1,322,2,29520,,,-3,,
8464,4120,1,145,6,29520,,,-3,,
8465,4121,1,24,12,29520,,,-3,,
8466,4122,1,293,6,29520,,,-3,,
8467,4122,1,48,12,29520,,,-3,,
8468,4123,1,31,9,29520,,,-3,,
8469,4123,1,48,6,29520,,,-3,,
8470,4124,1,56,4,29520,,,-3,,
8471,4125,1,41,12,29520,,,-3,,
8472,4126,1,11,9,29520,,,-3,,
8473,4127,1,174,8,29520,,,-3,,
8474,4128,1,14,6,29520,,,-3,,
8475,4129,1,0,1,29580,,,-3,,
8476,4129,1,24,6,29580,,,-3,,
8477,4130,1,43,8,29580,,,-3,,
8478,4131,1,409,3,29580,,,-3,,
8479,4132,1,3,6,29580,,,-3,,
8480,4132,1,23,12,29580,,,-3,,
8481,4132,1,29,2,29580,,,-3,,
8482,4132,1,100,6,29580,,,-3,,
8483,4133,1,0,8,29580,,,-3,,
8484,4134,1,483,8,29580,,,-3,,
8485,4135,1,209,2,29580,,,-3,,
8486,4136,1,18,4,29580,,,-3,,
8487,4137,1,0,12,29580,,,-3,,
8488,4137,1,161,5,29580,,,-3,,
8489,4138,1,153,4,29580,,,-3,,
8490,4139,1,40,7,29580,,,-3,,
8491,4140,1,68,4,29580,,,-3,,
8492,4140,1,159,9,29580,,,-3,,
8493,4141,1,53,4,29580,,,-3,,
8494,4141,1,41,6,29580,,,-3,,
8495,4141,1,4,10,29580,,,-3,,
8496,4142,1,39,4,29640,,,-3,,
8497,4143,1,23,10,29640,,,-3,,
8498,4144,1,217,6,29640,,,-3,,
8499,4144,1,28,6,29640,,,-3,,
8500,4144,1,178,11,29640,,,-3,,
8501,4144,1,66,8,29640,,,-3,,
8502,4145,1,103,6,29640,,,-3,,
8503,4145,1,18,7,29640,,,-3,,
8504,4145,1,36,3,29640,,,-3,,
8505,4146,1,80,10,29640,,,-3,,
8506,4147,1,10,5,29640,,,-3,,
8507,4148,1,174,9,29640,,,-3,,
8508,4148,1,16,6,29640,,,-3,,
8509,4149,1,10,3,29640,,,-3,,
8510,4149,1,38,6,29640,,,-3,,
8511,4149,1,118,2,29640,,,-3,,
8512,4149,1,427,10,29640,,,-3,,
8513,4149,1,157,6,29640,,,-3,,
8514,4149,1,358,8,29640,,,-3,,
8515,4150,1,37,5,29700,,,-3,,
8516,4151,1,141,8,29700,,,-3,,
8517,4151,1,392,12,29700,,,-3,,
8518,4152,1,35,12,29700,,,-3,,
8519,4152,1,72,3,29700,,,-3,,
8520,4153,1,23,4,29760,,,-3,,
8521,4153,1,9,4,29760,,,-3,,
8522,4154,1,4,5,29760,,,-3,,
8523,4154,1,8,8,29760,,,-3,,
8524,4155,1,421,5,29760,,,-3,,
8525,4156,1,44,12,29760,,,-3,,
8526,4156,1,474,6,29760,,,-3,,
8527,4156,1,0,8,29760,,,-3,,
8528,4157,1,415,10,29760,,,-3,,
8529,4158,1,21,8,29760,,,-3,,
8530,4158,1,8,8,29760,,,-3,,
8531,4159,1,59,2,29760,,,-3,,
8532,4159,1,2,2,29760,,,-3,,
8533,4160,1,236,6,29760,,,-3,,
8534,4160,1,15,4,29760,,,-3,,
8535,4160,1,17,8,29760,,,-3,,
8536,4160,1,4,7,29760,,,-3,,
8537,4161,1,275,10,29820,,,-3,,
8538,4161,1,0,4,29820,,,-3,,
8539,4162,1,132,3,29820,,,-3,,
8540,4162,1,62,6,29820,,,-3,,
8541,4162,1,116,7,29820,,,-3,,
8542,4162,1,2,4,29820,,,-3,,
8543,4162,1,117,8,29820,,,-3,,
8544,4162,1,393,10,29820,,,-3,,
8545,4163,1,10,3,29820,,,-3,,
8546,4164,1,12,8,29820,,,-3,,
8547,4164,1,61,8,29820,,,-3,,
8548,4165,1,74,10,29820,,,-3,,
8549,4165,1,48,4,29820,,,-3,,
8550,4166,1,8,10,29820,,,-3,,
8551,4167,1,48,12,29820,,,-3,,
8552,4168,1,32,3,29880,,,-3,,
8553,4168,1,113,6,29880,,,-3,,
8554,4169,1,4,4,29880,,,-3,,
8555,4170,1,20,8,29880,,,-3,,
8556,4171,1,68,8,29880,,,-3,,
8557,4171,1,392,8,29880,,,-3,,
8558,4172,1,168,10,29880,,,-3,,
8559,4172,1,32,12,29880,,,-3,,
8560,4172,1,0,5,29880,,,-3,,
8561,4173,1,64,6,29880,,,-3,,
8562,4174,1,137,4,29880,,,-3,,
8563,4175,1,9,2,29880,,,-3,,
8564,4175,1,21,9,29880,,,-3,,
8565,4175,1,342,9,29880,,,-3,,
8566,4176,1,64,4,29880,,,-3,,
8567,4176,1,7,4,29880,,,-3,,
8568,4177,1,250,8,29940,,,-3,,
8569,4177,1,47,10,29940,,,-3,,
8570,4178,1,164,6,29940,,,-3,,
8571,4179,1,64,5,29940,,,-3,,
8572,4180,1,32,8,29940,,,-3,,
8573,4180,1,9,7,29940,,,-3,,
8574,4181,1,36,8,29940,,,-3,,
8575,4181,1,5,6,29940,,,-3,,
8576,4182,1,57,6,29940,,,-3,,
8577,4182,1,6,4,29940,,,-3,,
8578,4182,1,117,2,29940,,,-3,,
8579,4183,1,154,8,29940,,,-3,,
8580,4184,1,131,10,29940,,,-3,,
8581,4184,1,4,2,29940,,,-3,,
8582,4184,1,382,4,29940,,,-3,,
8583,4185,1,3,4,30000,,,-3,,
8584,4185,1,21,9,30000,,,-3,,
8585,4186,1,179,8,30000,,,-3,,
8586,4186,1,25,4,30000,,,-3,,
8587,4187,1,56,6,30000,,,-3,,
8588,4187,1,73,5,30000,,,-3,,
8589,4188,1,67,7,30000,,,-3,,
8590,4189,1,30,8,30000,,,-3,,
8591,4190,1,213,6,30000,,,-3,,
8592,4191,1,2,9,30000,,,-3,,
8593,4191,1,11,10,30000,,,-3,,
8594,4191,1,234,8,30000,,,-3,,
8595,4191,1,0,10,30000,,,-3,,
8596,4192,1,47,4,30060,,,-3,,
8597,4193,1,6,1,30060,,,-3,,
8598,4193,1,154,5,30060,,,-3,,
8599,4194,1,329,8,30060,,,-3,,
8600,4195,1,108,6,30060,,,-3,,
8601,4195,1,287,8,30060,,,-3,,
8602,4196,1,182,2,30060,,,-3,,
8603,4197,1,37,8,30120,,,-3,,
8604,4197,1,68,8,30120,,,-3,,
8605,4198,1,109,4,30120,,,-3,,
8606,4198,1,23,10,30120,,,-3,,
8607,4199,1,9,4,30120,,,-3,,
8608,4199,1,3,5,30120,,,-3,,
8609,4200,1,162,2,30120,,,-3,,
8610,4201,1,2,10,30120,,,-3,,
8611,4202,1,41,2,30180,,,-3,,
8612,4203,1,259,4,30180,,,-3,,
8613,4203,1,19,10,30180,,,-3,,
8614,4204,1,33,4,30180,,,-3,,
8615,4204,1,238,6,30180,,,-3,,
8616,4204,1,141,3,30180,,,-3,,
8617,4204,1,22,4,30180,,,-3,,
8618,4205,1,0,4,30180,,,-3,,
8619,4206,1,234,12,30240,,,-3,,
8620,4207,1,18,8,30240,,,-3,,
8621,4207,1,5,9,30240,,,-3,,
8622,4207,1,179,5,30240,,,-3,,
8623,4208,1,6,6,30240,,,-3,,
8624,4209,1,375,8,30240,,,-3,,
8625,4209,1,109,9,30240,,,-3,,
8626,4209,1,250,10,30240,,,-3,,
8627,4210,1,1,5,30240,,,-3,,
8628,4211,1,229,4,30240,,,-3,,
8629,4211,1,25,4,30240,,,-3,,
8630,4212,1,352,10,30240,,,-3,,
8631,4213,1,188,10,30240,,,-3,,
8632,4214,1,35,3,30300,,,-3,,
8633,4215,1,390,1,30300,,,-3,,
8634,4215,1,23,9,30300,,,-3,,
8635,4215,1,72,3,30300,,,-3,,
8636,4215,1,425,6,30300,,,-3,,
8637,4215,1,405,1,30300,,,-3,,
8638,4215,1,362,6,30300,,,-3,,
8639,4215,1,164,5,30300,,,-3,,
8640,4216,1,104,7,30300,,,-3,,
8641,4216,1,50,7,30300,,,-3,,
8642,4217,1,471,6,30300,,,-3,,
8643,4218,1,353,4,30300,,,-3,,
8644,4219,1,68,2,30300,,,-3,,
8645,4220,1,136,6,30300,,,-3,,
8646,4220,1,363,7,30300,,,-3,,
8647,4221,1,53,4,30300,,,-3,,
8648,4221,1,52,2,30300,,,-3,,
8649,4222,1,468,6,30300,,,-3,,
8650,4223,1,0,11,30360,,,-3,,
8651,4224,1,226,8,30360,,,-3,,
8652,4225,1,92,4,30360,,,-3,,
8653,4226,1,71,4,30360,,,-3,,
8654,4226,1,476,9,30360,,,-3,,
8655,4227,1,113,8,30360,,,-3,,
8656,4227,1,31,8,30360,,,-3,,
8657,4228,1,228,6,30420,,,-3,,
8658,4228,1,61,10,30420,,,-3,,
8659,4228,1,410,6,30420,,,-3,,
8660,4228,1,148,4,30420,,,-3,,
8661,4228,1,84,8,30420,,,-3,,
8662,4229,1,97,6,30420,,,-3,,
8663,4229,1,10,6,30420,,,-3,,
8664,4229,1,6,5,30420,,,-3,,
8665,4230,1,39,2,30420,,,-3,,
8666,4231,1,15,6,30420,,,-3,,
8667,4231,1,2,5,30420,,,-3,,
8668,4232,1,24,7,30420,,,-3,,
8669,4232,1,110,8,30420,,,-3,,
8670,4233,1,132,5,30420,,,-3,,
8671,4234,1,54,6,30420,,,-3,,
8672,4234,1,8,8,30420,,,-3,,
8673,4234,1,1,8,30420,,,-3,,
8674,4235,1,3,3,30420,,,-3,,
8675,4236,1,116,6,30420,,,-3,,
8676,4237,1,315,4,30420,,,-3,,
8677,4238,1,157,10,30420,,,-3,,
8678,4239,1,7,2,30420,,,-3,,
8679,4239,1,23,8,30420,,,-3,,
8680,4240,1,186,4,30480,,,-3,,
8681,4241,1,5,8,30480,,,-3,,
8682,4241,1,202,5,30480,,,-3,,
8683,4242,1,109,8,30480,,,-3,,
8684,4242,1,360,6,30480,,,-3,,
8685,4242,1,3,10,30480,,,-3,,
8686,4243,1,298,10,30480,,,-3,,
8687,4244,1,83,7,30480,,,-3,,
8688,4244,1,210,7,30480,,,-3,,
8689,4244,1,90,6,30480,,,-3,,
8690,4244,1,400,8,30480,,,-3,,
8691,4245,1,332,6,30480,,,-3,,
8692,4245,1,75,6,30480,,,-3,,
8693,4245,1,428,2,30480,,,-3,,
8694,4246,1,328,4,30480,,,-3,,
8695,4247,1,39,10,30480,,,-3,,
8696,4247,1,212,3,30480,,,-3,,
8697,4248,1,52,1,30480,,,-3,,
8698,4249,1,22,4,30480,,,-3,,
8699,4249,1,2,6,30480,,,-3,,
8700,4249,1,29,6,30480,,,-3,,
8701,4250,1,463,8,30540,,,-3,,
8702,4251,1,17,10,30540,,,-3,,
8703,4251,1,5,3,30540,,,-3,,
8704,4251,1,205,7,30540,,,-3,,
8705,4252,1,5,10,30540,,,-3,,
8706,4253,1,492,9,30540,,,-3,,
8707,4254,1,155,8,30600,,,-3,,
8708,4254,1,8,6,30600,,,-3,,
8709,4255,1,84,9,30600,,,-3,,
8710,4256,1,109,11,30600,,,-3,,
8711,4256,1,410,5,30600,,,-3,,
8712,4257,1,31,4,30600,,,-3,,
8713,4257,1,441,10,30600,,,-3,,
8714,4258,1,171,10,30600,,,-3,,
8715,4258,1,175,6,30600,,,-3,,
8716,4259,1,363,6,30600,,,-3,,
8717,4260,1,323,12,30600,,,-3,,
8718,4261,1,93,8,30600,,,-3,,
8719,4262,1,10,2,30600,,,-3,,
8720,4262,1,24,9,30600,,,-3,,
8721,4263,1,18,9,30660,,,-3,,
8722,4263,1,485,7,30660,,,-3,,
8723,4264,1,8,3,30660,,,-3,,
8724,4265,1,109,9,30660,,,-3,,
8725,4266,1,57,9,30660,,,-3,,
8726,4266,1,141,6,30660,,,-3,,
8727,4267,1,41,9,30660,,,-3,,
8728,4267,1,10,8,30660,,,-3,,
8729,4268,1,43,9,30660,,,-3,,
8730,4269,1,213,6,30660,,,-3,,
8731,4269,1,6,11,30660,,,-3,,
8732,4269,1,367,4,30660,,,-3,,
8733,4269,1,32,4,30660,,,-3,,
8734,4269,1,185,8,30660,,,-3,,
8735,4270,1,158,2,30660,,,-3,,
8736,4270,1,27,2,30660,,,-3,,
8737,4271,1,92,8,30660,,,-3,,
8738,4271,1,19,6,30660,,,-3,,
8739,4272,1,2,9,30660,,,-3,,
8740,4273,1,4,5,30660,,,-3,,
8741,4273,1,191,6,30660,,,-3,,
8742,4273,1,18,6,30660,,,-3,,
8743,4273,1,465,8,30660,,,-3,,
8744,4273,1,11,8,30660,,,-3,,
8745,4274,1,75,12,30720,,,-3,,
8746,4274,1,253,12,30720,,,-3,,
8747,4274,1,256,4,30720,,,-3,,
8748,4274,1,257,11,30720,,,-3,,
8749,4274,1,52,5,30720,,,-3,,
8750,4275,1,133,4,30720,,,-3,,
8751,4275,1,41,4,30720,,,-3,,
8752,4276,1,44,4,30720,,,-3,,
8753,4276,1,53,4,30720,,,-3,,
8754,4277,1,4,6,30720,,,-3,,
8755,4277,1,133,8,30720,,,-3,,
8756,4277,1,13,3,30720,,,-3,,
8757,4277,1,91,7,30720,,,-3,,
8758,4278,1,224,8,30720,,,-3,,
8759,4278,1,31,6,30720,,,-3,,
8760,4279,1,16,10,30720,,,-3,,
8761,4279,1,44,9,30720,,,-3,,
8762,4279,1,58,12,30720,,,-3,,
8763,4280,1,152,7,30720,,,-3,,
8764,4280,1,1,2,30720,,,-3,,
8765,4280,1,190,7,30720,,,-3,,
8766,4281,1,228,7,30720,,,-3,,
8767,4282,1,4,10,30780,,,-3,,
8768,4283,1,133,8,30780,,,-3,,
8769,4283,1,93,7,30780,,,-3,,
8770,4283,1,48,3,30780,,,-3,,
8771,4284,1,30,1,30780,,,-3,,
8772,4285,1,120,8,30780,,,-3,,
8773,4285,1,37,10,30780,,,-3,,
8774,4286,1,2,6,30780,,,-3,,
8775,4286,1,389,7,30780,,,-3,,
8776,4286,1,27,1,30780,,,-3,,
8777,4287,1,34,8,30780,,,-3,,
8778,4287,1,327,8,30780,,,-3,,
8779,4288,1,456,1,30840,,,-3,,
8780,4289,1,20,8,30840,,,-3,,
8781,4290,1,2,12,30840,,,-3,,
8782,4291,1,128,4,30840,,,-3,,
8783,4292,1,186,4,30840,,,-3,,
8784,4293,1,50,10,30840,,,-3,,
8785,4293,1,3,11,30840,,,-3,,
8786,4293,1,40,12,30840,,,-3,,
8787,4293,1,452,7,30840,,,-3,,
8788,4294,1,43,10,30840,,,-3,,
8789,4294,1,404,6,30840,,,-3,,
8790,4294,1,157,4,30840,,,-3,,
8791,4294,1,57,2,30840,,,-3,,
8792,4294,1,114,4,30840,,,-3,,
8793,4294,1,180,4,30840,,,-3,,
8794,4295,1,19,6,30840,,,-3,,
8795,4295,1,13,5,30840,,,-3,,
8796,4296,1,3,8,30840,,,-3,,
8797,4297,1,49,6,30840,,,-3,,
8798,4298,1,112,10,30900,,,-3,,
8799,4298,1,306,10,30900,,,-3,,
8800,4299,1,278,3,30900,,,-3,,
8801,4299,1,110,5,30900,,,-3,,
8802,4300,1,0,5,30900,,,-3,,
8803,4301,1,23,12,30900,,,-3,,
8804,4302,1,459,10,30900,,,-3,,
8805,4303,1,144,4,30900,,,-3,,
8806,4304,1,90,11,30900,,,-3,,
8807,4304,1,100,9,30900,,,-3,,
8808,4304,1,1,6,30900,,,-3,,
8809,4304,1,19,4,30900,,,-3,,
8810,4305,1,175,10,30900,,,-3,,
8811,4306,1,75,10,30900,,,-3,,
8812,4306,1,6,2,30900,,,-3,,
8813,4306,1,18,1,30900,,,-3,,
8814,4307,1,61,11,30960,,,-3,,
8815,4308,1,8,7,30960,,,-3,,
8816,4308,1,255,2,30960,,,-3,,
8817,4309,1,2,6,30960,,,-3,,
8818,4310,1,464,8,30960,,,-3,,
8819,4311,1,66,10,30960,,,-3,,
8820,4311,1,28,11,30960,,,-3,,
8821,4312,1,456,8,30960,,,-3,,
8822,4312,1,4,8,30960,,,-3,,
8823,4312,1,61,4,30960,,,-3,,
8824,4312,1,420,8,30960,,,-3,,
8825,4313,1,12,6,30960,,,-3,,
8826,4314,1,10,7,30960,,,-3,,
8827,4315,1,5,6,30960,,,-3,,
8828,4315,1,2,6,30960,,,-3,,
8829,4316,1,43,9,30960,,,-3,,
8830,4316,1,40,4,30960,,,-3,,
8831,4317,1,193,2,31020,,,-3,,
8832,4318,1,35,8,31020,,,-3,,
8833,4319,1,96,4,31020,,,-3,,
8834,4319,1,26,6,31020,,,-3,,
8835,4320,1,22,9,31020,,,-3,,
8836,4320,1,69,8,31020,,,-3,,
8837,4321,1,46,7,31020,,,-3,,
8838,4321,1,100,6,31020,,,-3,,
8839,4321,1,8,10,31020,,,-3,,
8840,4322,1,44,4,31020,,,-3,,
8841,4323,1,0,7,31080,,,-3,,
8842,4324,1,150,10,31080,,,-3,,
8843,4324,1,103,6,31080,,,-3,,
8844,4325,1,79,4,31080,,,-3,,
8845,4325,1,160,6,31080,,,-3,,
8846,4326,1,12,2,31080,,,-3,,
8847,4326,1,92,4,31080,,,-3,,
8848,4327,1,455,4,31080,,,-3,,
8849,4327,1,120,12,31080,,,-3,,
8850,4327,1,72,7,31080,,,-3,,
8851,4327,1,11,6,31080,,,-3,,
8852,4328,1,140,7,31140,,,-3,,
8853,4328,1,271,9,31140,,,-3,,
8854,4329,1,23,4,31140,,,-3,,
8855,4329,1,236,5,31140,,,-3,,
8856,4329,1,148,11,31140,,,-3,,
8857,4329,1,117,5,31140,,,-3,,
8858,4330,1,223,5,31140,,,-3,,
8859,4330,1,83,4,31140,,,-3,,
8860,4331,1,373,9,31140,,,-3,,
8861,4332,1,2,10,31140,,,-3,,
8862,4333,1,65,12,31140,,,-3,,
8863,4334,1,368,8,31200,,,-3,,
8864,4334,1,48,8,31200,,,-3,,
8865,4335,1,13,6,31200,,,-3,,
8866,4335,1,182,8,31200,,,-3,,
8867,4335,1,357,9,31200,,,-3,,
8868,4336,1,82,6,31200,,,-3,,
8869,4337,1,48,6,31200,,,-3,,
8870,4337,1,435,6,31200,,,-3,,
8871,4337,1,186,8,31200,,,-3,,
8872,4337,1,65,3,31200,,,-3,,
8873,4337,1,36,6,31200,,,-3,,
8874,4337,1,37,8,31200,,,-3,,
8875,4337,1,13,8,31200,,,-3,,
8876,4338,1,51,4,31200,,,-3,,
8877,4339,1,29,6,31200,,,-3,,
8878,4340,1,111,2,31200,,,-3,,
8879,4341,1,41,10,31200,,,-3,,
8880,4341,1,13,8,31200,,,-3,,
8881,4342,1,75,9,31200,,,-3,,
8882,4342,1,433,12,31200,,,-3,,
8883,4343,1,5,9,31200,,,-3,,
8884,4343,1,202,7,31200,,,-3,,
8885,4344,1,5,2,31260,,,-3,,
8886,4345,1,49,6,31260,,,-3,,
8887,4345,1,7,4,31260,,,-3,,
8888,4346,1,6,6,31260,,,-3,,
8889,4346,1,278,2,31260,,,-3,,
8890,4347,1,48,7,31260,,,-3,,
8891,4348,1,373,7,31260,,,-3,,
8892,4348,1,87,12,31260,,,-3,,
8893,4348,1,126,6,31260,,,-3,,
8894,4349,1,29,10,31260,,,-3,,
8895,4349,1,28,4,31260,,,-3,,
8896,4349,1,330,2,31260,,,-3,,
8897,4349,1,296,4,31260,,,-3,,
8898,4349,1,48,5,31260,,,-3,,
8899,4350,1,19,10,31260,,,-3,,
8900,4350,1,188,6,31260,,,-3,,
8901,4350,1,63,4,31260,,,-3,,
8902,4351,1,5,4,31260,,,-3,,
8903,4351,1,12,10,31260,,,-3,,
8904,4352,1,195,2,31320,,,-3,,
8905,4352,1,111,12,31320,,,-3,,
8906,4353,1,105,8,31320,,,-3,,
8907,4353,1,140,5,31320,,,-3,,
8908,4354,1,6,8,31320,,,-3,,
8909,4355,1,85,9,31320,,,-3,,
8910,4355,1,423,12,31320,,,-3,,
8911,4355,1,83,12,31320,,,-3,,
8912,4356,1,0,6,31320,,,-3,,
8913,4356,1,29,8,31320,,,-3,,
8914,4356,1,483,6,31320,,,-3,,
8915,4357,1,90,5,31320,,,-3,,
8916,4357,1,23,10,31320,,,-3,,
8917,4358,1,166,4,31320,,,-3,,
8918,4358,1,147,2,31320,,,-3,,
8919,4359,1,120,6,31320,,,-3,,
8920,4360,1,312,2,31320,,,-3,,
8921,4361,1,43,1,31380,,,-3,,
8922,4362,1,14,2,31380,,,-3,,
8923,4363,1,1,8,31380,,,-3,,
8924,4364,1,1,12,31380,,,-3,,
8925,4364,1,86,7,31380,,,-3,,
8926,4364,1,19,2,31380,,,-3,,
8927,4364,1,168,3,31380,,,-3,,
8928,4364,1,46,8,31380,,,-3,,
8929,4364,1,16,9,31380,,,-3,,
8930,4365,1,196,9,31380,,,-3,,
8931,4366,1,241,4,31380,,,-3,,
8932,4366,1,8,9,31380,,,-3,,
8933,4366,1,334,12,31380,,,-3,,
8934,4366,1,12,7,31380,,,-3,,
8935,4367,1,194,8,31380,,,-3,,
8936,4367,1,233,7,31380,,,-3,,
8937,4368,1,102,4,31440,,,-3,,
8938,4368,1,39,6,31440,,,-3,,
8939,4368,1,41,10,31440,,,-3,,
8940,4369,1,128,4,31440,,,-3,,
8941,4369,1,150,6,31440,,,-3,,
8942,4370,1,10,4,31440,,,-3,,
8943,4371,1,13,6,31440,,,-3,,
8944,4372,1,35,4,31440,,,-3,,
8945,4372,1,44,8,31440,,,-3,,
8946,4373,1,163,2,31440,,,-3,,
8947,4373,1,48,4,31440,,,-3,,
8948,4373,1,159,12,31440,,,-3,,
8949,4373,1,366,10,31440,,,-3,,
8950,4373,1,14,6,31440,,,-3,,
8951,4373,1,28,8,31440,,,-3,,
8952,4373,1,24,7,31440,,,-3,,
8953,4374,1,142,4,31440,,,-3,,
8954,4374,1,265,8,31440,,,-3,,
8955,4374,1,3,8,31440,,,-3,,
8956,4374,1,75,8,31440,,,-3,,
8957,4374,1,171,6,31440,,,-3,,
8958,4375,1,93,8,31440,,,-3,,
8959,4375,1,136,8,31440,,,-3,,
8960,4375,1,17,4,31440,,,-3,,
8961,4375,1,86,12,31440,,,-3,,
8962,4375,1,22,6,31440,,,-3,,
8963,4376,1,161,6,31440,,,-3,,
8964,4377,1,19,8,31440,,,-3,,
8965,4377,1,1,4,31440,,,-3,,
8966,4378,1,17,10,31440,,,-3,,
8967,4379,1,51,8,31500,,,-3,,
8968,4380,1,196,11,31500,,,-3,,
8969,4380,1,9,12,31500,,,-3,,
8970,4380,1,5,4,31500,,,-3,,
8971,4381,1,65,6,31500,,,-3,,
8972,4381,1,17,12,31500,,,-3,,
8973,4382,1,360,3,31500,,,-3,,
8974,4383,1,39,10,31500,,,-3,,
8975,4384,1,109,11,31500,,,-3,,
8976,4385,1,60,8,31500,,,-3,,
8977,4386,1,102,6,31500,,,-3,,
8978,4387,1,169,4,31560,,,-3,,
8979,4388,1,52,6,31560,,,-3,,
8980,4388,1,449,10,31560,,,-3,,
8981,4389,1,41,9,31560,,,-3,,
8982,4389,1,17,4,31560,,,-3,,
8983,4389,1,8,10,31560,,,-3,,
8984,4389,1,4,6,31560,,,-3,,
8985,4389,1,5,6,31560,,,-3,,
8986,4389,1,22,9,31560,,,-3,,
8987,4390,1,134,7,31560,,,-3,,
8988,4391,1,98,10,31620,,,-3,,
8989,4392,1,42,7,31620,,,-3,,
8990,4393,1,9,7,31620,,,-3,,
8991,4393,1,184,4,31620,,,-3,,
8992,4393,1,20,4,31620,,,-3,,
8993,4393,1,51,11,31620,,,-3,,
8994,4394,1,2,10,31620,,,-3,,
8995,4394,1,19,10,31620,,,-3,,
8996,4394,1,6,12,31620,,,-3,,
8997,4394,1,10,6,31620,,,-3,,
8998,4395,1,149,12,31620,,,-3,,
8999,4396,1,230,12,31620,,,-3,,
9000,4396,1,3,7,31620,,,-3,,
9001,4397,1,282,2,31620,,,-3,,
9002,4397,1,40,9,31620,,,-3,,
9003,4397,1,61,5,31620,,,-3,,
9004,4397,1,114,6,31620,,,-3,,
9005,4397,1,1,4,31620,,,-3,,
9006,4398,1,397,7,31620,,,-3,,
9007,4398,1,472,11,31620,,,-3,,
9008,4399,1,178,8,31620,,,-3,,
9009,4399,1,168,4,31620,,,-3,,
9010,4400,1,49,8,31620,,,-3,,
9011,4401,1,213,7,31620,,,-3,,
9012,4401,1,309,9,31620,,,-3,,
9013,4401,1,447,8,31620,,,-3,,
9014,4402,1,222,10,31620,,,-3,,
9015,4403,1,8,3,31620,,,-3,,
9016,4403,1,35,9,31620,,,-3,,
9017,4403,1,12,4,31620,,,-3,,
9018,4404,1,42,6,31620,,,-3,,
9019,4405,1,32,8,31620,,,-3,,
9020,4406,1,24,7,31680,,,-3,,
9021,4407,1,9,6,31680,,,-3,,
9022,4407,1,73,8,31680,,,-3,,
9023,4408,1,166,8,31680,,,-3,,
9024,4408,1,16,4,31680,,,-3,,
9025,4408,1,8,9,31680,,,-3,,
9026,4408,1,80,9,31680,,,-3,,
9027,4408,1,14,4,31680,,,-3,,
9028,4408,1,155,4,31680,,,-3,,
9029,4409,1,6,2,31680,,,-3,,
9030,4410,1,5,8,31680,,,-3,,
9031,4411,1,191,6,31680,,,-3,,
9032,4412,1,49,10,31680,,,-3,,
9033,4413,1,60,6,31680,,,-3,,
9034,4414,1,77,3,31680,,,-3,,
9035,4415,1,1,7,31680,,,-3,,
9036,4416,1,108,10,31680,,,-3,,
9037,4416,1,292,6,31680,,,-3,,
