pod_id,pod_type,slot_id,slot_type,item,unusedColumn1,unusedColumn2,unusedColumn3,qty,max_qty,due_date,facing,pick_ind,slot_sequence,item_weight,total_item_weight,item_pod_inventory_level,item_warehouse_inventory_level
0,0,0,0,233,0,0,0,80,80,99999,0,0,0,0.179,14.32,0.6,0.5
0,0,1,0,146,0,0,0,24,24,99999,0,0,1,0.561,13.464,0.5,0.4
0,0,2,0,270,0,0,0,80,80,99999,0,0,2,0.924,73.92,0.6,0.5
0,0,3,0,19,0,0,0,12,12,99999,0,0,3,0.28,3.36,0.4,0.3
0,0,4,0,351,0,0,0,192,192,99999,0,0,4,0.368,70.656,0.6,0.5
0,0,5,0,16,0,0,0,12,12,99999,0,0,5,0.301,3.612,0.4,0.3
0,0,6,0,269,0,0,0,36,36,99999,0,0,6,0.126,4.536,0.6,0.5
0,0,7,0,366,0,0,0,72,72,99999,0,0,7,0.643,46.296,0.6,0.5
0,0,8,0,30,0,0,0,24,24,99999,0,0,8,0.387,9.288,0.4,0.3
0,0,9,0,10,0,0,0,210,210,99999,0,0,9,0.118,24.78,0.4,0.3
1,0,0,0,22,0,0,0,72,72,99999,0,0,10,0.125,9.0,0.4,0.3
1,0,1,0,308,0,0,0,180,180,99999,0,0,11,0.109,19.62,0.6,0.5
1,0,2,0,313,0,0,0,12,12,99999,0,0,12,0.375,4.5,0.6,0.5
1,0,3,0,145,0,0,0,24,24,99999,0,0,13,0.288,6.912,0.5,0.4
1,0,4,0,299,0,0,0,432,432,99999,0,0,14,0.161,69.552,0.6,0.5
1,0,5,0,295,0,0,0,18,18,99999,0,0,15,2.168,39.024,0.6,0.5
1,0,6,0,45,0,0,0,72,72,99999,0,0,16,0.125,9.0,0.4,0.3
1,0,7,0,315,0,0,0,20,20,99999,0,0,17,0.228,4.56,0.6,0.5
1,0,8,0,205,0,0,0,60,60,99999,0,0,18,1.05,63.0,0.6,0.5
1,0,9,0,88,0,0,0,180,180,99999,0,0,19,0.108,19.44,0.5,0.4
2,0,0,0,206,0,0,0,120,120,99999,0,0,20,0.155,18.6,0.6,0.5
2,0,1,0,96,0,0,0,96,96,99999,0,0,21,0.668,64.128,0.5,0.4
2,0,2,0,409,0,0,0,48,48,99999,0,0,22,0.218,10.464,0.6,0.5
2,0,3,0,316,0,0,0,32,32,99999,0,0,23,0.468,14.976,0.6,0.5
2,0,4,0,395,0,0,0,36,36,99999,0,0,24,0.461,16.596,0.6,0.5
2,0,5,0,292,0,0,0,384,384,99999,0,0,25,0.269,103.296,0.6,0.5
2,0,6,0,39,0,0,0,360,360,99999,0,0,26,0.276,99.36,0.4,0.3
2,0,7,0,28,0,0,0,12,12,99999,0,0,27,0.387,4.644,0.4,0.3
2,0,8,0,431,0,0,0,10,10,99999,0,0,28,0.73,7.3,0.6,0.5
2,0,9,0,145,0,0,0,24,24,99999,0,0,29,0.288,6.912,0.5,0.4
3,0,0,0,39,0,0,0,360,360,99999,0,0,30,0.276,99.36,0.4,0.3
3,0,1,0,410,0,0,0,84,84,99999,0,0,31,0.542,45.528,0.6,0.5
3,0,2,0,14,0,0,0,12,12,99999,0,0,32,0.41,4.92,0.4,0.3
3,0,3,0,451,0,0,0,72,72,99999,0,0,33,0.662,47.664,0.6,0.5
3,0,4,0,239,0,0,0,24,24,99999,0,0,34,0.433,10.392,0.6,0.5
3,0,5,0,237,0,0,0,24,24,99999,0,0,35,2.24,53.76,0.6,0.5
3,0,6,0,295,0,0,0,18,18,99999,0,0,36,2.168,39.024,0.6,0.5
3,0,7,0,297,0,0,0,168,168,99999,0,0,37,0.072,12.096,0.6,0.5
3,0,8,0,361,0,0,0,312,312,99999,0,0,38,0.328,102.336,0.6,0.5
3,0,9,0,160,0,0,0,10,10,99999,0,0,39,6.195,61.95,0.5,0.4
4,0,0,0,12,0,0,0,8,8,99999,0,0,40,0.306,2.448,0.4,0.3
4,0,1,0,408,0,0,0,96,96,99999,0,0,41,0.088,8.448,0.6,0.5
4,0,2,0,499,0,0,0,240,240,99999,0,0,42,0.336,80.64,0.6,0.5
4,0,3,0,292,0,0,0,384,384,99999,0,0,43,0.269,103.296,0.6,0.5
4,0,4,0,40,0,0,0,24,24,99999,0,0,44,2.218,53.232,0.4,0.3
4,0,5,0,468,0,0,0,210,210,99999,0,0,45,0.115,24.15,0.6,0.5
4,0,6,0,319,0,0,0,48,48,99999,0,0,46,0.397,19.056,0.6,0.5
4,0,7,0,304,0,0,0,90,90,99999,0,0,47,0.28,25.2,0.6,0.5
4,0,8,0,325,0,0,0,27,27,99999,0,0,48,3.0,81.0,0.6,0.5
4,0,9,0,114,0,0,0,360,360,99999,0,0,49,0.279,100.44,0.5,0.4
5,0,0,0,396,0,0,0,12,12,99999,0,0,50,0.33,3.96,0.6,0.5
5,0,1,0,293,0,0,0,264,264,99999,0,0,51,0.375,99.0,0.6,0.5
5,0,2,0,37,0,0,0,384,384,99999,0,0,52,0.277,106.368,0.4,0.3
5,0,3,0,85,0,0,0,24,24,99999,0,0,53,0.392,9.408,0.5,0.4
5,0,4,0,36,0,0,0,12,12,99999,0,0,54,3.463,41.556,0.4,0.3
5,0,5,0,9,0,0,0,180,180,99999,0,0,55,0.1,18.0,0.4,0.3
5,0,6,0,463,0,0,0,204,204,99999,0,0,56,0.092,18.768,0.6,0.5
5,0,7,0,135,0,0,0,96,96,99999,0,0,57,0.716,68.736,0.5,0.4
5,0,8,0,6,0,0,0,10,10,99999,0,0,58,0.34,3.4,0.4,0.3
5,0,9,0,186,0,0,0,70,70,99999,0,0,59,0.181,12.67,0.5,0.4
6,0,0,0,209,0,0,0,210,210,99999,0,0,60,0.115,24.15,0.6,0.5
6,0,1,0,371,0,0,0,60,60,99999,0,0,61,0.31,18.6,0.6,0.5
6,0,2,0,214,0,0,0,168,168,99999,0,0,62,0.441,74.088,0.6,0.5
6,0,3,0,235,0,0,0,30,30,99999,0,0,63,0.23,6.9,0.6,0.5
6,0,4,0,42,0,0,0,30,30,99999,0,0,64,0.454,13.62,0.4,0.3
6,0,5,0,314,0,0,0,77,77,99999,0,0,65,1.0,77.0,0.6,0.5
6,0,6,0,40,0,0,0,24,24,99999,0,0,66,2.218,53.232,0.4,0.3
6,0,7,0,44,0,0,0,120,120,99999,0,0,67,0.62,74.4,0.4,0.3
6,0,8,0,23,0,0,0,210,210,99999,0,0,68,0.11,23.1,0.4,0.3
6,0,9,0,265,0,0,0,30,30,99999,0,0,69,0.468,14.04,0.6,0.5
7,0,0,0,274,0,0,0,48,48,99999,0,0,70,0.307,14.736,0.6,0.5
7,0,1,0,36,0,0,0,12,12,99999,0,0,71,3.463,41.556,0.4,0.3
7,0,2,0,41,0,0,0,80,80,99999,0,0,72,0.152,12.16,0.4,0.3
7,0,3,0,7,0,0,0,192,192,99999,0,0,73,0.45,86.4,0.4,0.3
7,0,4,0,20,0,0,0,216,216,99999,0,0,74,0.386,83.376,0.4,0.3
7,0,5,0,445,0,0,0,15,15,99999,0,0,75,0.55,8.25,0.6,0.5
7,0,6,0,351,0,0,0,192,192,99999,0,0,76,0.368,70.656,0.6,0.5
7,0,7,0,34,0,0,0,336,336,99999,0,0,77,0.233,78.288,0.4,0.3
7,0,8,0,170,0,0,0,60,60,99999,0,0,78,0.59,35.4,0.5,0.4
7,0,9,0,28,0,0,0,12,12,99999,0,0,79,0.387,4.644,0.4,0.3
8,0,0,0,48,0,0,0,360,360,99999,0,0,80,0.275,99.0,0.4,0.3
8,0,1,0,418,0,0,0,27,27,99999,0,0,81,1.5,40.5,0.6,0.5
8,0,2,0,5,0,0,0,192,192,99999,0,0,82,0.417,80.064,0.4,0.3
8,0,3,0,256,0,0,0,24,24,99999,0,0,83,0.446,10.704,0.6,0.5
8,0,4,0,342,0,0,0,72,72,99999,0,0,84,0.65,46.8,0.6,0.5
8,0,5,0,19,0,0,0,12,12,99999,0,0,85,0.28,3.36,0.4,0.3
8,0,6,0,22,0,0,0,72,72,99999,0,0,86,0.125,9.0,0.4,0.3
8,0,7,0,363,0,0,0,10,10,99999,0,0,87,6.4,64.0,0.6,0.5
8,0,8,0,20,0,0,0,216,216,99999,0,0,88,0.386,83.376,0.4,0.3
8,0,9,0,45,0,0,0,72,72,99999,0,0,89,0.125,9.0,0.4,0.3
9,0,0,0,229,0,0,0,48,48,99999,0,0,90,0.291,13.968,0.6,0.5
9,0,1,0,118,0,0,0,180,180,99999,0,0,91,0.1,18.0,0.5,0.4
9,0,2,0,51,0,0,0,336,336,99999,0,0,92,0.278,93.408,0.5,0.4
9,0,3,0,481,0,0,0,210,210,99999,0,0,93,0.104,21.84,0.6,0.5
9,0,4,0,458,0,0,0,24,24,99999,0,0,94,0.272,6.528,0.6,0.5
9,0,5,0,216,0,0,0,20,20,99999,0,0,95,1.0,20.0,0.6,0.5
9,0,6,0,467,0,0,0,336,336,99999,0,0,96,0.246,82.656,0.6,0.5
9,0,7,0,24,0,0,0,20,20,99999,0,0,97,0.441,8.82,0.4,0.3
9,0,8,0,15,0,0,0,12,12,99999,0,0,98,0.367,4.404,0.4,0.3
9,0,9,0,440,0,0,0,24,24,99999,0,0,99,0.192,4.608,0.6,0.5
10,0,0,0,174,0,0,0,90,90,99999,0,0,100,0.13,11.7,0.5,0.4
10,0,1,0,120,0,0,0,240,240,99999,0,0,101,0.3,72.0,0.5,0.4
10,0,2,0,23,0,0,0,210,210,99999,0,0,102,0.11,23.1,0.4,0.3
10,0,3,0,426,0,0,0,36,36,99999,0,0,103,0.408,14.688,0.6,0.5
10,0,4,0,413,0,0,0,288,288,99999,0,0,104,0.362,104.256,0.6,0.5
10,0,5,0,139,0,0,0,28,28,99999,0,0,105,0.168,4.704,0.5,0.4
10,0,6,0,39,0,0,0,360,360,99999,0,0,106,0.276,99.36,0.4,0.3
10,0,7,0,17,0,0,0,108,108,99999,0,0,107,0.176,19.008,0.4,0.3
10,0,8,0,274,0,0,0,48,48,99999,0,0,108,0.307,14.736,0.6,0.5
10,0,9,0,185,0,0,0,120,120,99999,0,0,109,0.532,63.84,0.5,0.4
11,0,0,0,152,0,0,0,12,12,99999,0,0,110,0.708,8.496,0.5,0.4
11,0,1,0,232,0,0,0,27,27,99999,0,0,111,6.0,162.0,0.6,0.5
11,0,2,0,134,0,0,0,24,24,99999,0,0,112,0.409,9.816,0.5,0.4
11,0,3,0,442,0,0,0,384,384,99999,0,0,113,0.276,105.984,0.6,0.5
11,0,4,0,368,0,0,0,10,10,99999,0,0,114,6.0,60.0,0.6,0.5
11,0,5,0,452,0,0,0,12,12,99999,0,0,115,4.225,50.7,0.6,0.5
11,0,6,0,7,0,0,0,192,192,99999,0,0,116,0.45,86.4,0.4,0.3
11,0,7,0,46,0,0,0,30,30,99999,0,0,117,0.373,11.19,0.4,0.3
11,0,8,0,72,0,0,0,120,120,99999,0,0,118,0.62,74.4,0.5,0.4
11,0,9,0,391,0,0,0,5,5,99999,0,0,119,7.23,36.15,0.6,0.5
12,0,0,0,62,0,0,0,60,60,99999,0,0,120,0.15,9.0,0.5,0.4
12,0,1,0,484,0,0,0,432,432,99999,0,0,121,0.218,94.176,0.6,0.5
12,0,2,0,426,0,0,0,36,36,99999,0,0,122,0.408,14.688,0.6,0.5
12,0,3,0,43,0,0,0,240,240,99999,0,0,123,0.3,72.0,0.4,0.3
12,0,4,0,30,0,0,0,24,24,99999,0,0,124,0.387,9.288,0.4,0.3
12,0,5,0,424,0,0,0,96,96,99999,0,0,125,0.619,59.424,0.6,0.5
12,0,6,0,75,0,0,0,12,12,99999,0,0,126,1.138,13.656,0.5,0.4
12,0,7,0,466,0,0,0,16,16,99999,0,0,127,0.381,6.096,0.6,0.5
12,0,8,0,0,0,0,0,36,36,99999,0,0,128,1.602,57.672,0.4,0.3
12,0,9,0,23,0,0,0,210,210,99999,0,0,129,0.11,23.1,0.4,0.3
13,0,0,0,448,0,0,0,77,77,99999,0,0,130,0.2,15.4,0.6,0.5
13,0,1,0,397,0,0,0,36,36,99999,0,0,131,0.273,9.828,0.6,0.5
13,0,2,0,39,0,0,0,360,360,99999,0,0,132,0.276,99.36,0.4,0.3
13,0,3,0,210,0,0,0,96,96,99999,0,0,133,0.637,61.152,0.6,0.5
13,0,4,0,0,0,0,0,36,36,99999,0,0,134,1.602,57.672,0.4,0.3
13,0,5,0,206,0,0,0,120,120,99999,0,0,135,0.155,18.6,0.6,0.5
13,0,6,0,450,0,0,0,36,36,99999,0,0,136,0.316,11.376,0.6,0.5
13,0,7,0,68,0,0,0,320,320,99999,0,0,137,0.052,16.64,0.5,0.4
13,0,8,0,343,0,0,0,192,192,99999,0,0,138,0.365,70.08,0.6,0.5
13,0,9,0,492,0,0,0,216,216,99999,0,0,139,0.358,77.328,0.6,0.5
14,0,0,0,351,0,0,0,192,192,99999,0,0,140,0.368,70.656,0.6,0.5
14,0,1,0,484,0,0,0,432,432,99999,0,0,141,0.218,94.176,0.6,0.5
14,0,2,0,33,0,0,0,240,240,99999,0,0,142,0.409,98.16,0.4,0.3
14,0,3,0,197,0,0,0,432,432,99999,0,0,143,0.164,70.848,0.5,0.4
14,0,4,0,280,0,0,0,24,24,99999,0,0,144,0.264,6.336,0.6,0.5
14,0,5,0,292,0,0,0,384,384,99999,0,0,145,0.269,103.296,0.6,0.5
14,0,6,0,8,0,0,0,40,40,99999,0,0,146,0.381,15.24,0.4,0.3
14,0,7,0,445,0,0,0,15,15,99999,0,0,147,0.55,8.25,0.6,0.5
14,0,8,0,327,0,0,0,8,8,99999,0,0,148,1.0,8.0,0.6,0.5
14,0,9,0,270,0,0,0,80,80,99999,0,0,149,0.924,73.92,0.6,0.5
15,0,0,0,47,0,0,0,30,30,99999,0,0,150,0.365,10.95,0.4,0.3
15,0,1,0,76,0,0,0,12,12,99999,0,0,151,0.308,3.696,0.5,0.4
15,0,2,0,358,0,0,0,24,24,99999,0,0,152,2.37,56.88,0.6,0.5
15,0,3,0,459,0,0,0,36,36,99999,0,0,153,1.631,58.716,0.6,0.5
15,0,4,0,291,0,0,0,24,24,99999,0,0,154,0.269,6.456,0.6,0.5
15,0,5,0,272,0,0,0,168,168,99999,0,0,155,0.454,76.272,0.6,0.5
15,0,6,0,98,0,0,0,60,60,99999,0,0,156,0.225,13.5,0.5,0.4
15,0,7,0,488,0,0,0,48,48,99999,0,0,157,0.092,4.416,0.6,0.5
15,0,8,0,154,0,0,0,360,360,99999,0,0,158,0.274,98.64,0.5,0.4
15,0,9,0,176,0,0,0,36,36,99999,0,0,159,0.375,13.5,0.5,0.4
16,0,0,0,44,0,0,0,120,120,99999,0,0,160,0.62,74.4,0.4,0.3
16,0,1,0,272,0,0,0,168,168,99999,0,0,161,0.454,76.272,0.6,0.5
16,0,2,0,313,0,0,0,12,12,99999,0,0,162,0.375,4.5,0.6,0.5
16,0,3,0,3,0,0,0,312,312,99999,0,0,163,0.324,101.088,0.4,0.3
16,0,4,0,140,0,0,0,10,10,99999,0,0,164,6.27,62.7,0.5,0.4
16,0,5,0,314,0,0,0,77,77,99999,0,0,165,1.0,77.0,0.6,0.5
16,0,6,0,229,0,0,0,48,48,99999,0,0,166,0.291,13.968,0.6,0.5
16,0,7,0,77,0,0,0,264,264,99999,0,0,167,0.283,74.712,0.5,0.4
16,0,8,0,347,0,0,0,36,36,99999,0,0,168,0.257,9.252,0.6,0.5
16,0,9,0,252,0,0,0,36,36,99999,0,0,169,0.394,14.184,0.6,0.5
17,0,0,0,18,0,0,0,30,30,99999,0,0,170,0.333,9.99,0.4,0.3
17,0,1,0,479,0,0,0,72,72,99999,0,0,171,0.465,33.48,0.6,0.5
17,0,2,0,332,0,0,0,72,72,99999,0,0,172,0.233,16.776,0.6,0.5
17,0,3,0,440,0,0,0,24,24,99999,0,0,173,0.192,4.608,0.6,0.5
17,0,4,0,219,0,0,0,24,24,99999,0,0,174,0.192,4.608,0.6,0.5
17,0,5,0,362,0,0,0,32,32,99999,0,0,175,2.206,70.592,0.6,0.5
17,0,6,0,345,0,0,0,24,24,99999,0,0,176,2.333,55.992,0.6,0.5
17,0,7,0,29,0,0,0,360,360,99999,0,0,177,0.274,98.64,0.4,0.3
17,0,8,0,9,0,0,0,180,180,99999,0,0,178,0.1,18.0,0.4,0.3
17,0,9,0,12,0,0,0,8,8,99999,0,0,179,0.306,2.448,0.4,0.3
18,0,0,0,262,0,0,0,15,15,99999,0,0,180,0.584,8.76,0.6,0.5
18,0,1,0,38,0,0,0,384,384,99999,0,0,181,0.275,105.6,0.4,0.3
18,0,2,0,314,0,0,0,77,77,99999,0,0,182,1.0,77.0,0.6,0.5
18,0,3,0,203,0,0,0,30,30,99999,0,0,183,2.172,65.16,0.6,0.5
18,0,4,0,142,0,0,0,384,384,99999,0,0,184,0.274,105.216,0.5,0.4
18,0,5,0,466,0,0,0,16,16,99999,0,0,185,0.381,6.096,0.6,0.5
18,0,6,0,373,0,0,0,24,24,99999,0,0,186,1.0,24.0,0.6,0.5
18,0,7,0,230,0,0,0,60,60,99999,0,0,187,0.108,6.48,0.6,0.5
18,0,8,0,383,0,0,0,9,9,99999,0,0,188,0.517,4.653,0.6,0.5
18,0,9,0,37,0,0,0,384,384,99999,0,0,189,0.277,106.368,0.4,0.3
19,0,0,0,282,0,0,0,72,72,99999,0,0,190,0.144,10.368,0.6,0.5
19,0,1,0,32,0,0,0,96,96,99999,0,0,191,0.125,12.0,0.4,0.3
19,0,2,0,218,0,0,0,24,24,99999,0,0,192,0.446,10.704,0.6,0.5
19,0,3,0,5,0,0,0,192,192,99999,0,0,193,0.417,80.064,0.4,0.3
19,0,4,0,177,0,0,0,80,80,99999,0,0,194,1.08,86.4,0.5,0.4
19,0,5,0,351,0,0,0,192,192,99999,0,0,195,0.368,70.656,0.6,0.5
19,0,6,0,268,0,0,0,18,18,99999,0,0,196,0.238,4.284,0.6,0.5
19,0,7,0,4,0,0,0,6,6,99999,0,0,197,0.425,2.55,0.4,0.3
19,0,8,0,106,0,0,0,24,24,99999,0,0,198,0.49,11.76,0.5,0.4
19,0,9,0,407,0,0,0,288,288,99999,0,0,199,0.07,20.16,0.6,0.5
20,0,0,0,2,0,0,0,24,24,99999,0,0,200,0.405,9.72,0.4,0.3
20,0,1,0,152,0,0,0,12,12,99999,0,0,201,0.708,8.496,0.5,0.4
20,0,2,0,70,0,0,0,24,24,99999,0,0,202,0.437,10.488,0.5,0.4
20,0,3,0,307,0,0,0,312,312,99999,0,0,203,0.275,85.8,0.6,0.5
20,0,4,0,317,0,0,0,12,12,99999,0,0,204,0.425,5.1,0.6,0.5
20,0,5,0,369,0,0,0,192,192,99999,0,0,205,0.368,70.656,0.6,0.5
20,0,6,0,309,0,0,0,50,50,99999,0,0,206,0.275,13.75,0.6,0.5
20,0,7,0,368,0,0,0,10,10,99999,0,0,207,6.0,60.0,0.6,0.5
20,0,8,0,326,0,0,0,36,36,99999,0,0,208,0.373,13.428,0.6,0.5
20,0,9,0,225,0,0,0,40,40,99999,0,0,209,0.204,8.16,0.6,0.5
21,0,0,0,20,0,0,0,216,216,99999,0,0,210,0.386,83.376,0.4,0.3
21,0,1,0,471,0,0,0,96,96,99999,0,0,211,0.52,49.92,0.6,0.5
21,0,2,0,419,0,0,0,72,72,99999,0,0,212,0.217,15.624,0.6,0.5
21,0,3,0,273,0,0,0,210,210,99999,0,0,213,0.098,20.58,0.6,0.5
21,0,4,0,452,0,0,0,12,12,99999,0,0,214,4.225,50.7,0.6,0.5
21,0,5,0,386,0,0,0,36,36,99999,0,0,215,0.213,7.668,0.6,0.5
21,0,6,0,26,0,0,0,360,360,99999,0,0,216,0.274,98.64,0.4,0.3
21,0,7,0,458,0,0,0,24,24,99999,0,0,217,0.272,6.528,0.6,0.5
21,0,8,0,210,0,0,0,96,96,99999,0,0,218,0.637,61.152,0.6,0.5
21,0,9,0,236,0,0,0,210,210,99999,0,0,219,0.103,21.63,0.6,0.5
22,0,0,0,333,0,0,0,48,48,99999,0,0,220,0.9,43.2,0.6,0.5
22,0,1,0,1,0,0,0,72,72,99999,0,0,221,0.125,9.0,0.4,0.3
22,0,2,0,490,0,0,0,27,27,99999,0,0,222,3.0,81.0,0.6,0.5
22,0,3,0,41,0,0,0,80,80,99999,0,0,223,0.152,12.16,0.4,0.3
22,0,4,0,230,0,0,0,60,60,99999,0,0,224,0.108,6.48,0.6,0.5
22,0,5,0,424,0,0,0,96,96,99999,0,0,225,0.619,59.424,0.6,0.5
22,0,6,0,214,0,0,0,168,168,99999,0,0,226,0.441,74.088,0.6,0.5
22,0,7,0,444,0,0,0,24,24,99999,0,0,227,2.138,51.312,0.6,0.5
22,0,8,0,307,0,0,0,312,312,99999,0,0,228,0.275,85.8,0.6,0.5
22,0,9,0,437,0,0,0,32,32,99999,0,0,229,2.209,70.688,0.6,0.5
23,0,0,0,41,0,0,0,80,80,99999,0,0,230,0.152,12.16,0.4,0.3
23,0,1,0,100,0,0,0,36,36,99999,0,0,231,0.345,12.42,0.5,0.4
23,0,2,0,181,0,0,0,24,24,99999,0,0,232,0.491,11.784,0.5,0.4
23,0,3,0,396,0,0,0,12,12,99999,0,0,233,0.33,3.96,0.6,0.5
23,0,4,0,53,0,0,0,12,12,99999,0,0,234,0.335,4.02,0.5,0.4
23,0,5,0,28,0,0,0,12,12,99999,0,0,235,0.387,4.644,0.4,0.3
23,0,6,0,142,0,0,0,384,384,99999,0,0,236,0.274,105.216,0.5,0.4
23,0,7,0,48,0,0,0,360,360,99999,0,0,237,0.275,99.0,0.4,0.3
23,0,8,0,38,0,0,0,384,384,99999,0,0,238,0.275,105.6,0.4,0.3
23,0,9,0,413,0,0,0,288,288,99999,0,0,239,0.362,104.256,0.6,0.5
24,0,0,0,19,0,0,0,12,12,99999,0,0,240,0.28,3.36,0.4,0.3
24,0,1,0,4,0,0,0,6,6,99999,0,0,241,0.425,2.55,0.4,0.3
24,0,2,0,93,0,0,0,30,30,99999,0,0,242,0.281,8.43,0.5,0.4
24,0,3,0,80,0,0,0,32,32,99999,0,0,243,0.468,14.976,0.5,0.4
24,0,4,0,406,0,0,0,96,96,99999,0,0,244,0.603,57.888,0.6,0.5
24,0,5,0,334,0,0,0,45,45,99999,0,0,245,0.332,14.94,0.6,0.5
24,0,6,0,316,0,0,0,32,32,99999,0,0,246,0.468,14.976,0.6,0.5
24,0,7,0,440,0,0,0,24,24,99999,0,0,247,0.192,4.608,0.6,0.5
24,0,8,0,143,0,0,0,48,48,99999,0,0,248,0.25,12.0,0.5,0.4
24,0,9,0,248,0,0,0,96,96,99999,0,0,249,0.644,61.824,0.6,0.5
25,0,0,0,323,0,0,0,24,24,99999,0,0,250,2.188,52.512,0.6,0.5
25,0,1,0,465,0,0,0,15,15,99999,0,0,251,0.582,8.73,0.6,0.5
25,0,2,0,208,0,0,0,48,48,99999,0,0,252,0.208,9.984,0.6,0.5
25,0,3,0,388,0,0,0,60,60,99999,0,0,253,0.48,28.8,0.6,0.5
25,0,4,0,272,0,0,0,168,168,99999,0,0,254,0.454,76.272,0.6,0.5
25,0,5,0,86,0,0,0,80,80,99999,0,0,255,0.179,14.32,0.5,0.4
25,0,6,0,225,0,0,0,40,40,99999,0,0,256,0.204,8.16,0.6,0.5
25,0,7,0,361,0,0,0,312,312,99999,0,0,257,0.328,102.336,0.6,0.5
25,0,8,0,479,0,0,0,72,72,99999,0,0,258,0.465,33.48,0.6,0.5
25,0,9,0,1,0,0,0,72,72,99999,0,0,259,0.125,9.0,0.4,0.3
26,0,0,0,15,0,0,0,12,12,99999,0,0,260,0.367,4.404,0.4,0.3
26,0,1,0,390,0,0,0,24,24,99999,0,0,261,0.221,5.304,0.6,0.5
26,0,2,0,28,0,0,0,12,12,99999,0,0,262,0.387,4.644,0.4,0.3
26,0,3,0,3,0,0,0,312,312,99999,0,0,263,0.324,101.088,0.4,0.3
26,0,4,0,10,0,0,0,210,210,99999,0,0,264,0.118,24.78,0.4,0.3
26,0,5,0,300,0,0,0,13,13,99999,0,0,265,0.8,10.4,0.6,0.5
26,0,6,0,497,0,0,0,30,30,99999,0,0,266,0.379,11.37,0.6,0.5
26,0,7,0,496,0,0,0,56,56,99999,0,0,267,1.468,82.208,0.6,0.5
26,0,8,0,12,0,0,0,8,8,99999,0,0,268,0.306,2.448,0.4,0.3
26,0,9,0,291,0,0,0,24,24,99999,0,0,269,0.269,6.456,0.6,0.5
27,0,0,0,79,0,0,0,24,24,99999,0,0,270,0.429,10.296,0.5,0.4
27,0,1,0,286,0,0,0,264,264,99999,0,0,271,0.273,72.072,0.6,0.5
27,0,2,0,158,0,0,0,96,96,99999,0,0,272,0.633,60.768,0.5,0.4
27,0,3,0,365,0,0,0,24,24,99999,0,0,273,0.388,9.312,0.6,0.5
27,0,4,0,250,0,0,0,24,24,99999,0,0,274,2.087,50.088,0.6,0.5
27,0,5,0,392,0,0,0,360,360,99999,0,0,275,0.156,56.16,0.6,0.5
27,0,6,0,370,0,0,0,240,240,99999,0,0,276,0.415,99.6,0.6,0.5
27,0,7,0,276,0,0,0,16,16,99999,0,0,277,1.25,20.0,0.6,0.5
27,0,8,0,489,0,0,0,30,30,99999,0,0,278,0.533,15.99,0.6,0.5
27,0,9,0,324,0,0,0,216,216,99999,0,0,279,0.38,82.08,0.6,0.5
28,0,0,0,62,0,0,0,60,60,99999,0,0,280,0.15,9.0,0.5,0.4
28,0,1,0,28,0,0,0,12,12,99999,0,0,281,0.387,4.644,0.4,0.3
28,0,2,0,0,0,0,0,36,36,99999,0,0,282,1.602,57.672,0.4,0.3
28,0,3,0,23,0,0,0,210,210,99999,0,0,283,0.11,23.1,0.4,0.3
28,0,4,0,42,0,0,0,30,30,99999,0,0,284,0.454,13.62,0.4,0.3
28,0,5,0,266,0,0,0,40,40,99999,0,0,285,0.16,6.4,0.6,0.5
28,0,6,0,31,0,0,0,72,72,99999,0,0,286,0.125,9.0,0.4,0.3
28,0,7,0,373,0,0,0,24,24,99999,0,0,287,1.0,24.0,0.6,0.5
28,0,8,0,220,0,0,0,20,20,99999,0,0,288,1.0,20.0,0.6,0.5
28,0,9,0,27,0,0,0,336,336,99999,0,0,289,0.267,89.712,0.4,0.3
29,0,0,0,66,0,0,0,72,72,99999,0,0,290,0.233,16.776,0.5,0.4
29,0,1,0,90,0,0,0,24,24,99999,0,0,291,0.42,10.08,0.5,0.4
29,0,2,0,493,0,0,0,72,72,99999,0,0,292,0.931,67.032,0.6,0.5
29,0,3,0,421,0,0,0,144,144,99999,0,0,293,0.503,72.432,0.6,0.5
29,0,4,0,468,0,0,0,210,210,99999,0,0,294,0.115,24.15,0.6,0.5
29,0,5,0,276,0,0,0,16,16,99999,0,0,295,1.25,20.0,0.6,0.5
29,0,6,0,243,0,0,0,36,36,99999,0,0,296,0.517,18.612,0.6,0.5
29,0,7,0,3,0,0,0,312,312,99999,0,0,297,0.324,101.088,0.4,0.3
29,0,8,0,175,0,0,0,24,24,99999,0,0,298,2.057,49.368,0.5,0.4
29,0,9,0,19,0,0,0,12,12,99999,0,0,299,0.28,3.36,0.4,0.3
30,0,0,0,130,0,0,0,24,24,99999,0,0,300,0.615,14.76,0.5,0.4
30,0,1,0,39,0,0,0,360,360,99999,0,0,301,0.276,99.36,0.4,0.3
30,0,2,0,0,0,0,0,36,36,99999,0,0,302,1.602,57.672,0.4,0.3
30,0,3,0,459,0,0,0,36,36,99999,0,0,303,1.631,58.716,0.6,0.5
30,0,4,0,364,0,0,0,60,60,99999,0,0,304,0.16,9.6,0.6,0.5
30,0,5,0,279,0,0,0,46,46,99999,0,0,305,1.0,46.0,0.6,0.5
30,0,6,0,342,0,0,0,72,72,99999,0,0,306,0.65,46.8,0.6,0.5
30,0,7,0,488,0,0,0,48,48,99999,0,0,307,0.092,4.416,0.6,0.5
30,0,8,0,11,0,0,0,264,264,99999,0,0,308,0.282,74.448,0.4,0.3
30,0,9,0,188,0,0,0,12,12,99999,0,0,309,1.147,13.764,0.5,0.4
31,0,0,0,352,0,0,0,360,360,99999,0,0,310,0.206,74.16,0.6,0.5
31,0,1,0,43,0,0,0,240,240,99999,0,0,311,0.3,72.0,0.4,0.3
31,0,2,0,49,0,0,0,240,240,99999,0,0,312,0.408,97.92,0.4,0.3
31,0,3,0,48,0,0,0,360,360,99999,0,0,313,0.275,99.0,0.4,0.3
31,0,4,0,427,0,0,0,27,27,99999,0,0,314,2.0,54.0,0.6,0.5
31,0,5,0,430,0,0,0,12,12,99999,0,0,315,1.043,12.516,0.6,0.5
31,0,6,0,339,0,0,0,60,60,99999,0,0,316,0.21,12.6,0.6,0.5
31,0,7,0,241,0,0,0,6,6,99999,0,0,317,0.46,2.76,0.6,0.5
31,0,8,0,266,0,0,0,40,40,99999,0,0,318,0.16,6.4,0.6,0.5
31,0,9,0,443,0,0,0,720,720,99999,0,0,319,0.142,102.24,0.6,0.5
32,0,0,0,45,0,0,0,72,72,99999,0,0,320,0.125,9.0,0.4,0.3
32,0,1,0,128,0,0,0,8,8,99999,0,0,321,1.0,8.0,0.5,0.4
32,0,2,0,43,0,0,0,240,240,99999,0,0,322,0.3,72.0,0.4,0.3
32,0,3,0,476,0,0,0,24,24,99999,0,0,323,0.405,9.72,0.6,0.5
32,0,4,0,49,0,0,0,240,240,99999,0,0,324,0.408,97.92,0.4,0.3
32,0,5,0,10,0,0,0,210,210,99999,0,0,325,0.118,24.78,0.4,0.3
32,0,6,0,415,0,0,0,36,36,99999,0,0,326,1.667,60.012,0.6,0.5
32,0,7,0,157,0,0,0,12,12,99999,0,0,327,0.227,2.724,0.5,0.4
32,0,8,0,27,0,0,0,336,336,99999,0,0,328,0.267,89.712,0.4,0.3
32,0,9,0,84,0,0,0,24,24,99999,0,0,329,0.376,9.024,0.5,0.4
33,0,0,0,344,0,0,0,48,48,99999,0,0,330,1.35,64.8,0.6,0.5
33,0,1,0,466,0,0,0,16,16,99999,0,0,331,0.381,6.096,0.6,0.5
33,0,2,0,13,0,0,0,96,96,99999,0,0,332,0.596,57.216,0.4,0.3
33,0,3,0,103,0,0,0,168,168,99999,0,0,333,0.125,21.0,0.5,0.4
33,0,4,0,205,0,0,0,60,60,99999,0,0,334,1.05,63.0,0.6,0.5
33,0,5,0,275,0,0,0,36,36,99999,0,0,335,0.368,13.248,0.6,0.5
33,0,6,0,228,0,0,0,228,228,99999,0,0,336,0.397,90.516,0.6,0.5
33,0,7,0,4,0,0,0,6,6,99999,0,0,337,0.425,2.55,0.4,0.3
33,0,8,0,319,0,0,0,48,48,99999,0,0,338,0.397,19.056,0.6,0.5
33,0,9,0,354,0,0,0,7,7,99999,0,0,339,0.82,5.74,0.6,0.5
34,0,0,0,379,0,0,0,24,24,99999,0,0,340,0.491,11.784,0.6,0.5
34,0,1,0,219,0,0,0,24,24,99999,0,0,341,0.192,4.608,0.6,0.5
34,0,2,0,141,0,0,0,30,30,99999,0,0,342,0.454,13.62,0.5,0.4
34,0,3,0,281,0,0,0,180,180,99999,0,0,343,0.126,22.68,0.6,0.5
34,0,4,0,378,0,0,0,30,30,99999,0,0,344,0.301,9.03,0.6,0.5
34,0,5,0,126,0,0,0,240,240,99999,0,0,345,0.27,64.8,0.5,0.4
34,0,6,0,468,0,0,0,210,210,99999,0,0,346,0.115,24.15,0.6,0.5
34,0,7,0,257,0,0,0,9,9,99999,0,0,347,0.58,5.22,0.6,0.5
34,0,8,0,25,0,0,0,30,30,99999,0,0,348,0.454,13.62,0.4,0.3
34,0,9,0,20,0,0,0,216,216,99999,0,0,349,0.386,83.376,0.4,0.3
35,0,0,0,461,0,0,0,60,60,99999,0,0,350,0.322,19.32,0.6,0.5
35,0,1,0,4,0,0,0,6,6,99999,0,0,351,0.425,2.55,0.4,0.3
35,0,2,0,211,0,0,0,336,336,99999,0,0,352,0.212,71.232,0.6,0.5
35,0,3,0,308,0,0,0,180,180,99999,0,0,353,0.109,19.62,0.6,0.5
35,0,4,0,291,0,0,0,24,24,99999,0,0,354,0.269,6.456,0.6,0.5
35,0,5,0,23,0,0,0,210,210,99999,0,0,355,0.11,23.1,0.4,0.3
35,0,6,0,234,0,0,0,12,12,99999,0,0,356,0.356,4.272,0.6,0.5
35,0,7,0,375,0,0,0,168,168,99999,0,0,357,0.383,64.344,0.6,0.5
35,0,8,0,355,0,0,0,36,36,99999,0,0,358,0.383,13.788,0.6,0.5
35,0,9,0,111,0,0,0,27,27,99999,0,0,359,3.0,81.0,0.5,0.4
36,0,0,0,361,0,0,0,312,312,99999,0,0,360,0.328,102.336,0.6,0.5
36,0,1,0,28,0,0,0,12,12,99999,0,0,361,0.387,4.644,0.4,0.3
36,0,2,0,40,0,0,0,24,24,99999,0,0,362,2.218,53.232,0.4,0.3
36,0,3,0,390,0,0,0,24,24,99999,0,0,363,0.221,5.304,0.6,0.5
36,0,4,0,268,0,0,0,18,18,99999,0,0,364,0.238,4.284,0.6,0.5
36,0,5,0,389,0,0,0,48,48,99999,0,0,365,0.85,40.8,0.6,0.5
36,0,6,0,319,0,0,0,48,48,99999,0,0,366,0.397,19.056,0.6,0.5
36,0,7,0,264,0,0,0,96,96,99999,0,0,367,0.595,57.12,0.6,0.5
36,0,8,0,270,0,0,0,80,80,99999,0,0,368,0.924,73.92,0.6,0.5
36,0,9,0,327,0,0,0,8,8,99999,0,0,369,1.0,8.0,0.6,0.5
37,0,0,0,477,0,0,0,45,45,99999,0,0,370,0.254,11.43,0.6,0.5
37,0,1,0,484,0,0,0,432,432,99999,0,0,371,0.218,94.176,0.6,0.5
37,0,2,0,411,0,0,0,192,192,99999,0,0,372,0.368,70.656,0.6,0.5
37,0,3,0,15,0,0,0,12,12,99999,0,0,373,0.367,4.404,0.4,0.3
37,0,4,0,432,0,0,0,16,16,99999,0,0,374,0.9,14.4,0.6,0.5
37,0,5,0,35,0,0,0,192,192,99999,0,0,375,0.361,69.312,0.4,0.3
37,0,6,0,10,0,0,0,210,210,99999,0,0,376,0.118,24.78,0.4,0.3
37,0,7,0,211,0,0,0,336,336,99999,0,0,377,0.212,71.232,0.6,0.5
37,0,8,0,5,0,0,0,192,192,99999,0,0,378,0.417,80.064,0.4,0.3
37,0,9,0,13,0,0,0,96,96,99999,0,0,379,0.596,57.216,0.4,0.3
38,0,0,0,128,0,0,0,8,8,99999,0,0,380,1.0,8.0,0.5,0.4
38,0,1,0,228,0,0,0,228,228,99999,0,0,381,0.397,90.516,0.6,0.5
38,0,2,0,240,0,0,0,312,312,99999,0,0,382,0.279,87.048,0.6,0.5
38,0,3,0,48,0,0,0,360,360,99999,0,0,383,0.275,99.0,0.4,0.3
38,0,4,0,42,0,0,0,30,30,99999,0,0,384,0.454,13.62,0.4,0.3
38,0,5,0,412,0,0,0,240,240,99999,0,0,385,0.312,74.88,0.6,0.5
38,0,6,0,413,0,0,0,288,288,99999,0,0,386,0.362,104.256,0.6,0.5
38,0,7,0,44,0,0,0,120,120,99999,0,0,387,0.62,74.4,0.4,0.3
38,0,8,0,34,0,0,0,336,336,99999,0,0,388,0.233,78.288,0.4,0.3
38,0,9,0,22,0,0,0,72,72,99999,0,0,389,0.125,9.0,0.4,0.3
39,0,0,0,496,0,0,0,56,56,99999,0,0,390,1.468,82.208,0.6,0.5
39,0,1,0,3,0,0,0,312,312,99999,0,0,391,0.324,101.088,0.4,0.3
39,0,2,0,7,0,0,0,192,192,99999,0,0,392,0.45,86.4,0.4,0.3
39,0,3,0,311,0,0,0,36,36,99999,0,0,393,0.286,10.296,0.6,0.5
39,0,4,0,22,0,0,0,72,72,99999,0,0,394,0.125,9.0,0.4,0.3
39,0,5,0,367,0,0,0,210,210,99999,0,0,395,0.092,19.32,0.6,0.5
39,0,6,0,190,0,0,0,8,8,99999,0,0,396,0.565,4.52,0.5,0.4
39,0,7,0,55,0,0,0,72,72,99999,0,0,397,0.15,10.8,0.5,0.4
39,0,8,0,393,0,0,0,36,36,99999,0,0,398,0.169,6.084,0.6,0.5
39,0,9,0,47,0,0,0,30,30,99999,0,0,399,0.365,10.95,0.4,0.3
40,0,0,0,15,0,0,0,12,12,99999,0,0,400,0.367,4.404,0.4,0.3
40,0,1,0,297,0,0,0,168,168,99999,0,0,401,0.072,12.096,0.6,0.5
40,0,2,0,38,0,0,0,384,384,99999,0,0,402,0.275,105.6,0.4,0.3
40,0,3,0,424,0,0,0,96,96,99999,0,0,403,0.619,59.424,0.6,0.5
40,0,4,0,413,0,0,0,288,288,99999,0,0,404,0.362,104.256,0.6,0.5
40,0,5,0,427,0,0,0,27,27,99999,0,0,405,2.0,54.0,0.6,0.5
40,0,6,0,25,0,0,0,30,30,99999,0,0,406,0.454,13.62,0.4,0.3
40,0,7,0,152,0,0,0,12,12,99999,0,0,407,0.708,8.496,0.5,0.4
40,0,8,0,146,0,0,0,24,24,99999,0,0,408,0.561,13.464,0.5,0.4
40,0,9,0,8,0,0,0,40,40,99999,0,0,409,0.381,15.24,0.4,0.3
41,0,0,0,49,0,0,0,240,240,99999,0,0,410,0.408,97.92,0.4,0.3
41,0,1,0,421,0,0,0,144,144,99999,0,0,411,0.503,72.432,0.6,0.5
41,0,2,0,20,0,0,0,216,216,99999,0,0,412,0.386,83.376,0.4,0.3
41,0,3,0,280,0,0,0,24,24,99999,0,0,413,0.264,6.336,0.6,0.5
41,0,4,0,222,0,0,0,456,456,99999,0,0,414,0.219,99.864,0.6,0.5
41,0,5,0,125,0,0,0,48,48,99999,0,0,415,1.25,60.0,0.5,0.4
41,0,6,0,221,0,0,0,20,20,99999,0,0,416,1.0,20.0,0.6,0.5
41,0,7,0,395,0,0,0,36,36,99999,0,0,417,0.461,16.596,0.6,0.5
41,0,8,0,477,0,0,0,45,45,99999,0,0,418,0.254,11.43,0.6,0.5
41,0,9,0,417,0,0,0,36,36,99999,0,0,419,0.391,14.076,0.6,0.5
42,0,0,0,23,0,0,0,210,210,99999,0,0,420,0.11,23.1,0.4,0.3
42,0,1,0,300,0,0,0,13,13,99999,0,0,421,0.8,10.4,0.6,0.5
42,0,2,0,438,0,0,0,48,48,99999,0,0,422,0.27,12.96,0.6,0.5
42,0,3,0,468,0,0,0,210,210,99999,0,0,423,0.115,24.15,0.6,0.5
42,0,4,0,29,0,0,0,360,360,99999,0,0,424,0.274,98.64,0.4,0.3
42,0,5,0,30,0,0,0,24,24,99999,0,0,425,0.387,9.288,0.4,0.3
42,0,6,0,344,0,0,0,48,48,99999,0,0,426,1.35,64.8,0.6,0.5
42,0,7,0,20,0,0,0,216,216,99999,0,0,427,0.386,83.376,0.4,0.3
42,0,8,0,110,0,0,0,280,280,99999,0,0,428,0.075,21.0,0.5,0.4
42,0,9,0,212,0,0,0,192,192,99999,0,0,429,0.37,71.04,0.6,0.5
43,0,0,0,13,0,0,0,96,96,99999,0,0,430,0.596,57.216,0.4,0.3
43,0,1,0,31,0,0,0,72,72,99999,0,0,431,0.125,9.0,0.4,0.3
43,0,2,0,488,0,0,0,48,48,99999,0,0,432,0.092,4.416,0.6,0.5
43,0,3,0,41,0,0,0,80,80,99999,0,0,433,0.152,12.16,0.4,0.3
43,0,4,0,54,0,0,0,336,336,99999,0,0,434,0.274,92.064,0.5,0.4
43,0,5,0,35,0,0,0,192,192,99999,0,0,435,0.361,69.312,0.4,0.3
43,0,6,0,372,0,0,0,36,36,99999,0,0,436,0.229,8.244,0.6,0.5
43,0,7,0,44,0,0,0,120,120,99999,0,0,437,0.62,74.4,0.4,0.3
43,0,8,0,422,0,0,0,48,48,99999,0,0,438,0.894,42.912,0.6,0.5
43,0,9,0,174,0,0,0,90,90,99999,0,0,439,0.13,11.7,0.5,0.4
44,0,0,0,462,0,0,0,60,60,99999,0,0,440,0.5,30.0,0.6,0.5
44,0,1,0,210,0,0,0,96,96,99999,0,0,441,0.637,61.152,0.6,0.5
44,0,2,0,49,0,0,0,240,240,99999,0,0,442,0.408,97.92,0.4,0.3
44,0,3,0,106,0,0,0,24,24,99999,0,0,443,0.49,11.76,0.5,0.4
44,0,4,0,258,0,0,0,24,24,99999,0,0,444,0.519,12.456,0.6,0.5
44,0,5,0,405,0,0,0,77,77,99999,0,0,445,0.2,15.4,0.6,0.5
44,0,6,0,281,0,0,0,180,180,99999,0,0,446,0.126,22.68,0.6,0.5
44,0,7,0,286,0,0,0,264,264,99999,0,0,447,0.273,72.072,0.6,0.5
44,0,8,0,292,0,0,0,384,384,99999,0,0,448,0.269,103.296,0.6,0.5
44,0,9,0,30,0,0,0,24,24,99999,0,0,449,0.387,9.288,0.4,0.3
45,0,0,0,3,0,0,0,312,312,99999,0,0,450,0.324,101.088,0.4,0.3
45,0,1,0,0,0,0,0,36,36,99999,0,0,451,1.602,57.672,0.4,0.3
45,0,2,0,48,0,0,0,360,360,99999,0,0,452,0.275,99.0,0.4,0.3
45,0,3,0,31,0,0,0,72,72,99999,0,0,453,0.125,9.0,0.4,0.3
45,0,4,0,25,0,0,0,30,30,99999,0,0,454,0.454,13.62,0.4,0.3
45,0,5,0,490,0,0,0,27,27,99999,0,0,455,3.0,81.0,0.6,0.5
45,0,6,0,283,0,0,0,20,20,99999,0,0,456,1.0,20.0,0.6,0.5
45,0,7,0,315,0,0,0,20,20,99999,0,0,457,0.228,4.56,0.6,0.5
45,0,8,0,28,0,0,0,12,12,99999,0,0,458,0.387,4.644,0.4,0.3
45,0,9,0,472,0,0,0,77,77,99999,0,0,459,0.2,15.4,0.6,0.5
46,0,0,0,464,0,0,0,336,336,99999,0,0,460,0.259,87.024,0.6,0.5
46,0,1,0,23,0,0,0,210,210,99999,0,0,461,0.11,23.1,0.4,0.3
46,0,2,0,42,0,0,0,30,30,99999,0,0,462,0.454,13.62,0.4,0.3
46,0,3,0,43,0,0,0,240,240,99999,0,0,463,0.3,72.0,0.4,0.3
46,0,4,0,138,0,0,0,36,36,99999,0,0,464,0.39,14.04,0.5,0.4
46,0,5,0,303,0,0,0,24,24,99999,0,0,465,0.6,14.4,0.6,0.5
46,0,6,0,396,0,0,0,12,12,99999,0,0,466,0.33,3.96,0.6,0.5
46,0,7,0,40,0,0,0,24,24,99999,0,0,467,2.218,53.232,0.4,0.3
46,0,8,0,302,0,0,0,336,336,99999,0,0,468,0.229,76.944,0.6,0.5
46,0,9,0,4,0,0,0,6,6,99999,0,0,469,0.425,2.55,0.4,0.3
47,0,0,0,305,0,0,0,72,72,99999,0,0,470,0.181,13.032,0.6,0.5
47,0,1,0,36,0,0,0,12,12,99999,0,0,471,3.463,41.556,0.4,0.3
47,0,2,0,489,0,0,0,30,30,99999,0,0,472,0.533,15.99,0.6,0.5
47,0,3,0,205,0,0,0,60,60,99999,0,0,473,1.05,63.0,0.6,0.5
47,0,4,0,34,0,0,0,336,336,99999,0,0,474,0.233,78.288,0.4,0.3
47,0,5,0,384,0,0,0,12,12,99999,0,0,475,3.9,46.8,0.6,0.5
47,0,6,0,376,0,0,0,36,36,99999,0,0,476,0.218,7.848,0.6,0.5
47,0,7,0,295,0,0,0,18,18,99999,0,0,477,2.168,39.024,0.6,0.5
47,0,8,0,469,0,0,0,13,13,99999,0,0,478,0.8,10.4,0.6,0.5
47,0,9,0,435,0,0,0,9,9,99999,0,0,479,0.62,5.58,0.6,0.5
48,0,0,0,49,0,0,0,240,240,99999,0,0,480,0.408,97.92,0.4,0.3
48,0,1,0,96,0,0,0,96,96,99999,0,0,481,0.668,64.128,0.5,0.4
48,0,2,0,88,0,0,0,180,180,99999,0,0,482,0.108,19.44,0.5,0.4
48,0,3,0,42,0,0,0,30,30,99999,0,0,483,0.454,13.62,0.4,0.3
48,0,4,0,384,0,0,0,12,12,99999,0,0,484,3.9,46.8,0.6,0.5
48,0,5,0,357,0,0,0,6,6,99999,0,0,485,2.165,12.99,0.6,0.5
48,0,6,0,198,0,0,0,288,288,99999,0,0,486,0.07,20.16,0.5,0.4
48,0,7,0,391,0,0,0,5,5,99999,0,0,487,7.23,36.15,0.6,0.5
48,0,8,0,213,0,0,0,8,8,99999,0,0,488,0.351,2.808,0.6,0.5
48,0,9,0,39,0,0,0,360,360,99999,0,0,489,0.276,99.36,0.4,0.3
49,0,0,0,330,0,0,0,36,36,99999,0,0,490,0.383,13.788,0.6,0.5
49,0,1,0,36,0,0,0,12,12,99999,0,0,491,3.463,41.556,0.4,0.3
49,0,2,0,382,0,0,0,24,24,99999,0,0,492,0.368,8.832,0.6,0.5
49,0,3,0,475,0,0,0,60,60,99999,0,0,493,0.871,52.26,0.6,0.5
49,0,4,0,481,0,0,0,210,210,99999,0,0,494,0.104,21.84,0.6,0.5
49,0,5,0,414,0,0,0,77,77,99999,0,0,495,0.2,15.4,0.6,0.5
49,0,6,0,487,0,0,0,48,48,99999,0,0,496,0.24,11.52,0.6,0.5
49,0,7,0,249,0,0,0,12,12,99999,0,0,497,5.442,65.304,0.6,0.5
49,0,8,0,10,0,0,0,210,210,99999,0,0,498,0.118,24.78,0.4,0.3
49,0,9,0,463,0,0,0,204,204,99999,0,0,499,0.092,18.768,0.6,0.5
50,0,0,0,366,0,0,0,72,72,99999,0,0,500,0.643,46.296,0.6,0.5
50,0,1,0,259,0,0,0,216,216,99999,0,0,501,0.42,90.72,0.6,0.5
50,0,2,0,236,0,0,0,210,210,99999,0,0,502,0.103,21.63,0.6,0.5
50,0,3,0,472,0,0,0,77,77,99999,0,0,503,0.2,15.4,0.6,0.5
50,0,4,0,426,0,0,0,36,36,99999,0,0,504,0.408,14.688,0.6,0.5
50,0,5,0,124,0,0,0,12,12,99999,0,0,505,0.292,3.504,0.5,0.4
50,0,6,0,315,0,0,0,20,20,99999,0,0,506,0.228,4.56,0.6,0.5
50,0,7,0,150,0,0,0,24,24,99999,0,0,507,0.387,9.288,0.5,0.4
50,0,8,0,247,0,0,0,30,30,99999,0,0,508,1.992,59.76,0.6,0.5
50,0,9,0,332,0,0,0,72,72,99999,0,0,509,0.233,16.776,0.6,0.5
51,0,0,0,355,0,0,0,36,36,99999,0,0,510,0.383,13.788,0.6,0.5
51,0,1,0,109,0,0,0,264,264,99999,0,0,511,0.283,74.712,0.5,0.4
51,0,2,0,18,0,0,0,30,30,99999,0,0,512,0.333,9.99,0.4,0.3
51,0,3,0,28,0,0,0,12,12,99999,0,0,513,0.387,4.644,0.4,0.3
51,0,4,0,176,0,0,0,36,36,99999,0,0,514,0.375,13.5,0.5,0.4
51,0,5,0,185,0,0,0,120,120,99999,0,0,515,0.532,63.84,0.5,0.4
51,0,6,0,12,0,0,0,8,8,99999,0,0,516,0.306,2.448,0.4,0.3
51,0,7,0,49,0,0,0,240,240,99999,0,0,517,0.408,97.92,0.4,0.3
51,0,8,0,449,0,0,0,210,210,99999,0,0,518,0.135,28.35,0.6,0.5
51,0,9,0,3,0,0,0,312,312,99999,0,0,519,0.324,101.088,0.4,0.3
52,0,0,0,17,0,0,0,108,108,99999,0,0,520,0.176,19.008,0.4,0.3
52,0,1,0,2,0,0,0,24,24,99999,0,0,521,0.405,9.72,0.4,0.3
52,0,2,0,433,0,0,0,48,48,99999,0,0,522,1.356,65.088,0.6,0.5
52,0,3,0,432,0,0,0,16,16,99999,0,0,523,0.9,14.4,0.6,0.5
52,0,4,0,126,0,0,0,240,240,99999,0,0,524,0.27,64.8,0.5,0.4
52,0,5,0,404,0,0,0,60,60,99999,0,0,525,0.408,24.48,0.6,0.5
52,0,6,0,486,0,0,0,16,16,99999,0,0,526,0.785,12.56,0.6,0.5
52,0,7,0,469,0,0,0,13,13,99999,0,0,527,0.8,10.4,0.6,0.5
52,0,8,0,45,0,0,0,72,72,99999,0,0,528,0.125,9.0,0.4,0.3
52,0,9,0,194,0,0,0,288,288,99999,0,0,529,0.229,65.952,0.5,0.4
53,0,0,0,219,0,0,0,24,24,99999,0,0,530,0.192,4.608,0.6,0.5
53,0,1,0,299,0,0,0,432,432,99999,0,0,531,0.161,69.552,0.6,0.5
53,0,2,0,14,0,0,0,12,12,99999,0,0,532,0.41,4.92,0.4,0.3
53,0,3,0,406,0,0,0,96,96,99999,0,0,533,0.603,57.888,0.6,0.5
53,0,4,0,362,0,0,0,32,32,99999,0,0,534,2.206,70.592,0.6,0.5
53,0,5,0,77,0,0,0,264,264,99999,0,0,535,0.283,74.712,0.5,0.4
53,0,6,0,74,0,0,0,288,288,99999,0,0,536,0.291,83.808,0.5,0.4
53,0,7,0,33,0,0,0,240,240,99999,0,0,537,0.409,98.16,0.4,0.3
53,0,8,0,340,0,0,0,12,12,99999,0,0,538,0.283,3.396,0.6,0.5
53,0,9,0,24,0,0,0,20,20,99999,0,0,539,0.441,8.82,0.4,0.3
54,0,0,0,295,0,0,0,18,18,99999,0,0,540,2.168,39.024,0.6,0.5
54,0,1,0,5,0,0,0,192,192,99999,0,0,541,0.417,80.064,0.4,0.3
54,0,2,0,285,0,0,0,18,18,99999,0,0,542,2.133,38.394,0.6,0.5
54,0,3,0,26,0,0,0,360,360,99999,0,0,543,0.274,98.64,0.4,0.3
54,0,4,0,140,0,0,0,10,10,99999,0,0,544,6.27,62.7,0.5,0.4
54,0,5,0,4,0,0,0,6,6,99999,0,0,545,0.425,2.55,0.4,0.3
54,0,6,0,41,0,0,0,80,80,99999,0,0,546,0.152,12.16,0.4,0.3
54,0,7,0,314,0,0,0,77,77,99999,0,0,547,1.0,77.0,0.6,0.5
54,0,8,0,50,0,0,0,27,27,99999,0,0,548,3.0,81.0,0.5,0.4
54,0,9,0,333,0,0,0,48,48,99999,0,0,549,0.9,43.2,0.6,0.5
55,0,0,0,273,0,0,0,210,210,99999,0,0,550,0.098,20.58,0.6,0.5
55,0,1,0,16,0,0,0,12,12,99999,0,0,551,0.301,3.612,0.4,0.3
55,0,2,0,30,0,0,0,24,24,99999,0,0,552,0.387,9.288,0.4,0.3
55,0,3,0,86,0,0,0,80,80,99999,0,0,553,0.179,14.32,0.5,0.4
55,0,4,0,36,0,0,0,12,12,99999,0,0,554,3.463,41.556,0.4,0.3
55,0,5,0,377,0,0,0,40,40,99999,0,0,555,0.369,14.76,0.6,0.5
55,0,6,0,52,0,0,0,48,48,99999,0,0,556,0.102,4.896,0.5,0.4
55,0,7,0,324,0,0,0,216,216,99999,0,0,557,0.38,82.08,0.6,0.5
55,0,8,0,451,0,0,0,72,72,99999,0,0,558,0.662,47.664,0.6,0.5
55,0,9,0,33,0,0,0,240,240,99999,0,0,559,0.409,98.16,0.4,0.3
56,0,0,0,373,0,0,0,24,24,99999,0,0,560,1.0,24.0,0.6,0.5
56,0,1,0,380,0,0,0,288,288,99999,0,0,561,0.326,93.888,0.6,0.5
56,0,2,0,493,0,0,0,72,72,99999,0,0,562,0.931,67.032,0.6,0.5
56,0,3,0,366,0,0,0,72,72,99999,0,0,563,0.643,46.296,0.6,0.5
56,0,4,0,275,0,0,0,36,36,99999,0,0,564,0.368,13.248,0.6,0.5
56,0,5,0,248,0,0,0,96,96,99999,0,0,565,0.644,61.824,0.6,0.5
56,0,6,0,342,0,0,0,72,72,99999,0,0,566,0.65,46.8,0.6,0.5
56,0,7,0,499,0,0,0,240,240,99999,0,0,567,0.336,80.64,0.6,0.5
56,0,8,0,250,0,0,0,24,24,99999,0,0,568,2.087,50.088,0.6,0.5
56,0,9,0,136,0,0,0,48,48,99999,0,0,569,0.208,9.984,0.5,0.4
57,0,0,0,390,0,0,0,24,24,99999,0,0,570,0.221,5.304,0.6,0.5
57,0,1,0,36,0,0,0,12,12,99999,0,0,571,3.463,41.556,0.4,0.3
57,0,2,0,258,0,0,0,24,24,99999,0,0,572,0.519,12.456,0.6,0.5
57,0,3,0,469,0,0,0,13,13,99999,0,0,573,0.8,10.4,0.6,0.5
57,0,4,0,302,0,0,0,336,336,99999,0,0,574,0.229,76.944,0.6,0.5
57,0,5,0,316,0,0,0,32,32,99999,0,0,575,0.468,14.976,0.6,0.5
57,0,6,0,246,0,0,0,24,24,99999,0,0,576,0.152,3.648,0.6,0.5
57,0,7,0,492,0,0,0,216,216,99999,0,0,577,0.358,77.328,0.6,0.5
57,0,8,0,260,0,0,0,5,5,99999,0,0,578,7.21,36.05,0.6,0.5
57,0,9,0,3,0,0,0,312,312,99999,0,0,579,0.324,101.088,0.4,0.3
58,0,0,0,281,0,0,0,180,180,99999,0,0,580,0.126,22.68,0.6,0.5
58,0,1,0,46,0,0,0,30,30,99999,0,0,581,0.373,11.19,0.4,0.3
58,0,2,0,277,0,0,0,96,96,99999,0,0,582,0.668,64.128,0.6,0.5
58,0,3,0,419,0,0,0,72,72,99999,0,0,583,0.217,15.624,0.6,0.5
58,0,4,0,147,0,0,0,384,384,99999,0,0,584,0.276,105.984,0.5,0.4
58,0,5,0,12,0,0,0,8,8,99999,0,0,585,0.306,2.448,0.4,0.3
58,0,6,0,89,0,0,0,60,60,99999,0,0,586,0.142,8.52,0.5,0.4
58,0,7,0,245,0,0,0,456,456,99999,0,0,587,0.217,98.952,0.6,0.5
58,0,8,0,93,0,0,0,30,30,99999,0,0,588,0.281,8.43,0.5,0.4
58,0,9,0,304,0,0,0,90,90,99999,0,0,589,0.28,25.2,0.6,0.5
59,0,0,0,496,0,0,0,56,56,99999,0,0,590,1.468,82.208,0.6,0.5
59,0,1,0,493,0,0,0,72,72,99999,0,0,591,0.931,67.032,0.6,0.5
59,0,2,0,499,0,0,0,240,240,99999,0,0,592,0.336,80.64,0.6,0.5
59,0,3,0,348,0,0,0,192,192,99999,0,0,593,0.397,76.224,0.6,0.5
59,0,4,0,432,0,0,0,16,16,99999,0,0,594,0.9,14.4,0.6,0.5
59,0,5,0,461,0,0,0,60,60,99999,0,0,595,0.322,19.32,0.6,0.5
59,0,6,0,165,0,0,0,70,70,99999,0,0,596,0.173,12.11,0.5,0.4
59,0,7,0,474,0,0,0,48,48,99999,0,0,597,0.299,14.352,0.6,0.5
59,0,8,0,285,0,0,0,18,18,99999,0,0,598,2.133,38.394,0.6,0.5
59,0,9,0,315,0,0,0,20,20,99999,0,0,599,0.228,4.56,0.6,0.5
60,0,0,0,479,0,0,0,72,72,99999,0,0,600,0.465,33.48,0.6,0.5
60,0,1,0,44,0,0,0,120,120,99999,0,0,601,0.62,74.4,0.4,0.3
60,0,2,0,395,0,0,0,36,36,99999,0,0,602,0.461,16.596,0.6,0.5
60,0,3,0,418,0,0,0,27,27,99999,0,0,603,1.5,40.5,0.6,0.5
60,0,4,0,129,0,0,0,48,48,99999,0,0,604,0.25,12.0,0.5,0.4
60,0,5,0,180,0,0,0,216,216,99999,0,0,605,0.408,88.128,0.5,0.4
60,0,6,0,26,0,0,0,360,360,99999,0,0,606,0.274,98.64,0.4,0.3
60,0,7,0,25,0,0,0,30,30,99999,0,0,607,0.454,13.62,0.4,0.3
60,0,8,0,471,0,0,0,96,96,99999,0,0,608,0.52,49.92,0.6,0.5
60,0,9,0,60,0,0,0,36,36,99999,0,0,609,0.263,9.468,0.5,0.4
61,0,0,0,4,0,0,0,6,6,99999,0,0,610,0.425,2.55,0.4,0.3
61,0,1,0,107,0,0,0,36,36,99999,0,0,611,0.304,10.944,0.5,0.4
61,0,2,0,337,0,0,0,240,240,99999,0,0,612,0.336,80.64,0.6,0.5
61,0,3,0,5,0,0,0,192,192,99999,0,0,613,0.417,80.064,0.4,0.3
61,0,4,0,8,0,0,0,40,40,99999,0,0,614,0.381,15.24,0.4,0.3
61,0,5,0,473,0,0,0,100,100,99999,0,0,615,0.1,10.0,0.6,0.5
61,0,6,0,3,0,0,0,312,312,99999,0,0,616,0.324,101.088,0.4,0.3
61,0,7,0,18,0,0,0,30,30,99999,0,0,617,0.333,9.99,0.4,0.3
61,0,8,0,124,0,0,0,12,12,99999,0,0,618,0.292,3.504,0.5,0.4
61,0,9,0,351,0,0,0,192,192,99999,0,0,619,0.368,70.656,0.6,0.5
62,0,0,0,167,0,0,0,240,240,99999,0,0,620,0.284,68.16,0.5,0.4
62,0,1,0,349,0,0,0,24,24,99999,0,0,621,2.3,55.2,0.6,0.5
62,0,2,0,455,0,0,0,40,40,99999,0,0,622,0.091,3.64,0.6,0.5
62,0,3,0,470,0,0,0,48,48,99999,0,0,623,1.322,63.456,0.6,0.5
62,0,4,0,310,0,0,0,28,28,99999,0,0,624,2.35,65.8,0.6,0.5
62,0,5,0,357,0,0,0,6,6,99999,0,0,625,2.165,12.99,0.6,0.5
62,0,6,0,4,0,0,0,6,6,99999,0,0,626,0.425,2.55,0.4,0.3
62,0,7,0,49,0,0,0,240,240,99999,0,0,627,0.408,97.92,0.4,0.3
62,0,8,0,261,0,0,0,192,192,99999,0,0,628,0.408,78.336,0.6,0.5
62,0,9,0,22,0,0,0,72,72,99999,0,0,629,0.125,9.0,0.4,0.3
63,0,0,0,340,0,0,0,12,12,99999,0,0,630,0.283,3.396,0.6,0.5
63,0,1,0,435,0,0,0,9,9,99999,0,0,631,0.62,5.58,0.6,0.5
63,0,2,0,372,0,0,0,36,36,99999,0,0,632,0.229,8.244,0.6,0.5
63,0,3,0,494,0,0,0,96,96,99999,0,0,633,0.649,62.304,0.6,0.5
63,0,4,0,477,0,0,0,45,45,99999,0,0,634,0.254,11.43,0.6,0.5
63,0,5,0,402,0,0,0,77,77,99999,0,0,635,0.2,15.4,0.6,0.5
63,0,6,0,116,0,0,0,24,24,99999,0,0,636,0.407,9.768,0.5,0.4
63,0,7,0,298,0,0,0,216,216,99999,0,0,637,0.333,71.928,0.6,0.5
63,0,8,0,236,0,0,0,210,210,99999,0,0,638,0.103,21.63,0.6,0.5
63,0,9,0,476,0,0,0,24,24,99999,0,0,639,0.405,9.72,0.6,0.5
64,0,0,0,29,0,0,0,360,360,99999,0,0,640,0.274,98.64,0.4,0.3
64,0,1,0,22,0,0,0,72,72,99999,0,0,641,0.125,9.0,0.4,0.3
64,0,2,0,376,0,0,0,36,36,99999,0,0,642,0.218,7.848,0.6,0.5
64,0,3,0,23,0,0,0,210,210,99999,0,0,643,0.11,23.1,0.4,0.3
64,0,4,0,443,0,0,0,720,720,99999,0,0,644,0.142,102.24,0.6,0.5
64,0,5,0,325,0,0,0,27,27,99999,0,0,645,3.0,81.0,0.6,0.5
64,0,6,0,400,0,0,0,36,36,99999,0,0,646,1.037,37.332,0.6,0.5
64,0,7,0,46,0,0,0,30,30,99999,0,0,647,0.373,11.19,0.4,0.3
64,0,8,0,359,0,0,0,96,96,99999,0,0,648,0.608,58.368,0.6,0.5
64,0,9,0,271,0,0,0,288,288,99999,0,0,649,0.063,18.144,0.6,0.5
65,0,0,0,427,0,0,0,27,27,99999,0,0,650,2.0,54.0,0.6,0.5
65,0,1,0,142,0,0,0,384,384,99999,0,0,651,0.274,105.216,0.5,0.4
65,0,2,0,12,0,0,0,8,8,99999,0,0,652,0.306,2.448,0.4,0.3
65,0,3,0,21,0,0,0,432,432,99999,0,0,653,0.165,71.28,0.4,0.3
65,0,4,0,34,0,0,0,336,336,99999,0,0,654,0.233,78.288,0.4,0.3
65,0,5,0,267,0,0,0,528,528,99999,0,0,655,0.183,96.624,0.6,0.5
65,0,6,0,7,0,0,0,192,192,99999,0,0,656,0.45,86.4,0.4,0.3
65,0,7,0,201,0,0,0,60,60,99999,0,0,657,0.225,13.5,0.6,0.5
65,0,8,0,255,0,0,0,24,24,99999,0,0,658,0.49,11.76,0.6,0.5
65,0,9,0,473,0,0,0,100,100,99999,0,0,659,0.1,10.0,0.6,0.5
66,0,0,0,47,0,0,0,30,30,99999,0,0,660,0.365,10.95,0.4,0.3
66,0,1,0,215,0,0,0,264,264,99999,0,0,661,0.3,79.2,0.6,0.5
66,0,2,0,61,0,0,0,108,108,99999,0,0,662,0.229,24.732,0.5,0.4
66,0,3,0,12,0,0,0,8,8,99999,0,0,663,0.306,2.448,0.4,0.3
66,0,4,0,34,0,0,0,336,336,99999,0,0,664,0.233,78.288,0.4,0.3
66,0,5,0,395,0,0,0,36,36,99999,0,0,665,0.461,16.596,0.6,0.5
66,0,6,0,112,0,0,0,216,216,99999,0,0,666,0.375,81.0,0.5,0.4
66,0,7,0,157,0,0,0,12,12,99999,0,0,667,0.227,2.724,0.5,0.4
66,0,8,0,248,0,0,0,96,96,99999,0,0,668,0.644,61.824,0.6,0.5
66,0,9,0,219,0,0,0,24,24,99999,0,0,669,0.192,4.608,0.6,0.5
67,0,0,0,495,0,0,0,78,78,99999,0,0,670,1.0,78.0,0.6,0.5
67,0,1,0,320,0,0,0,384,384,99999,0,0,671,0.254,97.536,0.6,0.5
67,0,2,0,15,0,0,0,12,12,99999,0,0,672,0.367,4.404,0.4,0.3
67,0,3,0,41,0,0,0,80,80,99999,0,0,673,0.152,12.16,0.4,0.3
67,0,4,0,498,0,0,0,60,60,99999,0,0,674,0.491,29.46,0.6,0.5
67,0,5,0,258,0,0,0,24,24,99999,0,0,675,0.519,12.456,0.6,0.5
67,0,6,0,480,0,0,0,27,27,99999,0,0,676,3.0,81.0,0.6,0.5
67,0,7,0,199,0,0,0,10,10,99999,0,0,677,5.345,53.45,0.5,0.4
67,0,8,0,396,0,0,0,12,12,99999,0,0,678,0.33,3.96,0.6,0.5
67,0,9,0,456,0,0,0,8,8,99999,0,0,679,1.0,8.0,0.6,0.5
68,0,0,0,9,0,0,0,180,180,99999,0,0,680,0.1,18.0,0.4,0.3
68,0,1,0,14,0,0,0,12,12,99999,0,0,681,0.41,4.92,0.4,0.3
68,0,2,0,311,0,0,0,36,36,99999,0,0,682,0.286,10.296,0.6,0.5
68,0,3,0,138,0,0,0,36,36,99999,0,0,683,0.39,14.04,0.5,0.4
68,0,4,0,388,0,0,0,60,60,99999,0,0,684,0.48,28.8,0.6,0.5
68,0,5,0,449,0,0,0,210,210,99999,0,0,685,0.135,28.35,0.6,0.5
68,0,6,0,463,0,0,0,204,204,99999,0,0,686,0.092,18.768,0.6,0.5
68,0,7,0,343,0,0,0,192,192,99999,0,0,687,0.365,70.08,0.6,0.5
68,0,8,0,396,0,0,0,12,12,99999,0,0,688,0.33,3.96,0.6,0.5
68,0,9,0,316,0,0,0,32,32,99999,0,0,689,0.468,14.976,0.6,0.5
69,0,0,0,245,0,0,0,456,456,99999,0,0,690,0.217,98.952,0.6,0.5
69,0,1,0,409,0,0,0,48,48,99999,0,0,691,0.218,10.464,0.6,0.5
69,0,2,0,295,0,0,0,18,18,99999,0,0,692,2.168,39.024,0.6,0.5
69,0,3,0,426,0,0,0,36,36,99999,0,0,693,0.408,14.688,0.6,0.5
69,0,4,0,41,0,0,0,80,80,99999,0,0,694,0.152,12.16,0.4,0.3
69,0,5,0,376,0,0,0,36,36,99999,0,0,695,0.218,7.848,0.6,0.5
69,0,6,0,0,0,0,0,36,36,99999,0,0,696,1.602,57.672,0.4,0.3
69,0,7,0,347,0,0,0,36,36,99999,0,0,697,0.257,9.252,0.6,0.5
69,0,8,0,210,0,0,0,96,96,99999,0,0,698,0.637,61.152,0.6,0.5
69,0,9,0,463,0,0,0,204,204,99999,0,0,699,0.092,18.768,0.6,0.5
70,0,0,0,2,0,0,0,24,24,99999,0,0,700,0.405,9.72,0.4,0.3
70,0,1,0,238,0,0,0,33,33,99999,0,0,701,0.238,7.854,0.6,0.5
70,0,2,0,491,0,0,0,312,312,99999,0,0,702,0.329,102.648,0.6,0.5
70,0,3,0,95,0,0,0,240,240,99999,0,0,703,0.409,98.16,0.5,0.4
70,0,4,0,319,0,0,0,48,48,99999,0,0,704,0.397,19.056,0.6,0.5
70,0,5,0,68,0,0,0,320,320,99999,0,0,705,0.052,16.64,0.5,0.4
70,0,6,0,447,0,0,0,60,60,99999,0,0,706,0.425,25.5,0.6,0.5
70,0,7,0,364,0,0,0,60,60,99999,0,0,707,0.16,9.6,0.6,0.5
70,0,8,0,33,0,0,0,240,240,99999,0,0,708,0.409,98.16,0.4,0.3
70,0,9,0,122,0,0,0,48,48,99999,0,0,709,0.208,9.984,0.5,0.4
71,0,0,0,406,0,0,0,96,96,99999,0,0,710,0.603,57.888,0.6,0.5
71,0,1,0,352,0,0,0,360,360,99999,0,0,711,0.206,74.16,0.6,0.5
71,0,2,0,239,0,0,0,24,24,99999,0,0,712,0.433,10.392,0.6,0.5
71,0,3,0,49,0,0,0,240,240,99999,0,0,713,0.408,97.92,0.4,0.3
71,0,4,0,43,0,0,0,240,240,99999,0,0,714,0.3,72.0,0.4,0.3
71,0,5,0,252,0,0,0,36,36,99999,0,0,715,0.394,14.184,0.6,0.5
71,0,6,0,366,0,0,0,72,72,99999,0,0,716,0.643,46.296,0.6,0.5
71,0,7,0,395,0,0,0,36,36,99999,0,0,717,0.461,16.596,0.6,0.5
71,0,8,0,36,0,0,0,12,12,99999,0,0,718,3.463,41.556,0.4,0.3
71,0,9,0,359,0,0,0,96,96,99999,0,0,719,0.608,58.368,0.6,0.5
72,0,0,0,11,0,0,0,264,264,99999,0,0,720,0.282,74.448,0.4,0.3
72,0,1,0,451,0,0,0,72,72,99999,0,0,721,0.662,47.664,0.6,0.5
72,0,2,0,238,0,0,0,33,33,99999,0,0,722,0.238,7.854,0.6,0.5
72,0,3,0,198,0,0,0,288,288,99999,0,0,723,0.07,20.16,0.5,0.4
72,0,4,0,185,0,0,0,120,120,99999,0,0,724,0.532,63.84,0.5,0.4
72,0,5,0,146,0,0,0,24,24,99999,0,0,725,0.561,13.464,0.5,0.4
72,0,6,0,300,0,0,0,13,13,99999,0,0,726,0.8,10.4,0.6,0.5
72,0,7,0,486,0,0,0,16,16,99999,0,0,727,0.785,12.56,0.6,0.5
72,0,8,0,419,0,0,0,72,72,99999,0,0,728,0.217,15.624,0.6,0.5
72,0,9,0,15,0,0,0,12,12,99999,0,0,729,0.367,4.404,0.4,0.3
73,0,0,0,453,0,0,0,180,180,99999,0,0,730,0.133,23.94,0.6,0.5
73,0,1,0,108,0,0,0,210,210,99999,0,0,731,0.108,22.68,0.5,0.4
73,0,2,0,82,0,0,0,168,168,99999,0,0,732,0.446,74.928,0.5,0.4
73,0,3,0,245,0,0,0,456,456,99999,0,0,733,0.217,98.952,0.6,0.5
73,0,4,0,291,0,0,0,24,24,99999,0,0,734,0.269,6.456,0.6,0.5
73,0,5,0,481,0,0,0,210,210,99999,0,0,735,0.104,21.84,0.6,0.5
73,0,6,0,39,0,0,0,360,360,99999,0,0,736,0.276,99.36,0.4,0.3
73,0,7,0,207,0,0,0,36,36,99999,0,0,737,0.469,16.884,0.6,0.5
73,0,8,0,169,0,0,0,80,80,99999,0,0,738,1.046,83.68,0.5,0.4
73,0,9,0,251,0,0,0,408,408,99999,0,0,739,0.159,64.872,0.6,0.5
74,0,0,0,46,0,0,0,30,30,99999,0,0,740,0.373,11.19,0.4,0.3
74,0,1,0,373,0,0,0,24,24,99999,0,0,741,1.0,24.0,0.6,0.5
74,0,2,0,434,0,0,0,72,72,99999,0,0,742,0.175,12.6,0.6,0.5
74,0,3,0,342,0,0,0,72,72,99999,0,0,743,0.65,46.8,0.6,0.5
74,0,4,0,430,0,0,0,12,12,99999,0,0,744,1.043,12.516,0.6,0.5
74,0,5,0,22,0,0,0,72,72,99999,0,0,745,0.125,9.0,0.4,0.3
74,0,6,0,216,0,0,0,20,20,99999,0,0,746,1.0,20.0,0.6,0.5
74,0,7,0,227,0,0,0,36,36,99999,0,0,747,0.372,13.392,0.6,0.5
74,0,8,0,38,0,0,0,384,384,99999,0,0,748,0.275,105.6,0.4,0.3
74,0,9,0,469,0,0,0,13,13,99999,0,0,749,0.8,10.4,0.6,0.5
75,0,0,0,44,0,0,0,120,120,99999,0,0,750,0.62,74.4,0.4,0.3
75,0,1,0,307,0,0,0,312,312,99999,0,0,751,0.275,85.8,0.6,0.5
75,0,2,0,101,0,0,0,384,384,99999,0,0,752,0.275,105.6,0.5,0.4
75,0,3,0,12,0,0,0,8,8,99999,0,0,753,0.306,2.448,0.4,0.3
75,0,4,0,3,0,0,0,312,312,99999,0,0,754,0.324,101.088,0.4,0.3
75,0,5,0,434,0,0,0,72,72,99999,0,0,755,0.175,12.6,0.6,0.5
75,0,6,0,327,0,0,0,8,8,99999,0,0,756,1.0,8.0,0.6,0.5
75,0,7,0,28,0,0,0,12,12,99999,0,0,757,0.387,4.644,0.4,0.3
75,0,8,0,33,0,0,0,240,240,99999,0,0,758,0.409,98.16,0.4,0.3
75,0,9,0,178,0,0,0,96,96,99999,0,0,759,0.732,70.272,0.5,0.4
76,0,0,0,29,0,0,0,360,360,99999,0,0,760,0.274,98.64,0.4,0.3
76,0,1,0,15,0,0,0,12,12,99999,0,0,761,0.367,4.404,0.4,0.3
76,0,2,0,20,0,0,0,216,216,99999,0,0,762,0.386,83.376,0.4,0.3
76,0,3,0,18,0,0,0,30,30,99999,0,0,763,0.333,9.99,0.4,0.3
76,0,4,0,4,0,0,0,6,6,99999,0,0,764,0.425,2.55,0.4,0.3
76,0,5,0,471,0,0,0,96,96,99999,0,0,765,0.52,49.92,0.6,0.5
76,0,6,0,218,0,0,0,24,24,99999,0,0,766,0.446,10.704,0.6,0.5
76,0,7,0,199,0,0,0,10,10,99999,0,0,767,5.345,53.45,0.5,0.4
76,0,8,0,74,0,0,0,288,288,99999,0,0,768,0.291,83.808,0.5,0.4
76,0,9,0,491,0,0,0,312,312,99999,0,0,769,0.329,102.648,0.6,0.5
77,0,0,0,296,0,0,0,20,20,99999,0,0,770,0.435,8.7,0.6,0.5
77,0,1,0,314,0,0,0,77,77,99999,0,0,771,1.0,77.0,0.6,0.5
77,0,2,0,36,0,0,0,12,12,99999,0,0,772,3.463,41.556,0.4,0.3
77,0,3,0,366,0,0,0,72,72,99999,0,0,773,0.643,46.296,0.6,0.5
77,0,4,0,33,0,0,0,240,240,99999,0,0,774,0.409,98.16,0.4,0.3
77,0,5,0,17,0,0,0,108,108,99999,0,0,775,0.176,19.008,0.4,0.3
77,0,6,0,408,0,0,0,96,96,99999,0,0,776,0.088,8.448,0.6,0.5
77,0,7,0,55,0,0,0,72,72,99999,0,0,777,0.15,10.8,0.5,0.4
77,0,8,0,486,0,0,0,16,16,99999,0,0,778,0.785,12.56,0.6,0.5
77,0,9,0,0,0,0,0,36,36,99999,0,0,779,1.602,57.672,0.4,0.3
78,0,0,0,102,0,0,0,24,24,99999,0,0,780,0.479,11.496,0.5,0.4
78,0,1,0,292,0,0,0,384,384,99999,0,0,781,0.269,103.296,0.6,0.5
78,0,2,0,464,0,0,0,336,336,99999,0,0,782,0.259,87.024,0.6,0.5
78,0,3,0,55,0,0,0,72,72,99999,0,0,783,0.15,10.8,0.5,0.4
78,0,4,0,488,0,0,0,48,48,99999,0,0,784,0.092,4.416,0.6,0.5
78,0,5,0,358,0,0,0,24,24,99999,0,0,785,2.37,56.88,0.6,0.5
78,0,6,0,195,0,0,0,30,30,99999,0,0,786,0.589,17.67,0.5,0.4
78,0,7,0,203,0,0,0,30,30,99999,0,0,787,2.172,65.16,0.6,0.5
78,0,8,0,322,0,0,0,97,97,99999,0,0,788,0.2,19.4,0.6,0.5
78,0,9,0,397,0,0,0,36,36,99999,0,0,789,0.273,9.828,0.6,0.5
79,0,0,0,370,0,0,0,240,240,99999,0,0,790,0.415,99.6,0.6,0.5
79,0,1,0,173,0,0,0,96,96,99999,0,0,791,0.645,61.92,0.5,0.4
79,0,2,0,497,0,0,0,30,30,99999,0,0,792,0.379,11.37,0.6,0.5
79,0,3,0,225,0,0,0,40,40,99999,0,0,793,0.204,8.16,0.6,0.5
79,0,4,0,452,0,0,0,12,12,99999,0,0,794,4.225,50.7,0.6,0.5
79,0,5,0,359,0,0,0,96,96,99999,0,0,795,0.608,58.368,0.6,0.5
79,0,6,0,390,0,0,0,24,24,99999,0,0,796,0.221,5.304,0.6,0.5
79,0,7,0,47,0,0,0,30,30,99999,0,0,797,0.365,10.95,0.4,0.3
79,0,8,0,43,0,0,0,240,240,99999,0,0,798,0.3,72.0,0.4,0.3
79,0,9,0,26,0,0,0,360,360,99999,0,0,799,0.274,98.64,0.4,0.3
80,0,0,0,35,0,0,0,192,192,99999,0,0,800,0.361,69.312,0.4,0.3
80,0,1,0,373,0,0,0,24,24,99999,0,0,801,1.0,24.0,0.6,0.5
80,0,2,0,32,0,0,0,96,96,99999,0,0,802,0.125,12.0,0.4,0.3
80,0,3,0,47,0,0,0,30,30,99999,0,0,803,0.365,10.95,0.4,0.3
80,0,4,0,49,0,0,0,240,240,99999,0,0,804,0.408,97.92,0.4,0.3
80,0,5,0,74,0,0,0,288,288,99999,0,0,805,0.291,83.808,0.5,0.4
80,0,6,0,355,0,0,0,36,36,99999,0,0,806,0.383,13.788,0.6,0.5
80,0,7,0,15,0,0,0,12,12,99999,0,0,807,0.367,4.404,0.4,0.3
80,0,8,0,98,0,0,0,60,60,99999,0,0,808,0.225,13.5,0.5,0.4
80,0,9,0,181,0,0,0,24,24,99999,0,0,809,0.491,11.784,0.5,0.4
81,0,0,0,41,0,0,0,80,80,99999,0,0,810,0.152,12.16,0.4,0.3
81,0,1,0,184,0,0,0,192,192,99999,0,0,811,0.358,68.736,0.5,0.4
81,0,2,0,39,0,0,0,360,360,99999,0,0,812,0.276,99.36,0.4,0.3
81,0,3,0,18,0,0,0,30,30,99999,0,0,813,0.333,9.99,0.4,0.3
81,0,4,0,426,0,0,0,36,36,99999,0,0,814,0.408,14.688,0.6,0.5
81,0,5,0,3,0,0,0,312,312,99999,0,0,815,0.324,101.088,0.4,0.3
81,0,6,0,210,0,0,0,96,96,99999,0,0,816,0.637,61.152,0.6,0.5
81,0,7,0,337,0,0,0,240,240,99999,0,0,817,0.336,80.64,0.6,0.5
81,0,8,0,117,0,0,0,336,336,99999,0,0,818,0.244,81.984,0.5,0.4
81,0,9,0,469,0,0,0,13,13,99999,0,0,819,0.8,10.4,0.6,0.5
82,0,0,0,401,0,0,0,30,30,99999,0,0,820,0.344,10.32,0.6,0.5
82,0,1,0,447,0,0,0,60,60,99999,0,0,821,0.425,25.5,0.6,0.5
82,0,2,0,253,0,0,0,96,96,99999,0,0,822,0.635,60.96,0.6,0.5
82,0,3,0,413,0,0,0,288,288,99999,0,0,823,0.362,104.256,0.6,0.5
82,0,4,0,435,0,0,0,9,9,99999,0,0,824,0.62,5.58,0.6,0.5
82,0,5,0,40,0,0,0,24,24,99999,0,0,825,2.218,53.232,0.4,0.3
82,0,6,0,326,0,0,0,36,36,99999,0,0,826,0.373,13.428,0.6,0.5
82,0,7,0,344,0,0,0,48,48,99999,0,0,827,1.35,64.8,0.6,0.5
82,0,8,0,430,0,0,0,12,12,99999,0,0,828,1.043,12.516,0.6,0.5
82,0,9,0,29,0,0,0,360,360,99999,0,0,829,0.274,98.64,0.4,0.3
83,0,0,0,318,0,0,0,36,36,99999,0,0,830,0.194,6.984,0.6,0.5
83,0,1,0,20,0,0,0,216,216,99999,0,0,831,0.386,83.376,0.4,0.3
83,0,2,0,25,0,0,0,30,30,99999,0,0,832,0.454,13.62,0.4,0.3
83,0,3,0,129,0,0,0,48,48,99999,0,0,833,0.25,12.0,0.5,0.4
83,0,4,0,271,0,0,0,288,288,99999,0,0,834,0.063,18.144,0.6,0.5
83,0,5,0,377,0,0,0,40,40,99999,0,0,835,0.369,14.76,0.6,0.5
83,0,6,0,296,0,0,0,20,20,99999,0,0,836,0.435,8.7,0.6,0.5
83,0,7,0,239,0,0,0,24,24,99999,0,0,837,0.433,10.392,0.6,0.5
83,0,8,0,286,0,0,0,264,264,99999,0,0,838,0.273,72.072,0.6,0.5
83,0,9,0,395,0,0,0,36,36,99999,0,0,839,0.461,16.596,0.6,0.5
84,0,0,0,227,0,0,0,36,36,99999,0,0,840,0.372,13.392,0.6,0.5
84,0,1,0,381,0,0,0,8,8,99999,0,0,841,1.0,8.0,0.6,0.5
84,0,2,0,402,0,0,0,77,77,99999,0,0,842,0.2,15.4,0.6,0.5
84,0,3,0,403,0,0,0,96,96,99999,0,0,843,0.575,55.2,0.6,0.5
84,0,4,0,492,0,0,0,216,216,99999,0,0,844,0.358,77.328,0.6,0.5
84,0,5,0,4,0,0,0,6,6,99999,0,0,845,0.425,2.55,0.4,0.3
84,0,6,0,65,0,0,0,24,24,99999,0,0,846,0.49,11.76,0.5,0.4
84,0,7,0,33,0,0,0,240,240,99999,0,0,847,0.409,98.16,0.4,0.3
84,0,8,0,34,0,0,0,336,336,99999,0,0,848,0.233,78.288,0.4,0.3
84,0,9,0,40,0,0,0,24,24,99999,0,0,849,2.218,53.232,0.4,0.3
85,0,0,0,482,0,0,0,48,48,99999,0,0,850,1.435,68.88,0.6,0.5
85,0,1,0,321,0,0,0,180,180,99999,0,0,851,0.13,23.4,0.6,0.5
85,0,2,0,363,0,0,0,10,10,99999,0,0,852,6.4,64.0,0.6,0.5
85,0,3,0,428,0,0,0,20,20,99999,0,0,853,0.13,2.6,0.6,0.5
85,0,4,0,26,0,0,0,360,360,99999,0,0,854,0.274,98.64,0.4,0.3
85,0,5,0,378,0,0,0,30,30,99999,0,0,855,0.301,9.03,0.6,0.5
85,0,6,0,59,0,0,0,36,36,99999,0,0,856,0.363,13.068,0.5,0.4
85,0,7,0,405,0,0,0,77,77,99999,0,0,857,0.2,15.4,0.6,0.5
85,0,8,0,183,0,0,0,288,288,99999,0,0,858,0.241,69.408,0.5,0.4
85,0,9,0,421,0,0,0,144,144,99999,0,0,859,0.503,72.432,0.6,0.5
86,0,0,0,311,0,0,0,36,36,99999,0,0,860,0.286,10.296,0.6,0.5
86,0,1,0,342,0,0,0,72,72,99999,0,0,861,0.65,46.8,0.6,0.5
86,0,2,0,149,0,0,0,240,240,99999,0,0,862,0.355,85.2,0.5,0.4
86,0,3,0,13,0,0,0,96,96,99999,0,0,863,0.596,57.216,0.4,0.3
86,0,4,0,105,0,0,0,12,12,99999,0,0,864,0.291,3.492,0.5,0.4
86,0,5,0,242,0,0,0,36,36,99999,0,0,865,0.368,13.248,0.6,0.5
86,0,6,0,479,0,0,0,72,72,99999,0,0,866,0.465,33.48,0.6,0.5
86,0,7,0,287,0,0,0,31,31,99999,0,0,867,1.0,31.0,0.6,0.5
86,0,8,0,470,0,0,0,48,48,99999,0,0,868,1.322,63.456,0.6,0.5
86,0,9,0,125,0,0,0,48,48,99999,0,0,869,1.25,60.0,0.5,0.4
87,0,0,0,26,0,0,0,360,360,99999,0,0,870,0.274,98.64,0.4,0.3
87,0,1,0,386,0,0,0,36,36,99999,0,0,871,0.213,7.668,0.6,0.5
87,0,2,0,395,0,0,0,36,36,99999,0,0,872,0.461,16.596,0.6,0.5
87,0,3,0,30,0,0,0,24,24,99999,0,0,873,0.387,9.288,0.4,0.3
87,0,4,0,231,0,0,0,24,24,99999,0,0,874,0.514,12.336,0.6,0.5
87,0,5,0,75,0,0,0,12,12,99999,0,0,875,1.138,13.656,0.5,0.4
87,0,6,0,431,0,0,0,10,10,99999,0,0,876,0.73,7.3,0.6,0.5
87,0,7,0,45,0,0,0,72,72,99999,0,0,877,0.125,9.0,0.4,0.3
87,0,8,0,180,0,0,0,216,216,99999,0,0,878,0.408,88.128,0.5,0.4
87,0,9,0,145,0,0,0,24,24,99999,0,0,879,0.288,6.912,0.5,0.4
88,0,0,0,43,0,0,0,240,240,99999,0,0,880,0.3,72.0,0.4,0.3
88,0,1,0,459,0,0,0,36,36,99999,0,0,881,1.631,58.716,0.6,0.5
88,0,2,0,409,0,0,0,48,48,99999,0,0,882,0.218,10.464,0.6,0.5
88,0,3,0,460,0,0,0,24,24,99999,0,0,883,0.248,5.952,0.6,0.5
88,0,4,0,449,0,0,0,210,210,99999,0,0,884,0.135,28.35,0.6,0.5
88,0,5,0,301,0,0,0,384,384,99999,0,0,885,0.28,107.52,0.6,0.5
88,0,6,0,77,0,0,0,264,264,99999,0,0,886,0.283,74.712,0.5,0.4
88,0,7,0,306,0,0,0,36,36,99999,0,0,887,0.308,11.088,0.6,0.5
88,0,8,0,375,0,0,0,168,168,99999,0,0,888,0.383,64.344,0.6,0.5
88,0,9,0,487,0,0,0,48,48,99999,0,0,889,0.24,11.52,0.6,0.5
89,0,0,0,44,0,0,0,120,120,99999,0,0,890,0.62,74.4,0.4,0.3
89,0,1,0,334,0,0,0,45,45,99999,0,0,891,0.332,14.94,0.6,0.5
89,0,2,0,370,0,0,0,240,240,99999,0,0,892,0.415,99.6,0.6,0.5
89,0,3,0,324,0,0,0,216,216,99999,0,0,893,0.38,82.08,0.6,0.5
89,0,4,0,481,0,0,0,210,210,99999,0,0,894,0.104,21.84,0.6,0.5
89,0,5,0,43,0,0,0,240,240,99999,0,0,895,0.3,72.0,0.4,0.3
89,0,6,0,358,0,0,0,24,24,99999,0,0,896,2.37,56.88,0.6,0.5
89,0,7,0,6,0,0,0,10,10,99999,0,0,897,0.34,3.4,0.4,0.3
89,0,8,0,304,0,0,0,90,90,99999,0,0,898,0.28,25.2,0.6,0.5
89,0,9,0,123,0,0,0,20,20,99999,0,0,899,0.28,5.6,0.5,0.4
90,0,0,0,47,0,0,0,30,30,99999,0,0,900,0.365,10.95,0.4,0.3
90,0,1,0,29,0,0,0,360,360,99999,0,0,901,0.274,98.64,0.4,0.3
90,0,2,0,482,0,0,0,48,48,99999,0,0,902,1.435,68.88,0.6,0.5
90,0,3,0,249,0,0,0,12,12,99999,0,0,903,5.442,65.304,0.6,0.5
90,0,4,0,1,0,0,0,72,72,99999,0,0,904,0.125,9.0,0.4,0.3
90,0,5,0,33,0,0,0,240,240,99999,0,0,905,0.409,98.16,0.4,0.3
90,0,6,0,3,0,0,0,312,312,99999,0,0,906,0.324,101.088,0.4,0.3
90,0,7,0,35,0,0,0,192,192,99999,0,0,907,0.361,69.312,0.4,0.3
90,0,8,0,99,0,0,0,24,24,99999,0,0,908,2.228,53.472,0.5,0.4
90,0,9,0,217,0,0,0,72,72,99999,0,0,909,0.233,16.776,0.6,0.5
91,0,0,0,339,0,0,0,60,60,99999,0,0,910,0.21,12.6,0.6,0.5
91,0,1,0,226,0,0,0,61,61,99999,0,0,911,0.2,12.2,0.6,0.5
91,0,2,0,214,0,0,0,168,168,99999,0,0,912,0.441,74.088,0.6,0.5
91,0,3,0,219,0,0,0,24,24,99999,0,0,913,0.192,4.608,0.6,0.5
91,0,4,0,291,0,0,0,24,24,99999,0,0,914,0.269,6.456,0.6,0.5
91,0,5,0,3,0,0,0,312,312,99999,0,0,915,0.324,101.088,0.4,0.3
91,0,6,0,171,0,0,0,24,24,99999,0,0,916,0.4,9.6,0.5,0.4
91,0,7,0,355,0,0,0,36,36,99999,0,0,917,0.383,13.788,0.6,0.5
91,0,8,0,29,0,0,0,360,360,99999,0,0,918,0.274,98.64,0.4,0.3
91,0,9,0,139,0,0,0,28,28,99999,0,0,919,0.168,4.704,0.5,0.4
92,0,0,0,311,0,0,0,36,36,99999,0,0,920,0.286,10.296,0.6,0.5
92,0,1,0,234,0,0,0,12,12,99999,0,0,921,0.356,4.272,0.6,0.5
92,0,2,0,167,0,0,0,240,240,99999,0,0,922,0.284,68.16,0.5,0.4
92,0,3,0,267,0,0,0,528,528,99999,0,0,923,0.183,96.624,0.6,0.5
92,0,4,0,41,0,0,0,80,80,99999,0,0,924,0.152,12.16,0.4,0.3
92,0,5,0,499,0,0,0,240,240,99999,0,0,925,0.336,80.64,0.6,0.5
92,0,6,0,7,0,0,0,192,192,99999,0,0,926,0.45,86.4,0.4,0.3
92,0,7,0,290,0,0,0,312,312,99999,0,0,927,0.33,102.96,0.6,0.5
92,0,8,0,108,0,0,0,210,210,99999,0,0,928,0.108,22.68,0.5,0.4
92,0,9,0,73,0,0,0,120,120,99999,0,0,929,0.624,74.88,0.5,0.4
93,0,0,0,212,0,0,0,192,192,99999,0,0,930,0.37,71.04,0.6,0.5
93,0,1,0,33,0,0,0,240,240,99999,0,0,931,0.409,98.16,0.4,0.3
93,0,2,0,329,0,0,0,40,40,99999,0,0,932,0.31,12.4,0.6,0.5
93,0,3,0,275,0,0,0,36,36,99999,0,0,933,0.368,13.248,0.6,0.5
93,0,4,0,286,0,0,0,264,264,99999,0,0,934,0.273,72.072,0.6,0.5
93,0,5,0,484,0,0,0,432,432,99999,0,0,935,0.218,94.176,0.6,0.5
93,0,6,0,196,0,0,0,27,27,99999,0,0,936,2.5,67.5,0.5,0.4
93,0,7,0,32,0,0,0,96,96,99999,0,0,937,0.125,12.0,0.4,0.3
93,0,8,0,21,0,0,0,432,432,99999,0,0,938,0.165,71.28,0.4,0.3
93,0,9,0,73,0,0,0,120,120,99999,0,0,939,0.624,74.88,0.5,0.4
94,0,0,0,111,0,0,0,27,27,99999,0,0,940,3.0,81.0,0.5,0.4
94,0,1,0,6,0,0,0,10,10,99999,0,0,941,0.34,3.4,0.4,0.3
94,0,2,0,301,0,0,0,384,384,99999,0,0,942,0.28,107.52,0.6,0.5
94,0,3,0,67,0,0,0,12,12,99999,0,0,943,0.328,3.936,0.5,0.4
94,0,4,0,30,0,0,0,24,24,99999,0,0,944,0.387,9.288,0.4,0.3
94,0,5,0,92,0,0,0,30,30,99999,0,0,945,0.348,10.44,0.5,0.4
94,0,6,0,225,0,0,0,40,40,99999,0,0,946,0.204,8.16,0.6,0.5
94,0,7,0,24,0,0,0,20,20,99999,0,0,947,0.441,8.82,0.4,0.3
94,0,8,0,274,0,0,0,48,48,99999,0,0,948,0.307,14.736,0.6,0.5
94,0,9,0,38,0,0,0,384,384,99999,0,0,949,0.275,105.6,0.4,0.3
95,0,0,0,18,0,0,0,30,30,99999,0,0,950,0.333,9.99,0.4,0.3
95,0,1,0,197,0,0,0,432,432,99999,0,0,951,0.164,70.848,0.5,0.4
95,0,2,0,39,0,0,0,360,360,99999,0,0,952,0.276,99.36,0.4,0.3
95,0,3,0,16,0,0,0,12,12,99999,0,0,953,0.301,3.612,0.4,0.3
95,0,4,0,247,0,0,0,30,30,99999,0,0,954,1.992,59.76,0.6,0.5
95,0,5,0,28,0,0,0,12,12,99999,0,0,955,0.387,4.644,0.4,0.3
95,0,6,0,467,0,0,0,336,336,99999,0,0,956,0.246,82.656,0.6,0.5
95,0,7,0,382,0,0,0,24,24,99999,0,0,957,0.368,8.832,0.6,0.5
95,0,8,0,35,0,0,0,192,192,99999,0,0,958,0.361,69.312,0.4,0.3
95,0,9,0,461,0,0,0,60,60,99999,0,0,959,0.322,19.32,0.6,0.5
96,0,0,0,485,0,0,0,50,50,99999,0,0,960,0.308,15.4,0.6,0.5
96,0,1,0,218,0,0,0,24,24,99999,0,0,961,0.446,10.704,0.6,0.5
96,0,2,0,337,0,0,0,240,240,99999,0,0,962,0.336,80.64,0.6,0.5
96,0,3,0,401,0,0,0,30,30,99999,0,0,963,0.344,10.32,0.6,0.5
96,0,4,0,313,0,0,0,12,12,99999,0,0,964,0.375,4.5,0.6,0.5
96,0,5,0,32,0,0,0,96,96,99999,0,0,965,0.125,12.0,0.4,0.3
96,0,6,0,498,0,0,0,60,60,99999,0,0,966,0.491,29.46,0.6,0.5
96,0,7,0,430,0,0,0,12,12,99999,0,0,967,1.043,12.516,0.6,0.5
96,0,8,0,486,0,0,0,16,16,99999,0,0,968,0.785,12.56,0.6,0.5
96,0,9,0,117,0,0,0,336,336,99999,0,0,969,0.244,81.984,0.5,0.4
97,0,0,0,5,0,0,0,192,192,99999,0,0,970,0.417,80.064,0.4,0.3
97,0,1,0,291,0,0,0,24,24,99999,0,0,971,0.269,6.456,0.6,0.5
97,0,2,0,400,0,0,0,36,36,99999,0,0,972,1.037,37.332,0.6,0.5
97,0,3,0,422,0,0,0,48,48,99999,0,0,973,0.894,42.912,0.6,0.5
97,0,4,0,43,0,0,0,240,240,99999,0,0,974,0.3,72.0,0.4,0.3
97,0,5,0,156,0,0,0,81,81,99999,0,0,975,0.2,16.2,0.5,0.4
97,0,6,0,342,0,0,0,72,72,99999,0,0,976,0.65,46.8,0.6,0.5
97,0,7,0,228,0,0,0,228,228,99999,0,0,977,0.397,90.516,0.6,0.5
97,0,8,0,487,0,0,0,48,48,99999,0,0,978,0.24,11.52,0.6,0.5
97,0,9,0,331,0,0,0,18,18,99999,0,0,979,1.493,26.874,0.6,0.5
98,0,0,0,317,0,0,0,12,12,99999,0,0,980,0.425,5.1,0.6,0.5
98,0,1,0,485,0,0,0,50,50,99999,0,0,981,0.308,15.4,0.6,0.5
98,0,2,0,296,0,0,0,20,20,99999,0,0,982,0.435,8.7,0.6,0.5
98,0,3,0,300,0,0,0,13,13,99999,0,0,983,0.8,10.4,0.6,0.5
98,0,4,0,101,0,0,0,384,384,99999,0,0,984,0.275,105.6,0.5,0.4
98,0,5,0,44,0,0,0,120,120,99999,0,0,985,0.62,74.4,0.4,0.3
98,0,6,0,213,0,0,0,8,8,99999,0,0,986,0.351,2.808,0.6,0.5
98,0,7,0,156,0,0,0,81,81,99999,0,0,987,0.2,16.2,0.5,0.4
98,0,8,0,388,0,0,0,60,60,99999,0,0,988,0.48,28.8,0.6,0.5
98,0,9,0,30,0,0,0,24,24,99999,0,0,989,0.387,9.288,0.4,0.3
99,0,0,0,109,0,0,0,264,264,99999,0,0,990,0.283,74.712,0.5,0.4
99,0,1,0,429,0,0,0,72,72,99999,0,0,991,1.008,72.576,0.6,0.5
99,0,2,0,304,0,0,0,90,90,99999,0,0,992,0.28,25.2,0.6,0.5
99,0,3,0,345,0,0,0,24,24,99999,0,0,993,2.333,55.992,0.6,0.5
99,0,4,0,359,0,0,0,96,96,99999,0,0,994,0.608,58.368,0.6,0.5
99,0,5,0,50,0,0,0,27,27,99999,0,0,995,3.0,81.0,0.5,0.4
99,0,6,0,168,0,0,0,336,336,99999,0,0,996,0.291,97.776,0.5,0.4
99,0,7,0,496,0,0,0,56,56,99999,0,0,997,1.468,82.208,0.6,0.5
99,0,8,0,328,0,0,0,312,312,99999,0,0,998,0.275,85.8,0.6,0.5
99,0,9,0,115,0,0,0,192,192,99999,0,0,999,0.389,74.688,0.5,0.4
100,0,0,0,35,0,0,0,192,192,99999,0,0,1000,0.361,69.312,0.4,0.3
100,0,1,0,455,0,0,0,40,40,99999,0,0,1001,0.091,3.64,0.6,0.5
100,0,2,0,28,0,0,0,12,12,99999,0,0,1002,0.387,4.644,0.4,0.3
100,0,3,0,8,0,0,0,40,40,99999,0,0,1003,0.381,15.24,0.4,0.3
100,0,4,0,37,0,0,0,384,384,99999,0,0,1004,0.277,106.368,0.4,0.3
100,0,5,0,471,0,0,0,96,96,99999,0,0,1005,0.52,49.92,0.6,0.5
100,0,6,0,110,0,0,0,280,280,99999,0,0,1006,0.075,21.0,0.5,0.4
100,0,7,0,29,0,0,0,360,360,99999,0,0,1007,0.274,98.64,0.4,0.3
100,0,8,0,60,0,0,0,36,36,99999,0,0,1008,0.263,9.468,0.5,0.4
100,0,9,0,0,0,0,0,36,36,99999,0,0,1009,1.602,57.672,0.4,0.3
101,0,0,0,218,0,0,0,24,24,99999,0,0,1010,0.446,10.704,0.6,0.5
101,0,1,0,261,0,0,0,192,192,99999,0,0,1011,0.408,78.336,0.6,0.5
101,0,2,0,384,0,0,0,12,12,99999,0,0,1012,3.9,46.8,0.6,0.5
101,0,3,0,400,0,0,0,36,36,99999,0,0,1013,1.037,37.332,0.6,0.5
101,0,4,0,355,0,0,0,36,36,99999,0,0,1014,0.383,13.788,0.6,0.5
101,0,5,0,5,0,0,0,192,192,99999,0,0,1015,0.417,80.064,0.4,0.3
101,0,6,0,46,0,0,0,30,30,99999,0,0,1016,0.373,11.19,0.4,0.3
101,0,7,0,22,0,0,0,72,72,99999,0,0,1017,0.125,9.0,0.4,0.3
101,0,8,0,381,0,0,0,8,8,99999,0,0,1018,1.0,8.0,0.6,0.5
101,0,9,0,357,0,0,0,6,6,99999,0,0,1019,2.165,12.99,0.6,0.5
102,0,0,0,35,0,0,0,192,192,99999,0,0,1020,0.361,69.312,0.4,0.3
102,0,1,0,23,0,0,0,210,210,99999,0,0,1021,0.11,23.1,0.4,0.3
102,0,2,0,442,0,0,0,384,384,99999,0,0,1022,0.276,105.984,0.6,0.5
102,0,3,0,394,0,0,0,90,90,99999,0,0,1023,0.28,25.2,0.6,0.5
102,0,4,0,16,0,0,0,12,12,99999,0,0,1024,0.301,3.612,0.4,0.3
102,0,5,0,412,0,0,0,240,240,99999,0,0,1025,0.312,74.88,0.6,0.5
102,0,6,0,341,0,0,0,96,96,99999,0,0,1026,0.665,63.84,0.6,0.5
102,0,7,0,34,0,0,0,336,336,99999,0,0,1027,0.233,78.288,0.4,0.3
102,0,8,0,402,0,0,0,77,77,99999,0,0,1028,0.2,15.4,0.6,0.5
102,0,9,0,419,0,0,0,72,72,99999,0,0,1029,0.217,15.624,0.6,0.5
103,0,0,0,265,0,0,0,30,30,99999,0,0,1030,0.468,14.04,0.6,0.5
103,0,1,0,44,0,0,0,120,120,99999,0,0,1031,0.62,74.4,0.4,0.3
103,0,2,0,30,0,0,0,24,24,99999,0,0,1032,0.387,9.288,0.4,0.3
103,0,3,0,29,0,0,0,360,360,99999,0,0,1033,0.274,98.64,0.4,0.3
103,0,4,0,35,0,0,0,192,192,99999,0,0,1034,0.361,69.312,0.4,0.3
103,0,5,0,474,0,0,0,48,48,99999,0,0,1035,0.299,14.352,0.6,0.5
103,0,6,0,461,0,0,0,60,60,99999,0,0,1036,0.322,19.32,0.6,0.5
103,0,7,0,318,0,0,0,36,36,99999,0,0,1037,0.194,6.984,0.6,0.5
103,0,8,0,445,0,0,0,15,15,99999,0,0,1038,0.55,8.25,0.6,0.5
103,0,9,0,409,0,0,0,48,48,99999,0,0,1039,0.218,10.464,0.6,0.5
104,0,0,0,332,0,0,0,72,72,99999,0,0,1040,0.233,16.776,0.6,0.5
104,0,1,0,302,0,0,0,336,336,99999,0,0,1041,0.229,76.944,0.6,0.5
104,0,2,0,148,0,0,0,360,360,99999,0,0,1042,0.275,99.0,0.5,0.4
104,0,3,0,31,0,0,0,72,72,99999,0,0,1043,0.125,9.0,0.4,0.3
104,0,4,0,352,0,0,0,360,360,99999,0,0,1044,0.206,74.16,0.6,0.5
104,0,5,0,218,0,0,0,24,24,99999,0,0,1045,0.446,10.704,0.6,0.5
104,0,6,0,363,0,0,0,10,10,99999,0,0,1046,6.4,64.0,0.6,0.5
104,0,7,0,255,0,0,0,24,24,99999,0,0,1047,0.49,11.76,0.6,0.5
104,0,8,0,437,0,0,0,32,32,99999,0,0,1048,2.209,70.688,0.6,0.5
104,0,9,0,234,0,0,0,12,12,99999,0,0,1049,0.356,4.272,0.6,0.5
105,0,0,0,157,0,0,0,12,12,99999,0,0,1050,0.227,2.724,0.5,0.4
105,0,1,0,6,0,0,0,10,10,99999,0,0,1051,0.34,3.4,0.4,0.3
105,0,2,0,36,0,0,0,12,12,99999,0,0,1052,3.463,41.556,0.4,0.3
105,0,3,0,384,0,0,0,12,12,99999,0,0,1053,3.9,46.8,0.6,0.5
105,0,4,0,17,0,0,0,108,108,99999,0,0,1054,0.176,19.008,0.4,0.3
105,0,5,0,113,0,0,0,11,11,99999,0,0,1055,6.02,66.22,0.5,0.4
105,0,6,0,155,0,0,0,54,54,99999,0,0,1056,0.286,15.444,0.5,0.4
105,0,7,0,232,0,0,0,27,27,99999,0,0,1057,6.0,162.0,0.6,0.5
105,0,8,0,431,0,0,0,10,10,99999,0,0,1058,0.73,7.3,0.6,0.5
105,0,9,0,219,0,0,0,24,24,99999,0,0,1059,0.192,4.608,0.6,0.5
106,0,0,0,31,0,0,0,72,72,99999,0,0,1060,0.125,9.0,0.4,0.3
106,0,1,0,114,0,0,0,360,360,99999,0,0,1061,0.279,100.44,0.5,0.4
106,0,2,0,368,0,0,0,10,10,99999,0,0,1062,6.0,60.0,0.6,0.5
106,0,3,0,173,0,0,0,96,96,99999,0,0,1063,0.645,61.92,0.5,0.4
106,0,4,0,373,0,0,0,24,24,99999,0,0,1064,1.0,24.0,0.6,0.5
106,0,5,0,491,0,0,0,312,312,99999,0,0,1065,0.329,102.648,0.6,0.5
106,0,6,0,28,0,0,0,12,12,99999,0,0,1066,0.387,4.644,0.4,0.3
106,0,7,0,389,0,0,0,48,48,99999,0,0,1067,0.85,40.8,0.6,0.5
106,0,8,0,77,0,0,0,264,264,99999,0,0,1068,0.283,74.712,0.5,0.4
106,0,9,0,211,0,0,0,336,336,99999,0,0,1069,0.212,71.232,0.6,0.5
107,0,0,0,297,0,0,0,168,168,99999,0,0,1070,0.072,12.096,0.6,0.5
107,0,1,0,452,0,0,0,12,12,99999,0,0,1071,4.225,50.7,0.6,0.5
107,0,2,0,35,0,0,0,192,192,99999,0,0,1072,0.361,69.312,0.4,0.3
107,0,3,0,154,0,0,0,360,360,99999,0,0,1073,0.274,98.64,0.5,0.4
107,0,4,0,4,0,0,0,6,6,99999,0,0,1074,0.425,2.55,0.4,0.3
107,0,5,0,39,0,0,0,360,360,99999,0,0,1075,0.276,99.36,0.4,0.3
107,0,6,0,190,0,0,0,8,8,99999,0,0,1076,0.565,4.52,0.5,0.4
107,0,7,0,347,0,0,0,36,36,99999,0,0,1077,0.257,9.252,0.6,0.5
107,0,8,0,246,0,0,0,24,24,99999,0,0,1078,0.152,3.648,0.6,0.5
107,0,9,0,417,0,0,0,36,36,99999,0,0,1079,0.391,14.076,0.6,0.5
108,0,0,0,457,0,0,0,24,24,99999,0,0,1080,0.197,4.728,0.6,0.5
108,0,1,0,13,0,0,0,96,96,99999,0,0,1081,0.596,57.216,0.4,0.3
108,0,2,0,10,0,0,0,210,210,99999,0,0,1082,0.118,24.78,0.4,0.3
108,0,3,0,460,0,0,0,24,24,99999,0,0,1083,0.248,5.952,0.6,0.5
108,0,4,0,223,0,0,0,24,24,99999,0,0,1084,0.522,12.528,0.6,0.5
108,0,5,0,97,0,0,0,10,10,99999,0,0,1085,5.575,55.75,0.5,0.4
108,0,6,0,113,0,0,0,11,11,99999,0,0,1086,6.02,66.22,0.5,0.4
108,0,7,0,487,0,0,0,48,48,99999,0,0,1087,0.24,11.52,0.6,0.5
108,0,8,0,35,0,0,0,192,192,99999,0,0,1088,0.361,69.312,0.4,0.3
108,0,9,0,87,0,0,0,12,12,99999,0,0,1089,5.165,61.98,0.5,0.4
109,0,0,0,3,0,0,0,312,312,99999,0,0,1090,0.324,101.088,0.4,0.3
109,0,1,0,11,0,0,0,264,264,99999,0,0,1091,0.282,74.448,0.4,0.3
109,0,2,0,295,0,0,0,18,18,99999,0,0,1092,2.168,39.024,0.6,0.5
109,0,3,0,30,0,0,0,24,24,99999,0,0,1093,0.387,9.288,0.4,0.3
109,0,4,0,435,0,0,0,9,9,99999,0,0,1094,0.62,5.58,0.6,0.5
109,0,5,0,208,0,0,0,48,48,99999,0,0,1095,0.208,9.984,0.6,0.5
109,0,6,0,39,0,0,0,360,360,99999,0,0,1096,0.276,99.36,0.4,0.3
109,0,7,0,25,0,0,0,30,30,99999,0,0,1097,0.454,13.62,0.4,0.3
109,0,8,0,179,0,0,0,24,24,99999,0,0,1098,0.324,7.776,0.5,0.4
109,0,9,0,13,0,0,0,96,96,99999,0,0,1099,0.596,57.216,0.4,0.3
110,0,0,0,287,0,0,0,31,31,99999,0,0,1100,1.0,31.0,0.6,0.5
110,0,1,0,359,0,0,0,96,96,99999,0,0,1101,0.608,58.368,0.6,0.5
110,0,2,0,271,0,0,0,288,288,99999,0,0,1102,0.063,18.144,0.6,0.5
110,0,3,0,286,0,0,0,264,264,99999,0,0,1103,0.273,72.072,0.6,0.5
110,0,4,0,15,0,0,0,12,12,99999,0,0,1104,0.367,4.404,0.4,0.3
110,0,5,0,236,0,0,0,210,210,99999,0,0,1105,0.103,21.63,0.6,0.5
110,0,6,0,357,0,0,0,6,6,99999,0,0,1106,2.165,12.99,0.6,0.5
110,0,7,0,289,0,0,0,240,240,99999,0,0,1107,0.047,11.28,0.6,0.5
110,0,8,0,278,0,0,0,14,14,99999,0,0,1108,0.556,7.784,0.6,0.5
110,0,9,0,458,0,0,0,24,24,99999,0,0,1109,0.272,6.528,0.6,0.5
111,0,0,0,262,0,0,0,15,15,99999,0,0,1110,0.584,8.76,0.6,0.5
111,0,1,0,41,0,0,0,80,80,99999,0,0,1111,0.152,12.16,0.4,0.3
111,0,2,0,93,0,0,0,30,30,99999,0,0,1112,0.281,8.43,0.5,0.4
111,0,3,0,245,0,0,0,456,456,99999,0,0,1113,0.217,98.952,0.6,0.5
111,0,4,0,381,0,0,0,8,8,99999,0,0,1114,1.0,8.0,0.6,0.5
111,0,5,0,105,0,0,0,12,12,99999,0,0,1115,0.291,3.492,0.5,0.4
111,0,6,0,119,0,0,0,74,74,99999,0,0,1116,0.2,14.8,0.5,0.4
111,0,7,0,157,0,0,0,12,12,99999,0,0,1117,0.227,2.724,0.5,0.4
111,0,8,0,363,0,0,0,10,10,99999,0,0,1118,6.4,64.0,0.6,0.5
111,0,9,0,399,0,0,0,50,50,99999,0,0,1119,0.236,11.8,0.6,0.5
112,0,0,0,26,0,0,0,360,360,99999,0,0,1120,0.274,98.64,0.4,0.3
112,0,1,0,267,0,0,0,528,528,99999,0,0,1121,0.183,96.624,0.6,0.5
112,0,2,0,76,0,0,0,12,12,99999,0,0,1122,0.308,3.696,0.5,0.4
112,0,3,0,40,0,0,0,24,24,99999,0,0,1123,2.218,53.232,0.4,0.3
112,0,4,0,42,0,0,0,30,30,99999,0,0,1124,0.454,13.62,0.4,0.3
112,0,5,0,8,0,0,0,40,40,99999,0,0,1125,0.381,15.24,0.4,0.3
112,0,6,0,465,0,0,0,15,15,99999,0,0,1126,0.582,8.73,0.6,0.5
112,0,7,0,437,0,0,0,32,32,99999,0,0,1127,2.209,70.688,0.6,0.5
112,0,8,0,271,0,0,0,288,288,99999,0,0,1128,0.063,18.144,0.6,0.5
112,0,9,0,375,0,0,0,168,168,99999,0,0,1129,0.383,64.344,0.6,0.5
113,0,0,0,262,0,0,0,15,15,99999,0,0,1130,0.584,8.76,0.6,0.5
113,0,1,0,36,0,0,0,12,12,99999,0,0,1131,3.463,41.556,0.4,0.3
113,0,2,0,6,0,0,0,10,10,99999,0,0,1132,0.34,3.4,0.4,0.3
113,0,3,0,44,0,0,0,120,120,99999,0,0,1133,0.62,74.4,0.4,0.3
113,0,4,0,369,0,0,0,192,192,99999,0,0,1134,0.368,70.656,0.6,0.5
113,0,5,0,129,0,0,0,48,48,99999,0,0,1135,0.25,12.0,0.5,0.4
113,0,6,0,236,0,0,0,210,210,99999,0,0,1136,0.103,21.63,0.6,0.5
113,0,7,0,28,0,0,0,12,12,99999,0,0,1137,0.387,4.644,0.4,0.3
113,0,8,0,431,0,0,0,10,10,99999,0,0,1138,0.73,7.3,0.6,0.5
113,0,9,0,475,0,0,0,60,60,99999,0,0,1139,0.871,52.26,0.6,0.5
114,0,0,0,127,0,0,0,192,192,99999,0,0,1140,0.398,76.416,0.5,0.4
114,0,1,0,278,0,0,0,14,14,99999,0,0,1141,0.556,7.784,0.6,0.5
114,0,2,0,307,0,0,0,312,312,99999,0,0,1142,0.275,85.8,0.6,0.5
114,0,3,0,310,0,0,0,28,28,99999,0,0,1143,2.35,65.8,0.6,0.5
114,0,4,0,10,0,0,0,210,210,99999,0,0,1144,0.118,24.78,0.4,0.3
114,0,5,0,353,0,0,0,720,720,99999,0,0,1145,0.142,102.24,0.6,0.5
114,0,6,0,30,0,0,0,24,24,99999,0,0,1146,0.387,9.288,0.4,0.3
114,0,7,0,273,0,0,0,210,210,99999,0,0,1147,0.098,20.58,0.6,0.5
114,0,8,0,496,0,0,0,56,56,99999,0,0,1148,1.468,82.208,0.6,0.5
114,0,9,0,5,0,0,0,192,192,99999,0,0,1149,0.417,80.064,0.4,0.3
115,0,0,0,11,0,0,0,264,264,99999,0,0,1150,0.282,74.448,0.4,0.3
115,0,1,0,38,0,0,0,384,384,99999,0,0,1151,0.275,105.6,0.4,0.3
115,0,2,0,306,0,0,0,36,36,99999,0,0,1152,0.308,11.088,0.6,0.5
115,0,3,0,4,0,0,0,6,6,99999,0,0,1153,0.425,2.55,0.4,0.3
115,0,4,0,489,0,0,0,30,30,99999,0,0,1154,0.533,15.99,0.6,0.5
115,0,5,0,346,0,0,0,36,36,99999,0,0,1155,1.362,49.032,0.6,0.5
115,0,6,0,362,0,0,0,32,32,99999,0,0,1156,2.206,70.592,0.6,0.5
115,0,7,0,431,0,0,0,10,10,99999,0,0,1157,0.73,7.3,0.6,0.5
115,0,8,0,202,0,0,0,312,312,99999,0,0,1158,0.329,102.648,0.6,0.5
115,0,9,0,434,0,0,0,72,72,99999,0,0,1159,0.175,12.6,0.6,0.5
116,0,0,0,114,0,0,0,360,360,99999,0,0,1160,0.279,100.44,0.5,0.4
116,0,1,0,39,0,0,0,360,360,99999,0,0,1161,0.276,99.36,0.4,0.3
116,0,2,0,372,0,0,0,36,36,99999,0,0,1162,0.229,8.244,0.6,0.5
116,0,3,0,473,0,0,0,100,100,99999,0,0,1163,0.1,10.0,0.6,0.5
116,0,4,0,290,0,0,0,312,312,99999,0,0,1164,0.33,102.96,0.6,0.5
116,0,5,0,302,0,0,0,336,336,99999,0,0,1165,0.229,76.944,0.6,0.5
116,0,6,0,150,0,0,0,24,24,99999,0,0,1166,0.387,9.288,0.5,0.4
116,0,7,0,242,0,0,0,36,36,99999,0,0,1167,0.368,13.248,0.6,0.5
116,0,8,0,34,0,0,0,336,336,99999,0,0,1168,0.233,78.288,0.4,0.3
116,0,9,0,172,0,0,0,30,30,99999,0,0,1169,0.166,4.98,0.5,0.4
117,0,0,0,13,0,0,0,96,96,99999,0,0,1170,0.596,57.216,0.4,0.3
117,0,1,0,36,0,0,0,12,12,99999,0,0,1171,3.463,41.556,0.4,0.3
117,0,2,0,91,0,0,0,18,18,99999,0,0,1172,0.53,9.54,0.5,0.4
117,0,3,0,277,0,0,0,96,96,99999,0,0,1173,0.668,64.128,0.6,0.5
117,0,4,0,0,0,0,0,36,36,99999,0,0,1174,1.602,57.672,0.4,0.3
117,0,5,0,64,0,0,0,24,24,99999,0,0,1175,0.334,8.016,0.5,0.4
117,0,6,0,31,0,0,0,72,72,99999,0,0,1176,0.125,9.0,0.4,0.3
117,0,7,0,45,0,0,0,72,72,99999,0,0,1177,0.125,9.0,0.4,0.3
117,0,8,0,33,0,0,0,240,240,99999,0,0,1178,0.409,98.16,0.4,0.3
117,0,9,0,337,0,0,0,240,240,99999,0,0,1179,0.336,80.64,0.6,0.5
118,0,0,0,405,0,0,0,77,77,99999,0,0,1180,0.2,15.4,0.6,0.5
118,0,1,0,363,0,0,0,10,10,99999,0,0,1181,6.4,64.0,0.6,0.5
118,0,2,0,46,0,0,0,30,30,99999,0,0,1182,0.373,11.19,0.4,0.3
118,0,3,0,49,0,0,0,240,240,99999,0,0,1183,0.408,97.92,0.4,0.3
118,0,4,0,163,0,0,0,96,96,99999,0,0,1184,0.657,63.072,0.5,0.4
118,0,5,0,186,0,0,0,70,70,99999,0,0,1185,0.181,12.67,0.5,0.4
118,0,6,0,332,0,0,0,72,72,99999,0,0,1186,0.233,16.776,0.6,0.5
118,0,7,0,480,0,0,0,27,27,99999,0,0,1187,3.0,81.0,0.6,0.5
118,0,8,0,268,0,0,0,18,18,99999,0,0,1188,0.238,4.284,0.6,0.5
118,0,9,0,260,0,0,0,5,5,99999,0,0,1189,7.21,36.05,0.6,0.5
119,0,0,0,28,0,0,0,12,12,99999,0,0,1190,0.387,4.644,0.4,0.3
119,0,1,0,470,0,0,0,48,48,99999,0,0,1191,1.322,63.456,0.6,0.5
119,0,2,0,420,0,0,0,40,40,99999,0,0,1192,0.16,6.4,0.6,0.5
119,0,3,0,269,0,0,0,36,36,99999,0,0,1193,0.126,4.536,0.6,0.5
119,0,4,0,303,0,0,0,24,24,99999,0,0,1194,0.6,14.4,0.6,0.5
119,0,5,0,198,0,0,0,288,288,99999,0,0,1195,0.07,20.16,0.5,0.4
119,0,6,0,284,0,0,0,96,96,99999,0,0,1196,0.66,63.36,0.6,0.5
119,0,7,0,266,0,0,0,40,40,99999,0,0,1197,0.16,6.4,0.6,0.5
119,0,8,0,248,0,0,0,96,96,99999,0,0,1198,0.644,61.824,0.6,0.5
119,0,9,0,212,0,0,0,192,192,99999,0,0,1199,0.37,71.04,0.6,0.5
120,0,0,0,18,0,0,0,30,30,99999,0,0,1200,0.333,9.99,0.4,0.3
120,0,1,0,256,0,0,0,24,24,99999,0,0,1201,0.446,10.704,0.6,0.5
120,0,2,0,227,0,0,0,36,36,99999,0,0,1202,0.372,13.392,0.6,0.5
120,0,3,0,13,0,0,0,96,96,99999,0,0,1203,0.596,57.216,0.4,0.3
120,0,4,0,373,0,0,0,24,24,99999,0,0,1204,1.0,24.0,0.6,0.5
120,0,5,0,187,0,0,0,12,12,99999,0,0,1205,0.463,5.556,0.5,0.4
120,0,6,0,470,0,0,0,48,48,99999,0,0,1206,1.322,63.456,0.6,0.5
120,0,7,0,3,0,0,0,312,312,99999,0,0,1207,0.324,101.088,0.4,0.3
120,0,8,0,200,0,0,0,168,168,99999,0,0,1208,0.125,21.0,0.6,0.5
120,0,9,0,460,0,0,0,24,24,99999,0,0,1209,0.248,5.952,0.6,0.5
121,0,0,0,297,0,0,0,168,168,99999,0,0,1210,0.072,12.096,0.6,0.5
121,0,1,0,216,0,0,0,20,20,99999,0,0,1211,1.0,20.0,0.6,0.5
121,0,2,0,397,0,0,0,36,36,99999,0,0,1212,0.273,9.828,0.6,0.5
121,0,3,0,384,0,0,0,12,12,99999,0,0,1213,3.9,46.8,0.6,0.5
121,0,4,0,128,0,0,0,8,8,99999,0,0,1214,1.0,8.0,0.5,0.4
121,0,5,0,10,0,0,0,210,210,99999,0,0,1215,0.118,24.78,0.4,0.3
121,0,6,0,28,0,0,0,12,12,99999,0,0,1216,0.387,4.644,0.4,0.3
121,0,7,0,192,0,0,0,360,360,99999,0,0,1217,0.277,99.72,0.5,0.4
121,0,8,0,6,0,0,0,10,10,99999,0,0,1218,0.34,3.4,0.4,0.3
121,0,9,0,257,0,0,0,9,9,99999,0,0,1219,0.58,5.22,0.6,0.5
122,0,0,0,24,0,0,0,20,20,99999,0,0,1220,0.441,8.82,0.4,0.3
122,0,1,0,27,0,0,0,336,336,99999,0,0,1221,0.267,89.712,0.4,0.3
122,0,2,0,258,0,0,0,24,24,99999,0,0,1222,0.519,12.456,0.6,0.5
122,0,3,0,14,0,0,0,12,12,99999,0,0,1223,0.41,4.92,0.4,0.3
122,0,4,0,42,0,0,0,30,30,99999,0,0,1224,0.454,13.62,0.4,0.3
122,0,5,0,80,0,0,0,32,32,99999,0,0,1225,0.468,14.976,0.5,0.4
122,0,6,0,245,0,0,0,456,456,99999,0,0,1226,0.217,98.952,0.6,0.5
122,0,7,0,108,0,0,0,210,210,99999,0,0,1227,0.108,22.68,0.5,0.4
122,0,8,0,419,0,0,0,72,72,99999,0,0,1228,0.217,15.624,0.6,0.5
122,0,9,0,195,0,0,0,30,30,99999,0,0,1229,0.589,17.67,0.5,0.4
123,0,0,0,35,0,0,0,192,192,99999,0,0,1230,0.361,69.312,0.4,0.3
123,0,1,0,40,0,0,0,24,24,99999,0,0,1231,2.218,53.232,0.4,0.3
123,0,2,0,289,0,0,0,240,240,99999,0,0,1232,0.047,11.28,0.6,0.5
123,0,3,0,114,0,0,0,360,360,99999,0,0,1233,0.279,100.44,0.5,0.4
123,0,4,0,347,0,0,0,36,36,99999,0,0,1234,0.257,9.252,0.6,0.5
123,0,5,0,23,0,0,0,210,210,99999,0,0,1235,0.11,23.1,0.4,0.3
123,0,6,0,4,0,0,0,6,6,99999,0,0,1236,0.425,2.55,0.4,0.3
123,0,7,0,455,0,0,0,40,40,99999,0,0,1237,0.091,3.64,0.6,0.5
123,0,8,0,68,0,0,0,320,320,99999,0,0,1238,0.052,16.64,0.5,0.4
123,0,9,0,441,0,0,0,42,42,99999,0,0,1239,0.428,17.976,0.6,0.5
124,0,0,0,37,0,0,0,384,384,99999,0,0,1240,0.277,106.368,0.4,0.3
124,0,1,0,393,0,0,0,36,36,99999,0,0,1241,0.169,6.084,0.6,0.5
124,0,2,0,15,0,0,0,12,12,99999,0,0,1242,0.367,4.404,0.4,0.3
124,0,3,0,233,0,0,0,80,80,99999,0,0,1243,0.179,14.32,0.6,0.5
124,0,4,0,441,0,0,0,42,42,99999,0,0,1244,0.428,17.976,0.6,0.5
124,0,5,0,80,0,0,0,32,32,99999,0,0,1245,0.468,14.976,0.5,0.4
124,0,6,0,10,0,0,0,210,210,99999,0,0,1246,0.118,24.78,0.4,0.3
124,0,7,0,415,0,0,0,36,36,99999,0,0,1247,1.667,60.012,0.6,0.5
124,0,8,0,342,0,0,0,72,72,99999,0,0,1248,0.65,46.8,0.6,0.5
124,0,9,0,39,0,0,0,360,360,99999,0,0,1249,0.276,99.36,0.4,0.3
125,0,0,0,468,0,0,0,210,210,99999,0,0,1250,0.115,24.15,0.6,0.5
125,0,1,0,24,0,0,0,20,20,99999,0,0,1251,0.441,8.82,0.4,0.3
125,0,2,0,182,0,0,0,12,12,99999,0,0,1252,0.408,4.896,0.5,0.4
125,0,3,0,207,0,0,0,36,36,99999,0,0,1253,0.469,16.884,0.6,0.5
125,0,4,0,173,0,0,0,96,96,99999,0,0,1254,0.645,61.92,0.5,0.4
125,0,5,0,445,0,0,0,15,15,99999,0,0,1255,0.55,8.25,0.6,0.5
125,0,6,0,355,0,0,0,36,36,99999,0,0,1256,0.383,13.788,0.6,0.5
125,0,7,0,198,0,0,0,288,288,99999,0,0,1257,0.07,20.16,0.5,0.4
125,0,8,0,194,0,0,0,288,288,99999,0,0,1258,0.229,65.952,0.5,0.4
125,0,9,0,307,0,0,0,312,312,99999,0,0,1259,0.275,85.8,0.6,0.5
126,0,0,0,49,0,0,0,240,240,99999,0,0,1260,0.408,97.92,0.4,0.3
126,0,1,0,151,0,0,0,96,96,99999,0,0,1261,0.667,64.032,0.5,0.4
126,0,2,0,404,0,0,0,60,60,99999,0,0,1262,0.408,24.48,0.6,0.5
126,0,3,0,265,0,0,0,30,30,99999,0,0,1263,0.468,14.04,0.6,0.5
126,0,4,0,242,0,0,0,36,36,99999,0,0,1264,0.368,13.248,0.6,0.5
126,0,5,0,264,0,0,0,96,96,99999,0,0,1265,0.595,57.12,0.6,0.5
126,0,6,0,244,0,0,0,72,72,99999,0,0,1266,0.173,12.456,0.6,0.5
126,0,7,0,99,0,0,0,24,24,99999,0,0,1267,2.228,53.472,0.5,0.4
126,0,8,0,395,0,0,0,36,36,99999,0,0,1268,0.461,16.596,0.6,0.5
126,0,9,0,351,0,0,0,192,192,99999,0,0,1269,0.368,70.656,0.6,0.5
127,0,0,0,96,0,0,0,96,96,99999,0,0,1270,0.668,64.128,0.5,0.4
127,0,1,0,434,0,0,0,72,72,99999,0,0,1271,0.175,12.6,0.6,0.5
127,0,2,0,390,0,0,0,24,24,99999,0,0,1272,0.221,5.304,0.6,0.5
127,0,3,0,19,0,0,0,12,12,99999,0,0,1273,0.28,3.36,0.4,0.3
127,0,4,0,8,0,0,0,40,40,99999,0,0,1274,0.381,15.24,0.4,0.3
127,0,5,0,320,0,0,0,384,384,99999,0,0,1275,0.254,97.536,0.6,0.5
127,0,6,0,200,0,0,0,168,168,99999,0,0,1276,0.125,21.0,0.6,0.5
127,0,7,0,441,0,0,0,42,42,99999,0,0,1277,0.428,17.976,0.6,0.5
127,0,8,0,479,0,0,0,72,72,99999,0,0,1278,0.465,33.48,0.6,0.5
127,0,9,0,70,0,0,0,24,24,99999,0,0,1279,0.437,10.488,0.5,0.4
128,0,0,0,98,0,0,0,60,60,99999,0,0,1280,0.225,13.5,0.5,0.4
128,0,1,0,289,0,0,0,240,240,99999,0,0,1281,0.047,11.28,0.6,0.5
128,0,2,0,246,0,0,0,24,24,99999,0,0,1282,0.152,3.648,0.6,0.5
128,0,3,0,224,0,0,0,432,432,99999,0,0,1283,0.219,94.608,0.6,0.5
128,0,4,0,128,0,0,0,8,8,99999,0,0,1284,1.0,8.0,0.5,0.4
128,0,5,0,443,0,0,0,720,720,99999,0,0,1285,0.142,102.24,0.6,0.5
128,0,6,0,37,0,0,0,384,384,99999,0,0,1286,0.277,106.368,0.4,0.3
128,0,7,0,209,0,0,0,210,210,99999,0,0,1287,0.115,24.15,0.6,0.5
128,0,8,0,373,0,0,0,24,24,99999,0,0,1288,1.0,24.0,0.6,0.5
128,0,9,0,445,0,0,0,15,15,99999,0,0,1289,0.55,8.25,0.6,0.5
129,0,0,0,392,0,0,0,360,360,99999,0,0,1290,0.156,56.16,0.6,0.5
129,0,1,0,243,0,0,0,36,36,99999,0,0,1291,0.517,18.612,0.6,0.5
129,0,2,0,59,0,0,0,36,36,99999,0,0,1292,0.363,13.068,0.5,0.4
129,0,3,0,252,0,0,0,36,36,99999,0,0,1293,0.394,14.184,0.6,0.5
129,0,4,0,467,0,0,0,336,336,99999,0,0,1294,0.246,82.656,0.6,0.5
129,0,5,0,241,0,0,0,6,6,99999,0,0,1295,0.46,2.76,0.6,0.5
129,0,6,0,42,0,0,0,30,30,99999,0,0,1296,0.454,13.62,0.4,0.3
129,0,7,0,159,0,0,0,336,336,99999,0,0,1297,0.245,82.32,0.5,0.4
129,0,8,0,28,0,0,0,12,12,99999,0,0,1298,0.387,4.644,0.4,0.3
129,0,9,0,40,0,0,0,24,24,99999,0,0,1299,2.218,53.232,0.4,0.3
130,0,0,0,19,0,0,0,12,12,99999,0,0,1300,0.28,3.36,0.4,0.3
130,0,1,0,126,0,0,0,240,240,99999,0,0,1301,0.27,64.8,0.5,0.4
130,0,2,0,9,0,0,0,180,180,99999,0,0,1302,0.1,18.0,0.4,0.3
130,0,3,0,470,0,0,0,48,48,99999,0,0,1303,1.322,63.456,0.6,0.5
130,0,4,0,27,0,0,0,336,336,99999,0,0,1304,0.267,89.712,0.4,0.3
130,0,5,0,116,0,0,0,24,24,99999,0,0,1305,0.407,9.768,0.5,0.4
130,0,6,0,2,0,0,0,24,24,99999,0,0,1306,0.405,9.72,0.4,0.3
130,0,7,0,467,0,0,0,336,336,99999,0,0,1307,0.246,82.656,0.6,0.5
130,0,8,0,37,0,0,0,384,384,99999,0,0,1308,0.277,106.368,0.4,0.3
130,0,9,0,14,0,0,0,12,12,99999,0,0,1309,0.41,4.92,0.4,0.3
131,0,0,0,305,0,0,0,72,72,99999,0,0,1310,0.181,13.032,0.6,0.5
131,0,1,0,123,0,0,0,20,20,99999,0,0,1311,0.28,5.6,0.5,0.4
131,0,2,0,446,0,0,0,10,10,99999,0,0,1312,6.35,63.5,0.6,0.5
131,0,3,0,36,0,0,0,12,12,99999,0,0,1313,3.463,41.556,0.4,0.3
131,0,4,0,33,0,0,0,240,240,99999,0,0,1314,0.409,98.16,0.4,0.3
131,0,5,0,427,0,0,0,27,27,99999,0,0,1315,2.0,54.0,0.6,0.5
131,0,6,0,158,0,0,0,96,96,99999,0,0,1316,0.633,60.768,0.5,0.4
131,0,7,0,194,0,0,0,288,288,99999,0,0,1317,0.229,65.952,0.5,0.4
131,0,8,0,41,0,0,0,80,80,99999,0,0,1318,0.152,12.16,0.4,0.3
131,0,9,0,27,0,0,0,336,336,99999,0,0,1319,0.267,89.712,0.4,0.3
132,0,0,0,275,0,0,0,36,36,99999,0,0,1320,0.368,13.248,0.6,0.5
132,0,1,0,31,0,0,0,72,72,99999,0,0,1321,0.125,9.0,0.4,0.3
132,0,2,0,41,0,0,0,80,80,99999,0,0,1322,0.152,12.16,0.4,0.3
132,0,3,0,49,0,0,0,240,240,99999,0,0,1323,0.408,97.92,0.4,0.3
132,0,4,0,414,0,0,0,77,77,99999,0,0,1324,0.2,15.4,0.6,0.5
132,0,5,0,277,0,0,0,96,96,99999,0,0,1325,0.668,64.128,0.6,0.5
132,0,6,0,363,0,0,0,10,10,99999,0,0,1326,6.4,64.0,0.6,0.5
132,0,7,0,234,0,0,0,12,12,99999,0,0,1327,0.356,4.272,0.6,0.5
132,0,8,0,17,0,0,0,108,108,99999,0,0,1328,0.176,19.008,0.4,0.3
132,0,9,0,472,0,0,0,77,77,99999,0,0,1329,0.2,15.4,0.6,0.5
133,0,0,0,287,0,0,0,31,31,99999,0,0,1330,1.0,31.0,0.6,0.5
133,0,1,0,398,0,0,0,204,204,99999,0,0,1331,0.333,67.932,0.6,0.5
133,0,2,0,402,0,0,0,77,77,99999,0,0,1332,0.2,15.4,0.6,0.5
133,0,3,0,475,0,0,0,60,60,99999,0,0,1333,0.871,52.26,0.6,0.5
133,0,4,0,356,0,0,0,18,18,99999,0,0,1334,1.048,18.864,0.6,0.5
133,0,5,0,130,0,0,0,24,24,99999,0,0,1335,0.615,14.76,0.5,0.4
133,0,6,0,1,0,0,0,72,72,99999,0,0,1336,0.125,9.0,0.4,0.3
133,0,7,0,444,0,0,0,24,24,99999,0,0,1337,2.138,51.312,0.6,0.5
133,0,8,0,5,0,0,0,192,192,99999,0,0,1338,0.417,80.064,0.4,0.3
133,0,9,0,221,0,0,0,20,20,99999,0,0,1339,1.0,20.0,0.6,0.5
134,0,0,0,284,0,0,0,96,96,99999,0,0,1340,0.66,63.36,0.6,0.5
134,0,1,0,261,0,0,0,192,192,99999,0,0,1341,0.408,78.336,0.6,0.5
134,0,2,0,4,0,0,0,6,6,99999,0,0,1342,0.425,2.55,0.4,0.3
134,0,3,0,293,0,0,0,264,264,99999,0,0,1343,0.375,99.0,0.6,0.5
134,0,4,0,324,0,0,0,216,216,99999,0,0,1344,0.38,82.08,0.6,0.5
134,0,5,0,266,0,0,0,40,40,99999,0,0,1345,0.16,6.4,0.6,0.5
134,0,6,0,231,0,0,0,24,24,99999,0,0,1346,0.514,12.336,0.6,0.5
134,0,7,0,381,0,0,0,8,8,99999,0,0,1347,1.0,8.0,0.6,0.5
134,0,8,0,404,0,0,0,60,60,99999,0,0,1348,0.408,24.48,0.6,0.5
134,0,9,0,88,0,0,0,180,180,99999,0,0,1349,0.108,19.44,0.5,0.4
135,0,0,0,246,0,0,0,24,24,99999,0,0,1350,0.152,3.648,0.6,0.5
135,0,1,0,367,0,0,0,210,210,99999,0,0,1351,0.092,19.32,0.6,0.5
135,0,2,0,82,0,0,0,168,168,99999,0,0,1352,0.446,74.928,0.5,0.4
135,0,3,0,10,0,0,0,210,210,99999,0,0,1353,0.118,24.78,0.4,0.3
135,0,4,0,265,0,0,0,30,30,99999,0,0,1354,0.468,14.04,0.6,0.5
135,0,5,0,301,0,0,0,384,384,99999,0,0,1355,0.28,107.52,0.6,0.5
135,0,6,0,207,0,0,0,36,36,99999,0,0,1356,0.469,16.884,0.6,0.5
135,0,7,0,370,0,0,0,240,240,99999,0,0,1357,0.415,99.6,0.6,0.5
135,0,8,0,403,0,0,0,96,96,99999,0,0,1358,0.575,55.2,0.6,0.5
135,0,9,0,181,0,0,0,24,24,99999,0,0,1359,0.491,11.784,0.5,0.4
136,0,0,0,398,0,0,0,204,204,99999,0,0,1360,0.333,67.932,0.6,0.5
136,0,1,0,271,0,0,0,288,288,99999,0,0,1361,0.063,18.144,0.6,0.5
136,0,2,0,128,0,0,0,8,8,99999,0,0,1362,1.0,8.0,0.5,0.4
136,0,3,0,290,0,0,0,312,312,99999,0,0,1363,0.33,102.96,0.6,0.5
136,0,4,0,115,0,0,0,192,192,99999,0,0,1364,0.389,74.688,0.5,0.4
136,0,5,0,419,0,0,0,72,72,99999,0,0,1365,0.217,15.624,0.6,0.5
136,0,6,0,427,0,0,0,27,27,99999,0,0,1366,2.0,54.0,0.6,0.5
136,0,7,0,47,0,0,0,30,30,99999,0,0,1367,0.365,10.95,0.4,0.3
136,0,8,0,454,0,0,0,27,27,99999,0,0,1368,2.0,54.0,0.6,0.5
136,0,9,0,248,0,0,0,96,96,99999,0,0,1369,0.644,61.824,0.6,0.5
137,0,0,0,449,0,0,0,210,210,99999,0,0,1370,0.135,28.35,0.6,0.5
137,0,1,0,2,0,0,0,24,24,99999,0,0,1371,0.405,9.72,0.4,0.3
137,0,2,0,221,0,0,0,20,20,99999,0,0,1372,1.0,20.0,0.6,0.5
137,0,3,0,10,0,0,0,210,210,99999,0,0,1373,0.118,24.78,0.4,0.3
137,0,4,0,233,0,0,0,80,80,99999,0,0,1374,0.179,14.32,0.6,0.5
137,0,5,0,371,0,0,0,60,60,99999,0,0,1375,0.31,18.6,0.6,0.5
137,0,6,0,18,0,0,0,30,30,99999,0,0,1376,0.333,9.99,0.4,0.3
137,0,7,0,207,0,0,0,36,36,99999,0,0,1377,0.469,16.884,0.6,0.5
137,0,8,0,231,0,0,0,24,24,99999,0,0,1378,0.514,12.336,0.6,0.5
137,0,9,0,158,0,0,0,96,96,99999,0,0,1379,0.633,60.768,0.5,0.4
138,0,0,0,417,0,0,0,36,36,99999,0,0,1380,0.391,14.076,0.6,0.5
138,0,1,0,39,0,0,0,360,360,99999,0,0,1381,0.276,99.36,0.4,0.3
138,0,2,0,244,0,0,0,72,72,99999,0,0,1382,0.173,12.456,0.6,0.5
138,0,3,0,34,0,0,0,336,336,99999,0,0,1383,0.233,78.288,0.4,0.3
138,0,4,0,345,0,0,0,24,24,99999,0,0,1384,2.333,55.992,0.6,0.5
138,0,5,0,438,0,0,0,48,48,99999,0,0,1385,0.27,12.96,0.6,0.5
138,0,6,0,421,0,0,0,144,144,99999,0,0,1386,0.503,72.432,0.6,0.5
138,0,7,0,164,0,0,0,384,384,99999,0,0,1387,0.277,106.368,0.5,0.4
138,0,8,0,11,0,0,0,264,264,99999,0,0,1388,0.282,74.448,0.4,0.3
138,0,9,0,430,0,0,0,12,12,99999,0,0,1389,1.043,12.516,0.6,0.5
139,0,0,0,465,0,0,0,15,15,99999,0,0,1390,0.582,8.73,0.6,0.5
139,0,1,0,322,0,0,0,97,97,99999,0,0,1391,0.2,19.4,0.6,0.5
139,0,2,0,7,0,0,0,192,192,99999,0,0,1392,0.45,86.4,0.4,0.3
139,0,3,0,22,0,0,0,72,72,99999,0,0,1393,0.125,9.0,0.4,0.3
139,0,4,0,164,0,0,0,384,384,99999,0,0,1394,0.277,106.368,0.5,0.4
139,0,5,0,266,0,0,0,40,40,99999,0,0,1395,0.16,6.4,0.6,0.5
139,0,6,0,313,0,0,0,12,12,99999,0,0,1396,0.375,4.5,0.6,0.5
139,0,7,0,391,0,0,0,5,5,99999,0,0,1397,7.23,36.15,0.6,0.5
139,0,8,0,137,0,0,0,30,30,99999,0,0,1398,0.454,13.62,0.5,0.4
139,0,9,0,4,0,0,0,6,6,99999,0,0,1399,0.425,2.55,0.4,0.3
140,0,0,0,394,0,0,0,90,90,99999,0,0,1400,0.28,25.2,0.6,0.5
140,0,1,0,2,0,0,0,24,24,99999,0,0,1401,0.405,9.72,0.4,0.3
140,0,2,0,256,0,0,0,24,24,99999,0,0,1402,0.446,10.704,0.6,0.5
140,0,3,0,46,0,0,0,30,30,99999,0,0,1403,0.373,11.19,0.4,0.3
140,0,4,0,50,0,0,0,27,27,99999,0,0,1404,3.0,81.0,0.5,0.4
140,0,5,0,481,0,0,0,210,210,99999,0,0,1405,0.104,21.84,0.6,0.5
140,0,6,0,367,0,0,0,210,210,99999,0,0,1406,0.092,19.32,0.6,0.5
140,0,7,0,22,0,0,0,72,72,99999,0,0,1407,0.125,9.0,0.4,0.3
140,0,8,0,190,0,0,0,8,8,99999,0,0,1408,0.565,4.52,0.5,0.4
140,0,9,0,462,0,0,0,60,60,99999,0,0,1409,0.5,30.0,0.6,0.5
141,0,0,0,372,0,0,0,36,36,99999,0,0,1410,0.229,8.244,0.6,0.5
141,0,1,0,233,0,0,0,80,80,99999,0,0,1411,0.179,14.32,0.6,0.5
141,0,2,0,114,0,0,0,360,360,99999,0,0,1412,0.279,100.44,0.5,0.4
141,0,3,0,367,0,0,0,210,210,99999,0,0,1413,0.092,19.32,0.6,0.5
141,0,4,0,3,0,0,0,312,312,99999,0,0,1414,0.324,101.088,0.4,0.3
141,0,5,0,147,0,0,0,384,384,99999,0,0,1415,0.276,105.984,0.5,0.4
141,0,6,0,217,0,0,0,72,72,99999,0,0,1416,0.233,16.776,0.6,0.5
141,0,7,0,60,0,0,0,36,36,99999,0,0,1417,0.263,9.468,0.5,0.4
141,0,8,0,247,0,0,0,30,30,99999,0,0,1418,1.992,59.76,0.6,0.5
141,0,9,0,36,0,0,0,12,12,99999,0,0,1419,3.463,41.556,0.4,0.3
142,0,0,0,336,0,0,0,96,96,99999,0,0,1420,0.648,62.208,0.6,0.5
142,0,1,0,117,0,0,0,336,336,99999,0,0,1421,0.244,81.984,0.5,0.4
142,0,2,0,115,0,0,0,192,192,99999,0,0,1422,0.389,74.688,0.5,0.4
142,0,3,0,470,0,0,0,48,48,99999,0,0,1423,1.322,63.456,0.6,0.5
142,0,4,0,7,0,0,0,192,192,99999,0,0,1424,0.45,86.4,0.4,0.3
142,0,5,0,0,0,0,0,36,36,99999,0,0,1425,1.602,57.672,0.4,0.3
142,0,6,0,109,0,0,0,264,264,99999,0,0,1426,0.283,74.712,0.5,0.4
142,0,7,0,75,0,0,0,12,12,99999,0,0,1427,1.138,13.656,0.5,0.4
142,0,8,0,391,0,0,0,5,5,99999,0,0,1428,7.23,36.15,0.6,0.5
142,0,9,0,349,0,0,0,24,24,99999,0,0,1429,2.3,55.2,0.6,0.5
143,0,0,0,212,0,0,0,192,192,99999,0,0,1430,0.37,71.04,0.6,0.5
143,0,1,0,288,0,0,0,24,24,99999,0,0,1431,0.179,4.296,0.6,0.5
143,0,2,0,99,0,0,0,24,24,99999,0,0,1432,2.228,53.472,0.5,0.4
143,0,3,0,459,0,0,0,36,36,99999,0,0,1433,1.631,58.716,0.6,0.5
143,0,4,0,223,0,0,0,24,24,99999,0,0,1434,0.522,12.528,0.6,0.5
143,0,5,0,220,0,0,0,20,20,99999,0,0,1435,1.0,20.0,0.6,0.5
143,0,6,0,435,0,0,0,9,9,99999,0,0,1436,0.62,5.58,0.6,0.5
143,0,7,0,46,0,0,0,30,30,99999,0,0,1437,0.373,11.19,0.4,0.3
143,0,8,0,216,0,0,0,20,20,99999,0,0,1438,1.0,20.0,0.6,0.5
143,0,9,0,14,0,0,0,12,12,99999,0,0,1439,0.41,4.92,0.4,0.3
144,0,0,0,317,0,0,0,12,12,99999,0,0,1440,0.425,5.1,0.6,0.5
144,0,1,0,341,0,0,0,96,96,99999,0,0,1441,0.665,63.84,0.6,0.5
144,0,2,0,400,0,0,0,36,36,99999,0,0,1442,1.037,37.332,0.6,0.5
144,0,3,0,223,0,0,0,24,24,99999,0,0,1443,0.522,12.528,0.6,0.5
144,0,4,0,296,0,0,0,20,20,99999,0,0,1444,0.435,8.7,0.6,0.5
144,0,5,0,442,0,0,0,384,384,99999,0,0,1445,0.276,105.984,0.6,0.5
144,0,6,0,121,0,0,0,3,3,99999,0,0,1446,15.0,45.0,0.5,0.4
144,0,7,0,43,0,0,0,240,240,99999,0,0,1447,0.3,72.0,0.4,0.3
144,0,8,0,498,0,0,0,60,60,99999,0,0,1448,0.491,29.46,0.6,0.5
144,0,9,0,212,0,0,0,192,192,99999,0,0,1449,0.37,71.04,0.6,0.5
145,0,0,0,478,0,0,0,80,80,99999,0,0,1450,0.2,16.0,0.6,0.5
145,0,1,0,437,0,0,0,32,32,99999,0,0,1451,2.209,70.688,0.6,0.5
145,0,2,0,138,0,0,0,36,36,99999,0,0,1452,0.39,14.04,0.5,0.4
145,0,3,0,433,0,0,0,48,48,99999,0,0,1453,1.356,65.088,0.6,0.5
145,0,4,0,451,0,0,0,72,72,99999,0,0,1454,0.662,47.664,0.6,0.5
145,0,5,0,15,0,0,0,12,12,99999,0,0,1455,0.367,4.404,0.4,0.3
145,0,6,0,446,0,0,0,10,10,99999,0,0,1456,6.35,63.5,0.6,0.5
145,0,7,0,1,0,0,0,72,72,99999,0,0,1457,0.125,9.0,0.4,0.3
145,0,8,0,16,0,0,0,12,12,99999,0,0,1458,0.301,3.612,0.4,0.3
145,0,9,0,34,0,0,0,336,336,99999,0,0,1459,0.233,78.288,0.4,0.3
146,0,0,0,1,0,0,0,72,72,99999,0,0,1460,0.125,9.0,0.4,0.3
146,0,1,0,297,0,0,0,168,168,99999,0,0,1461,0.072,12.096,0.6,0.5
146,0,2,0,244,0,0,0,72,72,99999,0,0,1462,0.173,12.456,0.6,0.5
146,0,3,0,463,0,0,0,204,204,99999,0,0,1463,0.092,18.768,0.6,0.5
146,0,4,0,102,0,0,0,24,24,99999,0,0,1464,0.479,11.496,0.5,0.4
146,0,5,0,365,0,0,0,24,24,99999,0,0,1465,0.388,9.312,0.6,0.5
146,0,6,0,190,0,0,0,8,8,99999,0,0,1466,0.565,4.52,0.5,0.4
146,0,7,0,60,0,0,0,36,36,99999,0,0,1467,0.263,9.468,0.5,0.4
146,0,8,0,27,0,0,0,336,336,99999,0,0,1468,0.267,89.712,0.4,0.3
146,0,9,0,61,0,0,0,108,108,99999,0,0,1469,0.229,24.732,0.5,0.4
147,0,0,0,388,0,0,0,60,60,99999,0,0,1470,0.48,28.8,0.6,0.5
147,0,1,0,32,0,0,0,96,96,99999,0,0,1471,0.125,12.0,0.4,0.3
147,0,2,0,263,0,0,0,36,36,99999,0,0,1472,0.225,8.1,0.6,0.5
147,0,3,0,7,0,0,0,192,192,99999,0,0,1473,0.45,86.4,0.4,0.3
147,0,4,0,12,0,0,0,8,8,99999,0,0,1474,0.306,2.448,0.4,0.3
147,0,5,0,312,0,0,0,24,24,99999,0,0,1475,2.223,53.352,0.6,0.5
147,0,6,0,16,0,0,0,12,12,99999,0,0,1476,0.301,3.612,0.4,0.3
147,0,7,0,376,0,0,0,36,36,99999,0,0,1477,0.218,7.848,0.6,0.5
147,0,8,0,39,0,0,0,360,360,99999,0,0,1478,0.276,99.36,0.4,0.3
147,0,9,0,2,0,0,0,24,24,99999,0,0,1479,0.405,9.72,0.4,0.3
148,0,0,0,480,0,0,0,27,27,99999,0,0,1480,3.0,81.0,0.6,0.5
148,0,1,0,382,0,0,0,24,24,99999,0,0,1481,0.368,8.832,0.6,0.5
148,0,2,0,478,0,0,0,80,80,99999,0,0,1482,0.2,16.0,0.6,0.5
148,0,3,0,32,0,0,0,96,96,99999,0,0,1483,0.125,12.0,0.4,0.3
148,0,4,0,326,0,0,0,36,36,99999,0,0,1484,0.373,13.428,0.6,0.5
148,0,5,0,38,0,0,0,384,384,99999,0,0,1485,0.275,105.6,0.4,0.3
148,0,6,0,298,0,0,0,216,216,99999,0,0,1486,0.333,71.928,0.6,0.5
148,0,7,0,4,0,0,0,6,6,99999,0,0,1487,0.425,2.55,0.4,0.3
148,0,8,0,327,0,0,0,8,8,99999,0,0,1488,1.0,8.0,0.6,0.5
148,0,9,0,468,0,0,0,210,210,99999,0,0,1489,0.115,24.15,0.6,0.5
149,0,0,0,353,0,0,0,720,720,99999,0,0,1490,0.142,102.24,0.6,0.5
149,0,1,0,402,0,0,0,77,77,99999,0,0,1491,0.2,15.4,0.6,0.5
149,0,2,0,282,0,0,0,72,72,99999,0,0,1492,0.144,10.368,0.6,0.5
149,0,3,0,27,0,0,0,336,336,99999,0,0,1493,0.267,89.712,0.4,0.3
149,0,4,0,499,0,0,0,240,240,99999,0,0,1494,0.336,80.64,0.6,0.5
149,0,5,0,187,0,0,0,12,12,99999,0,0,1495,0.463,5.556,0.5,0.4
149,0,6,0,455,0,0,0,40,40,99999,0,0,1496,0.091,3.64,0.6,0.5
149,0,7,0,138,0,0,0,36,36,99999,0,0,1497,0.39,14.04,0.5,0.4
149,0,8,0,264,0,0,0,96,96,99999,0,0,1498,0.595,57.12,0.6,0.5
149,0,9,0,479,0,0,0,72,72,99999,0,0,1499,0.465,33.48,0.6,0.5
150,0,0,0,102,0,0,0,24,24,99999,0,0,1500,0.479,11.496,0.5,0.4
150,0,1,0,451,0,0,0,72,72,99999,0,0,1501,0.662,47.664,0.6,0.5
150,0,2,0,20,0,0,0,216,216,99999,0,0,1502,0.386,83.376,0.4,0.3
150,0,3,0,389,0,0,0,48,48,99999,0,0,1503,0.85,40.8,0.6,0.5
150,0,4,0,43,0,0,0,240,240,99999,0,0,1504,0.3,72.0,0.4,0.3
150,0,5,0,176,0,0,0,36,36,99999,0,0,1505,0.375,13.5,0.5,0.4
150,0,6,0,368,0,0,0,10,10,99999,0,0,1506,6.0,60.0,0.6,0.5
150,0,7,0,42,0,0,0,30,30,99999,0,0,1507,0.454,13.62,0.4,0.3
150,0,8,0,84,0,0,0,24,24,99999,0,0,1508,0.376,9.024,0.5,0.4
150,0,9,0,321,0,0,0,180,180,99999,0,0,1509,0.13,23.4,0.6,0.5
151,0,0,0,476,0,0,0,24,24,99999,0,0,1510,0.405,9.72,0.6,0.5
151,0,1,0,2,0,0,0,24,24,99999,0,0,1511,0.405,9.72,0.4,0.3
151,0,2,0,324,0,0,0,216,216,99999,0,0,1512,0.38,82.08,0.6,0.5
151,0,3,0,18,0,0,0,30,30,99999,0,0,1513,0.333,9.99,0.4,0.3
151,0,4,0,433,0,0,0,48,48,99999,0,0,1514,1.356,65.088,0.6,0.5
151,0,5,0,472,0,0,0,77,77,99999,0,0,1515,0.2,15.4,0.6,0.5
151,0,6,0,221,0,0,0,20,20,99999,0,0,1516,1.0,20.0,0.6,0.5
151,0,7,0,443,0,0,0,720,720,99999,0,0,1517,0.142,102.24,0.6,0.5
151,0,8,0,313,0,0,0,12,12,99999,0,0,1518,0.375,4.5,0.6,0.5
151,0,9,0,343,0,0,0,192,192,99999,0,0,1519,0.365,70.08,0.6,0.5
152,0,0,0,240,0,0,0,312,312,99999,0,0,1520,0.279,87.048,0.6,0.5
152,0,1,0,474,0,0,0,48,48,99999,0,0,1521,0.299,14.352,0.6,0.5
152,0,2,0,22,0,0,0,72,72,99999,0,0,1522,0.125,9.0,0.4,0.3
152,0,3,0,478,0,0,0,80,80,99999,0,0,1523,0.2,16.0,0.6,0.5
152,0,4,0,26,0,0,0,360,360,99999,0,0,1524,0.274,98.64,0.4,0.3
152,0,5,0,273,0,0,0,210,210,99999,0,0,1525,0.098,20.58,0.6,0.5
152,0,6,0,258,0,0,0,24,24,99999,0,0,1526,0.519,12.456,0.6,0.5
152,0,7,0,235,0,0,0,30,30,99999,0,0,1527,0.23,6.9,0.6,0.5
152,0,8,0,15,0,0,0,12,12,99999,0,0,1528,0.367,4.404,0.4,0.3
152,0,9,0,20,0,0,0,216,216,99999,0,0,1529,0.386,83.376,0.4,0.3
153,0,0,0,350,0,0,0,108,108,99999,0,0,1530,0.238,25.704,0.6,0.5
153,0,1,0,389,0,0,0,48,48,99999,0,0,1531,0.85,40.8,0.6,0.5
153,0,2,0,253,0,0,0,96,96,99999,0,0,1532,0.635,60.96,0.6,0.5
153,0,3,0,135,0,0,0,96,96,99999,0,0,1533,0.716,68.736,0.5,0.4
153,0,4,0,347,0,0,0,36,36,99999,0,0,1534,0.257,9.252,0.6,0.5
153,0,5,0,456,0,0,0,8,8,99999,0,0,1535,1.0,8.0,0.6,0.5
153,0,6,0,14,0,0,0,12,12,99999,0,0,1536,0.41,4.92,0.4,0.3
153,0,7,0,0,0,0,0,36,36,99999,0,0,1537,1.602,57.672,0.4,0.3
153,0,8,0,17,0,0,0,108,108,99999,0,0,1538,0.176,19.008,0.4,0.3
153,0,9,0,254,0,0,0,36,36,99999,0,0,1539,1.648,59.328,0.6,0.5
154,0,0,0,436,0,0,0,32,32,99999,0,0,1540,2.162,69.184,0.6,0.5
154,0,1,0,19,0,0,0,12,12,99999,0,0,1541,0.28,3.36,0.4,0.3
154,0,2,0,140,0,0,0,10,10,99999,0,0,1542,6.27,62.7,0.5,0.4
154,0,3,0,481,0,0,0,210,210,99999,0,0,1543,0.104,21.84,0.6,0.5
154,0,4,0,47,0,0,0,30,30,99999,0,0,1544,0.365,10.95,0.4,0.3
154,0,5,0,345,0,0,0,24,24,99999,0,0,1545,2.333,55.992,0.6,0.5
154,0,6,0,454,0,0,0,27,27,99999,0,0,1546,2.0,54.0,0.6,0.5
154,0,7,0,126,0,0,0,240,240,99999,0,0,1547,0.27,64.8,0.5,0.4
154,0,8,0,335,0,0,0,264,264,99999,0,0,1548,0.272,71.808,0.6,0.5
154,0,9,0,288,0,0,0,24,24,99999,0,0,1549,0.179,4.296,0.6,0.5
155,0,0,0,20,0,0,0,216,216,99999,0,0,1550,0.386,83.376,0.4,0.3
155,0,1,0,240,0,0,0,312,312,99999,0,0,1551,0.279,87.048,0.6,0.5
155,0,2,0,7,0,0,0,192,192,99999,0,0,1552,0.45,86.4,0.4,0.3
155,0,3,0,37,0,0,0,384,384,99999,0,0,1553,0.277,106.368,0.4,0.3
155,0,4,0,226,0,0,0,61,61,99999,0,0,1554,0.2,12.2,0.6,0.5
155,0,5,0,458,0,0,0,24,24,99999,0,0,1555,0.272,6.528,0.6,0.5
155,0,6,0,340,0,0,0,12,12,99999,0,0,1556,0.283,3.396,0.6,0.5
155,0,7,0,1,0,0,0,72,72,99999,0,0,1557,0.125,9.0,0.4,0.3
155,0,8,0,385,0,0,0,48,48,99999,0,0,1558,0.858,41.184,0.6,0.5
155,0,9,0,342,0,0,0,72,72,99999,0,0,1559,0.65,46.8,0.6,0.5
156,0,0,0,120,0,0,0,240,240,99999,0,0,1560,0.3,72.0,0.5,0.4
156,0,1,0,105,0,0,0,12,12,99999,0,0,1561,0.291,3.492,0.5,0.4
156,0,2,0,7,0,0,0,192,192,99999,0,0,1562,0.45,86.4,0.4,0.3
156,0,3,0,49,0,0,0,240,240,99999,0,0,1563,0.408,97.92,0.4,0.3
156,0,4,0,10,0,0,0,210,210,99999,0,0,1564,0.118,24.78,0.4,0.3
156,0,5,0,395,0,0,0,36,36,99999,0,0,1565,0.461,16.596,0.6,0.5
156,0,6,0,4,0,0,0,6,6,99999,0,0,1566,0.425,2.55,0.4,0.3
156,0,7,0,2,0,0,0,24,24,99999,0,0,1567,0.405,9.72,0.4,0.3
156,0,8,0,93,0,0,0,30,30,99999,0,0,1568,0.281,8.43,0.5,0.4
156,0,9,0,39,0,0,0,360,360,99999,0,0,1569,0.276,99.36,0.4,0.3
157,0,0,0,274,0,0,0,48,48,99999,0,0,1570,0.307,14.736,0.6,0.5
157,0,1,0,54,0,0,0,336,336,99999,0,0,1571,0.274,92.064,0.5,0.4
157,0,2,0,3,0,0,0,312,312,99999,0,0,1572,0.324,101.088,0.4,0.3
157,0,3,0,494,0,0,0,96,96,99999,0,0,1573,0.649,62.304,0.6,0.5
157,0,4,0,26,0,0,0,360,360,99999,0,0,1574,0.274,98.64,0.4,0.3
157,0,5,0,18,0,0,0,30,30,99999,0,0,1575,0.333,9.99,0.4,0.3
157,0,6,0,23,0,0,0,210,210,99999,0,0,1576,0.11,23.1,0.4,0.3
157,0,7,0,61,0,0,0,108,108,99999,0,0,1577,0.229,24.732,0.5,0.4
157,0,8,0,188,0,0,0,12,12,99999,0,0,1578,1.147,13.764,0.5,0.4
157,0,9,0,425,0,0,0,180,180,99999,0,0,1579,0.11,19.8,0.6,0.5
158,0,0,0,27,0,0,0,336,336,99999,0,0,1580,0.267,89.712,0.4,0.3
158,0,1,0,333,0,0,0,48,48,99999,0,0,1581,0.9,43.2,0.6,0.5
158,0,2,0,202,0,0,0,312,312,99999,0,0,1582,0.329,102.648,0.6,0.5
158,0,3,0,30,0,0,0,24,24,99999,0,0,1583,0.387,9.288,0.4,0.3
158,0,4,0,292,0,0,0,384,384,99999,0,0,1584,0.269,103.296,0.6,0.5
158,0,5,0,19,0,0,0,12,12,99999,0,0,1585,0.28,3.36,0.4,0.3
158,0,6,0,253,0,0,0,96,96,99999,0,0,1586,0.635,60.96,0.6,0.5
158,0,7,0,49,0,0,0,240,240,99999,0,0,1587,0.408,97.92,0.4,0.3
158,0,8,0,430,0,0,0,12,12,99999,0,0,1588,1.043,12.516,0.6,0.5
158,0,9,0,48,0,0,0,360,360,99999,0,0,1589,0.275,99.0,0.4,0.3
159,0,0,0,35,0,0,0,192,192,99999,0,0,1590,0.361,69.312,0.4,0.3
159,0,1,0,369,0,0,0,192,192,99999,0,0,1591,0.368,70.656,0.6,0.5
159,0,2,0,248,0,0,0,96,96,99999,0,0,1592,0.644,61.824,0.6,0.5
159,0,3,0,243,0,0,0,36,36,99999,0,0,1593,0.517,18.612,0.6,0.5
159,0,4,0,250,0,0,0,24,24,99999,0,0,1594,2.087,50.088,0.6,0.5
159,0,5,0,164,0,0,0,384,384,99999,0,0,1595,0.277,106.368,0.5,0.4
159,0,6,0,255,0,0,0,24,24,99999,0,0,1596,0.49,11.76,0.6,0.5
159,0,7,0,27,0,0,0,336,336,99999,0,0,1597,0.267,89.712,0.4,0.3
159,0,8,0,415,0,0,0,36,36,99999,0,0,1598,1.667,60.012,0.6,0.5
159,0,9,0,426,0,0,0,36,36,99999,0,0,1599,0.408,14.688,0.6,0.5
160,0,0,0,498,0,0,0,60,60,99999,0,0,1600,0.491,29.46,0.6,0.5
160,0,1,0,69,0,0,0,48,48,99999,0,0,1601,0.176,8.448,0.5,0.4
160,0,2,0,250,0,0,0,24,24,99999,0,0,1602,2.087,50.088,0.6,0.5
160,0,3,0,20,0,0,0,216,216,99999,0,0,1603,0.386,83.376,0.4,0.3
160,0,4,0,189,0,0,0,36,36,99999,0,0,1604,0.342,12.312,0.5,0.4
160,0,5,0,361,0,0,0,312,312,99999,0,0,1605,0.328,102.336,0.6,0.5
160,0,6,0,427,0,0,0,27,27,99999,0,0,1606,2.0,54.0,0.6,0.5
160,0,7,0,203,0,0,0,30,30,99999,0,0,1607,2.172,65.16,0.6,0.5
160,0,8,0,269,0,0,0,36,36,99999,0,0,1608,0.126,4.536,0.6,0.5
160,0,9,0,274,0,0,0,48,48,99999,0,0,1609,0.307,14.736,0.6,0.5
161,0,0,0,316,0,0,0,32,32,99999,0,0,1610,0.468,14.976,0.6,0.5
161,0,1,0,73,0,0,0,120,120,99999,0,0,1611,0.624,74.88,0.5,0.4
161,0,2,0,145,0,0,0,24,24,99999,0,0,1612,0.288,6.912,0.5,0.4
161,0,3,0,31,0,0,0,72,72,99999,0,0,1613,0.125,9.0,0.4,0.3
161,0,4,0,464,0,0,0,336,336,99999,0,0,1614,0.259,87.024,0.6,0.5
161,0,5,0,298,0,0,0,216,216,99999,0,0,1615,0.333,71.928,0.6,0.5
161,0,6,0,41,0,0,0,80,80,99999,0,0,1616,0.152,12.16,0.4,0.3
161,0,7,0,361,0,0,0,312,312,99999,0,0,1617,0.328,102.336,0.6,0.5
161,0,8,0,44,0,0,0,120,120,99999,0,0,1618,0.62,74.4,0.4,0.3
161,0,9,0,379,0,0,0,24,24,99999,0,0,1619,0.491,11.784,0.6,0.5
162,0,0,0,7,0,0,0,192,192,99999,0,0,1620,0.45,86.4,0.4,0.3
162,0,1,0,440,0,0,0,24,24,99999,0,0,1621,0.192,4.608,0.6,0.5
162,0,2,0,103,0,0,0,168,168,99999,0,0,1622,0.125,21.0,0.5,0.4
162,0,3,0,407,0,0,0,288,288,99999,0,0,1623,0.07,20.16,0.6,0.5
162,0,4,0,317,0,0,0,12,12,99999,0,0,1624,0.425,5.1,0.6,0.5
162,0,5,0,292,0,0,0,384,384,99999,0,0,1625,0.269,103.296,0.6,0.5
162,0,6,0,41,0,0,0,80,80,99999,0,0,1626,0.152,12.16,0.4,0.3
162,0,7,0,0,0,0,0,36,36,99999,0,0,1627,1.602,57.672,0.4,0.3
162,0,8,0,325,0,0,0,27,27,99999,0,0,1628,3.0,81.0,0.6,0.5
162,0,9,0,282,0,0,0,72,72,99999,0,0,1629,0.144,10.368,0.6,0.5
163,0,0,0,397,0,0,0,36,36,99999,0,0,1630,0.273,9.828,0.6,0.5
163,0,1,0,485,0,0,0,50,50,99999,0,0,1631,0.308,15.4,0.6,0.5
163,0,2,0,30,0,0,0,24,24,99999,0,0,1632,0.387,9.288,0.4,0.3
163,0,3,0,124,0,0,0,12,12,99999,0,0,1633,0.292,3.504,0.5,0.4
163,0,4,0,26,0,0,0,360,360,99999,0,0,1634,0.274,98.64,0.4,0.3
163,0,5,0,38,0,0,0,384,384,99999,0,0,1635,0.275,105.6,0.4,0.3
163,0,6,0,450,0,0,0,36,36,99999,0,0,1636,0.316,11.376,0.6,0.5
163,0,7,0,225,0,0,0,40,40,99999,0,0,1637,0.204,8.16,0.6,0.5
163,0,8,0,312,0,0,0,24,24,99999,0,0,1638,2.223,53.352,0.6,0.5
163,0,9,0,466,0,0,0,16,16,99999,0,0,1639,0.381,6.096,0.6,0.5
164,0,0,0,326,0,0,0,36,36,99999,0,0,1640,0.373,13.428,0.6,0.5
164,0,1,0,373,0,0,0,24,24,99999,0,0,1641,1.0,24.0,0.6,0.5
164,0,2,0,33,0,0,0,240,240,99999,0,0,1642,0.409,98.16,0.4,0.3
164,0,3,0,233,0,0,0,80,80,99999,0,0,1643,0.179,14.32,0.6,0.5
164,0,4,0,339,0,0,0,60,60,99999,0,0,1644,0.21,12.6,0.6,0.5
164,0,5,0,249,0,0,0,12,12,99999,0,0,1645,5.442,65.304,0.6,0.5
164,0,6,0,136,0,0,0,48,48,99999,0,0,1646,0.208,9.984,0.5,0.4
164,0,7,0,145,0,0,0,24,24,99999,0,0,1647,0.288,6.912,0.5,0.4
164,0,8,0,464,0,0,0,336,336,99999,0,0,1648,0.259,87.024,0.6,0.5
164,0,9,0,146,0,0,0,24,24,99999,0,0,1649,0.561,13.464,0.5,0.4
165,0,0,0,408,0,0,0,96,96,99999,0,0,1650,0.088,8.448,0.6,0.5
165,0,1,0,200,0,0,0,168,168,99999,0,0,1651,0.125,21.0,0.6,0.5
165,0,2,0,423,0,0,0,48,48,99999,0,0,1652,0.191,9.168,0.6,0.5
165,0,3,0,248,0,0,0,96,96,99999,0,0,1653,0.644,61.824,0.6,0.5
165,0,4,0,424,0,0,0,96,96,99999,0,0,1654,0.619,59.424,0.6,0.5
165,0,5,0,396,0,0,0,12,12,99999,0,0,1655,0.33,3.96,0.6,0.5
165,0,6,0,454,0,0,0,27,27,99999,0,0,1656,2.0,54.0,0.6,0.5
165,0,7,0,211,0,0,0,336,336,99999,0,0,1657,0.212,71.232,0.6,0.5
165,0,8,0,242,0,0,0,36,36,99999,0,0,1658,0.368,13.248,0.6,0.5
165,0,9,0,132,0,0,0,264,264,99999,0,0,1659,0.3,79.2,0.5,0.4
166,0,0,0,44,0,0,0,120,120,99999,0,0,1660,0.62,74.4,0.4,0.3
166,0,1,0,32,0,0,0,96,96,99999,0,0,1661,0.125,12.0,0.4,0.3
166,0,2,0,347,0,0,0,36,36,99999,0,0,1662,0.257,9.252,0.6,0.5
166,0,3,0,340,0,0,0,12,12,99999,0,0,1663,0.283,3.396,0.6,0.5
166,0,4,0,197,0,0,0,432,432,99999,0,0,1664,0.164,70.848,0.5,0.4
166,0,5,0,13,0,0,0,96,96,99999,0,0,1665,0.596,57.216,0.4,0.3
166,0,6,0,253,0,0,0,96,96,99999,0,0,1666,0.635,60.96,0.6,0.5
166,0,7,0,319,0,0,0,48,48,99999,0,0,1667,0.397,19.056,0.6,0.5
166,0,8,0,407,0,0,0,288,288,99999,0,0,1668,0.07,20.16,0.6,0.5
166,0,9,0,410,0,0,0,84,84,99999,0,0,1669,0.542,45.528,0.6,0.5
167,0,0,0,202,0,0,0,312,312,99999,0,0,1670,0.329,102.648,0.6,0.5
167,0,1,0,15,0,0,0,12,12,99999,0,0,1671,0.367,4.404,0.4,0.3
167,0,2,0,211,0,0,0,336,336,99999,0,0,1672,0.212,71.232,0.6,0.5
167,0,3,0,456,0,0,0,8,8,99999,0,0,1673,1.0,8.0,0.6,0.5
167,0,4,0,16,0,0,0,12,12,99999,0,0,1674,0.301,3.612,0.4,0.3
167,0,5,0,432,0,0,0,16,16,99999,0,0,1675,0.9,14.4,0.6,0.5
167,0,6,0,7,0,0,0,192,192,99999,0,0,1676,0.45,86.4,0.4,0.3
167,0,7,0,301,0,0,0,384,384,99999,0,0,1677,0.28,107.52,0.6,0.5
167,0,8,0,45,0,0,0,72,72,99999,0,0,1678,0.125,9.0,0.4,0.3
167,0,9,0,13,0,0,0,96,96,99999,0,0,1679,0.596,57.216,0.4,0.3
168,0,0,0,411,0,0,0,192,192,99999,0,0,1680,0.368,70.656,0.6,0.5
168,0,1,0,247,0,0,0,30,30,99999,0,0,1681,1.992,59.76,0.6,0.5
168,0,2,0,445,0,0,0,15,15,99999,0,0,1682,0.55,8.25,0.6,0.5
168,0,3,0,25,0,0,0,30,30,99999,0,0,1683,0.454,13.62,0.4,0.3
168,0,4,0,346,0,0,0,36,36,99999,0,0,1684,1.362,49.032,0.6,0.5
168,0,5,0,343,0,0,0,192,192,99999,0,0,1685,0.365,70.08,0.6,0.5
168,0,6,0,392,0,0,0,360,360,99999,0,0,1686,0.156,56.16,0.6,0.5
168,0,7,0,16,0,0,0,12,12,99999,0,0,1687,0.301,3.612,0.4,0.3
168,0,8,0,425,0,0,0,180,180,99999,0,0,1688,0.11,19.8,0.6,0.5
168,0,9,0,312,0,0,0,24,24,99999,0,0,1689,2.223,53.352,0.6,0.5
169,0,0,0,256,0,0,0,24,24,99999,0,0,1690,0.446,10.704,0.6,0.5
169,0,1,0,41,0,0,0,80,80,99999,0,0,1691,0.152,12.16,0.4,0.3
169,0,2,0,459,0,0,0,36,36,99999,0,0,1692,1.631,58.716,0.6,0.5
169,0,3,0,221,0,0,0,20,20,99999,0,0,1693,1.0,20.0,0.6,0.5
169,0,4,0,26,0,0,0,360,360,99999,0,0,1694,0.274,98.64,0.4,0.3
169,0,5,0,208,0,0,0,48,48,99999,0,0,1695,0.208,9.984,0.6,0.5
169,0,6,0,156,0,0,0,81,81,99999,0,0,1696,0.2,16.2,0.5,0.4
169,0,7,0,405,0,0,0,77,77,99999,0,0,1697,0.2,15.4,0.6,0.5
169,0,8,0,417,0,0,0,36,36,99999,0,0,1698,0.391,14.076,0.6,0.5
169,0,9,0,19,0,0,0,12,12,99999,0,0,1699,0.28,3.36,0.4,0.3
170,0,0,0,142,0,0,0,384,384,99999,0,0,1700,0.274,105.216,0.5,0.4
170,0,1,0,33,0,0,0,240,240,99999,0,0,1701,0.409,98.16,0.4,0.3
170,0,2,0,87,0,0,0,12,12,99999,0,0,1702,5.165,61.98,0.5,0.4
170,0,3,0,130,0,0,0,24,24,99999,0,0,1703,0.615,14.76,0.5,0.4
170,0,4,0,21,0,0,0,432,432,99999,0,0,1704,0.165,71.28,0.4,0.3
170,0,5,0,269,0,0,0,36,36,99999,0,0,1705,0.126,4.536,0.6,0.5
170,0,6,0,335,0,0,0,264,264,99999,0,0,1706,0.272,71.808,0.6,0.5
170,0,7,0,234,0,0,0,12,12,99999,0,0,1707,0.356,4.272,0.6,0.5
170,0,8,0,39,0,0,0,360,360,99999,0,0,1708,0.276,99.36,0.4,0.3
170,0,9,0,41,0,0,0,80,80,99999,0,0,1709,0.152,12.16,0.4,0.3
171,0,0,0,38,0,0,0,384,384,99999,0,0,1710,0.275,105.6,0.4,0.3
171,0,1,0,482,0,0,0,48,48,99999,0,0,1711,1.435,68.88,0.6,0.5
171,0,2,0,296,0,0,0,20,20,99999,0,0,1712,0.435,8.7,0.6,0.5
171,0,3,0,0,0,0,0,36,36,99999,0,0,1713,1.602,57.672,0.4,0.3
171,0,4,0,375,0,0,0,168,168,99999,0,0,1714,0.383,64.344,0.6,0.5
171,0,5,0,19,0,0,0,12,12,99999,0,0,1715,0.28,3.36,0.4,0.3
171,0,6,0,177,0,0,0,80,80,99999,0,0,1716,1.08,86.4,0.5,0.4
171,0,7,0,309,0,0,0,50,50,99999,0,0,1717,0.275,13.75,0.6,0.5
171,0,8,0,351,0,0,0,192,192,99999,0,0,1718,0.368,70.656,0.6,0.5
171,0,9,0,29,0,0,0,360,360,99999,0,0,1719,0.274,98.64,0.4,0.3
172,0,0,0,10,0,0,0,210,210,99999,0,0,1720,0.118,24.78,0.4,0.3
172,0,1,0,347,0,0,0,36,36,99999,0,0,1721,0.257,9.252,0.6,0.5
172,0,2,0,247,0,0,0,30,30,99999,0,0,1722,1.992,59.76,0.6,0.5
172,0,3,0,274,0,0,0,48,48,99999,0,0,1723,0.307,14.736,0.6,0.5
172,0,4,0,418,0,0,0,27,27,99999,0,0,1724,1.5,40.5,0.6,0.5
172,0,5,0,376,0,0,0,36,36,99999,0,0,1725,0.218,7.848,0.6,0.5
172,0,6,0,51,0,0,0,336,336,99999,0,0,1726,0.278,93.408,0.5,0.4
172,0,7,0,293,0,0,0,264,264,99999,0,0,1727,0.375,99.0,0.6,0.5
172,0,8,0,437,0,0,0,32,32,99999,0,0,1728,2.209,70.688,0.6,0.5
172,0,9,0,216,0,0,0,20,20,99999,0,0,1729,1.0,20.0,0.6,0.5
173,0,0,0,182,0,0,0,12,12,99999,0,0,1730,0.408,4.896,0.5,0.4
173,0,1,0,356,0,0,0,18,18,99999,0,0,1731,1.048,18.864,0.6,0.5
173,0,2,0,441,0,0,0,42,42,99999,0,0,1732,0.428,17.976,0.6,0.5
173,0,3,0,394,0,0,0,90,90,99999,0,0,1733,0.28,25.2,0.6,0.5
173,0,4,0,0,0,0,0,36,36,99999,0,0,1734,1.602,57.672,0.4,0.3
173,0,5,0,381,0,0,0,8,8,99999,0,0,1735,1.0,8.0,0.6,0.5
173,0,6,0,21,0,0,0,432,432,99999,0,0,1736,0.165,71.28,0.4,0.3
173,0,7,0,423,0,0,0,48,48,99999,0,0,1737,0.191,9.168,0.6,0.5
173,0,8,0,235,0,0,0,30,30,99999,0,0,1738,0.23,6.9,0.6,0.5
173,0,9,0,310,0,0,0,28,28,99999,0,0,1739,2.35,65.8,0.6,0.5
174,0,0,0,10,0,0,0,210,210,99999,0,0,1740,0.118,24.78,0.4,0.3
174,0,1,0,240,0,0,0,312,312,99999,0,0,1741,0.279,87.048,0.6,0.5
174,0,2,0,20,0,0,0,216,216,99999,0,0,1742,0.386,83.376,0.4,0.3
174,0,3,0,290,0,0,0,312,312,99999,0,0,1743,0.33,102.96,0.6,0.5
174,0,4,0,467,0,0,0,336,336,99999,0,0,1744,0.246,82.656,0.6,0.5
174,0,5,0,373,0,0,0,24,24,99999,0,0,1745,1.0,24.0,0.6,0.5
174,0,6,0,144,0,0,0,360,360,99999,0,0,1746,0.275,99.0,0.5,0.4
174,0,7,0,48,0,0,0,360,360,99999,0,0,1747,0.275,99.0,0.4,0.3
174,0,8,0,424,0,0,0,96,96,99999,0,0,1748,0.619,59.424,0.6,0.5
174,0,9,0,8,0,0,0,40,40,99999,0,0,1749,0.381,15.24,0.4,0.3
175,0,0,0,33,0,0,0,240,240,99999,0,0,1750,0.409,98.16,0.4,0.3
175,0,1,0,83,0,0,0,384,384,99999,0,0,1751,0.278,106.752,0.5,0.4
175,0,2,0,415,0,0,0,36,36,99999,0,0,1752,1.667,60.012,0.6,0.5
175,0,3,0,252,0,0,0,36,36,99999,0,0,1753,0.394,14.184,0.6,0.5
175,0,4,0,240,0,0,0,312,312,99999,0,0,1754,0.279,87.048,0.6,0.5
175,0,5,0,480,0,0,0,27,27,99999,0,0,1755,3.0,81.0,0.6,0.5
175,0,6,0,356,0,0,0,18,18,99999,0,0,1756,1.048,18.864,0.6,0.5
175,0,7,0,97,0,0,0,10,10,99999,0,0,1757,5.575,55.75,0.5,0.4
175,0,8,0,350,0,0,0,108,108,99999,0,0,1758,0.238,25.704,0.6,0.5
175,0,9,0,138,0,0,0,36,36,99999,0,0,1759,0.39,14.04,0.5,0.4
176,0,0,0,482,0,0,0,48,48,99999,0,0,1760,1.435,68.88,0.6,0.5
176,0,1,0,141,0,0,0,30,30,99999,0,0,1761,0.454,13.62,0.5,0.4
176,0,2,0,490,0,0,0,27,27,99999,0,0,1762,3.0,81.0,0.6,0.5
176,0,3,0,8,0,0,0,40,40,99999,0,0,1763,0.381,15.24,0.4,0.3
176,0,4,0,113,0,0,0,11,11,99999,0,0,1764,6.02,66.22,0.5,0.4
176,0,5,0,302,0,0,0,336,336,99999,0,0,1765,0.229,76.944,0.6,0.5
176,0,6,0,293,0,0,0,264,264,99999,0,0,1766,0.375,99.0,0.6,0.5
176,0,7,0,389,0,0,0,48,48,99999,0,0,1767,0.85,40.8,0.6,0.5
176,0,8,0,138,0,0,0,36,36,99999,0,0,1768,0.39,14.04,0.5,0.4
176,0,9,0,427,0,0,0,27,27,99999,0,0,1769,2.0,54.0,0.6,0.5
177,0,0,0,35,0,0,0,192,192,99999,0,0,1770,0.361,69.312,0.4,0.3
177,0,1,0,44,0,0,0,120,120,99999,0,0,1771,0.62,74.4,0.4,0.3
177,0,2,0,226,0,0,0,61,61,99999,0,0,1772,0.2,12.2,0.6,0.5
177,0,3,0,14,0,0,0,12,12,99999,0,0,1773,0.41,4.92,0.4,0.3
177,0,4,0,337,0,0,0,240,240,99999,0,0,1774,0.336,80.64,0.6,0.5
177,0,5,0,20,0,0,0,216,216,99999,0,0,1775,0.386,83.376,0.4,0.3
177,0,6,0,338,0,0,0,96,96,99999,0,0,1776,0.606,58.176,0.6,0.5
177,0,7,0,250,0,0,0,24,24,99999,0,0,1777,2.087,50.088,0.6,0.5
177,0,8,0,177,0,0,0,80,80,99999,0,0,1778,1.08,86.4,0.5,0.4
177,0,9,0,217,0,0,0,72,72,99999,0,0,1779,0.233,16.776,0.6,0.5
178,0,0,0,258,0,0,0,24,24,99999,0,0,1780,0.519,12.456,0.6,0.5
178,0,1,0,489,0,0,0,30,30,99999,0,0,1781,0.533,15.99,0.6,0.5
178,0,2,0,199,0,0,0,10,10,99999,0,0,1782,5.345,53.45,0.5,0.4
178,0,3,0,409,0,0,0,48,48,99999,0,0,1783,0.218,10.464,0.6,0.5
178,0,4,0,439,0,0,0,12,12,99999,0,0,1784,2.803,33.636,0.6,0.5
178,0,5,0,86,0,0,0,80,80,99999,0,0,1785,0.179,14.32,0.5,0.4
178,0,6,0,367,0,0,0,210,210,99999,0,0,1786,0.092,19.32,0.6,0.5
178,0,7,0,260,0,0,0,5,5,99999,0,0,1787,7.21,36.05,0.6,0.5
178,0,8,0,181,0,0,0,24,24,99999,0,0,1788,0.491,11.784,0.5,0.4
178,0,9,0,51,0,0,0,336,336,99999,0,0,1789,0.278,93.408,0.5,0.4
179,0,0,0,498,0,0,0,60,60,99999,0,0,1790,0.491,29.46,0.6,0.5
179,0,1,0,230,0,0,0,60,60,99999,0,0,1791,0.108,6.48,0.6,0.5
179,0,2,0,249,0,0,0,12,12,99999,0,0,1792,5.442,65.304,0.6,0.5
179,0,3,0,191,0,0,0,264,264,99999,0,0,1793,0.283,74.712,0.5,0.4
179,0,4,0,101,0,0,0,384,384,99999,0,0,1794,0.275,105.6,0.5,0.4
179,0,5,0,290,0,0,0,312,312,99999,0,0,1795,0.33,102.96,0.6,0.5
179,0,6,0,307,0,0,0,312,312,99999,0,0,1796,0.275,85.8,0.6,0.5
179,0,7,0,430,0,0,0,12,12,99999,0,0,1797,1.043,12.516,0.6,0.5
179,0,8,0,442,0,0,0,384,384,99999,0,0,1798,0.276,105.984,0.6,0.5
179,0,9,0,255,0,0,0,24,24,99999,0,0,1799,0.49,11.76,0.6,0.5
180,0,0,0,43,0,0,0,240,240,99999,0,0,1800,0.3,72.0,0.4,0.3
180,0,1,0,450,0,0,0,36,36,99999,0,0,1801,0.316,11.376,0.6,0.5
180,0,2,0,31,0,0,0,72,72,99999,0,0,1802,0.125,9.0,0.4,0.3
180,0,3,0,5,0,0,0,192,192,99999,0,0,1803,0.417,80.064,0.4,0.3
180,0,4,0,341,0,0,0,96,96,99999,0,0,1804,0.665,63.84,0.6,0.5
180,0,5,0,1,0,0,0,72,72,99999,0,0,1805,0.125,9.0,0.4,0.3
180,0,6,0,38,0,0,0,384,384,99999,0,0,1806,0.275,105.6,0.4,0.3
180,0,7,0,122,0,0,0,48,48,99999,0,0,1807,0.208,9.984,0.5,0.4
180,0,8,0,379,0,0,0,24,24,99999,0,0,1808,0.491,11.784,0.6,0.5
180,0,9,0,475,0,0,0,60,60,99999,0,0,1809,0.871,52.26,0.6,0.5
181,0,0,0,258,0,0,0,24,24,99999,0,0,1810,0.519,12.456,0.6,0.5
181,0,1,0,8,0,0,0,40,40,99999,0,0,1811,0.381,15.24,0.4,0.3
181,0,2,0,40,0,0,0,24,24,99999,0,0,1812,2.218,53.232,0.4,0.3
181,0,3,0,208,0,0,0,48,48,99999,0,0,1813,0.208,9.984,0.6,0.5
181,0,4,0,57,0,0,0,30,30,99999,0,0,1814,0.351,10.53,0.5,0.4
181,0,5,0,320,0,0,0,384,384,99999,0,0,1815,0.254,97.536,0.6,0.5
181,0,6,0,434,0,0,0,72,72,99999,0,0,1816,0.175,12.6,0.6,0.5
181,0,7,0,27,0,0,0,336,336,99999,0,0,1817,0.267,89.712,0.4,0.3
181,0,8,0,1,0,0,0,72,72,99999,0,0,1818,0.125,9.0,0.4,0.3
181,0,9,0,286,0,0,0,264,264,99999,0,0,1819,0.273,72.072,0.6,0.5
182,0,0,0,31,0,0,0,72,72,99999,0,0,1820,0.125,9.0,0.4,0.3
182,0,1,0,32,0,0,0,96,96,99999,0,0,1821,0.125,12.0,0.4,0.3
182,0,2,0,16,0,0,0,12,12,99999,0,0,1822,0.301,3.612,0.4,0.3
182,0,3,0,37,0,0,0,384,384,99999,0,0,1823,0.277,106.368,0.4,0.3
182,0,4,0,217,0,0,0,72,72,99999,0,0,1824,0.233,16.776,0.6,0.5
182,0,5,0,417,0,0,0,36,36,99999,0,0,1825,0.391,14.076,0.6,0.5
182,0,6,0,117,0,0,0,336,336,99999,0,0,1826,0.244,81.984,0.5,0.4
182,0,7,0,415,0,0,0,36,36,99999,0,0,1827,1.667,60.012,0.6,0.5
182,0,8,0,51,0,0,0,336,336,99999,0,0,1828,0.278,93.408,0.5,0.4
182,0,9,0,170,0,0,0,60,60,99999,0,0,1829,0.59,35.4,0.5,0.4
183,0,0,0,184,0,0,0,192,192,99999,0,0,1830,0.358,68.736,0.5,0.4
183,0,1,0,80,0,0,0,32,32,99999,0,0,1831,0.468,14.976,0.5,0.4
183,0,2,0,215,0,0,0,264,264,99999,0,0,1832,0.3,79.2,0.6,0.5
183,0,3,0,43,0,0,0,240,240,99999,0,0,1833,0.3,72.0,0.4,0.3
183,0,4,0,284,0,0,0,96,96,99999,0,0,1834,0.66,63.36,0.6,0.5
183,0,5,0,266,0,0,0,40,40,99999,0,0,1835,0.16,6.4,0.6,0.5
183,0,6,0,13,0,0,0,96,96,99999,0,0,1836,0.596,57.216,0.4,0.3
183,0,7,0,125,0,0,0,48,48,99999,0,0,1837,1.25,60.0,0.5,0.4
183,0,8,0,23,0,0,0,210,210,99999,0,0,1838,0.11,23.1,0.4,0.3
183,0,9,0,454,0,0,0,27,27,99999,0,0,1839,2.0,54.0,0.6,0.5
184,0,0,0,416,0,0,0,20,20,99999,0,0,1840,0.562,11.24,0.6,0.5
184,0,1,0,343,0,0,0,192,192,99999,0,0,1841,0.365,70.08,0.6,0.5
184,0,2,0,14,0,0,0,12,12,99999,0,0,1842,0.41,4.92,0.4,0.3
184,0,3,0,19,0,0,0,12,12,99999,0,0,1843,0.28,3.36,0.4,0.3
184,0,4,0,104,0,0,0,360,360,99999,0,0,1844,0.28,100.8,0.5,0.4
184,0,5,0,37,0,0,0,384,384,99999,0,0,1845,0.277,106.368,0.4,0.3
184,0,6,0,248,0,0,0,96,96,99999,0,0,1846,0.644,61.824,0.6,0.5
184,0,7,0,10,0,0,0,210,210,99999,0,0,1847,0.118,24.78,0.4,0.3
184,0,8,0,34,0,0,0,336,336,99999,0,0,1848,0.233,78.288,0.4,0.3
184,0,9,0,41,0,0,0,80,80,99999,0,0,1849,0.152,12.16,0.4,0.3
185,0,0,0,166,0,0,0,36,36,99999,0,0,1850,0.268,9.648,0.5,0.4
185,0,1,0,487,0,0,0,48,48,99999,0,0,1851,0.24,11.52,0.6,0.5
185,0,2,0,121,0,0,0,3,3,99999,0,0,1852,15.0,45.0,0.5,0.4
185,0,3,0,323,0,0,0,24,24,99999,0,0,1853,2.188,52.512,0.6,0.5
185,0,4,0,38,0,0,0,384,384,99999,0,0,1854,0.275,105.6,0.4,0.3
185,0,5,0,238,0,0,0,33,33,99999,0,0,1855,0.238,7.854,0.6,0.5
185,0,6,0,192,0,0,0,360,360,99999,0,0,1856,0.277,99.72,0.5,0.4
185,0,7,0,272,0,0,0,168,168,99999,0,0,1857,0.454,76.272,0.6,0.5
185,0,8,0,109,0,0,0,264,264,99999,0,0,1858,0.283,74.712,0.5,0.4
185,0,9,0,476,0,0,0,24,24,99999,0,0,1859,0.405,9.72,0.6,0.5
186,0,0,0,312,0,0,0,24,24,99999,0,0,1860,2.223,53.352,0.6,0.5
186,0,1,0,347,0,0,0,36,36,99999,0,0,1861,0.257,9.252,0.6,0.5
186,0,2,0,5,0,0,0,192,192,99999,0,0,1862,0.417,80.064,0.4,0.3
186,0,3,0,456,0,0,0,8,8,99999,0,0,1863,1.0,8.0,0.6,0.5
186,0,4,0,475,0,0,0,60,60,99999,0,0,1864,0.871,52.26,0.6,0.5
186,0,5,0,255,0,0,0,24,24,99999,0,0,1865,0.49,11.76,0.6,0.5
186,0,6,0,95,0,0,0,240,240,99999,0,0,1866,0.409,98.16,0.5,0.4
186,0,7,0,352,0,0,0,360,360,99999,0,0,1867,0.206,74.16,0.6,0.5
186,0,8,0,35,0,0,0,192,192,99999,0,0,1868,0.361,69.312,0.4,0.3
186,0,9,0,40,0,0,0,24,24,99999,0,0,1869,2.218,53.232,0.4,0.3
187,0,0,0,6,0,0,0,10,10,99999,0,0,1870,0.34,3.4,0.4,0.3
187,0,1,0,455,0,0,0,40,40,99999,0,0,1871,0.091,3.64,0.6,0.5
187,0,2,0,214,0,0,0,168,168,99999,0,0,1872,0.441,74.088,0.6,0.5
187,0,3,0,404,0,0,0,60,60,99999,0,0,1873,0.408,24.48,0.6,0.5
187,0,4,0,17,0,0,0,108,108,99999,0,0,1874,0.176,19.008,0.4,0.3
187,0,5,0,348,0,0,0,192,192,99999,0,0,1875,0.397,76.224,0.6,0.5
187,0,6,0,32,0,0,0,96,96,99999,0,0,1876,0.125,12.0,0.4,0.3
187,0,7,0,0,0,0,0,36,36,99999,0,0,1877,1.602,57.672,0.4,0.3
187,0,8,0,461,0,0,0,60,60,99999,0,0,1878,0.322,19.32,0.6,0.5
187,0,9,0,468,0,0,0,210,210,99999,0,0,1879,0.115,24.15,0.6,0.5
188,0,0,0,19,0,0,0,12,12,99999,0,0,1880,0.28,3.36,0.4,0.3
188,0,1,0,321,0,0,0,180,180,99999,0,0,1881,0.13,23.4,0.6,0.5
188,0,2,0,4,0,0,0,6,6,99999,0,0,1882,0.425,2.55,0.4,0.3
188,0,3,0,310,0,0,0,28,28,99999,0,0,1883,2.35,65.8,0.6,0.5
188,0,4,0,65,0,0,0,24,24,99999,0,0,1884,0.49,11.76,0.5,0.4
188,0,5,0,107,0,0,0,36,36,99999,0,0,1885,0.304,10.944,0.5,0.4
188,0,6,0,340,0,0,0,12,12,99999,0,0,1886,0.283,3.396,0.6,0.5
188,0,7,0,275,0,0,0,36,36,99999,0,0,1887,0.368,13.248,0.6,0.5
188,0,8,0,217,0,0,0,72,72,99999,0,0,1888,0.233,16.776,0.6,0.5
188,0,9,0,250,0,0,0,24,24,99999,0,0,1889,2.087,50.088,0.6,0.5
189,0,0,0,246,0,0,0,24,24,99999,0,0,1890,0.152,3.648,0.6,0.5
189,0,1,0,74,0,0,0,288,288,99999,0,0,1891,0.291,83.808,0.5,0.4
189,0,2,0,10,0,0,0,210,210,99999,0,0,1892,0.118,24.78,0.4,0.3
189,0,3,0,67,0,0,0,12,12,99999,0,0,1893,0.328,3.936,0.5,0.4
189,0,4,0,429,0,0,0,72,72,99999,0,0,1894,1.008,72.576,0.6,0.5
189,0,5,0,12,0,0,0,8,8,99999,0,0,1895,0.306,2.448,0.4,0.3
189,0,6,0,152,0,0,0,12,12,99999,0,0,1896,0.708,8.496,0.5,0.4
189,0,7,0,436,0,0,0,32,32,99999,0,0,1897,2.162,69.184,0.6,0.5
189,0,8,0,220,0,0,0,20,20,99999,0,0,1898,1.0,20.0,0.6,0.5
189,0,9,0,280,0,0,0,24,24,99999,0,0,1899,0.264,6.336,0.6,0.5
190,0,0,0,358,0,0,0,24,24,99999,0,0,1900,2.37,56.88,0.6,0.5
190,0,1,0,232,0,0,0,27,27,99999,0,0,1901,6.0,162.0,0.6,0.5
190,0,2,0,445,0,0,0,15,15,99999,0,0,1902,0.55,8.25,0.6,0.5
190,0,3,0,45,0,0,0,72,72,99999,0,0,1903,0.125,9.0,0.4,0.3
190,0,4,0,463,0,0,0,204,204,99999,0,0,1904,0.092,18.768,0.6,0.5
190,0,5,0,163,0,0,0,96,96,99999,0,0,1905,0.657,63.072,0.5,0.4
190,0,6,0,36,0,0,0,12,12,99999,0,0,1906,3.463,41.556,0.4,0.3
190,0,7,0,259,0,0,0,216,216,99999,0,0,1907,0.42,90.72,0.6,0.5
190,0,8,0,30,0,0,0,24,24,99999,0,0,1908,0.387,9.288,0.4,0.3
190,0,9,0,381,0,0,0,8,8,99999,0,0,1909,1.0,8.0,0.6,0.5
191,0,0,0,446,0,0,0,10,10,99999,0,0,1910,6.35,63.5,0.6,0.5
191,0,1,0,491,0,0,0,312,312,99999,0,0,1911,0.329,102.648,0.6,0.5
191,0,2,0,478,0,0,0,80,80,99999,0,0,1912,0.2,16.0,0.6,0.5
191,0,3,0,9,0,0,0,180,180,99999,0,0,1913,0.1,18.0,0.4,0.3
191,0,4,0,472,0,0,0,77,77,99999,0,0,1914,0.2,15.4,0.6,0.5
191,0,5,0,274,0,0,0,48,48,99999,0,0,1915,0.307,14.736,0.6,0.5
191,0,6,0,458,0,0,0,24,24,99999,0,0,1916,0.272,6.528,0.6,0.5
191,0,7,0,16,0,0,0,12,12,99999,0,0,1917,0.301,3.612,0.4,0.3
191,0,8,0,119,0,0,0,74,74,99999,0,0,1918,0.2,14.8,0.5,0.4
191,0,9,0,234,0,0,0,12,12,99999,0,0,1919,0.356,4.272,0.6,0.5
192,0,0,0,142,0,0,0,384,384,99999,0,0,1920,0.274,105.216,0.5,0.4
192,0,1,0,326,0,0,0,36,36,99999,0,0,1921,0.373,13.428,0.6,0.5
192,0,2,0,166,0,0,0,36,36,99999,0,0,1922,0.268,9.648,0.5,0.4
192,0,3,0,200,0,0,0,168,168,99999,0,0,1923,0.125,21.0,0.6,0.5
192,0,4,0,448,0,0,0,77,77,99999,0,0,1924,0.2,15.4,0.6,0.5
192,0,5,0,37,0,0,0,384,384,99999,0,0,1925,0.277,106.368,0.4,0.3
192,0,6,0,365,0,0,0,24,24,99999,0,0,1926,0.388,9.312,0.6,0.5
192,0,7,0,314,0,0,0,77,77,99999,0,0,1927,1.0,77.0,0.6,0.5
192,0,8,0,338,0,0,0,96,96,99999,0,0,1928,0.606,58.176,0.6,0.5
192,0,9,0,262,0,0,0,15,15,99999,0,0,1929,0.584,8.76,0.6,0.5
193,0,0,0,497,0,0,0,30,30,99999,0,0,1930,0.379,11.37,0.6,0.5
193,0,1,0,364,0,0,0,60,60,99999,0,0,1931,0.16,9.6,0.6,0.5
193,0,2,0,274,0,0,0,48,48,99999,0,0,1932,0.307,14.736,0.6,0.5
193,0,3,0,379,0,0,0,24,24,99999,0,0,1933,0.491,11.784,0.6,0.5
193,0,4,0,40,0,0,0,24,24,99999,0,0,1934,2.218,53.232,0.4,0.3
193,0,5,0,49,0,0,0,240,240,99999,0,0,1935,0.408,97.92,0.4,0.3
193,0,6,0,2,0,0,0,24,24,99999,0,0,1936,0.405,9.72,0.4,0.3
193,0,7,0,64,0,0,0,24,24,99999,0,0,1937,0.334,8.016,0.5,0.4
193,0,8,0,399,0,0,0,50,50,99999,0,0,1938,0.236,11.8,0.6,0.5
193,0,9,0,317,0,0,0,12,12,99999,0,0,1939,0.425,5.1,0.6,0.5
194,0,0,0,363,0,0,0,10,10,99999,0,0,1940,6.4,64.0,0.6,0.5
194,0,1,0,248,0,0,0,96,96,99999,0,0,1941,0.644,61.824,0.6,0.5
194,0,2,0,8,0,0,0,40,40,99999,0,0,1942,0.381,15.24,0.4,0.3
194,0,3,0,299,0,0,0,432,432,99999,0,0,1943,0.161,69.552,0.6,0.5
194,0,4,0,154,0,0,0,360,360,99999,0,0,1944,0.274,98.64,0.5,0.4
194,0,5,0,28,0,0,0,12,12,99999,0,0,1945,0.387,4.644,0.4,0.3
194,0,6,0,458,0,0,0,24,24,99999,0,0,1946,0.272,6.528,0.6,0.5
194,0,7,0,190,0,0,0,8,8,99999,0,0,1947,0.565,4.52,0.5,0.4
194,0,8,0,200,0,0,0,168,168,99999,0,0,1948,0.125,21.0,0.6,0.5
194,0,9,0,497,0,0,0,30,30,99999,0,0,1949,0.379,11.37,0.6,0.5
195,0,0,0,15,0,0,0,12,12,99999,0,0,1950,0.367,4.404,0.4,0.3
195,0,1,0,235,0,0,0,30,30,99999,0,0,1951,0.23,6.9,0.6,0.5
195,0,2,0,26,0,0,0,360,360,99999,0,0,1952,0.274,98.64,0.4,0.3
195,0,3,0,476,0,0,0,24,24,99999,0,0,1953,0.405,9.72,0.6,0.5
195,0,4,0,255,0,0,0,24,24,99999,0,0,1954,0.49,11.76,0.6,0.5
195,0,5,0,25,0,0,0,30,30,99999,0,0,1955,0.454,13.62,0.4,0.3
195,0,6,0,162,0,0,0,24,24,99999,0,0,1956,0.698,16.752,0.5,0.4
195,0,7,0,19,0,0,0,12,12,99999,0,0,1957,0.28,3.36,0.4,0.3
195,0,8,0,40,0,0,0,24,24,99999,0,0,1958,2.218,53.232,0.4,0.3
195,0,9,0,20,0,0,0,216,216,99999,0,0,1959,0.386,83.376,0.4,0.3
196,0,0,0,2,0,0,0,24,24,99999,0,0,1960,0.405,9.72,0.4,0.3
196,0,1,0,452,0,0,0,12,12,99999,0,0,1961,4.225,50.7,0.6,0.5
196,0,2,0,34,0,0,0,336,336,99999,0,0,1962,0.233,78.288,0.4,0.3
196,0,3,0,160,0,0,0,10,10,99999,0,0,1963,6.195,61.95,0.5,0.4
196,0,4,0,319,0,0,0,48,48,99999,0,0,1964,0.397,19.056,0.6,0.5
196,0,5,0,48,0,0,0,360,360,99999,0,0,1965,0.275,99.0,0.4,0.3
196,0,6,0,417,0,0,0,36,36,99999,0,0,1966,0.391,14.076,0.6,0.5
196,0,7,0,291,0,0,0,24,24,99999,0,0,1967,0.269,6.456,0.6,0.5
196,0,8,0,379,0,0,0,24,24,99999,0,0,1968,0.491,11.784,0.6,0.5
196,0,9,0,397,0,0,0,36,36,99999,0,0,1969,0.273,9.828,0.6,0.5
197,0,0,0,4,0,0,0,6,6,99999,0,0,1970,0.425,2.55,0.4,0.3
197,0,1,0,21,0,0,0,432,432,99999,0,0,1971,0.165,71.28,0.4,0.3
197,0,2,0,49,0,0,0,240,240,99999,0,0,1972,0.408,97.92,0.4,0.3
197,0,3,0,34,0,0,0,336,336,99999,0,0,1973,0.233,78.288,0.4,0.3
197,0,4,0,375,0,0,0,168,168,99999,0,0,1974,0.383,64.344,0.6,0.5
197,0,5,0,6,0,0,0,10,10,99999,0,0,1975,0.34,3.4,0.4,0.3
197,0,6,0,97,0,0,0,10,10,99999,0,0,1976,5.575,55.75,0.5,0.4
197,0,7,0,73,0,0,0,120,120,99999,0,0,1977,0.624,74.88,0.5,0.4
197,0,8,0,343,0,0,0,192,192,99999,0,0,1978,0.365,70.08,0.6,0.5
197,0,9,0,145,0,0,0,24,24,99999,0,0,1979,0.288,6.912,0.5,0.4
198,0,0,0,47,0,0,0,30,30,99999,0,0,1980,0.365,10.95,0.4,0.3
198,0,1,0,23,0,0,0,210,210,99999,0,0,1981,0.11,23.1,0.4,0.3
198,0,2,0,408,0,0,0,96,96,99999,0,0,1982,0.088,8.448,0.6,0.5
198,0,3,0,392,0,0,0,360,360,99999,0,0,1983,0.156,56.16,0.6,0.5
198,0,4,0,353,0,0,0,720,720,99999,0,0,1984,0.142,102.24,0.6,0.5
198,0,5,0,34,0,0,0,336,336,99999,0,0,1985,0.233,78.288,0.4,0.3
198,0,6,0,33,0,0,0,240,240,99999,0,0,1986,0.409,98.16,0.4,0.3
198,0,7,0,478,0,0,0,80,80,99999,0,0,1987,0.2,16.0,0.6,0.5
198,0,8,0,320,0,0,0,384,384,99999,0,0,1988,0.254,97.536,0.6,0.5
198,0,9,0,8,0,0,0,40,40,99999,0,0,1989,0.381,15.24,0.4,0.3
199,0,0,0,271,0,0,0,288,288,99999,0,0,1990,0.063,18.144,0.6,0.5
199,0,1,0,269,0,0,0,36,36,99999,0,0,1991,0.126,4.536,0.6,0.5
199,0,2,0,15,0,0,0,12,12,99999,0,0,1992,0.367,4.404,0.4,0.3
199,0,3,0,30,0,0,0,24,24,99999,0,0,1993,0.387,9.288,0.4,0.3
199,0,4,0,162,0,0,0,24,24,99999,0,0,1994,0.698,16.752,0.5,0.4
199,0,5,0,450,0,0,0,36,36,99999,0,0,1995,0.316,11.376,0.6,0.5
199,0,6,0,4,0,0,0,6,6,99999,0,0,1996,0.425,2.55,0.4,0.3
199,0,7,0,350,0,0,0,108,108,99999,0,0,1997,0.238,25.704,0.6,0.5
199,0,8,0,1,0,0,0,72,72,99999,0,0,1998,0.125,9.0,0.4,0.3
199,0,9,0,418,0,0,0,27,27,99999,0,0,1999,1.5,40.5,0.6,0.5
200,0,0,0,106,0,0,0,24,24,99999,0,0,2000,0.49,11.76,0.5,0.4
200,0,1,0,40,0,0,0,24,24,99999,0,0,2001,2.218,53.232,0.4,0.3
200,0,2,0,10,0,0,0,210,210,99999,0,0,2002,0.118,24.78,0.4,0.3
200,0,3,0,187,0,0,0,12,12,99999,0,0,2003,0.463,5.556,0.5,0.4
200,0,4,0,355,0,0,0,36,36,99999,0,0,2004,0.383,13.788,0.6,0.5
200,0,5,0,46,0,0,0,30,30,99999,0,0,2005,0.373,11.19,0.4,0.3
200,0,6,0,78,0,0,0,240,240,99999,0,0,2006,0.37,88.8,0.5,0.4
200,0,7,0,41,0,0,0,80,80,99999,0,0,2007,0.152,12.16,0.4,0.3
200,0,8,0,220,0,0,0,20,20,99999,0,0,2008,1.0,20.0,0.6,0.5
200,0,9,0,58,0,0,0,264,264,99999,0,0,2009,0.276,72.864,0.5,0.4
201,0,0,0,207,0,0,0,36,36,99999,0,0,2010,0.469,16.884,0.6,0.5
201,0,1,0,90,0,0,0,24,24,99999,0,0,2011,0.42,10.08,0.5,0.4
201,0,2,0,3,0,0,0,312,312,99999,0,0,2012,0.324,101.088,0.4,0.3
201,0,3,0,49,0,0,0,240,240,99999,0,0,2013,0.408,97.92,0.4,0.3
201,0,4,0,489,0,0,0,30,30,99999,0,0,2014,0.533,15.99,0.6,0.5
201,0,5,0,348,0,0,0,192,192,99999,0,0,2015,0.397,76.224,0.6,0.5
201,0,6,0,422,0,0,0,48,48,99999,0,0,2016,0.894,42.912,0.6,0.5
201,0,7,0,416,0,0,0,20,20,99999,0,0,2017,0.562,11.24,0.6,0.5
201,0,8,0,302,0,0,0,336,336,99999,0,0,2018,0.229,76.944,0.6,0.5
201,0,9,0,232,0,0,0,27,27,99999,0,0,2019,6.0,162.0,0.6,0.5
202,0,0,0,21,0,0,0,432,432,99999,0,0,2020,0.165,71.28,0.4,0.3
202,0,1,0,48,0,0,0,360,360,99999,0,0,2021,0.275,99.0,0.4,0.3
202,0,2,0,7,0,0,0,192,192,99999,0,0,2022,0.45,86.4,0.4,0.3
202,0,3,0,178,0,0,0,96,96,99999,0,0,2023,0.732,70.272,0.5,0.4
202,0,4,0,157,0,0,0,12,12,99999,0,0,2024,0.227,2.724,0.5,0.4
202,0,5,0,58,0,0,0,264,264,99999,0,0,2025,0.276,72.864,0.5,0.4
202,0,6,0,360,0,0,0,140,140,99999,0,0,2026,0.268,37.52,0.6,0.5
202,0,7,0,300,0,0,0,13,13,99999,0,0,2027,0.8,10.4,0.6,0.5
202,0,8,0,99,0,0,0,24,24,99999,0,0,2028,2.228,53.472,0.5,0.4
202,0,9,0,421,0,0,0,144,144,99999,0,0,2029,0.503,72.432,0.6,0.5
203,0,0,0,387,0,0,0,27,27,99999,0,0,2030,1.0,27.0,0.6,0.5
203,0,1,0,302,0,0,0,336,336,99999,0,0,2031,0.229,76.944,0.6,0.5
203,0,2,0,434,0,0,0,72,72,99999,0,0,2032,0.175,12.6,0.6,0.5
203,0,3,0,308,0,0,0,180,180,99999,0,0,2033,0.109,19.62,0.6,0.5
203,0,4,0,1,0,0,0,72,72,99999,0,0,2034,0.125,9.0,0.4,0.3
203,0,5,0,185,0,0,0,120,120,99999,0,0,2035,0.532,63.84,0.5,0.4
203,0,6,0,13,0,0,0,96,96,99999,0,0,2036,0.596,57.216,0.4,0.3
203,0,7,0,333,0,0,0,48,48,99999,0,0,2037,0.9,43.2,0.6,0.5
203,0,8,0,440,0,0,0,24,24,99999,0,0,2038,0.192,4.608,0.6,0.5
203,0,9,0,255,0,0,0,24,24,99999,0,0,2039,0.49,11.76,0.6,0.5
204,0,0,0,227,0,0,0,36,36,99999,0,0,2040,0.372,13.392,0.6,0.5
204,0,1,0,376,0,0,0,36,36,99999,0,0,2041,0.218,7.848,0.6,0.5
204,0,2,0,339,0,0,0,60,60,99999,0,0,2042,0.21,12.6,0.6,0.5
204,0,3,0,46,0,0,0,30,30,99999,0,0,2043,0.373,11.19,0.4,0.3
204,0,4,0,492,0,0,0,216,216,99999,0,0,2044,0.358,77.328,0.6,0.5
204,0,5,0,240,0,0,0,312,312,99999,0,0,2045,0.279,87.048,0.6,0.5
204,0,6,0,365,0,0,0,24,24,99999,0,0,2046,0.388,9.312,0.6,0.5
204,0,7,0,311,0,0,0,36,36,99999,0,0,2047,0.286,10.296,0.6,0.5
204,0,8,0,405,0,0,0,77,77,99999,0,0,2048,0.2,15.4,0.6,0.5
204,0,9,0,377,0,0,0,40,40,99999,0,0,2049,0.369,14.76,0.6,0.5
205,0,0,0,434,0,0,0,72,72,99999,0,0,2050,0.175,12.6,0.6,0.5
205,0,1,0,82,0,0,0,168,168,99999,0,0,2051,0.446,74.928,0.5,0.4
205,0,2,0,226,0,0,0,61,61,99999,0,0,2052,0.2,12.2,0.6,0.5
205,0,3,0,341,0,0,0,96,96,99999,0,0,2053,0.665,63.84,0.6,0.5
205,0,4,0,499,0,0,0,240,240,99999,0,0,2054,0.336,80.64,0.6,0.5
205,0,5,0,488,0,0,0,48,48,99999,0,0,2055,0.092,4.416,0.6,0.5
205,0,6,0,332,0,0,0,72,72,99999,0,0,2056,0.233,16.776,0.6,0.5
205,0,7,0,32,0,0,0,96,96,99999,0,0,2057,0.125,12.0,0.4,0.3
205,0,8,0,399,0,0,0,50,50,99999,0,0,2058,0.236,11.8,0.6,0.5
205,0,9,0,7,0,0,0,192,192,99999,0,0,2059,0.45,86.4,0.4,0.3
206,0,0,0,209,0,0,0,210,210,99999,0,0,2060,0.115,24.15,0.6,0.5
206,0,1,0,147,0,0,0,384,384,99999,0,0,2061,0.276,105.984,0.5,0.4
206,0,2,0,3,0,0,0,312,312,99999,0,0,2062,0.324,101.088,0.4,0.3
206,0,3,0,349,0,0,0,24,24,99999,0,0,2063,2.3,55.2,0.6,0.5
206,0,4,0,7,0,0,0,192,192,99999,0,0,2064,0.45,86.4,0.4,0.3
206,0,5,0,494,0,0,0,96,96,99999,0,0,2065,0.649,62.304,0.6,0.5
206,0,6,0,192,0,0,0,360,360,99999,0,0,2066,0.277,99.72,0.5,0.4
206,0,7,0,261,0,0,0,192,192,99999,0,0,2067,0.408,78.336,0.6,0.5
206,0,8,0,12,0,0,0,8,8,99999,0,0,2068,0.306,2.448,0.4,0.3
206,0,9,0,221,0,0,0,20,20,99999,0,0,2069,1.0,20.0,0.6,0.5
207,0,0,0,309,0,0,0,50,50,99999,0,0,2070,0.275,13.75,0.6,0.5
207,0,1,0,17,0,0,0,108,108,99999,0,0,2071,0.176,19.008,0.4,0.3
207,0,2,0,84,0,0,0,24,24,99999,0,0,2072,0.376,9.024,0.5,0.4
207,0,3,0,329,0,0,0,40,40,99999,0,0,2073,0.31,12.4,0.6,0.5
207,0,4,0,250,0,0,0,24,24,99999,0,0,2074,2.087,50.088,0.6,0.5
207,0,5,0,227,0,0,0,36,36,99999,0,0,2075,0.372,13.392,0.6,0.5
207,0,6,0,437,0,0,0,32,32,99999,0,0,2076,2.209,70.688,0.6,0.5
207,0,7,0,310,0,0,0,28,28,99999,0,0,2077,2.35,65.8,0.6,0.5
207,0,8,0,39,0,0,0,360,360,99999,0,0,2078,0.276,99.36,0.4,0.3
207,0,9,0,372,0,0,0,36,36,99999,0,0,2079,0.229,8.244,0.6,0.5
208,0,0,0,68,0,0,0,320,320,99999,0,0,2080,0.052,16.64,0.5,0.4
208,0,1,0,35,0,0,0,192,192,99999,0,0,2081,0.361,69.312,0.4,0.3
208,0,2,0,95,0,0,0,240,240,99999,0,0,2082,0.409,98.16,0.5,0.4
208,0,3,0,9,0,0,0,180,180,99999,0,0,2083,0.1,18.0,0.4,0.3
208,0,4,0,40,0,0,0,24,24,99999,0,0,2084,2.218,53.232,0.4,0.3
208,0,5,0,283,0,0,0,20,20,99999,0,0,2085,1.0,20.0,0.6,0.5
208,0,6,0,207,0,0,0,36,36,99999,0,0,2086,0.469,16.884,0.6,0.5
208,0,7,0,13,0,0,0,96,96,99999,0,0,2087,0.596,57.216,0.4,0.3
208,0,8,0,182,0,0,0,12,12,99999,0,0,2088,0.408,4.896,0.5,0.4
208,0,9,0,464,0,0,0,336,336,99999,0,0,2089,0.259,87.024,0.6,0.5
209,0,0,0,23,0,0,0,210,210,99999,0,0,2090,0.11,23.1,0.4,0.3
209,0,1,0,213,0,0,0,8,8,99999,0,0,2091,0.351,2.808,0.6,0.5
209,0,2,0,226,0,0,0,61,61,99999,0,0,2092,0.2,12.2,0.6,0.5
209,0,3,0,109,0,0,0,264,264,99999,0,0,2093,0.283,74.712,0.5,0.4
209,0,4,0,247,0,0,0,30,30,99999,0,0,2094,1.992,59.76,0.6,0.5
209,0,5,0,317,0,0,0,12,12,99999,0,0,2095,0.425,5.1,0.6,0.5
209,0,6,0,154,0,0,0,360,360,99999,0,0,2096,0.274,98.64,0.5,0.4
209,0,7,0,156,0,0,0,81,81,99999,0,0,2097,0.2,16.2,0.5,0.4
209,0,8,0,293,0,0,0,264,264,99999,0,0,2098,0.375,99.0,0.6,0.5
209,0,9,0,113,0,0,0,11,11,99999,0,0,2099,6.02,66.22,0.5,0.4
210,0,0,0,20,0,0,0,216,216,99999,0,0,2100,0.386,83.376,0.4,0.3
210,0,1,0,264,0,0,0,96,96,99999,0,0,2101,0.595,57.12,0.6,0.5
210,0,2,0,15,0,0,0,12,12,99999,0,0,2102,0.367,4.404,0.4,0.3
210,0,3,0,243,0,0,0,36,36,99999,0,0,2103,0.517,18.612,0.6,0.5
210,0,4,0,274,0,0,0,48,48,99999,0,0,2104,0.307,14.736,0.6,0.5
210,0,5,0,262,0,0,0,15,15,99999,0,0,2105,0.584,8.76,0.6,0.5
210,0,6,0,49,0,0,0,240,240,99999,0,0,2106,0.408,97.92,0.4,0.3
210,0,7,0,449,0,0,0,210,210,99999,0,0,2107,0.135,28.35,0.6,0.5
210,0,8,0,2,0,0,0,24,24,99999,0,0,2108,0.405,9.72,0.4,0.3
210,0,9,0,31,0,0,0,72,72,99999,0,0,2109,0.125,9.0,0.4,0.3
211,0,0,0,248,0,0,0,96,96,99999,0,0,2110,0.644,61.824,0.6,0.5
211,0,1,0,15,0,0,0,12,12,99999,0,0,2111,0.367,4.404,0.4,0.3
211,0,2,0,143,0,0,0,48,48,99999,0,0,2112,0.25,12.0,0.5,0.4
211,0,3,0,376,0,0,0,36,36,99999,0,0,2113,0.218,7.848,0.6,0.5
211,0,4,0,394,0,0,0,90,90,99999,0,0,2114,0.28,25.2,0.6,0.5
211,0,5,0,493,0,0,0,72,72,99999,0,0,2115,0.931,67.032,0.6,0.5
211,0,6,0,488,0,0,0,48,48,99999,0,0,2116,0.092,4.416,0.6,0.5
211,0,7,0,164,0,0,0,384,384,99999,0,0,2117,0.277,106.368,0.5,0.4
211,0,8,0,295,0,0,0,18,18,99999,0,0,2118,2.168,39.024,0.6,0.5
211,0,9,0,242,0,0,0,36,36,99999,0,0,2119,0.368,13.248,0.6,0.5
212,0,0,0,13,0,0,0,96,96,99999,0,0,2120,0.596,57.216,0.4,0.3
212,0,1,0,119,0,0,0,74,74,99999,0,0,2121,0.2,14.8,0.5,0.4
212,0,2,0,484,0,0,0,432,432,99999,0,0,2122,0.218,94.176,0.6,0.5
212,0,3,0,16,0,0,0,12,12,99999,0,0,2123,0.301,3.612,0.4,0.3
212,0,4,0,250,0,0,0,24,24,99999,0,0,2124,2.087,50.088,0.6,0.5
212,0,5,0,446,0,0,0,10,10,99999,0,0,2125,6.35,63.5,0.6,0.5
212,0,6,0,280,0,0,0,24,24,99999,0,0,2126,0.264,6.336,0.6,0.5
212,0,7,0,289,0,0,0,240,240,99999,0,0,2127,0.047,11.28,0.6,0.5
212,0,8,0,244,0,0,0,72,72,99999,0,0,2128,0.173,12.456,0.6,0.5
212,0,9,0,471,0,0,0,96,96,99999,0,0,2129,0.52,49.92,0.6,0.5
213,0,0,0,6,0,0,0,10,10,99999,0,0,2130,0.34,3.4,0.4,0.3
213,0,1,0,23,0,0,0,210,210,99999,0,0,2131,0.11,23.1,0.4,0.3
213,0,2,0,65,0,0,0,24,24,99999,0,0,2132,0.49,11.76,0.5,0.4
213,0,3,0,328,0,0,0,312,312,99999,0,0,2133,0.275,85.8,0.6,0.5
213,0,4,0,227,0,0,0,36,36,99999,0,0,2134,0.372,13.392,0.6,0.5
213,0,5,0,442,0,0,0,384,384,99999,0,0,2135,0.276,105.984,0.6,0.5
213,0,6,0,448,0,0,0,77,77,99999,0,0,2136,0.2,15.4,0.6,0.5
213,0,7,0,249,0,0,0,12,12,99999,0,0,2137,5.442,65.304,0.6,0.5
213,0,8,0,474,0,0,0,48,48,99999,0,0,2138,0.299,14.352,0.6,0.5
213,0,9,0,330,0,0,0,36,36,99999,0,0,2139,0.383,13.788,0.6,0.5
214,0,0,0,1,0,0,0,72,72,99999,0,0,2140,0.125,9.0,0.4,0.3
214,0,1,0,19,0,0,0,12,12,99999,0,0,2141,0.28,3.36,0.4,0.3
214,0,2,0,49,0,0,0,240,240,99999,0,0,2142,0.408,97.92,0.4,0.3
214,0,3,0,153,0,0,0,42,42,99999,0,0,2143,0.43,18.06,0.5,0.4
214,0,4,0,469,0,0,0,13,13,99999,0,0,2144,0.8,10.4,0.6,0.5
214,0,5,0,322,0,0,0,97,97,99999,0,0,2145,0.2,19.4,0.6,0.5
214,0,6,0,334,0,0,0,45,45,99999,0,0,2146,0.332,14.94,0.6,0.5
214,0,7,0,465,0,0,0,15,15,99999,0,0,2147,0.582,8.73,0.6,0.5
214,0,8,0,47,0,0,0,30,30,99999,0,0,2148,0.365,10.95,0.4,0.3
214,0,9,0,6,0,0,0,10,10,99999,0,0,2149,0.34,3.4,0.4,0.3
215,0,0,0,226,0,0,0,61,61,99999,0,0,2150,0.2,12.2,0.6,0.5
215,0,1,0,81,0,0,0,12,12,99999,0,0,2151,0.248,2.976,0.5,0.4
215,0,2,0,494,0,0,0,96,96,99999,0,0,2152,0.649,62.304,0.6,0.5
215,0,3,0,39,0,0,0,360,360,99999,0,0,2153,0.276,99.36,0.4,0.3
215,0,4,0,43,0,0,0,240,240,99999,0,0,2154,0.3,72.0,0.4,0.3
215,0,5,0,151,0,0,0,96,96,99999,0,0,2155,0.667,64.032,0.5,0.4
215,0,6,0,335,0,0,0,264,264,99999,0,0,2156,0.272,71.808,0.6,0.5
215,0,7,0,214,0,0,0,168,168,99999,0,0,2157,0.441,74.088,0.6,0.5
215,0,8,0,499,0,0,0,240,240,99999,0,0,2158,0.336,80.64,0.6,0.5
215,0,9,0,46,0,0,0,30,30,99999,0,0,2159,0.373,11.19,0.4,0.3
216,0,0,0,300,0,0,0,13,13,99999,0,0,2160,0.8,10.4,0.6,0.5
216,0,1,0,487,0,0,0,48,48,99999,0,0,2161,0.24,11.52,0.6,0.5
216,0,2,0,37,0,0,0,384,384,99999,0,0,2162,0.277,106.368,0.4,0.3
216,0,3,0,34,0,0,0,336,336,99999,0,0,2163,0.233,78.288,0.4,0.3
216,0,4,0,319,0,0,0,48,48,99999,0,0,2164,0.397,19.056,0.6,0.5
216,0,5,0,309,0,0,0,50,50,99999,0,0,2165,0.275,13.75,0.6,0.5
216,0,6,0,158,0,0,0,96,96,99999,0,0,2166,0.633,60.768,0.5,0.4
216,0,7,0,15,0,0,0,12,12,99999,0,0,2167,0.367,4.404,0.4,0.3
216,0,8,0,46,0,0,0,30,30,99999,0,0,2168,0.373,11.19,0.4,0.3
216,0,9,0,330,0,0,0,36,36,99999,0,0,2169,0.383,13.788,0.6,0.5
217,0,0,0,271,0,0,0,288,288,99999,0,0,2170,0.063,18.144,0.6,0.5
217,0,1,0,495,0,0,0,78,78,99999,0,0,2171,1.0,78.0,0.6,0.5
217,0,2,0,286,0,0,0,264,264,99999,0,0,2172,0.273,72.072,0.6,0.5
217,0,3,0,194,0,0,0,288,288,99999,0,0,2173,0.229,65.952,0.5,0.4
217,0,4,0,16,0,0,0,12,12,99999,0,0,2174,0.301,3.612,0.4,0.3
217,0,5,0,305,0,0,0,72,72,99999,0,0,2175,0.181,13.032,0.6,0.5
217,0,6,0,267,0,0,0,528,528,99999,0,0,2176,0.183,96.624,0.6,0.5
217,0,7,0,339,0,0,0,60,60,99999,0,0,2177,0.21,12.6,0.6,0.5
217,0,8,0,159,0,0,0,336,336,99999,0,0,2178,0.245,82.32,0.5,0.4
217,0,9,0,32,0,0,0,96,96,99999,0,0,2179,0.125,12.0,0.4,0.3
218,0,0,0,393,0,0,0,36,36,99999,0,0,2180,0.169,6.084,0.6,0.5
218,0,1,0,142,0,0,0,384,384,99999,0,0,2181,0.274,105.216,0.5,0.4
218,0,2,0,72,0,0,0,120,120,99999,0,0,2182,0.62,74.4,0.5,0.4
218,0,3,0,304,0,0,0,90,90,99999,0,0,2183,0.28,25.2,0.6,0.5
218,0,4,0,14,0,0,0,12,12,99999,0,0,2184,0.41,4.92,0.4,0.3
218,0,5,0,317,0,0,0,12,12,99999,0,0,2185,0.425,5.1,0.6,0.5
218,0,6,0,227,0,0,0,36,36,99999,0,0,2186,0.372,13.392,0.6,0.5
218,0,7,0,236,0,0,0,210,210,99999,0,0,2187,0.103,21.63,0.6,0.5
218,0,8,0,312,0,0,0,24,24,99999,0,0,2188,2.223,53.352,0.6,0.5
218,0,9,0,388,0,0,0,60,60,99999,0,0,2189,0.48,28.8,0.6,0.5
219,0,0,0,375,0,0,0,168,168,99999,0,0,2190,0.383,64.344,0.6,0.5
219,0,1,0,495,0,0,0,78,78,99999,0,0,2191,1.0,78.0,0.6,0.5
219,0,2,0,42,0,0,0,30,30,99999,0,0,2192,0.454,13.62,0.4,0.3
219,0,3,0,13,0,0,0,96,96,99999,0,0,2193,0.596,57.216,0.4,0.3
219,0,4,0,328,0,0,0,312,312,99999,0,0,2194,0.275,85.8,0.6,0.5
219,0,5,0,284,0,0,0,96,96,99999,0,0,2195,0.66,63.36,0.6,0.5
219,0,6,0,193,0,0,0,320,320,99999,0,0,2196,0.05,16.0,0.5,0.4
219,0,7,0,297,0,0,0,168,168,99999,0,0,2197,0.072,12.096,0.6,0.5
219,0,8,0,460,0,0,0,24,24,99999,0,0,2198,0.248,5.952,0.6,0.5
219,0,9,0,68,0,0,0,320,320,99999,0,0,2199,0.052,16.64,0.5,0.4
220,0,0,0,282,0,0,0,72,72,99999,0,0,2200,0.144,10.368,0.6,0.5
220,0,1,0,22,0,0,0,72,72,99999,0,0,2201,0.125,9.0,0.4,0.3
220,0,2,0,368,0,0,0,10,10,99999,0,0,2202,6.0,60.0,0.6,0.5
220,0,3,0,201,0,0,0,60,60,99999,0,0,2203,0.225,13.5,0.6,0.5
220,0,4,0,56,0,0,0,192,192,99999,0,0,2204,0.37,71.04,0.5,0.4
220,0,5,0,13,0,0,0,96,96,99999,0,0,2205,0.596,57.216,0.4,0.3
220,0,6,0,41,0,0,0,80,80,99999,0,0,2206,0.152,12.16,0.4,0.3
220,0,7,0,367,0,0,0,210,210,99999,0,0,2207,0.092,19.32,0.6,0.5
220,0,8,0,195,0,0,0,30,30,99999,0,0,2208,0.589,17.67,0.5,0.4
220,0,9,0,166,0,0,0,36,36,99999,0,0,2209,0.268,9.648,0.5,0.4
221,0,0,0,222,0,0,0,456,456,99999,0,0,2210,0.219,99.864,0.6,0.5
221,0,1,0,324,0,0,0,216,216,99999,0,0,2211,0.38,82.08,0.6,0.5
221,0,2,0,343,0,0,0,192,192,99999,0,0,2212,0.365,70.08,0.6,0.5
221,0,3,0,370,0,0,0,240,240,99999,0,0,2213,0.415,99.6,0.6,0.5
221,0,4,0,49,0,0,0,240,240,99999,0,0,2214,0.408,97.92,0.4,0.3
221,0,5,0,382,0,0,0,24,24,99999,0,0,2215,0.368,8.832,0.6,0.5
221,0,6,0,269,0,0,0,36,36,99999,0,0,2216,0.126,4.536,0.6,0.5
221,0,7,0,41,0,0,0,80,80,99999,0,0,2217,0.152,12.16,0.4,0.3
221,0,8,0,444,0,0,0,24,24,99999,0,0,2218,2.138,51.312,0.6,0.5
221,0,9,0,4,0,0,0,6,6,99999,0,0,2219,0.425,2.55,0.4,0.3
222,0,0,0,161,0,0,0,210,210,99999,0,0,2220,0.114,23.94,0.5,0.4
222,0,1,0,300,0,0,0,13,13,99999,0,0,2221,0.8,10.4,0.6,0.5
222,0,2,0,23,0,0,0,210,210,99999,0,0,2222,0.11,23.1,0.4,0.3
222,0,3,0,105,0,0,0,12,12,99999,0,0,2223,0.291,3.492,0.5,0.4
222,0,4,0,0,0,0,0,36,36,99999,0,0,2224,1.602,57.672,0.4,0.3
222,0,5,0,357,0,0,0,6,6,99999,0,0,2225,2.165,12.99,0.6,0.5
222,0,6,0,346,0,0,0,36,36,99999,0,0,2226,1.362,49.032,0.6,0.5
222,0,7,0,315,0,0,0,20,20,99999,0,0,2227,0.228,4.56,0.6,0.5
222,0,8,0,48,0,0,0,360,360,99999,0,0,2228,0.275,99.0,0.4,0.3
222,0,9,0,431,0,0,0,10,10,99999,0,0,2229,0.73,7.3,0.6,0.5
223,0,0,0,345,0,0,0,24,24,99999,0,0,2230,2.333,55.992,0.6,0.5
223,0,1,0,378,0,0,0,30,30,99999,0,0,2231,0.301,9.03,0.6,0.5
223,0,2,0,123,0,0,0,20,20,99999,0,0,2232,0.28,5.6,0.5,0.4
223,0,3,0,27,0,0,0,336,336,99999,0,0,2233,0.267,89.712,0.4,0.3
223,0,4,0,229,0,0,0,48,48,99999,0,0,2234,0.291,13.968,0.6,0.5
223,0,5,0,111,0,0,0,27,27,99999,0,0,2235,3.0,81.0,0.5,0.4
223,0,6,0,362,0,0,0,32,32,99999,0,0,2236,2.206,70.592,0.6,0.5
223,0,7,0,400,0,0,0,36,36,99999,0,0,2237,1.037,37.332,0.6,0.5
223,0,8,0,204,0,0,0,50,50,99999,0,0,2238,0.238,11.9,0.6,0.5
223,0,9,0,461,0,0,0,60,60,99999,0,0,2239,0.322,19.32,0.6,0.5
224,0,0,0,214,0,0,0,168,168,99999,0,0,2240,0.441,74.088,0.6,0.5
224,0,1,0,13,0,0,0,96,96,99999,0,0,2241,0.596,57.216,0.4,0.3
224,0,2,0,498,0,0,0,60,60,99999,0,0,2242,0.491,29.46,0.6,0.5
224,0,3,0,312,0,0,0,24,24,99999,0,0,2243,2.223,53.352,0.6,0.5
224,0,4,0,460,0,0,0,24,24,99999,0,0,2244,0.248,5.952,0.6,0.5
224,0,5,0,295,0,0,0,18,18,99999,0,0,2245,2.168,39.024,0.6,0.5
224,0,6,0,473,0,0,0,100,100,99999,0,0,2246,0.1,10.0,0.6,0.5
224,0,7,0,29,0,0,0,360,360,99999,0,0,2247,0.274,98.64,0.4,0.3
224,0,8,0,331,0,0,0,18,18,99999,0,0,2248,1.493,26.874,0.6,0.5
224,0,9,0,116,0,0,0,24,24,99999,0,0,2249,0.407,9.768,0.5,0.4
225,0,0,0,33,0,0,0,240,240,99999,0,0,2250,0.409,98.16,0.4,0.3
225,0,1,0,453,0,0,0,180,180,99999,0,0,2251,0.133,23.94,0.6,0.5
225,0,2,0,302,0,0,0,336,336,99999,0,0,2252,0.229,76.944,0.6,0.5
225,0,3,0,25,0,0,0,30,30,99999,0,0,2253,0.454,13.62,0.4,0.3
225,0,4,0,46,0,0,0,30,30,99999,0,0,2254,0.373,11.19,0.4,0.3
225,0,5,0,360,0,0,0,140,140,99999,0,0,2255,0.268,37.52,0.6,0.5
225,0,6,0,309,0,0,0,50,50,99999,0,0,2256,0.275,13.75,0.6,0.5
225,0,7,0,29,0,0,0,360,360,99999,0,0,2257,0.274,98.64,0.4,0.3
225,0,8,0,273,0,0,0,210,210,99999,0,0,2258,0.098,20.58,0.6,0.5
225,0,9,0,334,0,0,0,45,45,99999,0,0,2259,0.332,14.94,0.6,0.5
226,0,0,0,70,0,0,0,24,24,99999,0,0,2260,0.437,10.488,0.5,0.4
226,0,1,0,236,0,0,0,210,210,99999,0,0,2261,0.103,21.63,0.6,0.5
226,0,2,0,121,0,0,0,3,3,99999,0,0,2262,15.0,45.0,0.5,0.4
226,0,3,0,210,0,0,0,96,96,99999,0,0,2263,0.637,61.152,0.6,0.5
226,0,4,0,141,0,0,0,30,30,99999,0,0,2264,0.454,13.62,0.5,0.4
226,0,5,0,239,0,0,0,24,24,99999,0,0,2265,0.433,10.392,0.6,0.5
226,0,6,0,31,0,0,0,72,72,99999,0,0,2266,0.125,9.0,0.4,0.3
226,0,7,0,317,0,0,0,12,12,99999,0,0,2267,0.425,5.1,0.6,0.5
226,0,8,0,46,0,0,0,30,30,99999,0,0,2268,0.373,11.19,0.4,0.3
226,0,9,0,262,0,0,0,15,15,99999,0,0,2269,0.584,8.76,0.6,0.5
227,0,0,0,278,0,0,0,14,14,99999,0,0,2270,0.556,7.784,0.6,0.5
227,0,1,0,337,0,0,0,240,240,99999,0,0,2271,0.336,80.64,0.6,0.5
227,0,2,0,28,0,0,0,12,12,99999,0,0,2272,0.387,4.644,0.4,0.3
227,0,3,0,22,0,0,0,72,72,99999,0,0,2273,0.125,9.0,0.4,0.3
227,0,4,0,336,0,0,0,96,96,99999,0,0,2274,0.648,62.208,0.6,0.5
227,0,5,0,464,0,0,0,336,336,99999,0,0,2275,0.259,87.024,0.6,0.5
227,0,6,0,4,0,0,0,6,6,99999,0,0,2276,0.425,2.55,0.4,0.3
227,0,7,0,256,0,0,0,24,24,99999,0,0,2277,0.446,10.704,0.6,0.5
227,0,8,0,375,0,0,0,168,168,99999,0,0,2278,0.383,64.344,0.6,0.5
227,0,9,0,30,0,0,0,24,24,99999,0,0,2279,0.387,9.288,0.4,0.3
228,0,0,0,159,0,0,0,336,336,99999,0,0,2280,0.245,82.32,0.5,0.4
228,0,1,0,28,0,0,0,12,12,99999,0,0,2281,0.387,4.644,0.4,0.3
228,0,2,0,169,0,0,0,80,80,99999,0,0,2282,1.046,83.68,0.5,0.4
228,0,3,0,341,0,0,0,96,96,99999,0,0,2283,0.665,63.84,0.6,0.5
228,0,4,0,69,0,0,0,48,48,99999,0,0,2284,0.176,8.448,0.5,0.4
228,0,5,0,15,0,0,0,12,12,99999,0,0,2285,0.367,4.404,0.4,0.3
228,0,6,0,26,0,0,0,360,360,99999,0,0,2286,0.274,98.64,0.4,0.3
228,0,7,0,421,0,0,0,144,144,99999,0,0,2287,0.503,72.432,0.6,0.5
228,0,8,0,334,0,0,0,45,45,99999,0,0,2288,0.332,14.94,0.6,0.5
228,0,9,0,21,0,0,0,432,432,99999,0,0,2289,0.165,71.28,0.4,0.3
229,0,0,0,200,0,0,0,168,168,99999,0,0,2290,0.125,21.0,0.6,0.5
229,0,1,0,26,0,0,0,360,360,99999,0,0,2291,0.274,98.64,0.4,0.3
229,0,2,0,408,0,0,0,96,96,99999,0,0,2292,0.088,8.448,0.6,0.5
229,0,3,0,373,0,0,0,24,24,99999,0,0,2293,1.0,24.0,0.6,0.5
229,0,4,0,31,0,0,0,72,72,99999,0,0,2294,0.125,9.0,0.4,0.3
229,0,5,0,372,0,0,0,36,36,99999,0,0,2295,0.229,8.244,0.6,0.5
229,0,6,0,369,0,0,0,192,192,99999,0,0,2296,0.368,70.656,0.6,0.5
229,0,7,0,380,0,0,0,288,288,99999,0,0,2297,0.326,93.888,0.6,0.5
229,0,8,0,298,0,0,0,216,216,99999,0,0,2298,0.333,71.928,0.6,0.5
229,0,9,0,130,0,0,0,24,24,99999,0,0,2299,0.615,14.76,0.5,0.4
230,0,0,0,293,0,0,0,264,264,99999,0,0,2300,0.375,99.0,0.6,0.5
230,0,1,0,380,0,0,0,288,288,99999,0,0,2301,0.326,93.888,0.6,0.5
230,0,2,0,312,0,0,0,24,24,99999,0,0,2302,2.223,53.352,0.6,0.5
230,0,3,0,51,0,0,0,336,336,99999,0,0,2303,0.278,93.408,0.5,0.4
230,0,4,0,322,0,0,0,97,97,99999,0,0,2304,0.2,19.4,0.6,0.5
230,0,5,0,413,0,0,0,288,288,99999,0,0,2305,0.362,104.256,0.6,0.5
230,0,6,0,199,0,0,0,10,10,99999,0,0,2306,5.345,53.45,0.5,0.4
230,0,7,0,12,0,0,0,8,8,99999,0,0,2307,0.306,2.448,0.4,0.3
230,0,8,0,276,0,0,0,16,16,99999,0,0,2308,1.25,20.0,0.6,0.5
230,0,9,0,23,0,0,0,210,210,99999,0,0,2309,0.11,23.1,0.4,0.3
231,0,0,0,54,0,0,0,336,336,99999,0,0,2310,0.274,92.064,0.5,0.4
231,0,1,0,310,0,0,0,28,28,99999,0,0,2311,2.35,65.8,0.6,0.5
231,0,2,0,477,0,0,0,45,45,99999,0,0,2312,0.254,11.43,0.6,0.5
231,0,3,0,5,0,0,0,192,192,99999,0,0,2313,0.417,80.064,0.4,0.3
231,0,4,0,445,0,0,0,15,15,99999,0,0,2314,0.55,8.25,0.6,0.5
231,0,5,0,258,0,0,0,24,24,99999,0,0,2315,0.519,12.456,0.6,0.5
231,0,6,0,131,0,0,0,54,54,99999,0,0,2316,0.287,15.498,0.5,0.4
231,0,7,0,42,0,0,0,30,30,99999,0,0,2317,0.454,13.62,0.4,0.3
231,0,8,0,66,0,0,0,72,72,99999,0,0,2318,0.233,16.776,0.5,0.4
231,0,9,0,466,0,0,0,16,16,99999,0,0,2319,0.381,6.096,0.6,0.5
232,0,0,0,220,0,0,0,20,20,99999,0,0,2320,1.0,20.0,0.6,0.5
232,0,1,0,350,0,0,0,108,108,99999,0,0,2321,0.238,25.704,0.6,0.5
232,0,2,0,277,0,0,0,96,96,99999,0,0,2322,0.668,64.128,0.6,0.5
232,0,3,0,406,0,0,0,96,96,99999,0,0,2323,0.603,57.888,0.6,0.5
232,0,4,0,295,0,0,0,18,18,99999,0,0,2324,2.168,39.024,0.6,0.5
232,0,5,0,0,0,0,0,36,36,99999,0,0,2325,1.602,57.672,0.4,0.3
232,0,6,0,63,0,0,0,70,70,99999,0,0,2326,0.181,12.67,0.5,0.4
232,0,7,0,315,0,0,0,20,20,99999,0,0,2327,0.228,4.56,0.6,0.5
232,0,8,0,240,0,0,0,312,312,99999,0,0,2328,0.279,87.048,0.6,0.5
232,0,9,0,401,0,0,0,30,30,99999,0,0,2329,0.344,10.32,0.6,0.5
233,0,0,0,440,0,0,0,24,24,99999,0,0,2330,0.192,4.608,0.6,0.5
233,0,1,0,311,0,0,0,36,36,99999,0,0,2331,0.286,10.296,0.6,0.5
233,0,2,0,369,0,0,0,192,192,99999,0,0,2332,0.368,70.656,0.6,0.5
233,0,3,0,437,0,0,0,32,32,99999,0,0,2333,2.209,70.688,0.6,0.5
233,0,4,0,366,0,0,0,72,72,99999,0,0,2334,0.643,46.296,0.6,0.5
233,0,5,0,49,0,0,0,240,240,99999,0,0,2335,0.408,97.92,0.4,0.3
233,0,6,0,348,0,0,0,192,192,99999,0,0,2336,0.397,76.224,0.6,0.5
233,0,7,0,321,0,0,0,180,180,99999,0,0,2337,0.13,23.4,0.6,0.5
233,0,8,0,419,0,0,0,72,72,99999,0,0,2338,0.217,15.624,0.6,0.5
233,0,9,0,20,0,0,0,216,216,99999,0,0,2339,0.386,83.376,0.4,0.3
234,0,0,0,314,0,0,0,77,77,99999,0,0,2340,1.0,77.0,0.6,0.5
234,0,1,0,22,0,0,0,72,72,99999,0,0,2341,0.125,9.0,0.4,0.3
234,0,2,0,391,0,0,0,5,5,99999,0,0,2342,7.23,36.15,0.6,0.5
234,0,3,0,320,0,0,0,384,384,99999,0,0,2343,0.254,97.536,0.6,0.5
234,0,4,0,264,0,0,0,96,96,99999,0,0,2344,0.595,57.12,0.6,0.5
234,0,5,0,3,0,0,0,312,312,99999,0,0,2345,0.324,101.088,0.4,0.3
234,0,6,0,480,0,0,0,27,27,99999,0,0,2346,3.0,81.0,0.6,0.5
234,0,7,0,488,0,0,0,48,48,99999,0,0,2347,0.092,4.416,0.6,0.5
234,0,8,0,135,0,0,0,96,96,99999,0,0,2348,0.716,68.736,0.5,0.4
234,0,9,0,318,0,0,0,36,36,99999,0,0,2349,0.194,6.984,0.6,0.5
235,0,0,0,41,0,0,0,80,80,99999,0,0,2350,0.152,12.16,0.4,0.3
235,0,1,0,2,0,0,0,24,24,99999,0,0,2351,0.405,9.72,0.4,0.3
235,0,2,0,18,0,0,0,30,30,99999,0,0,2352,0.333,9.99,0.4,0.3
235,0,3,0,353,0,0,0,720,720,99999,0,0,2353,0.142,102.24,0.6,0.5
235,0,4,0,33,0,0,0,240,240,99999,0,0,2354,0.409,98.16,0.4,0.3
235,0,5,0,415,0,0,0,36,36,99999,0,0,2355,1.667,60.012,0.6,0.5
235,0,6,0,493,0,0,0,72,72,99999,0,0,2356,0.931,67.032,0.6,0.5
235,0,7,0,13,0,0,0,96,96,99999,0,0,2357,0.596,57.216,0.4,0.3
235,0,8,0,395,0,0,0,36,36,99999,0,0,2358,0.461,16.596,0.6,0.5
235,0,9,0,6,0,0,0,10,10,99999,0,0,2359,0.34,3.4,0.4,0.3
236,0,0,0,14,0,0,0,12,12,99999,0,0,2360,0.41,4.92,0.4,0.3
236,0,1,0,45,0,0,0,72,72,99999,0,0,2361,0.125,9.0,0.4,0.3
236,0,2,0,34,0,0,0,336,336,99999,0,0,2362,0.233,78.288,0.4,0.3
236,0,3,0,278,0,0,0,14,14,99999,0,0,2363,0.556,7.784,0.6,0.5
236,0,4,0,29,0,0,0,360,360,99999,0,0,2364,0.274,98.64,0.4,0.3
236,0,5,0,232,0,0,0,27,27,99999,0,0,2365,6.0,162.0,0.6,0.5
236,0,6,0,309,0,0,0,50,50,99999,0,0,2366,0.275,13.75,0.6,0.5
236,0,7,0,494,0,0,0,96,96,99999,0,0,2367,0.649,62.304,0.6,0.5
236,0,8,0,185,0,0,0,120,120,99999,0,0,2368,0.532,63.84,0.5,0.4
236,0,9,0,465,0,0,0,15,15,99999,0,0,2369,0.582,8.73,0.6,0.5
237,0,0,0,90,0,0,0,24,24,99999,0,0,2370,0.42,10.08,0.5,0.4
237,0,1,0,447,0,0,0,60,60,99999,0,0,2371,0.425,25.5,0.6,0.5
237,0,2,0,424,0,0,0,96,96,99999,0,0,2372,0.619,59.424,0.6,0.5
237,0,3,0,27,0,0,0,336,336,99999,0,0,2373,0.267,89.712,0.4,0.3
237,0,4,0,242,0,0,0,36,36,99999,0,0,2374,0.368,13.248,0.6,0.5
237,0,5,0,227,0,0,0,36,36,99999,0,0,2375,0.372,13.392,0.6,0.5
237,0,6,0,490,0,0,0,27,27,99999,0,0,2376,3.0,81.0,0.6,0.5
237,0,7,0,84,0,0,0,24,24,99999,0,0,2377,0.376,9.024,0.5,0.4
237,0,8,0,49,0,0,0,240,240,99999,0,0,2378,0.408,97.92,0.4,0.3
237,0,9,0,453,0,0,0,180,180,99999,0,0,2379,0.133,23.94,0.6,0.5
238,0,0,0,386,0,0,0,36,36,99999,0,0,2380,0.213,7.668,0.6,0.5
238,0,1,0,398,0,0,0,204,204,99999,0,0,2381,0.333,67.932,0.6,0.5
238,0,2,0,1,0,0,0,72,72,99999,0,0,2382,0.125,9.0,0.4,0.3
238,0,3,0,12,0,0,0,8,8,99999,0,0,2383,0.306,2.448,0.4,0.3
238,0,4,0,407,0,0,0,288,288,99999,0,0,2384,0.07,20.16,0.6,0.5
238,0,5,0,90,0,0,0,24,24,99999,0,0,2385,0.42,10.08,0.5,0.4
238,0,6,0,151,0,0,0,96,96,99999,0,0,2386,0.667,64.032,0.5,0.4
238,0,7,0,385,0,0,0,48,48,99999,0,0,2387,0.858,41.184,0.6,0.5
238,0,8,0,46,0,0,0,30,30,99999,0,0,2388,0.373,11.19,0.4,0.3
238,0,9,0,5,0,0,0,192,192,99999,0,0,2389,0.417,80.064,0.4,0.3
239,0,0,0,331,0,0,0,18,18,99999,0,0,2390,1.493,26.874,0.6,0.5
239,0,1,0,277,0,0,0,96,96,99999,0,0,2391,0.668,64.128,0.6,0.5
239,0,2,0,22,0,0,0,72,72,99999,0,0,2392,0.125,9.0,0.4,0.3
239,0,3,0,293,0,0,0,264,264,99999,0,0,2393,0.375,99.0,0.6,0.5
239,0,4,0,38,0,0,0,384,384,99999,0,0,2394,0.275,105.6,0.4,0.3
239,0,5,0,29,0,0,0,360,360,99999,0,0,2395,0.274,98.64,0.4,0.3
239,0,6,0,452,0,0,0,12,12,99999,0,0,2396,4.225,50.7,0.6,0.5
239,0,7,0,379,0,0,0,24,24,99999,0,0,2397,0.491,11.784,0.6,0.5
239,0,8,0,219,0,0,0,24,24,99999,0,0,2398,0.192,4.608,0.6,0.5
239,0,9,0,466,0,0,0,16,16,99999,0,0,2399,0.381,6.096,0.6,0.5
240,0,0,0,295,0,0,0,18,18,99999,0,0,2400,2.168,39.024,0.6,0.5
240,0,1,0,109,0,0,0,264,264,99999,0,0,2401,0.283,74.712,0.5,0.4
240,0,2,0,41,0,0,0,80,80,99999,0,0,2402,0.152,12.16,0.4,0.3
240,0,3,0,30,0,0,0,24,24,99999,0,0,2403,0.387,9.288,0.4,0.3
240,0,4,0,318,0,0,0,36,36,99999,0,0,2404,0.194,6.984,0.6,0.5
240,0,5,0,446,0,0,0,10,10,99999,0,0,2405,6.35,63.5,0.6,0.5
240,0,6,0,362,0,0,0,32,32,99999,0,0,2406,2.206,70.592,0.6,0.5
240,0,7,0,155,0,0,0,54,54,99999,0,0,2407,0.286,15.444,0.5,0.4
240,0,8,0,339,0,0,0,60,60,99999,0,0,2408,0.21,12.6,0.6,0.5
240,0,9,0,249,0,0,0,12,12,99999,0,0,2409,5.442,65.304,0.6,0.5
241,0,0,0,306,0,0,0,36,36,99999,0,0,2410,0.308,11.088,0.6,0.5
241,0,1,0,20,0,0,0,216,216,99999,0,0,2411,0.386,83.376,0.4,0.3
241,0,2,0,0,0,0,0,36,36,99999,0,0,2412,1.602,57.672,0.4,0.3
241,0,3,0,458,0,0,0,24,24,99999,0,0,2413,0.272,6.528,0.6,0.5
241,0,4,0,48,0,0,0,360,360,99999,0,0,2414,0.275,99.0,0.4,0.3
241,0,5,0,312,0,0,0,24,24,99999,0,0,2415,2.223,53.352,0.6,0.5
241,0,6,0,14,0,0,0,12,12,99999,0,0,2416,0.41,4.92,0.4,0.3
241,0,7,0,198,0,0,0,288,288,99999,0,0,2417,0.07,20.16,0.5,0.4
241,0,8,0,49,0,0,0,240,240,99999,0,0,2418,0.408,97.92,0.4,0.3
241,0,9,0,22,0,0,0,72,72,99999,0,0,2419,0.125,9.0,0.4,0.3
242,0,0,0,27,0,0,0,336,336,99999,0,0,2420,0.267,89.712,0.4,0.3
242,0,1,0,77,0,0,0,264,264,99999,0,0,2421,0.283,74.712,0.5,0.4
242,0,2,0,215,0,0,0,264,264,99999,0,0,2422,0.3,79.2,0.6,0.5
242,0,3,0,227,0,0,0,36,36,99999,0,0,2423,0.372,13.392,0.6,0.5
242,0,4,0,1,0,0,0,72,72,99999,0,0,2424,0.125,9.0,0.4,0.3
242,0,5,0,482,0,0,0,48,48,99999,0,0,2425,1.435,68.88,0.6,0.5
242,0,6,0,223,0,0,0,24,24,99999,0,0,2426,0.522,12.528,0.6,0.5
242,0,7,0,253,0,0,0,96,96,99999,0,0,2427,0.635,60.96,0.6,0.5
242,0,8,0,246,0,0,0,24,24,99999,0,0,2428,0.152,3.648,0.6,0.5
242,0,9,0,59,0,0,0,36,36,99999,0,0,2429,0.363,13.068,0.5,0.4
243,0,0,0,353,0,0,0,720,720,99999,0,0,2430,0.142,102.24,0.6,0.5
243,0,1,0,478,0,0,0,80,80,99999,0,0,2431,0.2,16.0,0.6,0.5
243,0,2,0,296,0,0,0,20,20,99999,0,0,2432,0.435,8.7,0.6,0.5
243,0,3,0,82,0,0,0,168,168,99999,0,0,2433,0.446,74.928,0.5,0.4
243,0,4,0,19,0,0,0,12,12,99999,0,0,2434,0.28,3.36,0.4,0.3
243,0,5,0,207,0,0,0,36,36,99999,0,0,2435,0.469,16.884,0.6,0.5
243,0,6,0,277,0,0,0,96,96,99999,0,0,2436,0.668,64.128,0.6,0.5
243,0,7,0,463,0,0,0,204,204,99999,0,0,2437,0.092,18.768,0.6,0.5
243,0,8,0,23,0,0,0,210,210,99999,0,0,2438,0.11,23.1,0.4,0.3
243,0,9,0,292,0,0,0,384,384,99999,0,0,2439,0.269,103.296,0.6,0.5
244,0,0,0,254,0,0,0,36,36,99999,0,0,2440,1.648,59.328,0.6,0.5
244,0,1,0,288,0,0,0,24,24,99999,0,0,2441,0.179,4.296,0.6,0.5
244,0,2,0,42,0,0,0,30,30,99999,0,0,2442,0.454,13.62,0.4,0.3
244,0,3,0,47,0,0,0,30,30,99999,0,0,2443,0.365,10.95,0.4,0.3
244,0,4,0,290,0,0,0,312,312,99999,0,0,2444,0.33,102.96,0.6,0.5
244,0,5,0,11,0,0,0,264,264,99999,0,0,2445,0.282,74.448,0.4,0.3
244,0,6,0,283,0,0,0,20,20,99999,0,0,2446,1.0,20.0,0.6,0.5
244,0,7,0,160,0,0,0,10,10,99999,0,0,2447,6.195,61.95,0.5,0.4
244,0,8,0,497,0,0,0,30,30,99999,0,0,2448,0.379,11.37,0.6,0.5
244,0,9,0,375,0,0,0,168,168,99999,0,0,2449,0.383,64.344,0.6,0.5
245,0,0,0,298,0,0,0,216,216,99999,0,0,2450,0.333,71.928,0.6,0.5
245,0,1,0,21,0,0,0,432,432,99999,0,0,2451,0.165,71.28,0.4,0.3
245,0,2,0,269,0,0,0,36,36,99999,0,0,2452,0.126,4.536,0.6,0.5
245,0,3,0,181,0,0,0,24,24,99999,0,0,2453,0.491,11.784,0.5,0.4
245,0,4,0,36,0,0,0,12,12,99999,0,0,2454,3.463,41.556,0.4,0.3
245,0,5,0,217,0,0,0,72,72,99999,0,0,2455,0.233,16.776,0.6,0.5
245,0,6,0,65,0,0,0,24,24,99999,0,0,2456,0.49,11.76,0.5,0.4
245,0,7,0,191,0,0,0,264,264,99999,0,0,2457,0.283,74.712,0.5,0.4
245,0,8,0,11,0,0,0,264,264,99999,0,0,2458,0.282,74.448,0.4,0.3
245,0,9,0,24,0,0,0,20,20,99999,0,0,2459,0.441,8.82,0.4,0.3
246,0,0,0,330,0,0,0,36,36,99999,0,0,2460,0.383,13.788,0.6,0.5
246,0,1,0,214,0,0,0,168,168,99999,0,0,2461,0.441,74.088,0.6,0.5
246,0,2,0,350,0,0,0,108,108,99999,0,0,2462,0.238,25.704,0.6,0.5
246,0,3,0,465,0,0,0,15,15,99999,0,0,2463,0.582,8.73,0.6,0.5
246,0,4,0,66,0,0,0,72,72,99999,0,0,2464,0.233,16.776,0.5,0.4
246,0,5,0,12,0,0,0,8,8,99999,0,0,2465,0.306,2.448,0.4,0.3
246,0,6,0,5,0,0,0,192,192,99999,0,0,2466,0.417,80.064,0.4,0.3
246,0,7,0,284,0,0,0,96,96,99999,0,0,2467,0.66,63.36,0.6,0.5
246,0,8,0,332,0,0,0,72,72,99999,0,0,2468,0.233,16.776,0.6,0.5
246,0,9,0,256,0,0,0,24,24,99999,0,0,2469,0.446,10.704,0.6,0.5
247,0,0,0,402,0,0,0,77,77,99999,0,0,2470,0.2,15.4,0.6,0.5
247,0,1,0,54,0,0,0,336,336,99999,0,0,2471,0.274,92.064,0.5,0.4
247,0,2,0,17,0,0,0,108,108,99999,0,0,2472,0.176,19.008,0.4,0.3
247,0,3,0,405,0,0,0,77,77,99999,0,0,2473,0.2,15.4,0.6,0.5
247,0,4,0,482,0,0,0,48,48,99999,0,0,2474,1.435,68.88,0.6,0.5
247,0,5,0,40,0,0,0,24,24,99999,0,0,2475,2.218,53.232,0.4,0.3
247,0,6,0,44,0,0,0,120,120,99999,0,0,2476,0.62,74.4,0.4,0.3
247,0,7,0,24,0,0,0,20,20,99999,0,0,2477,0.441,8.82,0.4,0.3
247,0,8,0,473,0,0,0,100,100,99999,0,0,2478,0.1,10.0,0.6,0.5
247,0,9,0,244,0,0,0,72,72,99999,0,0,2479,0.173,12.456,0.6,0.5
248,0,0,0,334,0,0,0,45,45,99999,0,0,2480,0.332,14.94,0.6,0.5
248,0,1,0,296,0,0,0,20,20,99999,0,0,2481,0.435,8.7,0.6,0.5
248,0,2,0,441,0,0,0,42,42,99999,0,0,2482,0.428,17.976,0.6,0.5
248,0,3,0,257,0,0,0,9,9,99999,0,0,2483,0.58,5.22,0.6,0.5
248,0,4,0,22,0,0,0,72,72,99999,0,0,2484,0.125,9.0,0.4,0.3
248,0,5,0,98,0,0,0,60,60,99999,0,0,2485,0.225,13.5,0.5,0.4
248,0,6,0,281,0,0,0,180,180,99999,0,0,2486,0.126,22.68,0.6,0.5
248,0,7,0,402,0,0,0,77,77,99999,0,0,2487,0.2,15.4,0.6,0.5
248,0,8,0,328,0,0,0,312,312,99999,0,0,2488,0.275,85.8,0.6,0.5
248,0,9,0,453,0,0,0,180,180,99999,0,0,2489,0.133,23.94,0.6,0.5
249,0,0,0,36,0,0,0,12,12,99999,0,0,2490,3.463,41.556,0.4,0.3
249,0,1,0,394,0,0,0,90,90,99999,0,0,2491,0.28,25.2,0.6,0.5
249,0,2,0,420,0,0,0,40,40,99999,0,0,2492,0.16,6.4,0.6,0.5
249,0,3,0,152,0,0,0,12,12,99999,0,0,2493,0.708,8.496,0.5,0.4
249,0,4,0,132,0,0,0,264,264,99999,0,0,2494,0.3,79.2,0.5,0.4
249,0,5,0,126,0,0,0,240,240,99999,0,0,2495,0.27,64.8,0.5,0.4
249,0,6,0,452,0,0,0,12,12,99999,0,0,2496,4.225,50.7,0.6,0.5
249,0,7,0,464,0,0,0,336,336,99999,0,0,2497,0.259,87.024,0.6,0.5
249,0,8,0,214,0,0,0,168,168,99999,0,0,2498,0.441,74.088,0.6,0.5
249,0,9,0,37,0,0,0,384,384,99999,0,0,2499,0.277,106.368,0.4,0.3
250,0,0,0,92,0,0,0,30,30,99999,0,0,2500,0.348,10.44,0.5,0.4
250,0,1,0,47,0,0,0,30,30,99999,0,0,2501,0.365,10.95,0.4,0.3
250,0,2,0,316,0,0,0,32,32,99999,0,0,2502,0.468,14.976,0.6,0.5
250,0,3,0,251,0,0,0,408,408,99999,0,0,2503,0.159,64.872,0.6,0.5
250,0,4,0,255,0,0,0,24,24,99999,0,0,2504,0.49,11.76,0.6,0.5
250,0,5,0,481,0,0,0,210,210,99999,0,0,2505,0.104,21.84,0.6,0.5
250,0,6,0,23,0,0,0,210,210,99999,0,0,2506,0.11,23.1,0.4,0.3
250,0,7,0,256,0,0,0,24,24,99999,0,0,2507,0.446,10.704,0.6,0.5
250,0,8,0,12,0,0,0,8,8,99999,0,0,2508,0.306,2.448,0.4,0.3
250,0,9,0,290,0,0,0,312,312,99999,0,0,2509,0.33,102.96,0.6,0.5
251,0,0,0,24,0,0,0,20,20,99999,0,0,2510,0.441,8.82,0.4,0.3
251,0,1,0,209,0,0,0,210,210,99999,0,0,2511,0.115,24.15,0.6,0.5
251,0,2,0,249,0,0,0,12,12,99999,0,0,2512,5.442,65.304,0.6,0.5
251,0,3,0,336,0,0,0,96,96,99999,0,0,2513,0.648,62.208,0.6,0.5
251,0,4,0,206,0,0,0,120,120,99999,0,0,2514,0.155,18.6,0.6,0.5
251,0,5,0,61,0,0,0,108,108,99999,0,0,2515,0.229,24.732,0.5,0.4
251,0,6,0,235,0,0,0,30,30,99999,0,0,2516,0.23,6.9,0.6,0.5
251,0,7,0,196,0,0,0,27,27,99999,0,0,2517,2.5,67.5,0.5,0.4
251,0,8,0,79,0,0,0,24,24,99999,0,0,2518,0.429,10.296,0.5,0.4
251,0,9,0,483,0,0,0,30,30,99999,0,0,2519,0.303,9.09,0.6,0.5
252,0,0,0,246,0,0,0,24,24,99999,0,0,2520,0.152,3.648,0.6,0.5
252,0,1,0,217,0,0,0,72,72,99999,0,0,2521,0.233,16.776,0.6,0.5
252,0,2,0,424,0,0,0,96,96,99999,0,0,2522,0.619,59.424,0.6,0.5
252,0,3,0,11,0,0,0,264,264,99999,0,0,2523,0.282,74.448,0.4,0.3
252,0,4,0,331,0,0,0,18,18,99999,0,0,2524,1.493,26.874,0.6,0.5
252,0,5,0,498,0,0,0,60,60,99999,0,0,2525,0.491,29.46,0.6,0.5
252,0,6,0,427,0,0,0,27,27,99999,0,0,2526,2.0,54.0,0.6,0.5
252,0,7,0,26,0,0,0,360,360,99999,0,0,2527,0.274,98.64,0.4,0.3
252,0,8,0,114,0,0,0,360,360,99999,0,0,2528,0.279,100.44,0.5,0.4
252,0,9,0,46,0,0,0,30,30,99999,0,0,2529,0.373,11.19,0.4,0.3
253,0,0,0,374,0,0,0,312,312,99999,0,0,2530,0.333,103.896,0.6,0.5
253,0,1,0,399,0,0,0,50,50,99999,0,0,2531,0.236,11.8,0.6,0.5
253,0,2,0,466,0,0,0,16,16,99999,0,0,2532,0.381,6.096,0.6,0.5
253,0,3,0,34,0,0,0,336,336,99999,0,0,2533,0.233,78.288,0.4,0.3
253,0,4,0,456,0,0,0,8,8,99999,0,0,2534,1.0,8.0,0.6,0.5
253,0,5,0,160,0,0,0,10,10,99999,0,0,2535,6.195,61.95,0.5,0.4
253,0,6,0,431,0,0,0,10,10,99999,0,0,2536,0.73,7.3,0.6,0.5
253,0,7,0,28,0,0,0,12,12,99999,0,0,2537,0.387,4.644,0.4,0.3
253,0,8,0,11,0,0,0,264,264,99999,0,0,2538,0.282,74.448,0.4,0.3
253,0,9,0,428,0,0,0,20,20,99999,0,0,2539,0.13,2.6,0.6,0.5
254,0,0,0,72,0,0,0,120,120,99999,0,0,2540,0.62,74.4,0.5,0.4
254,0,1,0,218,0,0,0,24,24,99999,0,0,2541,0.446,10.704,0.6,0.5
254,0,2,0,221,0,0,0,20,20,99999,0,0,2542,1.0,20.0,0.6,0.5
254,0,3,0,123,0,0,0,20,20,99999,0,0,2543,0.28,5.6,0.5,0.4
254,0,4,0,13,0,0,0,96,96,99999,0,0,2544,0.596,57.216,0.4,0.3
254,0,5,0,86,0,0,0,80,80,99999,0,0,2545,0.179,14.32,0.5,0.4
254,0,6,0,432,0,0,0,16,16,99999,0,0,2546,0.9,14.4,0.6,0.5
254,0,7,0,143,0,0,0,48,48,99999,0,0,2547,0.25,12.0,0.5,0.4
254,0,8,0,236,0,0,0,210,210,99999,0,0,2548,0.103,21.63,0.6,0.5
254,0,9,0,3,0,0,0,312,312,99999,0,0,2549,0.324,101.088,0.4,0.3
255,0,0,0,3,0,0,0,312,312,99999,0,0,2550,0.324,101.088,0.4,0.3
255,0,1,0,343,0,0,0,192,192,99999,0,0,2551,0.365,70.08,0.6,0.5
255,0,2,0,154,0,0,0,360,360,99999,0,0,2552,0.274,98.64,0.5,0.4
255,0,3,0,230,0,0,0,60,60,99999,0,0,2553,0.108,6.48,0.6,0.5
255,0,4,0,407,0,0,0,288,288,99999,0,0,2554,0.07,20.16,0.6,0.5
255,0,5,0,315,0,0,0,20,20,99999,0,0,2555,0.228,4.56,0.6,0.5
255,0,6,0,237,0,0,0,24,24,99999,0,0,2556,2.24,53.76,0.6,0.5
255,0,7,0,335,0,0,0,264,264,99999,0,0,2557,0.272,71.808,0.6,0.5
255,0,8,0,37,0,0,0,384,384,99999,0,0,2558,0.277,106.368,0.4,0.3
255,0,9,0,309,0,0,0,50,50,99999,0,0,2559,0.275,13.75,0.6,0.5
256,0,0,0,18,0,0,0,30,30,99999,0,0,2560,0.333,9.99,0.4,0.3
256,0,1,0,259,0,0,0,216,216,99999,0,0,2561,0.42,90.72,0.6,0.5
256,0,2,0,203,0,0,0,30,30,99999,0,0,2562,2.172,65.16,0.6,0.5
256,0,3,0,385,0,0,0,48,48,99999,0,0,2563,0.858,41.184,0.6,0.5
256,0,4,0,418,0,0,0,27,27,99999,0,0,2564,1.5,40.5,0.6,0.5
256,0,5,0,435,0,0,0,9,9,99999,0,0,2565,0.62,5.58,0.6,0.5
256,0,6,0,221,0,0,0,20,20,99999,0,0,2566,1.0,20.0,0.6,0.5
256,0,7,0,39,0,0,0,360,360,99999,0,0,2567,0.276,99.36,0.4,0.3
256,0,8,0,31,0,0,0,72,72,99999,0,0,2568,0.125,9.0,0.4,0.3
256,0,9,0,306,0,0,0,36,36,99999,0,0,2569,0.308,11.088,0.6,0.5
257,0,0,0,335,0,0,0,264,264,99999,0,0,2570,0.272,71.808,0.6,0.5
257,0,1,0,402,0,0,0,77,77,99999,0,0,2571,0.2,15.4,0.6,0.5
257,0,2,0,31,0,0,0,72,72,99999,0,0,2572,0.125,9.0,0.4,0.3
257,0,3,0,321,0,0,0,180,180,99999,0,0,2573,0.13,23.4,0.6,0.5
257,0,4,0,29,0,0,0,360,360,99999,0,0,2574,0.274,98.64,0.4,0.3
257,0,5,0,472,0,0,0,77,77,99999,0,0,2575,0.2,15.4,0.6,0.5
257,0,6,0,479,0,0,0,72,72,99999,0,0,2576,0.465,33.48,0.6,0.5
257,0,7,0,460,0,0,0,24,24,99999,0,0,2577,0.248,5.952,0.6,0.5
257,0,8,0,5,0,0,0,192,192,99999,0,0,2578,0.417,80.064,0.4,0.3
257,0,9,0,174,0,0,0,90,90,99999,0,0,2579,0.13,11.7,0.5,0.4
258,0,0,0,330,0,0,0,36,36,99999,0,0,2580,0.383,13.788,0.6,0.5
258,0,1,0,64,0,0,0,24,24,99999,0,0,2581,0.334,8.016,0.5,0.4
258,0,2,0,28,0,0,0,12,12,99999,0,0,2582,0.387,4.644,0.4,0.3
258,0,3,0,307,0,0,0,312,312,99999,0,0,2583,0.275,85.8,0.6,0.5
258,0,4,0,362,0,0,0,32,32,99999,0,0,2584,2.206,70.592,0.6,0.5
258,0,5,0,258,0,0,0,24,24,99999,0,0,2585,0.519,12.456,0.6,0.5
258,0,6,0,360,0,0,0,140,140,99999,0,0,2586,0.268,37.52,0.6,0.5
258,0,7,0,452,0,0,0,12,12,99999,0,0,2587,4.225,50.7,0.6,0.5
258,0,8,0,262,0,0,0,15,15,99999,0,0,2588,0.584,8.76,0.6,0.5
258,0,9,0,22,0,0,0,72,72,99999,0,0,2589,0.125,9.0,0.4,0.3
259,0,0,0,183,0,0,0,288,288,99999,0,0,2590,0.241,69.408,0.5,0.4
259,0,1,0,34,0,0,0,336,336,99999,0,0,2591,0.233,78.288,0.4,0.3
259,0,2,0,6,0,0,0,10,10,99999,0,0,2592,0.34,3.4,0.4,0.3
259,0,3,0,23,0,0,0,210,210,99999,0,0,2593,0.11,23.1,0.4,0.3
259,0,4,0,310,0,0,0,28,28,99999,0,0,2594,2.35,65.8,0.6,0.5
259,0,5,0,304,0,0,0,90,90,99999,0,0,2595,0.28,25.2,0.6,0.5
259,0,6,0,270,0,0,0,80,80,99999,0,0,2596,0.924,73.92,0.6,0.5
259,0,7,0,269,0,0,0,36,36,99999,0,0,2597,0.126,4.536,0.6,0.5
259,0,8,0,457,0,0,0,24,24,99999,0,0,2598,0.197,4.728,0.6,0.5
259,0,9,0,36,0,0,0,12,12,99999,0,0,2599,3.463,41.556,0.4,0.3
260,0,0,0,7,0,0,0,192,192,99999,0,0,2600,0.45,86.4,0.4,0.3
260,0,1,0,260,0,0,0,5,5,99999,0,0,2601,7.21,36.05,0.6,0.5
260,0,2,0,27,0,0,0,336,336,99999,0,0,2602,0.267,89.712,0.4,0.3
260,0,3,0,402,0,0,0,77,77,99999,0,0,2603,0.2,15.4,0.6,0.5
260,0,4,0,401,0,0,0,30,30,99999,0,0,2604,0.344,10.32,0.6,0.5
260,0,5,0,69,0,0,0,48,48,99999,0,0,2605,0.176,8.448,0.5,0.4
260,0,6,0,285,0,0,0,18,18,99999,0,0,2606,2.133,38.394,0.6,0.5
260,0,7,0,23,0,0,0,210,210,99999,0,0,2607,0.11,23.1,0.4,0.3
260,0,8,0,83,0,0,0,384,384,99999,0,0,2608,0.278,106.752,0.5,0.4
260,0,9,0,224,0,0,0,432,432,99999,0,0,2609,0.219,94.608,0.6,0.5
261,0,0,0,272,0,0,0,168,168,99999,0,0,2610,0.454,76.272,0.6,0.5
261,0,1,0,438,0,0,0,48,48,99999,0,0,2611,0.27,12.96,0.6,0.5
261,0,2,0,209,0,0,0,210,210,99999,0,0,2612,0.115,24.15,0.6,0.5
261,0,3,0,442,0,0,0,384,384,99999,0,0,2613,0.276,105.984,0.6,0.5
261,0,4,0,314,0,0,0,77,77,99999,0,0,2614,1.0,77.0,0.6,0.5
261,0,5,0,49,0,0,0,240,240,99999,0,0,2615,0.408,97.92,0.4,0.3
261,0,6,0,335,0,0,0,264,264,99999,0,0,2616,0.272,71.808,0.6,0.5
261,0,7,0,253,0,0,0,96,96,99999,0,0,2617,0.635,60.96,0.6,0.5
261,0,8,0,448,0,0,0,77,77,99999,0,0,2618,0.2,15.4,0.6,0.5
261,0,9,0,400,0,0,0,36,36,99999,0,0,2619,1.037,37.332,0.6,0.5
262,0,0,0,1,0,0,0,72,72,99999,0,0,2620,0.125,9.0,0.4,0.3
262,0,1,0,492,0,0,0,216,216,99999,0,0,2621,0.358,77.328,0.6,0.5
262,0,2,0,457,0,0,0,24,24,99999,0,0,2622,0.197,4.728,0.6,0.5
262,0,3,0,4,0,0,0,6,6,99999,0,0,2623,0.425,2.55,0.4,0.3
262,0,4,0,397,0,0,0,36,36,99999,0,0,2624,0.273,9.828,0.6,0.5
262,0,5,0,33,0,0,0,240,240,99999,0,0,2625,0.409,98.16,0.4,0.3
262,0,6,0,462,0,0,0,60,60,99999,0,0,2626,0.5,30.0,0.6,0.5
262,0,7,0,30,0,0,0,24,24,99999,0,0,2627,0.387,9.288,0.4,0.3
262,0,8,0,422,0,0,0,48,48,99999,0,0,2628,0.894,42.912,0.6,0.5
262,0,9,0,0,0,0,0,36,36,99999,0,0,2629,1.602,57.672,0.4,0.3
263,0,0,0,276,0,0,0,16,16,99999,0,0,2630,1.25,20.0,0.6,0.5
263,0,1,0,342,0,0,0,72,72,99999,0,0,2631,0.65,46.8,0.6,0.5
263,0,2,0,102,0,0,0,24,24,99999,0,0,2632,0.479,11.496,0.5,0.4
263,0,3,0,388,0,0,0,60,60,99999,0,0,2633,0.48,28.8,0.6,0.5
263,0,4,0,13,0,0,0,96,96,99999,0,0,2634,0.596,57.216,0.4,0.3
263,0,5,0,321,0,0,0,180,180,99999,0,0,2635,0.13,23.4,0.6,0.5
263,0,6,0,177,0,0,0,80,80,99999,0,0,2636,1.08,86.4,0.5,0.4
263,0,7,0,381,0,0,0,8,8,99999,0,0,2637,1.0,8.0,0.6,0.5
263,0,8,0,373,0,0,0,24,24,99999,0,0,2638,1.0,24.0,0.6,0.5
263,0,9,0,256,0,0,0,24,24,99999,0,0,2639,0.446,10.704,0.6,0.5
264,0,0,0,452,0,0,0,12,12,99999,0,0,2640,4.225,50.7,0.6,0.5
264,0,1,0,53,0,0,0,12,12,99999,0,0,2641,0.335,4.02,0.5,0.4
264,0,2,0,301,0,0,0,384,384,99999,0,0,2642,0.28,107.52,0.6,0.5
264,0,3,0,22,0,0,0,72,72,99999,0,0,2643,0.125,9.0,0.4,0.3
264,0,4,0,254,0,0,0,36,36,99999,0,0,2644,1.648,59.328,0.6,0.5
264,0,5,0,42,0,0,0,30,30,99999,0,0,2645,0.454,13.62,0.4,0.3
264,0,6,0,372,0,0,0,36,36,99999,0,0,2646,0.229,8.244,0.6,0.5
264,0,7,0,71,0,0,0,24,24,99999,0,0,2647,0.288,6.912,0.5,0.4
264,0,8,0,46,0,0,0,30,30,99999,0,0,2648,0.373,11.19,0.4,0.3
264,0,9,0,284,0,0,0,96,96,99999,0,0,2649,0.66,63.36,0.6,0.5
265,0,0,0,472,0,0,0,77,77,99999,0,0,2650,0.2,15.4,0.6,0.5
265,0,1,0,11,0,0,0,264,264,99999,0,0,2651,0.282,74.448,0.4,0.3
265,0,2,0,44,0,0,0,120,120,99999,0,0,2652,0.62,74.4,0.4,0.3
265,0,3,0,177,0,0,0,80,80,99999,0,0,2653,1.08,86.4,0.5,0.4
265,0,4,0,286,0,0,0,264,264,99999,0,0,2654,0.273,72.072,0.6,0.5
265,0,5,0,212,0,0,0,192,192,99999,0,0,2655,0.37,71.04,0.6,0.5
265,0,6,0,445,0,0,0,15,15,99999,0,0,2656,0.55,8.25,0.6,0.5
265,0,7,0,320,0,0,0,384,384,99999,0,0,2657,0.254,97.536,0.6,0.5
265,0,8,0,408,0,0,0,96,96,99999,0,0,2658,0.088,8.448,0.6,0.5
265,0,9,0,378,0,0,0,30,30,99999,0,0,2659,0.301,9.03,0.6,0.5
266,0,0,0,23,0,0,0,210,210,99999,0,0,2660,0.11,23.1,0.4,0.3
266,0,1,0,379,0,0,0,24,24,99999,0,0,2661,0.491,11.784,0.6,0.5
266,0,2,0,45,0,0,0,72,72,99999,0,0,2662,0.125,9.0,0.4,0.3
266,0,3,0,30,0,0,0,24,24,99999,0,0,2663,0.387,9.288,0.4,0.3
266,0,4,0,26,0,0,0,360,360,99999,0,0,2664,0.274,98.64,0.4,0.3
266,0,5,0,4,0,0,0,6,6,99999,0,0,2665,0.425,2.55,0.4,0.3
266,0,6,0,280,0,0,0,24,24,99999,0,0,2666,0.264,6.336,0.6,0.5
266,0,7,0,393,0,0,0,36,36,99999,0,0,2667,0.169,6.084,0.6,0.5
266,0,8,0,451,0,0,0,72,72,99999,0,0,2668,0.662,47.664,0.6,0.5
266,0,9,0,489,0,0,0,30,30,99999,0,0,2669,0.533,15.99,0.6,0.5
267,0,0,0,371,0,0,0,60,60,99999,0,0,2670,0.31,18.6,0.6,0.5
267,0,1,0,477,0,0,0,45,45,99999,0,0,2671,0.254,11.43,0.6,0.5
267,0,2,0,17,0,0,0,108,108,99999,0,0,2672,0.176,19.008,0.4,0.3
267,0,3,0,356,0,0,0,18,18,99999,0,0,2673,1.048,18.864,0.6,0.5
267,0,4,0,309,0,0,0,50,50,99999,0,0,2674,0.275,13.75,0.6,0.5
267,0,5,0,417,0,0,0,36,36,99999,0,0,2675,0.391,14.076,0.6,0.5
267,0,6,0,260,0,0,0,5,5,99999,0,0,2676,7.21,36.05,0.6,0.5
267,0,7,0,377,0,0,0,40,40,99999,0,0,2677,0.369,14.76,0.6,0.5
267,0,8,0,281,0,0,0,180,180,99999,0,0,2678,0.126,22.68,0.6,0.5
267,0,9,0,420,0,0,0,40,40,99999,0,0,2679,0.16,6.4,0.6,0.5
268,0,0,0,177,0,0,0,80,80,99999,0,0,2680,1.08,86.4,0.5,0.4
268,0,1,0,233,0,0,0,80,80,99999,0,0,2681,0.179,14.32,0.6,0.5
268,0,2,0,436,0,0,0,32,32,99999,0,0,2682,2.162,69.184,0.6,0.5
268,0,3,0,307,0,0,0,312,312,99999,0,0,2683,0.275,85.8,0.6,0.5
268,0,4,0,373,0,0,0,24,24,99999,0,0,2684,1.0,24.0,0.6,0.5
268,0,5,0,36,0,0,0,12,12,99999,0,0,2685,3.463,41.556,0.4,0.3
268,0,6,0,90,0,0,0,24,24,99999,0,0,2686,0.42,10.08,0.5,0.4
268,0,7,0,152,0,0,0,12,12,99999,0,0,2687,0.708,8.496,0.5,0.4
268,0,8,0,12,0,0,0,8,8,99999,0,0,2688,0.306,2.448,0.4,0.3
268,0,9,0,412,0,0,0,240,240,99999,0,0,2689,0.312,74.88,0.6,0.5
269,0,0,0,406,0,0,0,96,96,99999,0,0,2690,0.603,57.888,0.6,0.5
269,0,1,0,251,0,0,0,408,408,99999,0,0,2691,0.159,64.872,0.6,0.5
269,0,2,0,45,0,0,0,72,72,99999,0,0,2692,0.125,9.0,0.4,0.3
269,0,3,0,258,0,0,0,24,24,99999,0,0,2693,0.519,12.456,0.6,0.5
269,0,4,0,21,0,0,0,432,432,99999,0,0,2694,0.165,71.28,0.4,0.3
269,0,5,0,230,0,0,0,60,60,99999,0,0,2695,0.108,6.48,0.6,0.5
269,0,6,0,49,0,0,0,240,240,99999,0,0,2696,0.408,97.92,0.4,0.3
269,0,7,0,408,0,0,0,96,96,99999,0,0,2697,0.088,8.448,0.6,0.5
269,0,8,0,35,0,0,0,192,192,99999,0,0,2698,0.361,69.312,0.4,0.3
269,0,9,0,306,0,0,0,36,36,99999,0,0,2699,0.308,11.088,0.6,0.5
270,0,0,0,476,0,0,0,24,24,99999,0,0,2700,0.405,9.72,0.6,0.5
270,0,1,0,208,0,0,0,48,48,99999,0,0,2701,0.208,9.984,0.6,0.5
270,0,2,0,6,0,0,0,10,10,99999,0,0,2702,0.34,3.4,0.4,0.3
270,0,3,0,188,0,0,0,12,12,99999,0,0,2703,1.147,13.764,0.5,0.4
270,0,4,0,195,0,0,0,30,30,99999,0,0,2704,0.589,17.67,0.5,0.4
270,0,5,0,267,0,0,0,528,528,99999,0,0,2705,0.183,96.624,0.6,0.5
270,0,6,0,294,0,0,0,36,36,99999,0,0,2706,0.144,5.184,0.6,0.5
270,0,7,0,19,0,0,0,12,12,99999,0,0,2707,0.28,3.36,0.4,0.3
270,0,8,0,112,0,0,0,216,216,99999,0,0,2708,0.375,81.0,0.5,0.4
270,0,9,0,303,0,0,0,24,24,99999,0,0,2709,0.6,14.4,0.6,0.5
271,0,0,0,338,0,0,0,96,96,99999,0,0,2710,0.606,58.176,0.6,0.5
271,0,1,0,37,0,0,0,384,384,99999,0,0,2711,0.277,106.368,0.4,0.3
271,0,2,0,409,0,0,0,48,48,99999,0,0,2712,0.218,10.464,0.6,0.5
271,0,3,0,279,0,0,0,46,46,99999,0,0,2713,1.0,46.0,0.6,0.5
271,0,4,0,309,0,0,0,50,50,99999,0,0,2714,0.275,13.75,0.6,0.5
271,0,5,0,334,0,0,0,45,45,99999,0,0,2715,0.332,14.94,0.6,0.5
271,0,6,0,60,0,0,0,36,36,99999,0,0,2716,0.263,9.468,0.5,0.4
271,0,7,0,445,0,0,0,15,15,99999,0,0,2717,0.55,8.25,0.6,0.5
271,0,8,0,391,0,0,0,5,5,99999,0,0,2718,7.23,36.15,0.6,0.5
271,0,9,0,478,0,0,0,80,80,99999,0,0,2719,0.2,16.0,0.6,0.5
272,0,0,0,278,0,0,0,14,14,99999,0,0,2720,0.556,7.784,0.6,0.5
272,0,1,0,97,0,0,0,10,10,99999,0,0,2721,5.575,55.75,0.5,0.4
272,0,2,0,265,0,0,0,30,30,99999,0,0,2722,0.468,14.04,0.6,0.5
272,0,3,0,443,0,0,0,720,720,99999,0,0,2723,0.142,102.24,0.6,0.5
272,0,4,0,324,0,0,0,216,216,99999,0,0,2724,0.38,82.08,0.6,0.5
272,0,5,0,219,0,0,0,24,24,99999,0,0,2725,0.192,4.608,0.6,0.5
272,0,6,0,49,0,0,0,240,240,99999,0,0,2726,0.408,97.92,0.4,0.3
272,0,7,0,39,0,0,0,360,360,99999,0,0,2727,0.276,99.36,0.4,0.3
272,0,8,0,359,0,0,0,96,96,99999,0,0,2728,0.608,58.368,0.6,0.5
272,0,9,0,456,0,0,0,8,8,99999,0,0,2729,1.0,8.0,0.6,0.5
273,0,0,0,288,0,0,0,24,24,99999,0,0,2730,0.179,4.296,0.6,0.5
273,0,1,0,413,0,0,0,288,288,99999,0,0,2731,0.362,104.256,0.6,0.5
273,0,2,0,382,0,0,0,24,24,99999,0,0,2732,0.368,8.832,0.6,0.5
273,0,3,0,28,0,0,0,12,12,99999,0,0,2733,0.387,4.644,0.4,0.3
273,0,4,0,226,0,0,0,61,61,99999,0,0,2734,0.2,12.2,0.6,0.5
273,0,5,0,103,0,0,0,168,168,99999,0,0,2735,0.125,21.0,0.5,0.4
273,0,6,0,498,0,0,0,60,60,99999,0,0,2736,0.491,29.46,0.6,0.5
273,0,7,0,422,0,0,0,48,48,99999,0,0,2737,0.894,42.912,0.6,0.5
273,0,8,0,272,0,0,0,168,168,99999,0,0,2738,0.454,76.272,0.6,0.5
273,0,9,0,17,0,0,0,108,108,99999,0,0,2739,0.176,19.008,0.4,0.3
274,0,0,0,19,0,0,0,12,12,99999,0,0,2740,0.28,3.36,0.4,0.3
274,0,1,0,481,0,0,0,210,210,99999,0,0,2741,0.104,21.84,0.6,0.5
274,0,2,0,448,0,0,0,77,77,99999,0,0,2742,0.2,15.4,0.6,0.5
274,0,3,0,25,0,0,0,30,30,99999,0,0,2743,0.454,13.62,0.4,0.3
274,0,4,0,142,0,0,0,384,384,99999,0,0,2744,0.274,105.216,0.5,0.4
274,0,5,0,232,0,0,0,27,27,99999,0,0,2745,6.0,162.0,0.6,0.5
274,0,6,0,173,0,0,0,96,96,99999,0,0,2746,0.645,61.92,0.5,0.4
274,0,7,0,231,0,0,0,24,24,99999,0,0,2747,0.514,12.336,0.6,0.5
274,0,8,0,483,0,0,0,30,30,99999,0,0,2748,0.303,9.09,0.6,0.5
274,0,9,0,342,0,0,0,72,72,99999,0,0,2749,0.65,46.8,0.6,0.5
275,0,0,0,348,0,0,0,192,192,99999,0,0,2750,0.397,76.224,0.6,0.5
275,0,1,0,365,0,0,0,24,24,99999,0,0,2751,0.388,9.312,0.6,0.5
275,0,2,0,31,0,0,0,72,72,99999,0,0,2752,0.125,9.0,0.4,0.3
275,0,3,0,149,0,0,0,240,240,99999,0,0,2753,0.355,85.2,0.5,0.4
275,0,4,0,486,0,0,0,16,16,99999,0,0,2754,0.785,12.56,0.6,0.5
275,0,5,0,174,0,0,0,90,90,99999,0,0,2755,0.13,11.7,0.5,0.4
275,0,6,0,405,0,0,0,77,77,99999,0,0,2756,0.2,15.4,0.6,0.5
275,0,7,0,454,0,0,0,27,27,99999,0,0,2757,2.0,54.0,0.6,0.5
275,0,8,0,409,0,0,0,48,48,99999,0,0,2758,0.218,10.464,0.6,0.5
275,0,9,0,87,0,0,0,12,12,99999,0,0,2759,5.165,61.98,0.5,0.4
276,0,0,0,366,0,0,0,72,72,99999,0,0,2760,0.643,46.296,0.6,0.5
276,0,1,0,122,0,0,0,48,48,99999,0,0,2761,0.208,9.984,0.5,0.4
276,0,2,0,153,0,0,0,42,42,99999,0,0,2762,0.43,18.06,0.5,0.4
276,0,3,0,5,0,0,0,192,192,99999,0,0,2763,0.417,80.064,0.4,0.3
276,0,4,0,462,0,0,0,60,60,99999,0,0,2764,0.5,30.0,0.6,0.5
276,0,5,0,343,0,0,0,192,192,99999,0,0,2765,0.365,70.08,0.6,0.5
276,0,6,0,55,0,0,0,72,72,99999,0,0,2766,0.15,10.8,0.5,0.4
276,0,7,0,23,0,0,0,210,210,99999,0,0,2767,0.11,23.1,0.4,0.3
276,0,8,0,280,0,0,0,24,24,99999,0,0,2768,0.264,6.336,0.6,0.5
276,0,9,0,44,0,0,0,120,120,99999,0,0,2769,0.62,74.4,0.4,0.3
277,0,0,0,296,0,0,0,20,20,99999,0,0,2770,0.435,8.7,0.6,0.5
277,0,1,0,7,0,0,0,192,192,99999,0,0,2771,0.45,86.4,0.4,0.3
277,0,2,0,374,0,0,0,312,312,99999,0,0,2772,0.333,103.896,0.6,0.5
277,0,3,0,367,0,0,0,210,210,99999,0,0,2773,0.092,19.32,0.6,0.5
277,0,4,0,24,0,0,0,20,20,99999,0,0,2774,0.441,8.82,0.4,0.3
277,0,5,0,2,0,0,0,24,24,99999,0,0,2775,0.405,9.72,0.4,0.3
277,0,6,0,27,0,0,0,336,336,99999,0,0,2776,0.267,89.712,0.4,0.3
277,0,7,0,35,0,0,0,192,192,99999,0,0,2777,0.361,69.312,0.4,0.3
277,0,8,0,122,0,0,0,48,48,99999,0,0,2778,0.208,9.984,0.5,0.4
277,0,9,0,407,0,0,0,288,288,99999,0,0,2779,0.07,20.16,0.6,0.5
278,0,0,0,28,0,0,0,12,12,99999,0,0,2780,0.387,4.644,0.4,0.3
278,0,1,0,422,0,0,0,48,48,99999,0,0,2781,0.894,42.912,0.6,0.5
278,0,2,0,233,0,0,0,80,80,99999,0,0,2782,0.179,14.32,0.6,0.5
278,0,3,0,37,0,0,0,384,384,99999,0,0,2783,0.277,106.368,0.4,0.3
278,0,4,0,105,0,0,0,12,12,99999,0,0,2784,0.291,3.492,0.5,0.4
278,0,5,0,143,0,0,0,48,48,99999,0,0,2785,0.25,12.0,0.5,0.4
278,0,6,0,431,0,0,0,10,10,99999,0,0,2786,0.73,7.3,0.6,0.5
278,0,7,0,59,0,0,0,36,36,99999,0,0,2787,0.363,13.068,0.5,0.4
278,0,8,0,271,0,0,0,288,288,99999,0,0,2788,0.063,18.144,0.6,0.5
278,0,9,0,216,0,0,0,20,20,99999,0,0,2789,1.0,20.0,0.6,0.5
279,0,0,0,268,0,0,0,18,18,99999,0,0,2790,0.238,4.284,0.6,0.5
279,0,1,0,442,0,0,0,384,384,99999,0,0,2791,0.276,105.984,0.6,0.5
279,0,2,0,8,0,0,0,40,40,99999,0,0,2792,0.381,15.24,0.4,0.3
279,0,3,0,125,0,0,0,48,48,99999,0,0,2793,1.25,60.0,0.5,0.4
279,0,4,0,38,0,0,0,384,384,99999,0,0,2794,0.275,105.6,0.4,0.3
279,0,5,0,270,0,0,0,80,80,99999,0,0,2795,0.924,73.92,0.6,0.5
279,0,6,0,27,0,0,0,336,336,99999,0,0,2796,0.267,89.712,0.4,0.3
279,0,7,0,22,0,0,0,72,72,99999,0,0,2797,0.125,9.0,0.4,0.3
279,0,8,0,133,0,0,0,14,14,99999,0,0,2798,0.439,6.146,0.5,0.4
279,0,9,0,298,0,0,0,216,216,99999,0,0,2799,0.333,71.928,0.6,0.5
280,0,0,0,46,0,0,0,30,30,99999,0,0,2800,0.373,11.19,0.4,0.3
280,0,1,0,408,0,0,0,96,96,99999,0,0,2801,0.088,8.448,0.6,0.5
280,0,2,0,22,0,0,0,72,72,99999,0,0,2802,0.125,9.0,0.4,0.3
280,0,3,0,187,0,0,0,12,12,99999,0,0,2803,0.463,5.556,0.5,0.4
280,0,4,0,1,0,0,0,72,72,99999,0,0,2804,0.125,9.0,0.4,0.3
280,0,5,0,162,0,0,0,24,24,99999,0,0,2805,0.698,16.752,0.5,0.4
280,0,6,0,5,0,0,0,192,192,99999,0,0,2806,0.417,80.064,0.4,0.3
280,0,7,0,263,0,0,0,36,36,99999,0,0,2807,0.225,8.1,0.6,0.5
280,0,8,0,27,0,0,0,336,336,99999,0,0,2808,0.267,89.712,0.4,0.3
280,0,9,0,7,0,0,0,192,192,99999,0,0,2809,0.45,86.4,0.4,0.3
281,0,0,0,8,0,0,0,40,40,99999,0,0,2810,0.381,15.24,0.4,0.3
281,0,1,0,333,0,0,0,48,48,99999,0,0,2811,0.9,43.2,0.6,0.5
281,0,2,0,35,0,0,0,192,192,99999,0,0,2812,0.361,69.312,0.4,0.3
281,0,3,0,270,0,0,0,80,80,99999,0,0,2813,0.924,73.92,0.6,0.5
281,0,4,0,13,0,0,0,96,96,99999,0,0,2814,0.596,57.216,0.4,0.3
281,0,5,0,215,0,0,0,264,264,99999,0,0,2815,0.3,79.2,0.6,0.5
281,0,6,0,23,0,0,0,210,210,99999,0,0,2816,0.11,23.1,0.4,0.3
281,0,7,0,45,0,0,0,72,72,99999,0,0,2817,0.125,9.0,0.4,0.3
281,0,8,0,118,0,0,0,180,180,99999,0,0,2818,0.1,18.0,0.5,0.4
281,0,9,0,92,0,0,0,30,30,99999,0,0,2819,0.348,10.44,0.5,0.4
282,0,0,0,304,0,0,0,90,90,99999,0,0,2820,0.28,25.2,0.6,0.5
282,0,1,0,108,0,0,0,210,210,99999,0,0,2821,0.108,22.68,0.5,0.4
282,0,2,0,203,0,0,0,30,30,99999,0,0,2822,2.172,65.16,0.6,0.5
282,0,3,0,402,0,0,0,77,77,99999,0,0,2823,0.2,15.4,0.6,0.5
282,0,4,0,340,0,0,0,12,12,99999,0,0,2824,0.283,3.396,0.6,0.5
282,0,5,0,25,0,0,0,30,30,99999,0,0,2825,0.454,13.62,0.4,0.3
282,0,6,0,13,0,0,0,96,96,99999,0,0,2826,0.596,57.216,0.4,0.3
282,0,7,0,237,0,0,0,24,24,99999,0,0,2827,2.24,53.76,0.6,0.5
282,0,8,0,27,0,0,0,336,336,99999,0,0,2828,0.267,89.712,0.4,0.3
282,0,9,0,3,0,0,0,312,312,99999,0,0,2829,0.324,101.088,0.4,0.3
283,0,0,0,23,0,0,0,210,210,99999,0,0,2830,0.11,23.1,0.4,0.3
283,0,1,0,18,0,0,0,30,30,99999,0,0,2831,0.333,9.99,0.4,0.3
283,0,2,0,483,0,0,0,30,30,99999,0,0,2832,0.303,9.09,0.6,0.5
283,0,3,0,20,0,0,0,216,216,99999,0,0,2833,0.386,83.376,0.4,0.3
283,0,4,0,27,0,0,0,336,336,99999,0,0,2834,0.267,89.712,0.4,0.3
283,0,5,0,377,0,0,0,40,40,99999,0,0,2835,0.369,14.76,0.6,0.5
283,0,6,0,252,0,0,0,36,36,99999,0,0,2836,0.394,14.184,0.6,0.5
283,0,7,0,4,0,0,0,6,6,99999,0,0,2837,0.425,2.55,0.4,0.3
283,0,8,0,317,0,0,0,12,12,99999,0,0,2838,0.425,5.1,0.6,0.5
283,0,9,0,10,0,0,0,210,210,99999,0,0,2839,0.118,24.78,0.4,0.3
284,0,0,0,246,0,0,0,24,24,99999,0,0,2840,0.152,3.648,0.6,0.5
284,0,1,0,26,0,0,0,360,360,99999,0,0,2841,0.274,98.64,0.4,0.3
284,0,2,0,236,0,0,0,210,210,99999,0,0,2842,0.103,21.63,0.6,0.5
284,0,3,0,18,0,0,0,30,30,99999,0,0,2843,0.333,9.99,0.4,0.3
284,0,4,0,421,0,0,0,144,144,99999,0,0,2844,0.503,72.432,0.6,0.5
284,0,5,0,123,0,0,0,20,20,99999,0,0,2845,0.28,5.6,0.5,0.4
284,0,6,0,20,0,0,0,216,216,99999,0,0,2846,0.386,83.376,0.4,0.3
284,0,7,0,116,0,0,0,24,24,99999,0,0,2847,0.407,9.768,0.5,0.4
284,0,8,0,74,0,0,0,288,288,99999,0,0,2848,0.291,83.808,0.5,0.4
284,0,9,0,368,0,0,0,10,10,99999,0,0,2849,6.0,60.0,0.6,0.5
285,0,0,0,426,0,0,0,36,36,99999,0,0,2850,0.408,14.688,0.6,0.5
285,0,1,0,343,0,0,0,192,192,99999,0,0,2851,0.365,70.08,0.6,0.5
285,0,2,0,3,0,0,0,312,312,99999,0,0,2852,0.324,101.088,0.4,0.3
285,0,3,0,272,0,0,0,168,168,99999,0,0,2853,0.454,76.272,0.6,0.5
285,0,4,0,382,0,0,0,24,24,99999,0,0,2854,0.368,8.832,0.6,0.5
285,0,5,0,31,0,0,0,72,72,99999,0,0,2855,0.125,9.0,0.4,0.3
285,0,6,0,405,0,0,0,77,77,99999,0,0,2856,0.2,15.4,0.6,0.5
285,0,7,0,340,0,0,0,12,12,99999,0,0,2857,0.283,3.396,0.6,0.5
285,0,8,0,472,0,0,0,77,77,99999,0,0,2858,0.2,15.4,0.6,0.5
285,0,9,0,424,0,0,0,96,96,99999,0,0,2859,0.619,59.424,0.6,0.5
286,0,0,0,274,0,0,0,48,48,99999,0,0,2860,0.307,14.736,0.6,0.5
286,0,1,0,220,0,0,0,20,20,99999,0,0,2861,1.0,20.0,0.6,0.5
286,0,2,0,55,0,0,0,72,72,99999,0,0,2862,0.15,10.8,0.5,0.4
286,0,3,0,159,0,0,0,336,336,99999,0,0,2863,0.245,82.32,0.5,0.4
286,0,4,0,440,0,0,0,24,24,99999,0,0,2864,0.192,4.608,0.6,0.5
286,0,5,0,279,0,0,0,46,46,99999,0,0,2865,1.0,46.0,0.6,0.5
286,0,6,0,118,0,0,0,180,180,99999,0,0,2866,0.1,18.0,0.5,0.4
286,0,7,0,57,0,0,0,30,30,99999,0,0,2867,0.351,10.53,0.5,0.4
286,0,8,0,303,0,0,0,24,24,99999,0,0,2868,0.6,14.4,0.6,0.5
286,0,9,0,429,0,0,0,72,72,99999,0,0,2869,1.008,72.576,0.6,0.5
287,0,0,0,475,0,0,0,60,60,99999,0,0,2870,0.871,52.26,0.6,0.5
287,0,1,0,21,0,0,0,432,432,99999,0,0,2871,0.165,71.28,0.4,0.3
287,0,2,0,185,0,0,0,120,120,99999,0,0,2872,0.532,63.84,0.5,0.4
287,0,3,0,17,0,0,0,108,108,99999,0,0,2873,0.176,19.008,0.4,0.3
287,0,4,0,236,0,0,0,210,210,99999,0,0,2874,0.103,21.63,0.6,0.5
287,0,5,0,2,0,0,0,24,24,99999,0,0,2875,0.405,9.72,0.4,0.3
287,0,6,0,31,0,0,0,72,72,99999,0,0,2876,0.125,9.0,0.4,0.3
287,0,7,0,181,0,0,0,24,24,99999,0,0,2877,0.491,11.784,0.5,0.4
287,0,8,0,406,0,0,0,96,96,99999,0,0,2878,0.603,57.888,0.6,0.5
287,0,9,0,112,0,0,0,216,216,99999,0,0,2879,0.375,81.0,0.5,0.4
288,0,0,0,349,0,0,0,24,24,99999,0,0,2880,2.3,55.2,0.6,0.5
288,0,1,0,305,0,0,0,72,72,99999,0,0,2881,0.181,13.032,0.6,0.5
288,0,2,0,46,0,0,0,30,30,99999,0,0,2882,0.373,11.19,0.4,0.3
288,0,3,0,272,0,0,0,168,168,99999,0,0,2883,0.454,76.272,0.6,0.5
288,0,4,0,314,0,0,0,77,77,99999,0,0,2884,1.0,77.0,0.6,0.5
288,0,5,0,475,0,0,0,60,60,99999,0,0,2885,0.871,52.26,0.6,0.5
288,0,6,0,278,0,0,0,14,14,99999,0,0,2886,0.556,7.784,0.6,0.5
288,0,7,0,444,0,0,0,24,24,99999,0,0,2887,2.138,51.312,0.6,0.5
288,0,8,0,381,0,0,0,8,8,99999,0,0,2888,1.0,8.0,0.6,0.5
288,0,9,0,344,0,0,0,48,48,99999,0,0,2889,1.35,64.8,0.6,0.5
289,0,0,0,322,0,0,0,97,97,99999,0,0,2890,0.2,19.4,0.6,0.5
289,0,1,0,202,0,0,0,312,312,99999,0,0,2891,0.329,102.648,0.6,0.5
289,0,2,0,230,0,0,0,60,60,99999,0,0,2892,0.108,6.48,0.6,0.5
289,0,3,0,121,0,0,0,3,3,99999,0,0,2893,15.0,45.0,0.5,0.4
289,0,4,0,297,0,0,0,168,168,99999,0,0,2894,0.072,12.096,0.6,0.5
289,0,5,0,49,0,0,0,240,240,99999,0,0,2895,0.408,97.92,0.4,0.3
289,0,6,0,9,0,0,0,180,180,99999,0,0,2896,0.1,18.0,0.4,0.3
289,0,7,0,224,0,0,0,432,432,99999,0,0,2897,0.219,94.608,0.6,0.5
289,0,8,0,345,0,0,0,24,24,99999,0,0,2898,2.333,55.992,0.6,0.5
289,0,9,0,15,0,0,0,12,12,99999,0,0,2899,0.367,4.404,0.4,0.3
290,0,0,0,139,0,0,0,28,28,99999,0,0,2900,0.168,4.704,0.5,0.4
290,0,1,0,221,0,0,0,20,20,99999,0,0,2901,1.0,20.0,0.6,0.5
290,0,2,0,29,0,0,0,360,360,99999,0,0,2902,0.274,98.64,0.4,0.3
290,0,3,0,21,0,0,0,432,432,99999,0,0,2903,0.165,71.28,0.4,0.3
290,0,4,0,383,0,0,0,9,9,99999,0,0,2904,0.517,4.653,0.6,0.5
290,0,5,0,473,0,0,0,100,100,99999,0,0,2905,0.1,10.0,0.6,0.5
290,0,6,0,411,0,0,0,192,192,99999,0,0,2906,0.368,70.656,0.6,0.5
290,0,7,0,41,0,0,0,80,80,99999,0,0,2907,0.152,12.16,0.4,0.3
290,0,8,0,344,0,0,0,48,48,99999,0,0,2908,1.35,64.8,0.6,0.5
290,0,9,0,1,0,0,0,72,72,99999,0,0,2909,0.125,9.0,0.4,0.3
291,0,0,0,180,0,0,0,216,216,99999,0,0,2910,0.408,88.128,0.5,0.4
291,0,1,0,18,0,0,0,30,30,99999,0,0,2911,0.333,9.99,0.4,0.3
291,0,2,0,455,0,0,0,40,40,99999,0,0,2912,0.091,3.64,0.6,0.5
291,0,3,0,16,0,0,0,12,12,99999,0,0,2913,0.301,3.612,0.4,0.3
291,0,4,0,47,0,0,0,30,30,99999,0,0,2914,0.365,10.95,0.4,0.3
291,0,5,0,31,0,0,0,72,72,99999,0,0,2915,0.125,9.0,0.4,0.3
291,0,6,0,260,0,0,0,5,5,99999,0,0,2916,7.21,36.05,0.6,0.5
291,0,7,0,168,0,0,0,336,336,99999,0,0,2917,0.291,97.776,0.5,0.4
291,0,8,0,184,0,0,0,192,192,99999,0,0,2918,0.358,68.736,0.5,0.4
291,0,9,0,40,0,0,0,24,24,99999,0,0,2919,2.218,53.232,0.4,0.3
292,0,0,0,344,0,0,0,48,48,99999,0,0,2920,1.35,64.8,0.6,0.5
292,0,1,0,374,0,0,0,312,312,99999,0,0,2921,0.333,103.896,0.6,0.5
292,0,2,0,11,0,0,0,264,264,99999,0,0,2922,0.282,74.448,0.4,0.3
292,0,3,0,13,0,0,0,96,96,99999,0,0,2923,0.596,57.216,0.4,0.3
292,0,4,0,303,0,0,0,24,24,99999,0,0,2924,0.6,14.4,0.6,0.5
292,0,5,0,393,0,0,0,36,36,99999,0,0,2925,0.169,6.084,0.6,0.5
292,0,6,0,267,0,0,0,528,528,99999,0,0,2926,0.183,96.624,0.6,0.5
292,0,7,0,147,0,0,0,384,384,99999,0,0,2927,0.276,105.984,0.5,0.4
292,0,8,0,476,0,0,0,24,24,99999,0,0,2928,0.405,9.72,0.6,0.5
292,0,9,0,38,0,0,0,384,384,99999,0,0,2929,0.275,105.6,0.4,0.3
293,0,0,0,415,0,0,0,36,36,99999,0,0,2930,1.667,60.012,0.6,0.5
293,0,1,0,7,0,0,0,192,192,99999,0,0,2931,0.45,86.4,0.4,0.3
293,0,2,0,50,0,0,0,27,27,99999,0,0,2932,3.0,81.0,0.5,0.4
293,0,3,0,34,0,0,0,336,336,99999,0,0,2933,0.233,78.288,0.4,0.3
293,0,4,0,27,0,0,0,336,336,99999,0,0,2934,0.267,89.712,0.4,0.3
293,0,5,0,82,0,0,0,168,168,99999,0,0,2935,0.446,74.928,0.5,0.4
293,0,6,0,19,0,0,0,12,12,99999,0,0,2936,0.28,3.36,0.4,0.3
293,0,7,0,14,0,0,0,12,12,99999,0,0,2937,0.41,4.92,0.4,0.3
293,0,8,0,28,0,0,0,12,12,99999,0,0,2938,0.387,4.644,0.4,0.3
293,0,9,0,129,0,0,0,48,48,99999,0,0,2939,0.25,12.0,0.5,0.4
294,0,0,0,385,0,0,0,48,48,99999,0,0,2940,0.858,41.184,0.6,0.5
294,0,1,0,19,0,0,0,12,12,99999,0,0,2941,0.28,3.36,0.4,0.3
294,0,2,0,320,0,0,0,384,384,99999,0,0,2942,0.254,97.536,0.6,0.5
294,0,3,0,359,0,0,0,96,96,99999,0,0,2943,0.608,58.368,0.6,0.5
294,0,4,0,393,0,0,0,36,36,99999,0,0,2944,0.169,6.084,0.6,0.5
294,0,5,0,438,0,0,0,48,48,99999,0,0,2945,0.27,12.96,0.6,0.5
294,0,6,0,39,0,0,0,360,360,99999,0,0,2946,0.276,99.36,0.4,0.3
294,0,7,0,140,0,0,0,10,10,99999,0,0,2947,6.27,62.7,0.5,0.4
294,0,8,0,10,0,0,0,210,210,99999,0,0,2948,0.118,24.78,0.4,0.3
294,0,9,0,25,0,0,0,30,30,99999,0,0,2949,0.454,13.62,0.4,0.3
295,0,0,0,229,0,0,0,48,48,99999,0,0,2950,0.291,13.968,0.6,0.5
295,0,1,0,7,0,0,0,192,192,99999,0,0,2951,0.45,86.4,0.4,0.3
295,0,2,0,29,0,0,0,360,360,99999,0,0,2952,0.274,98.64,0.4,0.3
295,0,3,0,412,0,0,0,240,240,99999,0,0,2953,0.312,74.88,0.6,0.5
295,0,4,0,216,0,0,0,20,20,99999,0,0,2954,1.0,20.0,0.6,0.5
295,0,5,0,237,0,0,0,24,24,99999,0,0,2955,2.24,53.76,0.6,0.5
295,0,6,0,485,0,0,0,50,50,99999,0,0,2956,0.308,15.4,0.6,0.5
295,0,7,0,291,0,0,0,24,24,99999,0,0,2957,0.269,6.456,0.6,0.5
295,0,8,0,4,0,0,0,6,6,99999,0,0,2958,0.425,2.55,0.4,0.3
295,0,9,0,17,0,0,0,108,108,99999,0,0,2959,0.176,19.008,0.4,0.3
296,0,0,0,314,0,0,0,77,77,99999,0,0,2960,1.0,77.0,0.6,0.5
296,0,1,0,0,0,0,0,36,36,99999,0,0,2961,1.602,57.672,0.4,0.3
296,0,2,0,89,0,0,0,60,60,99999,0,0,2962,0.142,8.52,0.5,0.4
296,0,3,0,406,0,0,0,96,96,99999,0,0,2963,0.603,57.888,0.6,0.5
296,0,4,0,288,0,0,0,24,24,99999,0,0,2964,0.179,4.296,0.6,0.5
296,0,5,0,389,0,0,0,48,48,99999,0,0,2965,0.85,40.8,0.6,0.5
296,0,6,0,199,0,0,0,10,10,99999,0,0,2966,5.345,53.45,0.5,0.4
296,0,7,0,347,0,0,0,36,36,99999,0,0,2967,0.257,9.252,0.6,0.5
296,0,8,0,30,0,0,0,24,24,99999,0,0,2968,0.387,9.288,0.4,0.3
296,0,9,0,395,0,0,0,36,36,99999,0,0,2969,0.461,16.596,0.6,0.5
297,0,0,0,39,0,0,0,360,360,99999,0,0,2970,0.276,99.36,0.4,0.3
297,0,1,0,433,0,0,0,48,48,99999,0,0,2971,1.356,65.088,0.6,0.5
297,0,2,0,15,0,0,0,12,12,99999,0,0,2972,0.367,4.404,0.4,0.3
297,0,3,0,497,0,0,0,30,30,99999,0,0,2973,0.379,11.37,0.6,0.5
297,0,4,0,28,0,0,0,12,12,99999,0,0,2974,0.387,4.644,0.4,0.3
297,0,5,0,52,0,0,0,48,48,99999,0,0,2975,0.102,4.896,0.5,0.4
297,0,6,0,297,0,0,0,168,168,99999,0,0,2976,0.072,12.096,0.6,0.5
297,0,7,0,47,0,0,0,30,30,99999,0,0,2977,0.365,10.95,0.4,0.3
297,0,8,0,29,0,0,0,360,360,99999,0,0,2978,0.274,98.64,0.4,0.3
297,0,9,0,2,0,0,0,24,24,99999,0,0,2979,0.405,9.72,0.4,0.3
298,0,0,0,2,0,0,0,24,24,99999,0,0,2980,0.405,9.72,0.4,0.3
298,0,1,0,20,0,0,0,216,216,99999,0,0,2981,0.386,83.376,0.4,0.3
298,0,2,0,274,0,0,0,48,48,99999,0,0,2982,0.307,14.736,0.6,0.5
298,0,3,0,11,0,0,0,264,264,99999,0,0,2983,0.282,74.448,0.4,0.3
298,0,4,0,6,0,0,0,10,10,99999,0,0,2984,0.34,3.4,0.4,0.3
298,0,5,0,460,0,0,0,24,24,99999,0,0,2985,0.248,5.952,0.6,0.5
298,0,6,0,177,0,0,0,80,80,99999,0,0,2986,1.08,86.4,0.5,0.4
298,0,7,0,85,0,0,0,24,24,99999,0,0,2987,0.392,9.408,0.5,0.4
298,0,8,0,41,0,0,0,80,80,99999,0,0,2988,0.152,12.16,0.4,0.3
298,0,9,0,90,0,0,0,24,24,99999,0,0,2989,0.42,10.08,0.5,0.4
299,0,0,0,132,0,0,0,264,264,99999,0,0,2990,0.3,79.2,0.5,0.4
299,0,1,0,5,0,0,0,192,192,99999,0,0,2991,0.417,80.064,0.4,0.3
299,0,2,0,361,0,0,0,312,312,99999,0,0,2992,0.328,102.336,0.6,0.5
299,0,3,0,335,0,0,0,264,264,99999,0,0,2993,0.272,71.808,0.6,0.5
299,0,4,0,415,0,0,0,36,36,99999,0,0,2994,1.667,60.012,0.6,0.5
299,0,5,0,11,0,0,0,264,264,99999,0,0,2995,0.282,74.448,0.4,0.3
299,0,6,0,205,0,0,0,60,60,99999,0,0,2996,1.05,63.0,0.6,0.5
299,0,7,0,22,0,0,0,72,72,99999,0,0,2997,0.125,9.0,0.4,0.3
299,0,8,0,33,0,0,0,240,240,99999,0,0,2998,0.409,98.16,0.4,0.3
299,0,9,0,228,0,0,0,228,228,99999,0,0,2999,0.397,90.516,0.6,0.5
300,0,0,0,42,0,0,0,30,30,99999,0,0,3000,0.454,13.62,0.4,0.3
300,0,1,0,114,0,0,0,360,360,99999,0,0,3001,0.279,100.44,0.5,0.4
300,0,2,0,281,0,0,0,180,180,99999,0,0,3002,0.126,22.68,0.6,0.5
300,0,3,0,237,0,0,0,24,24,99999,0,0,3003,2.24,53.76,0.6,0.5
300,0,4,0,313,0,0,0,12,12,99999,0,0,3004,0.375,4.5,0.6,0.5
300,0,5,0,138,0,0,0,36,36,99999,0,0,3005,0.39,14.04,0.5,0.4
300,0,6,0,482,0,0,0,48,48,99999,0,0,3006,1.435,68.88,0.6,0.5
300,0,7,0,229,0,0,0,48,48,99999,0,0,3007,0.291,13.968,0.6,0.5
300,0,8,0,373,0,0,0,24,24,99999,0,0,3008,1.0,24.0,0.6,0.5
300,0,9,0,2,0,0,0,24,24,99999,0,0,3009,0.405,9.72,0.4,0.3
301,0,0,0,19,0,0,0,12,12,99999,0,0,3010,0.28,3.36,0.4,0.3
301,0,1,0,322,0,0,0,97,97,99999,0,0,3011,0.2,19.4,0.6,0.5
301,0,2,0,368,0,0,0,10,10,99999,0,0,3012,6.0,60.0,0.6,0.5
301,0,3,0,201,0,0,0,60,60,99999,0,0,3013,0.225,13.5,0.6,0.5
301,0,4,0,79,0,0,0,24,24,99999,0,0,3014,0.429,10.296,0.5,0.4
301,0,5,0,420,0,0,0,40,40,99999,0,0,3015,0.16,6.4,0.6,0.5
301,0,6,0,472,0,0,0,77,77,99999,0,0,3016,0.2,15.4,0.6,0.5
301,0,7,0,46,0,0,0,30,30,99999,0,0,3017,0.373,11.19,0.4,0.3
301,0,8,0,487,0,0,0,48,48,99999,0,0,3018,0.24,11.52,0.6,0.5
301,0,9,0,204,0,0,0,50,50,99999,0,0,3019,0.238,11.9,0.6,0.5
302,0,0,0,18,0,0,0,30,30,99999,0,0,3020,0.333,9.99,0.4,0.3
302,0,1,0,159,0,0,0,336,336,99999,0,0,3021,0.245,82.32,0.5,0.4
302,0,2,0,4,0,0,0,6,6,99999,0,0,3022,0.425,2.55,0.4,0.3
302,0,3,0,292,0,0,0,384,384,99999,0,0,3023,0.269,103.296,0.6,0.5
302,0,4,0,32,0,0,0,96,96,99999,0,0,3024,0.125,12.0,0.4,0.3
302,0,5,0,329,0,0,0,40,40,99999,0,0,3025,0.31,12.4,0.6,0.5
302,0,6,0,358,0,0,0,24,24,99999,0,0,3026,2.37,56.88,0.6,0.5
302,0,7,0,486,0,0,0,16,16,99999,0,0,3027,0.785,12.56,0.6,0.5
302,0,8,0,92,0,0,0,30,30,99999,0,0,3028,0.348,10.44,0.5,0.4
302,0,9,0,305,0,0,0,72,72,99999,0,0,3029,0.181,13.032,0.6,0.5
303,0,0,0,25,0,0,0,30,30,99999,0,0,3030,0.454,13.62,0.4,0.3
303,0,1,0,417,0,0,0,36,36,99999,0,0,3031,0.391,14.076,0.6,0.5
303,0,2,0,463,0,0,0,204,204,99999,0,0,3032,0.092,18.768,0.6,0.5
303,0,3,0,248,0,0,0,96,96,99999,0,0,3033,0.644,61.824,0.6,0.5
303,0,4,0,360,0,0,0,140,140,99999,0,0,3034,0.268,37.52,0.6,0.5
303,0,5,0,38,0,0,0,384,384,99999,0,0,3035,0.275,105.6,0.4,0.3
303,0,6,0,16,0,0,0,12,12,99999,0,0,3036,0.301,3.612,0.4,0.3
303,0,7,0,350,0,0,0,108,108,99999,0,0,3037,0.238,25.704,0.6,0.5
303,0,8,0,6,0,0,0,10,10,99999,0,0,3038,0.34,3.4,0.4,0.3
303,0,9,0,19,0,0,0,12,12,99999,0,0,3039,0.28,3.36,0.4,0.3
304,0,0,0,129,0,0,0,48,48,99999,0,0,3040,0.25,12.0,0.5,0.4
304,0,1,0,205,0,0,0,60,60,99999,0,0,3041,1.05,63.0,0.6,0.5
304,0,2,0,263,0,0,0,36,36,99999,0,0,3042,0.225,8.1,0.6,0.5
304,0,3,0,270,0,0,0,80,80,99999,0,0,3043,0.924,73.92,0.6,0.5
304,0,4,0,344,0,0,0,48,48,99999,0,0,3044,1.35,64.8,0.6,0.5
304,0,5,0,215,0,0,0,264,264,99999,0,0,3045,0.3,79.2,0.6,0.5
304,0,6,0,43,0,0,0,240,240,99999,0,0,3046,0.3,72.0,0.4,0.3
304,0,7,0,9,0,0,0,180,180,99999,0,0,3047,0.1,18.0,0.4,0.3
304,0,8,0,0,0,0,0,36,36,99999,0,0,3048,1.602,57.672,0.4,0.3
304,0,9,0,58,0,0,0,264,264,99999,0,0,3049,0.276,72.864,0.5,0.4
305,0,0,0,332,0,0,0,72,72,99999,0,0,3050,0.233,16.776,0.6,0.5
305,0,1,0,52,0,0,0,48,48,99999,0,0,3051,0.102,4.896,0.5,0.4
305,0,2,0,92,0,0,0,30,30,99999,0,0,3052,0.348,10.44,0.5,0.4
305,0,3,0,215,0,0,0,264,264,99999,0,0,3053,0.3,79.2,0.6,0.5
305,0,4,0,199,0,0,0,10,10,99999,0,0,3054,5.345,53.45,0.5,0.4
305,0,5,0,28,0,0,0,12,12,99999,0,0,3055,0.387,4.644,0.4,0.3
305,0,6,0,488,0,0,0,48,48,99999,0,0,3056,0.092,4.416,0.6,0.5
305,0,7,0,439,0,0,0,12,12,99999,0,0,3057,2.803,33.636,0.6,0.5
305,0,8,0,231,0,0,0,24,24,99999,0,0,3058,0.514,12.336,0.6,0.5
305,0,9,0,38,0,0,0,384,384,99999,0,0,3059,0.275,105.6,0.4,0.3
306,0,0,0,354,0,0,0,7,7,99999,0,0,3060,0.82,5.74,0.6,0.5
306,0,1,0,12,0,0,0,8,8,99999,0,0,3061,0.306,2.448,0.4,0.3
306,0,2,0,320,0,0,0,384,384,99999,0,0,3062,0.254,97.536,0.6,0.5
306,0,3,0,460,0,0,0,24,24,99999,0,0,3063,0.248,5.952,0.6,0.5
306,0,4,0,10,0,0,0,210,210,99999,0,0,3064,0.118,24.78,0.4,0.3
306,0,5,0,32,0,0,0,96,96,99999,0,0,3065,0.125,12.0,0.4,0.3
306,0,6,0,454,0,0,0,27,27,99999,0,0,3066,2.0,54.0,0.6,0.5
306,0,7,0,248,0,0,0,96,96,99999,0,0,3067,0.644,61.824,0.6,0.5
306,0,8,0,445,0,0,0,15,15,99999,0,0,3068,0.55,8.25,0.6,0.5
306,0,9,0,411,0,0,0,192,192,99999,0,0,3069,0.368,70.656,0.6,0.5
307,0,0,0,188,0,0,0,12,12,99999,0,0,3070,1.147,13.764,0.5,0.4
307,0,1,0,364,0,0,0,60,60,99999,0,0,3071,0.16,9.6,0.6,0.5
307,0,2,0,202,0,0,0,312,312,99999,0,0,3072,0.329,102.648,0.6,0.5
307,0,3,0,218,0,0,0,24,24,99999,0,0,3073,0.446,10.704,0.6,0.5
307,0,4,0,401,0,0,0,30,30,99999,0,0,3074,0.344,10.32,0.6,0.5
307,0,5,0,45,0,0,0,72,72,99999,0,0,3075,0.125,9.0,0.4,0.3
307,0,6,0,34,0,0,0,336,336,99999,0,0,3076,0.233,78.288,0.4,0.3
307,0,7,0,6,0,0,0,10,10,99999,0,0,3077,0.34,3.4,0.4,0.3
307,0,8,0,469,0,0,0,13,13,99999,0,0,3078,0.8,10.4,0.6,0.5
307,0,9,0,15,0,0,0,12,12,99999,0,0,3079,0.367,4.404,0.4,0.3
308,0,0,0,88,0,0,0,180,180,99999,0,0,3080,0.108,19.44,0.5,0.4
308,0,1,0,68,0,0,0,320,320,99999,0,0,3081,0.052,16.64,0.5,0.4
308,0,2,0,94,0,0,0,24,24,99999,0,0,3082,2.087,50.088,0.5,0.4
308,0,3,0,333,0,0,0,48,48,99999,0,0,3083,0.9,43.2,0.6,0.5
308,0,4,0,287,0,0,0,31,31,99999,0,0,3084,1.0,31.0,0.6,0.5
308,0,5,0,384,0,0,0,12,12,99999,0,0,3085,3.9,46.8,0.6,0.5
308,0,6,0,28,0,0,0,12,12,99999,0,0,3086,0.387,4.644,0.4,0.3
308,0,7,0,40,0,0,0,24,24,99999,0,0,3087,2.218,53.232,0.4,0.3
308,0,8,0,175,0,0,0,24,24,99999,0,0,3088,2.057,49.368,0.5,0.4
308,0,9,0,2,0,0,0,24,24,99999,0,0,3089,0.405,9.72,0.4,0.3
309,0,0,0,434,0,0,0,72,72,99999,0,0,3090,0.175,12.6,0.6,0.5
309,0,1,0,231,0,0,0,24,24,99999,0,0,3091,0.514,12.336,0.6,0.5
309,0,2,0,381,0,0,0,8,8,99999,0,0,3092,1.0,8.0,0.6,0.5
309,0,3,0,219,0,0,0,24,24,99999,0,0,3093,0.192,4.608,0.6,0.5
309,0,4,0,387,0,0,0,27,27,99999,0,0,3094,1.0,27.0,0.6,0.5
309,0,5,0,242,0,0,0,36,36,99999,0,0,3095,0.368,13.248,0.6,0.5
309,0,6,0,42,0,0,0,30,30,99999,0,0,3096,0.454,13.62,0.4,0.3
309,0,7,0,28,0,0,0,12,12,99999,0,0,3097,0.387,4.644,0.4,0.3
309,0,8,0,367,0,0,0,210,210,99999,0,0,3098,0.092,19.32,0.6,0.5
309,0,9,0,59,0,0,0,36,36,99999,0,0,3099,0.363,13.068,0.5,0.4
310,0,0,0,36,0,0,0,12,12,99999,0,0,3100,3.463,41.556,0.4,0.3
310,0,1,0,53,0,0,0,12,12,99999,0,0,3101,0.335,4.02,0.5,0.4
310,0,2,0,112,0,0,0,216,216,99999,0,0,3102,0.375,81.0,0.5,0.4
310,0,3,0,47,0,0,0,30,30,99999,0,0,3103,0.365,10.95,0.4,0.3
310,0,4,0,422,0,0,0,48,48,99999,0,0,3104,0.894,42.912,0.6,0.5
310,0,5,0,217,0,0,0,72,72,99999,0,0,3105,0.233,16.776,0.6,0.5
310,0,6,0,402,0,0,0,77,77,99999,0,0,3106,0.2,15.4,0.6,0.5
310,0,7,0,456,0,0,0,8,8,99999,0,0,3107,1.0,8.0,0.6,0.5
310,0,8,0,20,0,0,0,216,216,99999,0,0,3108,0.386,83.376,0.4,0.3
310,0,9,0,409,0,0,0,48,48,99999,0,0,3109,0.218,10.464,0.6,0.5
311,0,0,0,336,0,0,0,96,96,99999,0,0,3110,0.648,62.208,0.6,0.5
311,0,1,0,10,0,0,0,210,210,99999,0,0,3111,0.118,24.78,0.4,0.3
311,0,2,0,235,0,0,0,30,30,99999,0,0,3112,0.23,6.9,0.6,0.5
311,0,3,0,348,0,0,0,192,192,99999,0,0,3113,0.397,76.224,0.6,0.5
311,0,4,0,210,0,0,0,96,96,99999,0,0,3114,0.637,61.152,0.6,0.5
311,0,5,0,15,0,0,0,12,12,99999,0,0,3115,0.367,4.404,0.4,0.3
311,0,6,0,474,0,0,0,48,48,99999,0,0,3116,0.299,14.352,0.6,0.5
311,0,7,0,425,0,0,0,180,180,99999,0,0,3117,0.11,19.8,0.6,0.5
311,0,8,0,8,0,0,0,40,40,99999,0,0,3118,0.381,15.24,0.4,0.3
311,0,9,0,288,0,0,0,24,24,99999,0,0,3119,0.179,4.296,0.6,0.5
312,0,0,0,470,0,0,0,48,48,99999,0,0,3120,1.322,63.456,0.6,0.5
312,0,1,0,12,0,0,0,8,8,99999,0,0,3121,0.306,2.448,0.4,0.3
312,0,2,0,24,0,0,0,20,20,99999,0,0,3122,0.441,8.82,0.4,0.3
312,0,3,0,457,0,0,0,24,24,99999,0,0,3123,0.197,4.728,0.6,0.5
312,0,4,0,410,0,0,0,84,84,99999,0,0,3124,0.542,45.528,0.6,0.5
312,0,5,0,369,0,0,0,192,192,99999,0,0,3125,0.368,70.656,0.6,0.5
312,0,6,0,308,0,0,0,180,180,99999,0,0,3126,0.109,19.62,0.6,0.5
312,0,7,0,170,0,0,0,60,60,99999,0,0,3127,0.59,35.4,0.5,0.4
312,0,8,0,471,0,0,0,96,96,99999,0,0,3128,0.52,49.92,0.6,0.5
312,0,9,0,230,0,0,0,60,60,99999,0,0,3129,0.108,6.48,0.6,0.5
313,0,0,0,216,0,0,0,20,20,99999,0,0,3130,1.0,20.0,0.6,0.5
313,0,1,0,422,0,0,0,48,48,99999,0,0,3131,0.894,42.912,0.6,0.5
313,0,2,0,14,0,0,0,12,12,99999,0,0,3132,0.41,4.92,0.4,0.3
313,0,3,0,87,0,0,0,12,12,99999,0,0,3133,5.165,61.98,0.5,0.4
313,0,4,0,367,0,0,0,210,210,99999,0,0,3134,0.092,19.32,0.6,0.5
313,0,5,0,150,0,0,0,24,24,99999,0,0,3135,0.387,9.288,0.5,0.4
313,0,6,0,359,0,0,0,96,96,99999,0,0,3136,0.608,58.368,0.6,0.5
313,0,7,0,425,0,0,0,180,180,99999,0,0,3137,0.11,19.8,0.6,0.5
313,0,8,0,49,0,0,0,240,240,99999,0,0,3138,0.408,97.92,0.4,0.3
313,0,9,0,175,0,0,0,24,24,99999,0,0,3139,2.057,49.368,0.5,0.4
314,0,0,0,18,0,0,0,30,30,99999,0,0,3140,0.333,9.99,0.4,0.3
314,0,1,0,490,0,0,0,27,27,99999,0,0,3141,3.0,81.0,0.6,0.5
314,0,2,0,226,0,0,0,61,61,99999,0,0,3142,0.2,12.2,0.6,0.5
314,0,3,0,296,0,0,0,20,20,99999,0,0,3143,0.435,8.7,0.6,0.5
314,0,4,0,16,0,0,0,12,12,99999,0,0,3144,0.301,3.612,0.4,0.3
314,0,5,0,159,0,0,0,336,336,99999,0,0,3145,0.245,82.32,0.5,0.4
314,0,6,0,241,0,0,0,6,6,99999,0,0,3146,0.46,2.76,0.6,0.5
314,0,7,0,319,0,0,0,48,48,99999,0,0,3147,0.397,19.056,0.6,0.5
314,0,8,0,225,0,0,0,40,40,99999,0,0,3148,0.204,8.16,0.6,0.5
314,0,9,0,459,0,0,0,36,36,99999,0,0,3149,1.631,58.716,0.6,0.5
315,0,0,0,1,0,0,0,72,72,99999,0,0,3150,0.125,9.0,0.4,0.3
315,0,1,0,279,0,0,0,46,46,99999,0,0,3151,1.0,46.0,0.6,0.5
315,0,2,0,22,0,0,0,72,72,99999,0,0,3152,0.125,9.0,0.4,0.3
315,0,3,0,295,0,0,0,18,18,99999,0,0,3153,2.168,39.024,0.6,0.5
315,0,4,0,28,0,0,0,12,12,99999,0,0,3154,0.387,4.644,0.4,0.3
315,0,5,0,134,0,0,0,24,24,99999,0,0,3155,0.409,9.816,0.5,0.4
315,0,6,0,29,0,0,0,360,360,99999,0,0,3156,0.274,98.64,0.4,0.3
315,0,7,0,430,0,0,0,12,12,99999,0,0,3157,1.043,12.516,0.6,0.5
315,0,8,0,221,0,0,0,20,20,99999,0,0,3158,1.0,20.0,0.6,0.5
315,0,9,0,44,0,0,0,120,120,99999,0,0,3159,0.62,74.4,0.4,0.3
316,0,0,0,46,0,0,0,30,30,99999,0,0,3160,0.373,11.19,0.4,0.3
316,0,1,0,21,0,0,0,432,432,99999,0,0,3161,0.165,71.28,0.4,0.3
316,0,2,0,148,0,0,0,360,360,99999,0,0,3162,0.275,99.0,0.5,0.4
316,0,3,0,153,0,0,0,42,42,99999,0,0,3163,0.43,18.06,0.5,0.4
316,0,4,0,323,0,0,0,24,24,99999,0,0,3164,2.188,52.512,0.6,0.5
316,0,5,0,218,0,0,0,24,24,99999,0,0,3165,0.446,10.704,0.6,0.5
316,0,6,0,242,0,0,0,36,36,99999,0,0,3166,0.368,13.248,0.6,0.5
316,0,7,0,389,0,0,0,48,48,99999,0,0,3167,0.85,40.8,0.6,0.5
316,0,8,0,418,0,0,0,27,27,99999,0,0,3168,1.5,40.5,0.6,0.5
316,0,9,0,27,0,0,0,336,336,99999,0,0,3169,0.267,89.712,0.4,0.3
317,0,0,0,440,0,0,0,24,24,99999,0,0,3170,0.192,4.608,0.6,0.5
317,0,1,0,314,0,0,0,77,77,99999,0,0,3171,1.0,77.0,0.6,0.5
317,0,2,0,221,0,0,0,20,20,99999,0,0,3172,1.0,20.0,0.6,0.5
317,0,3,0,63,0,0,0,70,70,99999,0,0,3173,0.181,12.67,0.5,0.4
317,0,4,0,210,0,0,0,96,96,99999,0,0,3174,0.637,61.152,0.6,0.5
317,0,5,0,225,0,0,0,40,40,99999,0,0,3175,0.204,8.16,0.6,0.5
317,0,6,0,217,0,0,0,72,72,99999,0,0,3176,0.233,16.776,0.6,0.5
317,0,7,0,493,0,0,0,72,72,99999,0,0,3177,0.931,67.032,0.6,0.5
317,0,8,0,375,0,0,0,168,168,99999,0,0,3178,0.383,64.344,0.6,0.5
317,0,9,0,497,0,0,0,30,30,99999,0,0,3179,0.379,11.37,0.6,0.5
318,0,0,0,10,0,0,0,210,210,99999,0,0,3180,0.118,24.78,0.4,0.3
318,0,1,0,28,0,0,0,12,12,99999,0,0,3181,0.387,4.644,0.4,0.3
318,0,2,0,268,0,0,0,18,18,99999,0,0,3182,0.238,4.284,0.6,0.5
318,0,3,0,127,0,0,0,192,192,99999,0,0,3183,0.398,76.416,0.5,0.4
318,0,4,0,288,0,0,0,24,24,99999,0,0,3184,0.179,4.296,0.6,0.5
318,0,5,0,65,0,0,0,24,24,99999,0,0,3185,0.49,11.76,0.5,0.4
318,0,6,0,20,0,0,0,216,216,99999,0,0,3186,0.386,83.376,0.4,0.3
318,0,7,0,323,0,0,0,24,24,99999,0,0,3187,2.188,52.512,0.6,0.5
318,0,8,0,165,0,0,0,70,70,99999,0,0,3188,0.173,12.11,0.5,0.4
318,0,9,0,483,0,0,0,30,30,99999,0,0,3189,0.303,9.09,0.6,0.5
319,0,0,0,20,0,0,0,216,216,99999,0,0,3190,0.386,83.376,0.4,0.3
319,0,1,0,348,0,0,0,192,192,99999,0,0,3191,0.397,76.224,0.6,0.5
319,0,2,0,50,0,0,0,27,27,99999,0,0,3192,3.0,81.0,0.5,0.4
319,0,3,0,244,0,0,0,72,72,99999,0,0,3193,0.173,12.456,0.6,0.5
319,0,4,0,357,0,0,0,6,6,99999,0,0,3194,2.165,12.99,0.6,0.5
319,0,5,0,34,0,0,0,336,336,99999,0,0,3195,0.233,78.288,0.4,0.3
319,0,6,0,226,0,0,0,61,61,99999,0,0,3196,0.2,12.2,0.6,0.5
319,0,7,0,151,0,0,0,96,96,99999,0,0,3197,0.667,64.032,0.5,0.4
319,0,8,0,48,0,0,0,360,360,99999,0,0,3198,0.275,99.0,0.4,0.3
319,0,9,0,42,0,0,0,30,30,99999,0,0,3199,0.454,13.62,0.4,0.3
320,0,0,0,143,0,0,0,48,48,99999,0,0,3200,0.25,12.0,0.5,0.4
320,0,1,0,394,0,0,0,90,90,99999,0,0,3201,0.28,25.2,0.6,0.5
320,0,2,0,364,0,0,0,60,60,99999,0,0,3202,0.16,9.6,0.6,0.5
320,0,3,0,398,0,0,0,204,204,99999,0,0,3203,0.333,67.932,0.6,0.5
320,0,4,0,362,0,0,0,32,32,99999,0,0,3204,2.206,70.592,0.6,0.5
320,0,5,0,59,0,0,0,36,36,99999,0,0,3205,0.363,13.068,0.5,0.4
320,0,6,0,425,0,0,0,180,180,99999,0,0,3206,0.11,19.8,0.6,0.5
320,0,7,0,449,0,0,0,210,210,99999,0,0,3207,0.135,28.35,0.6,0.5
320,0,8,0,433,0,0,0,48,48,99999,0,0,3208,1.356,65.088,0.6,0.5
320,0,9,0,51,0,0,0,336,336,99999,0,0,3209,0.278,93.408,0.5,0.4
321,0,0,0,440,0,0,0,24,24,99999,0,0,3210,0.192,4.608,0.6,0.5
321,0,1,0,8,0,0,0,40,40,99999,0,0,3211,0.381,15.24,0.4,0.3
321,0,2,0,459,0,0,0,36,36,99999,0,0,3212,1.631,58.716,0.6,0.5
321,0,3,0,263,0,0,0,36,36,99999,0,0,3213,0.225,8.1,0.6,0.5
321,0,4,0,482,0,0,0,48,48,99999,0,0,3214,1.435,68.88,0.6,0.5
321,0,5,0,327,0,0,0,8,8,99999,0,0,3215,1.0,8.0,0.6,0.5
321,0,6,0,27,0,0,0,336,336,99999,0,0,3216,0.267,89.712,0.4,0.3
321,0,7,0,10,0,0,0,210,210,99999,0,0,3217,0.118,24.78,0.4,0.3
321,0,8,0,126,0,0,0,240,240,99999,0,0,3218,0.27,64.8,0.5,0.4
321,0,9,0,91,0,0,0,18,18,99999,0,0,3219,0.53,9.54,0.5,0.4
322,0,0,0,373,0,0,0,24,24,99999,0,0,3220,1.0,24.0,0.6,0.5
322,0,1,0,262,0,0,0,15,15,99999,0,0,3221,0.584,8.76,0.6,0.5
322,0,2,0,220,0,0,0,20,20,99999,0,0,3222,1.0,20.0,0.6,0.5
322,0,3,0,439,0,0,0,12,12,99999,0,0,3223,2.803,33.636,0.6,0.5
322,0,4,0,224,0,0,0,432,432,99999,0,0,3224,0.219,94.608,0.6,0.5
322,0,5,0,196,0,0,0,27,27,99999,0,0,3225,2.5,67.5,0.5,0.4
322,0,6,0,228,0,0,0,228,228,99999,0,0,3226,0.397,90.516,0.6,0.5
322,0,7,0,346,0,0,0,36,36,99999,0,0,3227,1.362,49.032,0.6,0.5
322,0,8,0,113,0,0,0,11,11,99999,0,0,3228,6.02,66.22,0.5,0.4
322,0,9,0,341,0,0,0,96,96,99999,0,0,3229,0.665,63.84,0.6,0.5
323,0,0,0,251,0,0,0,408,408,99999,0,0,3230,0.159,64.872,0.6,0.5
323,0,1,0,494,0,0,0,96,96,99999,0,0,3231,0.649,62.304,0.6,0.5
323,0,2,0,280,0,0,0,24,24,99999,0,0,3232,0.264,6.336,0.6,0.5
323,0,3,0,354,0,0,0,7,7,99999,0,0,3233,0.82,5.74,0.6,0.5
323,0,4,0,247,0,0,0,30,30,99999,0,0,3234,1.992,59.76,0.6,0.5
323,0,5,0,129,0,0,0,48,48,99999,0,0,3235,0.25,12.0,0.5,0.4
323,0,6,0,365,0,0,0,24,24,99999,0,0,3236,0.388,9.312,0.6,0.5
323,0,7,0,353,0,0,0,720,720,99999,0,0,3237,0.142,102.24,0.6,0.5
323,0,8,0,179,0,0,0,24,24,99999,0,0,3238,0.324,7.776,0.5,0.4
323,0,9,0,451,0,0,0,72,72,99999,0,0,3239,0.662,47.664,0.6,0.5
324,0,0,0,397,0,0,0,36,36,99999,0,0,3240,0.273,9.828,0.6,0.5
324,0,1,0,298,0,0,0,216,216,99999,0,0,3241,0.333,71.928,0.6,0.5
324,0,2,0,74,0,0,0,288,288,99999,0,0,3242,0.291,83.808,0.5,0.4
324,0,3,0,20,0,0,0,216,216,99999,0,0,3243,0.386,83.376,0.4,0.3
324,0,4,0,230,0,0,0,60,60,99999,0,0,3244,0.108,6.48,0.6,0.5
324,0,5,0,128,0,0,0,8,8,99999,0,0,3245,1.0,8.0,0.5,0.4
324,0,6,0,221,0,0,0,20,20,99999,0,0,3246,1.0,20.0,0.6,0.5
324,0,7,0,485,0,0,0,50,50,99999,0,0,3247,0.308,15.4,0.6,0.5
324,0,8,0,176,0,0,0,36,36,99999,0,0,3248,0.375,13.5,0.5,0.4
324,0,9,0,16,0,0,0,12,12,99999,0,0,3249,0.301,3.612,0.4,0.3
325,0,0,0,40,0,0,0,24,24,99999,0,0,3250,2.218,53.232,0.4,0.3
325,0,1,0,43,0,0,0,240,240,99999,0,0,3251,0.3,72.0,0.4,0.3
325,0,2,0,496,0,0,0,56,56,99999,0,0,3252,1.468,82.208,0.6,0.5
325,0,3,0,82,0,0,0,168,168,99999,0,0,3253,0.446,74.928,0.5,0.4
325,0,4,0,401,0,0,0,30,30,99999,0,0,3254,0.344,10.32,0.6,0.5
325,0,5,0,39,0,0,0,360,360,99999,0,0,3255,0.276,99.36,0.4,0.3
325,0,6,0,49,0,0,0,240,240,99999,0,0,3256,0.408,97.92,0.4,0.3
325,0,7,0,449,0,0,0,210,210,99999,0,0,3257,0.135,28.35,0.6,0.5
325,0,8,0,26,0,0,0,360,360,99999,0,0,3258,0.274,98.64,0.4,0.3
325,0,9,0,288,0,0,0,24,24,99999,0,0,3259,0.179,4.296,0.6,0.5
326,0,0,0,430,0,0,0,12,12,99999,0,0,3260,1.043,12.516,0.6,0.5
326,0,1,0,15,0,0,0,12,12,99999,0,0,3261,0.367,4.404,0.4,0.3
326,0,2,0,417,0,0,0,36,36,99999,0,0,3262,0.391,14.076,0.6,0.5
326,0,3,0,234,0,0,0,12,12,99999,0,0,3263,0.356,4.272,0.6,0.5
326,0,4,0,22,0,0,0,72,72,99999,0,0,3264,0.125,9.0,0.4,0.3
326,0,5,0,170,0,0,0,60,60,99999,0,0,3265,0.59,35.4,0.5,0.4
326,0,6,0,251,0,0,0,408,408,99999,0,0,3266,0.159,64.872,0.6,0.5
326,0,7,0,25,0,0,0,30,30,99999,0,0,3267,0.454,13.62,0.4,0.3
326,0,8,0,33,0,0,0,240,240,99999,0,0,3268,0.409,98.16,0.4,0.3
326,0,9,0,18,0,0,0,30,30,99999,0,0,3269,0.333,9.99,0.4,0.3
327,0,0,0,401,0,0,0,30,30,99999,0,0,3270,0.344,10.32,0.6,0.5
327,0,1,0,264,0,0,0,96,96,99999,0,0,3271,0.595,57.12,0.6,0.5
327,0,2,0,449,0,0,0,210,210,99999,0,0,3272,0.135,28.35,0.6,0.5
327,0,3,0,7,0,0,0,192,192,99999,0,0,3273,0.45,86.4,0.4,0.3
327,0,4,0,294,0,0,0,36,36,99999,0,0,3274,0.144,5.184,0.6,0.5
327,0,5,0,487,0,0,0,48,48,99999,0,0,3275,0.24,11.52,0.6,0.5
327,0,6,0,319,0,0,0,48,48,99999,0,0,3276,0.397,19.056,0.6,0.5
327,0,7,0,347,0,0,0,36,36,99999,0,0,3277,0.257,9.252,0.6,0.5
327,0,8,0,429,0,0,0,72,72,99999,0,0,3278,1.008,72.576,0.6,0.5
327,0,9,0,392,0,0,0,360,360,99999,0,0,3279,0.156,56.16,0.6,0.5
328,0,0,0,40,0,0,0,24,24,99999,0,0,3280,2.218,53.232,0.4,0.3
328,0,1,0,374,0,0,0,312,312,99999,0,0,3281,0.333,103.896,0.6,0.5
328,0,2,0,332,0,0,0,72,72,99999,0,0,3282,0.233,16.776,0.6,0.5
328,0,3,0,230,0,0,0,60,60,99999,0,0,3283,0.108,6.48,0.6,0.5
328,0,4,0,233,0,0,0,80,80,99999,0,0,3284,0.179,14.32,0.6,0.5
328,0,5,0,495,0,0,0,78,78,99999,0,0,3285,1.0,78.0,0.6,0.5
328,0,6,0,15,0,0,0,12,12,99999,0,0,3286,0.367,4.404,0.4,0.3
328,0,7,0,323,0,0,0,24,24,99999,0,0,3287,2.188,52.512,0.6,0.5
328,0,8,0,285,0,0,0,18,18,99999,0,0,3288,2.133,38.394,0.6,0.5
328,0,9,0,395,0,0,0,36,36,99999,0,0,3289,0.461,16.596,0.6,0.5
329,0,0,0,377,0,0,0,40,40,99999,0,0,3290,0.369,14.76,0.6,0.5
329,0,1,0,22,0,0,0,72,72,99999,0,0,3291,0.125,9.0,0.4,0.3
329,0,2,0,466,0,0,0,16,16,99999,0,0,3292,0.381,6.096,0.6,0.5
329,0,3,0,238,0,0,0,33,33,99999,0,0,3293,0.238,7.854,0.6,0.5
329,0,4,0,13,0,0,0,96,96,99999,0,0,3294,0.596,57.216,0.4,0.3
329,0,5,0,33,0,0,0,240,240,99999,0,0,3295,0.409,98.16,0.4,0.3
329,0,6,0,15,0,0,0,12,12,99999,0,0,3296,0.367,4.404,0.4,0.3
329,0,7,0,329,0,0,0,40,40,99999,0,0,3297,0.31,12.4,0.6,0.5
329,0,8,0,385,0,0,0,48,48,99999,0,0,3298,0.858,41.184,0.6,0.5
329,0,9,0,50,0,0,0,27,27,99999,0,0,3299,3.0,81.0,0.5,0.4
330,0,0,0,263,0,0,0,36,36,99999,0,0,3300,0.225,8.1,0.6,0.5
330,0,1,0,264,0,0,0,96,96,99999,0,0,3301,0.595,57.12,0.6,0.5
330,0,2,0,54,0,0,0,336,336,99999,0,0,3302,0.274,92.064,0.5,0.4
330,0,3,0,35,0,0,0,192,192,99999,0,0,3303,0.361,69.312,0.4,0.3
330,0,4,0,497,0,0,0,30,30,99999,0,0,3304,0.379,11.37,0.6,0.5
330,0,5,0,7,0,0,0,192,192,99999,0,0,3305,0.45,86.4,0.4,0.3
330,0,6,0,253,0,0,0,96,96,99999,0,0,3306,0.635,60.96,0.6,0.5
330,0,7,0,330,0,0,0,36,36,99999,0,0,3307,0.383,13.788,0.6,0.5
330,0,8,0,36,0,0,0,12,12,99999,0,0,3308,3.463,41.556,0.4,0.3
330,0,9,0,22,0,0,0,72,72,99999,0,0,3309,0.125,9.0,0.4,0.3
331,0,0,0,219,0,0,0,24,24,99999,0,0,3310,0.192,4.608,0.6,0.5
331,0,1,0,356,0,0,0,18,18,99999,0,0,3311,1.048,18.864,0.6,0.5
331,0,2,0,14,0,0,0,12,12,99999,0,0,3312,0.41,4.92,0.4,0.3
331,0,3,0,472,0,0,0,77,77,99999,0,0,3313,0.2,15.4,0.6,0.5
331,0,4,0,378,0,0,0,30,30,99999,0,0,3314,0.301,9.03,0.6,0.5
331,0,5,0,262,0,0,0,15,15,99999,0,0,3315,0.584,8.76,0.6,0.5
331,0,6,0,215,0,0,0,264,264,99999,0,0,3316,0.3,79.2,0.6,0.5
331,0,7,0,421,0,0,0,144,144,99999,0,0,3317,0.503,72.432,0.6,0.5
331,0,8,0,297,0,0,0,168,168,99999,0,0,3318,0.072,12.096,0.6,0.5
331,0,9,0,24,0,0,0,20,20,99999,0,0,3319,0.441,8.82,0.4,0.3
332,0,0,0,310,0,0,0,28,28,99999,0,0,3320,2.35,65.8,0.6,0.5
332,0,1,0,177,0,0,0,80,80,99999,0,0,3321,1.08,86.4,0.5,0.4
332,0,2,0,7,0,0,0,192,192,99999,0,0,3322,0.45,86.4,0.4,0.3
332,0,3,0,133,0,0,0,14,14,99999,0,0,3323,0.439,6.146,0.5,0.4
332,0,4,0,306,0,0,0,36,36,99999,0,0,3324,0.308,11.088,0.6,0.5
332,0,5,0,444,0,0,0,24,24,99999,0,0,3325,2.138,51.312,0.6,0.5
332,0,6,0,434,0,0,0,72,72,99999,0,0,3326,0.175,12.6,0.6,0.5
332,0,7,0,476,0,0,0,24,24,99999,0,0,3327,0.405,9.72,0.6,0.5
332,0,8,0,295,0,0,0,18,18,99999,0,0,3328,2.168,39.024,0.6,0.5
332,0,9,0,415,0,0,0,36,36,99999,0,0,3329,1.667,60.012,0.6,0.5
333,0,0,0,34,0,0,0,336,336,99999,0,0,3330,0.233,78.288,0.4,0.3
333,0,1,0,472,0,0,0,77,77,99999,0,0,3331,0.2,15.4,0.6,0.5
333,0,2,0,202,0,0,0,312,312,99999,0,0,3332,0.329,102.648,0.6,0.5
333,0,3,0,487,0,0,0,48,48,99999,0,0,3333,0.24,11.52,0.6,0.5
333,0,4,0,464,0,0,0,336,336,99999,0,0,3334,0.259,87.024,0.6,0.5
333,0,5,0,83,0,0,0,384,384,99999,0,0,3335,0.278,106.752,0.5,0.4
333,0,6,0,94,0,0,0,24,24,99999,0,0,3336,2.087,50.088,0.5,0.4
333,0,7,0,352,0,0,0,360,360,99999,0,0,3337,0.206,74.16,0.6,0.5
333,0,8,0,485,0,0,0,50,50,99999,0,0,3338,0.308,15.4,0.6,0.5
333,0,9,0,76,0,0,0,12,12,99999,0,0,3339,0.308,3.696,0.5,0.4
334,0,0,0,467,0,0,0,336,336,99999,0,0,3340,0.246,82.656,0.6,0.5
334,0,1,0,172,0,0,0,30,30,99999,0,0,3341,0.166,4.98,0.5,0.4
334,0,2,0,268,0,0,0,18,18,99999,0,0,3342,0.238,4.284,0.6,0.5
334,0,3,0,1,0,0,0,72,72,99999,0,0,3343,0.125,9.0,0.4,0.3
334,0,4,0,159,0,0,0,336,336,99999,0,0,3344,0.245,82.32,0.5,0.4
334,0,5,0,178,0,0,0,96,96,99999,0,0,3345,0.732,70.272,0.5,0.4
334,0,6,0,258,0,0,0,24,24,99999,0,0,3346,0.519,12.456,0.6,0.5
334,0,7,0,17,0,0,0,108,108,99999,0,0,3347,0.176,19.008,0.4,0.3
334,0,8,0,9,0,0,0,180,180,99999,0,0,3348,0.1,18.0,0.4,0.3
334,0,9,0,236,0,0,0,210,210,99999,0,0,3349,0.103,21.63,0.6,0.5
335,0,0,0,215,0,0,0,264,264,99999,0,0,3350,0.3,79.2,0.6,0.5
335,0,1,0,332,0,0,0,72,72,99999,0,0,3351,0.233,16.776,0.6,0.5
335,0,2,0,45,0,0,0,72,72,99999,0,0,3352,0.125,9.0,0.4,0.3
335,0,3,0,281,0,0,0,180,180,99999,0,0,3353,0.126,22.68,0.6,0.5
335,0,4,0,2,0,0,0,24,24,99999,0,0,3354,0.405,9.72,0.4,0.3
335,0,5,0,98,0,0,0,60,60,99999,0,0,3355,0.225,13.5,0.5,0.4
335,0,6,0,46,0,0,0,30,30,99999,0,0,3356,0.373,11.19,0.4,0.3
335,0,7,0,207,0,0,0,36,36,99999,0,0,3357,0.469,16.884,0.6,0.5
335,0,8,0,365,0,0,0,24,24,99999,0,0,3358,0.388,9.312,0.6,0.5
335,0,9,0,65,0,0,0,24,24,99999,0,0,3359,0.49,11.76,0.5,0.4
336,0,0,0,232,0,0,0,27,27,99999,0,0,3360,6.0,162.0,0.6,0.5
336,0,1,0,364,0,0,0,60,60,99999,0,0,3361,0.16,9.6,0.6,0.5
336,0,2,0,4,0,0,0,6,6,99999,0,0,3362,0.425,2.55,0.4,0.3
336,0,3,0,393,0,0,0,36,36,99999,0,0,3363,0.169,6.084,0.6,0.5
336,0,4,0,127,0,0,0,192,192,99999,0,0,3364,0.398,76.416,0.5,0.4
336,0,5,0,351,0,0,0,192,192,99999,0,0,3365,0.368,70.656,0.6,0.5
336,0,6,0,442,0,0,0,384,384,99999,0,0,3366,0.276,105.984,0.6,0.5
336,0,7,0,451,0,0,0,72,72,99999,0,0,3367,0.662,47.664,0.6,0.5
336,0,8,0,272,0,0,0,168,168,99999,0,0,3368,0.454,76.272,0.6,0.5
336,0,9,0,65,0,0,0,24,24,99999,0,0,3369,0.49,11.76,0.5,0.4
337,0,0,0,282,0,0,0,72,72,99999,0,0,3370,0.144,10.368,0.6,0.5
337,0,1,0,139,0,0,0,28,28,99999,0,0,3371,0.168,4.704,0.5,0.4
337,0,2,0,49,0,0,0,240,240,99999,0,0,3372,0.408,97.92,0.4,0.3
337,0,3,0,10,0,0,0,210,210,99999,0,0,3373,0.118,24.78,0.4,0.3
337,0,4,0,226,0,0,0,61,61,99999,0,0,3374,0.2,12.2,0.6,0.5
337,0,5,0,36,0,0,0,12,12,99999,0,0,3375,3.463,41.556,0.4,0.3
337,0,6,0,12,0,0,0,8,8,99999,0,0,3376,0.306,2.448,0.4,0.3
337,0,7,0,357,0,0,0,6,6,99999,0,0,3377,2.165,12.99,0.6,0.5
337,0,8,0,5,0,0,0,192,192,99999,0,0,3378,0.417,80.064,0.4,0.3
337,0,9,0,383,0,0,0,9,9,99999,0,0,3379,0.517,4.653,0.6,0.5
338,0,0,0,220,0,0,0,20,20,99999,0,0,3380,1.0,20.0,0.6,0.5
338,0,1,0,370,0,0,0,240,240,99999,0,0,3381,0.415,99.6,0.6,0.5
338,0,2,0,228,0,0,0,228,228,99999,0,0,3382,0.397,90.516,0.6,0.5
338,0,3,0,39,0,0,0,360,360,99999,0,0,3383,0.276,99.36,0.4,0.3
338,0,4,0,104,0,0,0,360,360,99999,0,0,3384,0.28,100.8,0.5,0.4
338,0,5,0,196,0,0,0,27,27,99999,0,0,3385,2.5,67.5,0.5,0.4
338,0,6,0,398,0,0,0,204,204,99999,0,0,3386,0.333,67.932,0.6,0.5
338,0,7,0,188,0,0,0,12,12,99999,0,0,3387,1.147,13.764,0.5,0.4
338,0,8,0,279,0,0,0,46,46,99999,0,0,3388,1.0,46.0,0.6,0.5
338,0,9,0,28,0,0,0,12,12,99999,0,0,3389,0.387,4.644,0.4,0.3
339,0,0,0,252,0,0,0,36,36,99999,0,0,3390,0.394,14.184,0.6,0.5
339,0,1,0,456,0,0,0,8,8,99999,0,0,3391,1.0,8.0,0.6,0.5
339,0,2,0,98,0,0,0,60,60,99999,0,0,3392,0.225,13.5,0.5,0.4
339,0,3,0,94,0,0,0,24,24,99999,0,0,3393,2.087,50.088,0.5,0.4
339,0,4,0,196,0,0,0,27,27,99999,0,0,3394,2.5,67.5,0.5,0.4
339,0,5,0,5,0,0,0,192,192,99999,0,0,3395,0.417,80.064,0.4,0.3
339,0,6,0,464,0,0,0,336,336,99999,0,0,3396,0.259,87.024,0.6,0.5
339,0,7,0,200,0,0,0,168,168,99999,0,0,3397,0.125,21.0,0.6,0.5
339,0,8,0,1,0,0,0,72,72,99999,0,0,3398,0.125,9.0,0.4,0.3
339,0,9,0,223,0,0,0,24,24,99999,0,0,3399,0.522,12.528,0.6,0.5
340,0,0,0,294,0,0,0,36,36,99999,0,0,3400,0.144,5.184,0.6,0.5
340,0,1,0,41,0,0,0,80,80,99999,0,0,3401,0.152,12.16,0.4,0.3
340,0,2,0,23,0,0,0,210,210,99999,0,0,3402,0.11,23.1,0.4,0.3
340,0,3,0,288,0,0,0,24,24,99999,0,0,3403,0.179,4.296,0.6,0.5
340,0,4,0,397,0,0,0,36,36,99999,0,0,3404,0.273,9.828,0.6,0.5
340,0,5,0,59,0,0,0,36,36,99999,0,0,3405,0.363,13.068,0.5,0.4
340,0,6,0,496,0,0,0,56,56,99999,0,0,3406,1.468,82.208,0.6,0.5
340,0,7,0,42,0,0,0,30,30,99999,0,0,3407,0.454,13.62,0.4,0.3
340,0,8,0,48,0,0,0,360,360,99999,0,0,3408,0.275,99.0,0.4,0.3
340,0,9,0,34,0,0,0,336,336,99999,0,0,3409,0.233,78.288,0.4,0.3
341,0,0,0,376,0,0,0,36,36,99999,0,0,3410,0.218,7.848,0.6,0.5
341,0,1,0,168,0,0,0,336,336,99999,0,0,3411,0.291,97.776,0.5,0.4
341,0,2,0,163,0,0,0,96,96,99999,0,0,3412,0.657,63.072,0.5,0.4
341,0,3,0,142,0,0,0,384,384,99999,0,0,3413,0.274,105.216,0.5,0.4
341,0,4,0,448,0,0,0,77,77,99999,0,0,3414,0.2,15.4,0.6,0.5
341,0,5,0,246,0,0,0,24,24,99999,0,0,3415,0.152,3.648,0.6,0.5
341,0,6,0,272,0,0,0,168,168,99999,0,0,3416,0.454,76.272,0.6,0.5
341,0,7,0,495,0,0,0,78,78,99999,0,0,3417,1.0,78.0,0.6,0.5
341,0,8,0,32,0,0,0,96,96,99999,0,0,3418,0.125,12.0,0.4,0.3
341,0,9,0,217,0,0,0,72,72,99999,0,0,3419,0.233,16.776,0.6,0.5
342,0,0,0,387,0,0,0,27,27,99999,0,0,3420,1.0,27.0,0.6,0.5
342,0,1,0,219,0,0,0,24,24,99999,0,0,3421,0.192,4.608,0.6,0.5
342,0,2,0,406,0,0,0,96,96,99999,0,0,3422,0.603,57.888,0.6,0.5
342,0,3,0,362,0,0,0,32,32,99999,0,0,3423,2.206,70.592,0.6,0.5
342,0,4,0,19,0,0,0,12,12,99999,0,0,3424,0.28,3.36,0.4,0.3
342,0,5,0,350,0,0,0,108,108,99999,0,0,3425,0.238,25.704,0.6,0.5
342,0,6,0,4,0,0,0,6,6,99999,0,0,3426,0.425,2.55,0.4,0.3
342,0,7,0,420,0,0,0,40,40,99999,0,0,3427,0.16,6.4,0.6,0.5
342,0,8,0,76,0,0,0,12,12,99999,0,0,3428,0.308,3.696,0.5,0.4
342,0,9,0,17,0,0,0,108,108,99999,0,0,3429,0.176,19.008,0.4,0.3
343,0,0,0,33,0,0,0,240,240,99999,0,0,3430,0.409,98.16,0.4,0.3
343,0,1,0,121,0,0,0,3,3,99999,0,0,3431,15.0,45.0,0.5,0.4
343,0,2,0,40,0,0,0,24,24,99999,0,0,3432,2.218,53.232,0.4,0.3
343,0,3,0,36,0,0,0,12,12,99999,0,0,3433,3.463,41.556,0.4,0.3
343,0,4,0,393,0,0,0,36,36,99999,0,0,3434,0.169,6.084,0.6,0.5
343,0,5,0,356,0,0,0,18,18,99999,0,0,3435,1.048,18.864,0.6,0.5
343,0,6,0,419,0,0,0,72,72,99999,0,0,3436,0.217,15.624,0.6,0.5
343,0,7,0,182,0,0,0,12,12,99999,0,0,3437,0.408,4.896,0.5,0.4
343,0,8,0,374,0,0,0,312,312,99999,0,0,3438,0.333,103.896,0.6,0.5
343,0,9,0,29,0,0,0,360,360,99999,0,0,3439,0.274,98.64,0.4,0.3
344,0,0,0,306,0,0,0,36,36,99999,0,0,3440,0.308,11.088,0.6,0.5
344,0,1,0,5,0,0,0,192,192,99999,0,0,3441,0.417,80.064,0.4,0.3
344,0,2,0,303,0,0,0,24,24,99999,0,0,3442,0.6,14.4,0.6,0.5
344,0,3,0,17,0,0,0,108,108,99999,0,0,3443,0.176,19.008,0.4,0.3
344,0,4,0,329,0,0,0,40,40,99999,0,0,3444,0.31,12.4,0.6,0.5
344,0,5,0,19,0,0,0,12,12,99999,0,0,3445,0.28,3.36,0.4,0.3
344,0,6,0,426,0,0,0,36,36,99999,0,0,3446,0.408,14.688,0.6,0.5
344,0,7,0,239,0,0,0,24,24,99999,0,0,3447,0.433,10.392,0.6,0.5
344,0,8,0,29,0,0,0,360,360,99999,0,0,3448,0.274,98.64,0.4,0.3
344,0,9,0,54,0,0,0,336,336,99999,0,0,3449,0.274,92.064,0.5,0.4
345,0,0,0,250,0,0,0,24,24,99999,0,0,3450,2.087,50.088,0.6,0.5
345,0,1,0,464,0,0,0,336,336,99999,0,0,3451,0.259,87.024,0.6,0.5
345,0,2,0,109,0,0,0,264,264,99999,0,0,3452,0.283,74.712,0.5,0.4
345,0,3,0,215,0,0,0,264,264,99999,0,0,3453,0.3,79.2,0.6,0.5
345,0,4,0,217,0,0,0,72,72,99999,0,0,3454,0.233,16.776,0.6,0.5
345,0,5,0,29,0,0,0,360,360,99999,0,0,3455,0.274,98.64,0.4,0.3
345,0,6,0,346,0,0,0,36,36,99999,0,0,3456,1.362,49.032,0.6,0.5
345,0,7,0,459,0,0,0,36,36,99999,0,0,3457,1.631,58.716,0.6,0.5
345,0,8,0,37,0,0,0,384,384,99999,0,0,3458,0.277,106.368,0.4,0.3
345,0,9,0,461,0,0,0,60,60,99999,0,0,3459,0.322,19.32,0.6,0.5
346,0,0,0,99,0,0,0,24,24,99999,0,0,3460,2.228,53.472,0.5,0.4
346,0,1,0,95,0,0,0,240,240,99999,0,0,3461,0.409,98.16,0.5,0.4
346,0,2,0,365,0,0,0,24,24,99999,0,0,3462,0.388,9.312,0.6,0.5
346,0,3,0,82,0,0,0,168,168,99999,0,0,3463,0.446,74.928,0.5,0.4
346,0,4,0,130,0,0,0,24,24,99999,0,0,3464,0.615,14.76,0.5,0.4
346,0,5,0,393,0,0,0,36,36,99999,0,0,3465,0.169,6.084,0.6,0.5
346,0,6,0,355,0,0,0,36,36,99999,0,0,3466,0.383,13.788,0.6,0.5
346,0,7,0,83,0,0,0,384,384,99999,0,0,3467,0.278,106.752,0.5,0.4
346,0,8,0,350,0,0,0,108,108,99999,0,0,3468,0.238,25.704,0.6,0.5
346,0,9,0,31,0,0,0,72,72,99999,0,0,3469,0.125,9.0,0.4,0.3
347,0,0,0,243,0,0,0,36,36,99999,0,0,3470,0.517,18.612,0.6,0.5
347,0,1,0,419,0,0,0,72,72,99999,0,0,3471,0.217,15.624,0.6,0.5
347,0,2,0,380,0,0,0,288,288,99999,0,0,3472,0.326,93.888,0.6,0.5
347,0,3,0,408,0,0,0,96,96,99999,0,0,3473,0.088,8.448,0.6,0.5
347,0,4,0,14,0,0,0,12,12,99999,0,0,3474,0.41,4.92,0.4,0.3
347,0,5,0,421,0,0,0,144,144,99999,0,0,3475,0.503,72.432,0.6,0.5
347,0,6,0,45,0,0,0,72,72,99999,0,0,3476,0.125,9.0,0.4,0.3
347,0,7,0,435,0,0,0,9,9,99999,0,0,3477,0.62,5.58,0.6,0.5
347,0,8,0,452,0,0,0,12,12,99999,0,0,3478,4.225,50.7,0.6,0.5
347,0,9,0,305,0,0,0,72,72,99999,0,0,3479,0.181,13.032,0.6,0.5
348,0,0,0,334,0,0,0,45,45,99999,0,0,3480,0.332,14.94,0.6,0.5
348,0,1,0,48,0,0,0,360,360,99999,0,0,3481,0.275,99.0,0.4,0.3
348,0,2,0,7,0,0,0,192,192,99999,0,0,3482,0.45,86.4,0.4,0.3
348,0,3,0,1,0,0,0,72,72,99999,0,0,3483,0.125,9.0,0.4,0.3
348,0,4,0,132,0,0,0,264,264,99999,0,0,3484,0.3,79.2,0.5,0.4
348,0,5,0,173,0,0,0,96,96,99999,0,0,3485,0.645,61.92,0.5,0.4
348,0,6,0,19,0,0,0,12,12,99999,0,0,3486,0.28,3.36,0.4,0.3
348,0,7,0,379,0,0,0,24,24,99999,0,0,3487,0.491,11.784,0.6,0.5
348,0,8,0,387,0,0,0,27,27,99999,0,0,3488,1.0,27.0,0.6,0.5
348,0,9,0,24,0,0,0,20,20,99999,0,0,3489,0.441,8.82,0.4,0.3
349,0,0,0,489,0,0,0,30,30,99999,0,0,3490,0.533,15.99,0.6,0.5
349,0,1,0,367,0,0,0,210,210,99999,0,0,3491,0.092,19.32,0.6,0.5
349,0,2,0,413,0,0,0,288,288,99999,0,0,3492,0.362,104.256,0.6,0.5
349,0,3,0,30,0,0,0,24,24,99999,0,0,3493,0.387,9.288,0.4,0.3
349,0,4,0,416,0,0,0,20,20,99999,0,0,3494,0.562,11.24,0.6,0.5
349,0,5,0,428,0,0,0,20,20,99999,0,0,3495,0.13,2.6,0.6,0.5
349,0,6,0,287,0,0,0,31,31,99999,0,0,3496,1.0,31.0,0.6,0.5
349,0,7,0,250,0,0,0,24,24,99999,0,0,3497,2.087,50.088,0.6,0.5
349,0,8,0,315,0,0,0,20,20,99999,0,0,3498,0.228,4.56,0.6,0.5
349,0,9,0,280,0,0,0,24,24,99999,0,0,3499,0.264,6.336,0.6,0.5
350,0,0,0,145,0,0,0,24,24,99999,0,0,3500,0.288,6.912,0.5,0.4
350,0,1,0,414,0,0,0,77,77,99999,0,0,3501,0.2,15.4,0.6,0.5
350,0,2,0,331,0,0,0,18,18,99999,0,0,3502,1.493,26.874,0.6,0.5
350,0,3,0,120,0,0,0,240,240,99999,0,0,3503,0.3,72.0,0.5,0.4
350,0,4,0,229,0,0,0,48,48,99999,0,0,3504,0.291,13.968,0.6,0.5
350,0,5,0,226,0,0,0,61,61,99999,0,0,3505,0.2,12.2,0.6,0.5
350,0,6,0,435,0,0,0,9,9,99999,0,0,3506,0.62,5.58,0.6,0.5
350,0,7,0,400,0,0,0,36,36,99999,0,0,3507,1.037,37.332,0.6,0.5
350,0,8,0,1,0,0,0,72,72,99999,0,0,3508,0.125,9.0,0.4,0.3
350,0,9,0,320,0,0,0,384,384,99999,0,0,3509,0.254,97.536,0.6,0.5
351,0,0,0,242,0,0,0,36,36,99999,0,0,3510,0.368,13.248,0.6,0.5
351,0,1,0,221,0,0,0,20,20,99999,0,0,3511,1.0,20.0,0.6,0.5
351,0,2,0,396,0,0,0,12,12,99999,0,0,3512,0.33,3.96,0.6,0.5
351,0,3,0,14,0,0,0,12,12,99999,0,0,3513,0.41,4.92,0.4,0.3
351,0,4,0,411,0,0,0,192,192,99999,0,0,3514,0.368,70.656,0.6,0.5
351,0,5,0,230,0,0,0,60,60,99999,0,0,3515,0.108,6.48,0.6,0.5
351,0,6,0,372,0,0,0,36,36,99999,0,0,3516,0.229,8.244,0.6,0.5
351,0,7,0,492,0,0,0,216,216,99999,0,0,3517,0.358,77.328,0.6,0.5
351,0,8,0,269,0,0,0,36,36,99999,0,0,3518,0.126,4.536,0.6,0.5
351,0,9,0,387,0,0,0,27,27,99999,0,0,3519,1.0,27.0,0.6,0.5
352,0,0,0,471,0,0,0,96,96,99999,0,0,3520,0.52,49.92,0.6,0.5
352,0,1,0,39,0,0,0,360,360,99999,0,0,3521,0.276,99.36,0.4,0.3
352,0,2,0,32,0,0,0,96,96,99999,0,0,3522,0.125,12.0,0.4,0.3
352,0,3,0,157,0,0,0,12,12,99999,0,0,3523,0.227,2.724,0.5,0.4
352,0,4,0,8,0,0,0,40,40,99999,0,0,3524,0.381,15.24,0.4,0.3
352,0,5,0,498,0,0,0,60,60,99999,0,0,3525,0.491,29.46,0.6,0.5
352,0,6,0,37,0,0,0,384,384,99999,0,0,3526,0.277,106.368,0.4,0.3
352,0,7,0,424,0,0,0,96,96,99999,0,0,3527,0.619,59.424,0.6,0.5
352,0,8,0,278,0,0,0,14,14,99999,0,0,3528,0.556,7.784,0.6,0.5
352,0,9,0,214,0,0,0,168,168,99999,0,0,3529,0.441,74.088,0.6,0.5
353,0,0,0,143,0,0,0,48,48,99999,0,0,3530,0.25,12.0,0.5,0.4
353,0,1,0,3,0,0,0,312,312,99999,0,0,3531,0.324,101.088,0.4,0.3
353,0,2,0,2,0,0,0,24,24,99999,0,0,3532,0.405,9.72,0.4,0.3
353,0,3,0,244,0,0,0,72,72,99999,0,0,3533,0.173,12.456,0.6,0.5
353,0,4,0,28,0,0,0,12,12,99999,0,0,3534,0.387,4.644,0.4,0.3
353,0,5,0,9,0,0,0,180,180,99999,0,0,3535,0.1,18.0,0.4,0.3
353,0,6,0,352,0,0,0,360,360,99999,0,0,3536,0.206,74.16,0.6,0.5
353,0,7,0,354,0,0,0,7,7,99999,0,0,3537,0.82,5.74,0.6,0.5
353,0,8,0,315,0,0,0,20,20,99999,0,0,3538,0.228,4.56,0.6,0.5
353,0,9,0,238,0,0,0,33,33,99999,0,0,3539,0.238,7.854,0.6,0.5
354,0,0,0,403,0,0,0,96,96,99999,0,0,3540,0.575,55.2,0.6,0.5
354,0,1,0,292,0,0,0,384,384,99999,0,0,3541,0.269,103.296,0.6,0.5
354,0,2,0,443,0,0,0,720,720,99999,0,0,3542,0.142,102.24,0.6,0.5
354,0,3,0,477,0,0,0,45,45,99999,0,0,3543,0.254,11.43,0.6,0.5
354,0,4,0,450,0,0,0,36,36,99999,0,0,3544,0.316,11.376,0.6,0.5
354,0,5,0,169,0,0,0,80,80,99999,0,0,3545,1.046,83.68,0.5,0.4
354,0,6,0,372,0,0,0,36,36,99999,0,0,3546,0.229,8.244,0.6,0.5
354,0,7,0,21,0,0,0,432,432,99999,0,0,3547,0.165,71.28,0.4,0.3
354,0,8,0,298,0,0,0,216,216,99999,0,0,3548,0.333,71.928,0.6,0.5
354,0,9,0,421,0,0,0,144,144,99999,0,0,3549,0.503,72.432,0.6,0.5
355,0,0,0,304,0,0,0,90,90,99999,0,0,3550,0.28,25.2,0.6,0.5
355,0,1,0,40,0,0,0,24,24,99999,0,0,3551,2.218,53.232,0.4,0.3
355,0,2,0,443,0,0,0,720,720,99999,0,0,3552,0.142,102.24,0.6,0.5
355,0,3,0,28,0,0,0,12,12,99999,0,0,3553,0.387,4.644,0.4,0.3
355,0,4,0,294,0,0,0,36,36,99999,0,0,3554,0.144,5.184,0.6,0.5
355,0,5,0,379,0,0,0,24,24,99999,0,0,3555,0.491,11.784,0.6,0.5
355,0,6,0,49,0,0,0,240,240,99999,0,0,3556,0.408,97.92,0.4,0.3
355,0,7,0,362,0,0,0,32,32,99999,0,0,3557,2.206,70.592,0.6,0.5
355,0,8,0,237,0,0,0,24,24,99999,0,0,3558,2.24,53.76,0.6,0.5
355,0,9,0,282,0,0,0,72,72,99999,0,0,3559,0.144,10.368,0.6,0.5
356,0,0,0,462,0,0,0,60,60,99999,0,0,3560,0.5,30.0,0.6,0.5
356,0,1,0,47,0,0,0,30,30,99999,0,0,3561,0.365,10.95,0.4,0.3
356,0,2,0,273,0,0,0,210,210,99999,0,0,3562,0.098,20.58,0.6,0.5
356,0,3,0,310,0,0,0,28,28,99999,0,0,3563,2.35,65.8,0.6,0.5
356,0,4,0,325,0,0,0,27,27,99999,0,0,3564,3.0,81.0,0.6,0.5
356,0,5,0,344,0,0,0,48,48,99999,0,0,3565,1.35,64.8,0.6,0.5
356,0,6,0,295,0,0,0,18,18,99999,0,0,3566,2.168,39.024,0.6,0.5
356,0,7,0,427,0,0,0,27,27,99999,0,0,3567,2.0,54.0,0.6,0.5
356,0,8,0,396,0,0,0,12,12,99999,0,0,3568,0.33,3.96,0.6,0.5
356,0,9,0,300,0,0,0,13,13,99999,0,0,3569,0.8,10.4,0.6,0.5
357,0,0,0,325,0,0,0,27,27,99999,0,0,3570,3.0,81.0,0.6,0.5
357,0,1,0,242,0,0,0,36,36,99999,0,0,3571,0.368,13.248,0.6,0.5
357,0,2,0,127,0,0,0,192,192,99999,0,0,3572,0.398,76.416,0.5,0.4
357,0,3,0,348,0,0,0,192,192,99999,0,0,3573,0.397,76.224,0.6,0.5
357,0,4,0,406,0,0,0,96,96,99999,0,0,3574,0.603,57.888,0.6,0.5
357,0,5,0,79,0,0,0,24,24,99999,0,0,3575,0.429,10.296,0.5,0.4
357,0,6,0,388,0,0,0,60,60,99999,0,0,3576,0.48,28.8,0.6,0.5
357,0,7,0,425,0,0,0,180,180,99999,0,0,3577,0.11,19.8,0.6,0.5
357,0,8,0,131,0,0,0,54,54,99999,0,0,3578,0.287,15.498,0.5,0.4
357,0,9,0,40,0,0,0,24,24,99999,0,0,3579,2.218,53.232,0.4,0.3
358,0,0,0,371,0,0,0,60,60,99999,0,0,3580,0.31,18.6,0.6,0.5
358,0,1,0,7,0,0,0,192,192,99999,0,0,3581,0.45,86.4,0.4,0.3
358,0,2,0,344,0,0,0,48,48,99999,0,0,3582,1.35,64.8,0.6,0.5
358,0,3,0,27,0,0,0,336,336,99999,0,0,3583,0.267,89.712,0.4,0.3
358,0,4,0,431,0,0,0,10,10,99999,0,0,3584,0.73,7.3,0.6,0.5
358,0,5,0,306,0,0,0,36,36,99999,0,0,3585,0.308,11.088,0.6,0.5
358,0,6,0,40,0,0,0,24,24,99999,0,0,3586,2.218,53.232,0.4,0.3
358,0,7,0,249,0,0,0,12,12,99999,0,0,3587,5.442,65.304,0.6,0.5
358,0,8,0,478,0,0,0,80,80,99999,0,0,3588,0.2,16.0,0.6,0.5
358,0,9,0,15,0,0,0,12,12,99999,0,0,3589,0.367,4.404,0.4,0.3
359,0,0,0,48,0,0,0,360,360,99999,0,0,3590,0.275,99.0,0.4,0.3
359,0,1,0,222,0,0,0,456,456,99999,0,0,3591,0.219,99.864,0.6,0.5
359,0,2,0,344,0,0,0,48,48,99999,0,0,3592,1.35,64.8,0.6,0.5
359,0,3,0,446,0,0,0,10,10,99999,0,0,3593,6.35,63.5,0.6,0.5
359,0,4,0,7,0,0,0,192,192,99999,0,0,3594,0.45,86.4,0.4,0.3
359,0,5,0,439,0,0,0,12,12,99999,0,0,3595,2.803,33.636,0.6,0.5
359,0,6,0,429,0,0,0,72,72,99999,0,0,3596,1.008,72.576,0.6,0.5
359,0,7,0,37,0,0,0,384,384,99999,0,0,3597,0.277,106.368,0.4,0.3
359,0,8,0,324,0,0,0,216,216,99999,0,0,3598,0.38,82.08,0.6,0.5
359,0,9,0,285,0,0,0,18,18,99999,0,0,3599,2.133,38.394,0.6,0.5
360,0,0,0,14,0,0,0,12,12,99999,0,0,3600,0.41,4.92,0.4,0.3
360,0,1,0,272,0,0,0,168,168,99999,0,0,3601,0.454,76.272,0.6,0.5
360,0,2,0,360,0,0,0,140,140,99999,0,0,3602,0.268,37.52,0.6,0.5
360,0,3,0,170,0,0,0,60,60,99999,0,0,3603,0.59,35.4,0.5,0.4
360,0,4,0,71,0,0,0,24,24,99999,0,0,3604,0.288,6.912,0.5,0.4
360,0,5,0,42,0,0,0,30,30,99999,0,0,3605,0.454,13.62,0.4,0.3
360,0,6,0,276,0,0,0,16,16,99999,0,0,3606,1.25,20.0,0.6,0.5
360,0,7,0,462,0,0,0,60,60,99999,0,0,3607,0.5,30.0,0.6,0.5
360,0,8,0,328,0,0,0,312,312,99999,0,0,3608,0.275,85.8,0.6,0.5
360,0,9,0,11,0,0,0,264,264,99999,0,0,3609,0.282,74.448,0.4,0.3
361,0,0,0,397,0,0,0,36,36,99999,0,0,3610,0.273,9.828,0.6,0.5
361,0,1,0,257,0,0,0,9,9,99999,0,0,3611,0.58,5.22,0.6,0.5
361,0,2,0,474,0,0,0,48,48,99999,0,0,3612,0.299,14.352,0.6,0.5
361,0,3,0,119,0,0,0,74,74,99999,0,0,3613,0.2,14.8,0.5,0.4
361,0,4,0,392,0,0,0,360,360,99999,0,0,3614,0.156,56.16,0.6,0.5
361,0,5,0,151,0,0,0,96,96,99999,0,0,3615,0.667,64.032,0.5,0.4
361,0,6,0,306,0,0,0,36,36,99999,0,0,3616,0.308,11.088,0.6,0.5
361,0,7,0,287,0,0,0,31,31,99999,0,0,3617,1.0,31.0,0.6,0.5
361,0,8,0,6,0,0,0,10,10,99999,0,0,3618,0.34,3.4,0.4,0.3
361,0,9,0,433,0,0,0,48,48,99999,0,0,3619,1.356,65.088,0.6,0.5
362,0,0,0,18,0,0,0,30,30,99999,0,0,3620,0.333,9.99,0.4,0.3
362,0,1,0,11,0,0,0,264,264,99999,0,0,3621,0.282,74.448,0.4,0.3
362,0,2,0,333,0,0,0,48,48,99999,0,0,3622,0.9,43.2,0.6,0.5
362,0,3,0,24,0,0,0,20,20,99999,0,0,3623,0.441,8.82,0.4,0.3
362,0,4,0,42,0,0,0,30,30,99999,0,0,3624,0.454,13.62,0.4,0.3
362,0,5,0,418,0,0,0,27,27,99999,0,0,3625,1.5,40.5,0.6,0.5
362,0,6,0,479,0,0,0,72,72,99999,0,0,3626,0.465,33.48,0.6,0.5
362,0,7,0,14,0,0,0,12,12,99999,0,0,3627,0.41,4.92,0.4,0.3
362,0,8,0,46,0,0,0,30,30,99999,0,0,3628,0.373,11.19,0.4,0.3
362,0,9,0,433,0,0,0,48,48,99999,0,0,3629,1.356,65.088,0.6,0.5
363,0,0,0,391,0,0,0,5,5,99999,0,0,3630,7.23,36.15,0.6,0.5
363,0,1,0,38,0,0,0,384,384,99999,0,0,3631,0.275,105.6,0.4,0.3
363,0,2,0,80,0,0,0,32,32,99999,0,0,3632,0.468,14.976,0.5,0.4
363,0,3,0,36,0,0,0,12,12,99999,0,0,3633,3.463,41.556,0.4,0.3
363,0,4,0,217,0,0,0,72,72,99999,0,0,3634,0.233,16.776,0.6,0.5
363,0,5,0,451,0,0,0,72,72,99999,0,0,3635,0.662,47.664,0.6,0.5
363,0,6,0,42,0,0,0,30,30,99999,0,0,3636,0.454,13.62,0.4,0.3
363,0,7,0,183,0,0,0,288,288,99999,0,0,3637,0.241,69.408,0.5,0.4
363,0,8,0,313,0,0,0,12,12,99999,0,0,3638,0.375,4.5,0.6,0.5
363,0,9,0,261,0,0,0,192,192,99999,0,0,3639,0.408,78.336,0.6,0.5
364,0,0,0,186,0,0,0,70,70,99999,0,0,3640,0.181,12.67,0.5,0.4
364,0,1,0,183,0,0,0,288,288,99999,0,0,3641,0.241,69.408,0.5,0.4
364,0,2,0,275,0,0,0,36,36,99999,0,0,3642,0.368,13.248,0.6,0.5
364,0,3,0,48,0,0,0,360,360,99999,0,0,3643,0.275,99.0,0.4,0.3
364,0,4,0,442,0,0,0,384,384,99999,0,0,3644,0.276,105.984,0.6,0.5
364,0,5,0,25,0,0,0,30,30,99999,0,0,3645,0.454,13.62,0.4,0.3
364,0,6,0,135,0,0,0,96,96,99999,0,0,3646,0.716,68.736,0.5,0.4
364,0,7,0,180,0,0,0,216,216,99999,0,0,3647,0.408,88.128,0.5,0.4
364,0,8,0,385,0,0,0,48,48,99999,0,0,3648,0.858,41.184,0.6,0.5
364,0,9,0,196,0,0,0,27,27,99999,0,0,3649,2.5,67.5,0.5,0.4
365,0,0,0,293,0,0,0,264,264,99999,0,0,3650,0.375,99.0,0.6,0.5
365,0,1,0,419,0,0,0,72,72,99999,0,0,3651,0.217,15.624,0.6,0.5
365,0,2,0,12,0,0,0,8,8,99999,0,0,3652,0.306,2.448,0.4,0.3
365,0,3,0,22,0,0,0,72,72,99999,0,0,3653,0.125,9.0,0.4,0.3
365,0,4,0,294,0,0,0,36,36,99999,0,0,3654,0.144,5.184,0.6,0.5
365,0,5,0,40,0,0,0,24,24,99999,0,0,3655,2.218,53.232,0.4,0.3
365,0,6,0,345,0,0,0,24,24,99999,0,0,3656,2.333,55.992,0.6,0.5
365,0,7,0,333,0,0,0,48,48,99999,0,0,3657,0.9,43.2,0.6,0.5
365,0,8,0,51,0,0,0,336,336,99999,0,0,3658,0.278,93.408,0.5,0.4
365,0,9,0,26,0,0,0,360,360,99999,0,0,3659,0.274,98.64,0.4,0.3
366,0,0,0,0,0,0,0,36,36,99999,0,0,3660,1.602,57.672,0.4,0.3
366,0,1,0,407,0,0,0,288,288,99999,0,0,3661,0.07,20.16,0.6,0.5
366,0,2,0,379,0,0,0,24,24,99999,0,0,3662,0.491,11.784,0.6,0.5
366,0,3,0,198,0,0,0,288,288,99999,0,0,3663,0.07,20.16,0.5,0.4
366,0,4,0,216,0,0,0,20,20,99999,0,0,3664,1.0,20.0,0.6,0.5
366,0,5,0,101,0,0,0,384,384,99999,0,0,3665,0.275,105.6,0.5,0.4
366,0,6,0,81,0,0,0,12,12,99999,0,0,3666,0.248,2.976,0.5,0.4
366,0,7,0,444,0,0,0,24,24,99999,0,0,3667,2.138,51.312,0.6,0.5
366,0,8,0,131,0,0,0,54,54,99999,0,0,3668,0.287,15.498,0.5,0.4
366,0,9,0,17,0,0,0,108,108,99999,0,0,3669,0.176,19.008,0.4,0.3
367,0,0,0,351,0,0,0,192,192,99999,0,0,3670,0.368,70.656,0.6,0.5
367,0,1,0,225,0,0,0,40,40,99999,0,0,3671,0.204,8.16,0.6,0.5
367,0,2,0,239,0,0,0,24,24,99999,0,0,3672,0.433,10.392,0.6,0.5
367,0,3,0,23,0,0,0,210,210,99999,0,0,3673,0.11,23.1,0.4,0.3
367,0,4,0,6,0,0,0,10,10,99999,0,0,3674,0.34,3.4,0.4,0.3
367,0,5,0,385,0,0,0,48,48,99999,0,0,3675,0.858,41.184,0.6,0.5
367,0,6,0,20,0,0,0,216,216,99999,0,0,3676,0.386,83.376,0.4,0.3
367,0,7,0,279,0,0,0,46,46,99999,0,0,3677,1.0,46.0,0.6,0.5
367,0,8,0,184,0,0,0,192,192,99999,0,0,3678,0.358,68.736,0.5,0.4
367,0,9,0,366,0,0,0,72,72,99999,0,0,3679,0.643,46.296,0.6,0.5
368,0,0,0,336,0,0,0,96,96,99999,0,0,3680,0.648,62.208,0.6,0.5
368,0,1,0,4,0,0,0,6,6,99999,0,0,3681,0.425,2.55,0.4,0.3
368,0,2,0,26,0,0,0,360,360,99999,0,0,3682,0.274,98.64,0.4,0.3
368,0,3,0,470,0,0,0,48,48,99999,0,0,3683,1.322,63.456,0.6,0.5
368,0,4,0,479,0,0,0,72,72,99999,0,0,3684,0.465,33.48,0.6,0.5
368,0,5,0,461,0,0,0,60,60,99999,0,0,3685,0.322,19.32,0.6,0.5
368,0,6,0,325,0,0,0,27,27,99999,0,0,3686,3.0,81.0,0.6,0.5
368,0,7,0,57,0,0,0,30,30,99999,0,0,3687,0.351,10.53,0.5,0.4
368,0,8,0,10,0,0,0,210,210,99999,0,0,3688,0.118,24.78,0.4,0.3
368,0,9,0,484,0,0,0,432,432,99999,0,0,3689,0.218,94.176,0.6,0.5
369,0,0,0,37,0,0,0,384,384,99999,0,0,3690,0.277,106.368,0.4,0.3
369,0,1,0,393,0,0,0,36,36,99999,0,0,3691,0.169,6.084,0.6,0.5
369,0,2,0,315,0,0,0,20,20,99999,0,0,3692,0.228,4.56,0.6,0.5
369,0,3,0,423,0,0,0,48,48,99999,0,0,3693,0.191,9.168,0.6,0.5
369,0,4,0,134,0,0,0,24,24,99999,0,0,3694,0.409,9.816,0.5,0.4
369,0,5,0,39,0,0,0,360,360,99999,0,0,3695,0.276,99.36,0.4,0.3
369,0,6,0,14,0,0,0,12,12,99999,0,0,3696,0.41,4.92,0.4,0.3
369,0,7,0,195,0,0,0,30,30,99999,0,0,3697,0.589,17.67,0.5,0.4
369,0,8,0,428,0,0,0,20,20,99999,0,0,3698,0.13,2.6,0.6,0.5
369,0,9,0,362,0,0,0,32,32,99999,0,0,3699,2.206,70.592,0.6,0.5
370,0,0,0,47,0,0,0,30,30,99999,0,0,3700,0.365,10.95,0.4,0.3
370,0,1,0,487,0,0,0,48,48,99999,0,0,3701,0.24,11.52,0.6,0.5
370,0,2,0,76,0,0,0,12,12,99999,0,0,3702,0.308,3.696,0.5,0.4
370,0,3,0,10,0,0,0,210,210,99999,0,0,3703,0.118,24.78,0.4,0.3
370,0,4,0,292,0,0,0,384,384,99999,0,0,3704,0.269,103.296,0.6,0.5
370,0,5,0,219,0,0,0,24,24,99999,0,0,3705,0.192,4.608,0.6,0.5
370,0,6,0,33,0,0,0,240,240,99999,0,0,3706,0.409,98.16,0.4,0.3
370,0,7,0,321,0,0,0,180,180,99999,0,0,3707,0.13,23.4,0.6,0.5
370,0,8,0,40,0,0,0,24,24,99999,0,0,3708,2.218,53.232,0.4,0.3
370,0,9,0,455,0,0,0,40,40,99999,0,0,3709,0.091,3.64,0.6,0.5
371,0,0,0,157,0,0,0,12,12,99999,0,0,3710,0.227,2.724,0.5,0.4
371,0,1,0,254,0,0,0,36,36,99999,0,0,3711,1.648,59.328,0.6,0.5
371,0,2,0,224,0,0,0,432,432,99999,0,0,3712,0.219,94.608,0.6,0.5
371,0,3,0,282,0,0,0,72,72,99999,0,0,3713,0.144,10.368,0.6,0.5
371,0,4,0,151,0,0,0,96,96,99999,0,0,3714,0.667,64.032,0.5,0.4
371,0,5,0,200,0,0,0,168,168,99999,0,0,3715,0.125,21.0,0.6,0.5
371,0,6,0,145,0,0,0,24,24,99999,0,0,3716,0.288,6.912,0.5,0.4
371,0,7,0,439,0,0,0,12,12,99999,0,0,3717,2.803,33.636,0.6,0.5
371,0,8,0,19,0,0,0,12,12,99999,0,0,3718,0.28,3.36,0.4,0.3
371,0,9,0,161,0,0,0,210,210,99999,0,0,3719,0.114,23.94,0.5,0.4
372,0,0,0,28,0,0,0,12,12,99999,0,0,3720,0.387,4.644,0.4,0.3
372,0,1,0,49,0,0,0,240,240,99999,0,0,3721,0.408,97.92,0.4,0.3
372,0,2,0,402,0,0,0,77,77,99999,0,0,3722,0.2,15.4,0.6,0.5
372,0,3,0,159,0,0,0,336,336,99999,0,0,3723,0.245,82.32,0.5,0.4
372,0,4,0,11,0,0,0,264,264,99999,0,0,3724,0.282,74.448,0.4,0.3
372,0,5,0,419,0,0,0,72,72,99999,0,0,3725,0.217,15.624,0.6,0.5
372,0,6,0,225,0,0,0,40,40,99999,0,0,3726,0.204,8.16,0.6,0.5
372,0,7,0,7,0,0,0,192,192,99999,0,0,3727,0.45,86.4,0.4,0.3
372,0,8,0,45,0,0,0,72,72,99999,0,0,3728,0.125,9.0,0.4,0.3
372,0,9,0,12,0,0,0,8,8,99999,0,0,3729,0.306,2.448,0.4,0.3
373,0,0,0,5,0,0,0,192,192,99999,0,0,3730,0.417,80.064,0.4,0.3
373,0,1,0,35,0,0,0,192,192,99999,0,0,3731,0.361,69.312,0.4,0.3
373,0,2,0,37,0,0,0,384,384,99999,0,0,3732,0.277,106.368,0.4,0.3
373,0,3,0,346,0,0,0,36,36,99999,0,0,3733,1.362,49.032,0.6,0.5
373,0,4,0,361,0,0,0,312,312,99999,0,0,3734,0.328,102.336,0.6,0.5
373,0,5,0,121,0,0,0,3,3,99999,0,0,3735,15.0,45.0,0.5,0.4
373,0,6,0,162,0,0,0,24,24,99999,0,0,3736,0.698,16.752,0.5,0.4
373,0,7,0,289,0,0,0,240,240,99999,0,0,3737,0.047,11.28,0.6,0.5
373,0,8,0,249,0,0,0,12,12,99999,0,0,3738,5.442,65.304,0.6,0.5
373,0,9,0,16,0,0,0,12,12,99999,0,0,3739,0.301,3.612,0.4,0.3
374,0,0,0,150,0,0,0,24,24,99999,0,0,3740,0.387,9.288,0.5,0.4
374,0,1,0,231,0,0,0,24,24,99999,0,0,3741,0.514,12.336,0.6,0.5
374,0,2,0,319,0,0,0,48,48,99999,0,0,3742,0.397,19.056,0.6,0.5
374,0,3,0,31,0,0,0,72,72,99999,0,0,3743,0.125,9.0,0.4,0.3
374,0,4,0,473,0,0,0,100,100,99999,0,0,3744,0.1,10.0,0.6,0.5
374,0,5,0,42,0,0,0,30,30,99999,0,0,3745,0.454,13.62,0.4,0.3
374,0,6,0,270,0,0,0,80,80,99999,0,0,3746,0.924,73.92,0.6,0.5
374,0,7,0,45,0,0,0,72,72,99999,0,0,3747,0.125,9.0,0.4,0.3
374,0,8,0,310,0,0,0,28,28,99999,0,0,3748,2.35,65.8,0.6,0.5
374,0,9,0,34,0,0,0,336,336,99999,0,0,3749,0.233,78.288,0.4,0.3
375,0,0,0,390,0,0,0,24,24,99999,0,0,3750,0.221,5.304,0.6,0.5
375,0,1,0,475,0,0,0,60,60,99999,0,0,3751,0.871,52.26,0.6,0.5
375,0,2,0,371,0,0,0,60,60,99999,0,0,3752,0.31,18.6,0.6,0.5
375,0,3,0,446,0,0,0,10,10,99999,0,0,3753,6.35,63.5,0.6,0.5
375,0,4,0,443,0,0,0,720,720,99999,0,0,3754,0.142,102.24,0.6,0.5
375,0,5,0,17,0,0,0,108,108,99999,0,0,3755,0.176,19.008,0.4,0.3
375,0,6,0,197,0,0,0,432,432,99999,0,0,3756,0.164,70.848,0.5,0.4
375,0,7,0,37,0,0,0,384,384,99999,0,0,3757,0.277,106.368,0.4,0.3
375,0,8,0,495,0,0,0,78,78,99999,0,0,3758,1.0,78.0,0.6,0.5
375,0,9,0,428,0,0,0,20,20,99999,0,0,3759,0.13,2.6,0.6,0.5
376,0,0,0,21,0,0,0,432,432,99999,0,0,3760,0.165,71.28,0.4,0.3
376,0,1,0,238,0,0,0,33,33,99999,0,0,3761,0.238,7.854,0.6,0.5
376,0,2,0,296,0,0,0,20,20,99999,0,0,3762,0.435,8.7,0.6,0.5
376,0,3,0,250,0,0,0,24,24,99999,0,0,3763,2.087,50.088,0.6,0.5
376,0,4,0,491,0,0,0,312,312,99999,0,0,3764,0.329,102.648,0.6,0.5
376,0,5,0,452,0,0,0,12,12,99999,0,0,3765,4.225,50.7,0.6,0.5
376,0,6,0,46,0,0,0,30,30,99999,0,0,3766,0.373,11.19,0.4,0.3
376,0,7,0,182,0,0,0,12,12,99999,0,0,3767,0.408,4.896,0.5,0.4
376,0,8,0,438,0,0,0,48,48,99999,0,0,3768,0.27,12.96,0.6,0.5
376,0,9,0,236,0,0,0,210,210,99999,0,0,3769,0.103,21.63,0.6,0.5
377,0,0,0,406,0,0,0,96,96,99999,0,0,3770,0.603,57.888,0.6,0.5
377,0,1,0,280,0,0,0,24,24,99999,0,0,3771,0.264,6.336,0.6,0.5
377,0,2,0,71,0,0,0,24,24,99999,0,0,3772,0.288,6.912,0.5,0.4
377,0,3,0,35,0,0,0,192,192,99999,0,0,3773,0.361,69.312,0.4,0.3
377,0,4,0,22,0,0,0,72,72,99999,0,0,3774,0.125,9.0,0.4,0.3
377,0,5,0,292,0,0,0,384,384,99999,0,0,3775,0.269,103.296,0.6,0.5
377,0,6,0,263,0,0,0,36,36,99999,0,0,3776,0.225,8.1,0.6,0.5
377,0,7,0,440,0,0,0,24,24,99999,0,0,3777,0.192,4.608,0.6,0.5
377,0,8,0,474,0,0,0,48,48,99999,0,0,3778,0.299,14.352,0.6,0.5
377,0,9,0,9,0,0,0,180,180,99999,0,0,3779,0.1,18.0,0.4,0.3
378,0,0,0,37,0,0,0,384,384,99999,0,0,3780,0.277,106.368,0.4,0.3
378,0,1,0,288,0,0,0,24,24,99999,0,0,3781,0.179,4.296,0.6,0.5
378,0,2,0,419,0,0,0,72,72,99999,0,0,3782,0.217,15.624,0.6,0.5
378,0,3,0,25,0,0,0,30,30,99999,0,0,3783,0.454,13.62,0.4,0.3
378,0,4,0,200,0,0,0,168,168,99999,0,0,3784,0.125,21.0,0.6,0.5
378,0,5,0,38,0,0,0,384,384,99999,0,0,3785,0.275,105.6,0.4,0.3
378,0,6,0,349,0,0,0,24,24,99999,0,0,3786,2.3,55.2,0.6,0.5
378,0,7,0,236,0,0,0,210,210,99999,0,0,3787,0.103,21.63,0.6,0.5
378,0,8,0,408,0,0,0,96,96,99999,0,0,3788,0.088,8.448,0.6,0.5
378,0,9,0,46,0,0,0,30,30,99999,0,0,3789,0.373,11.19,0.4,0.3
379,0,0,0,351,0,0,0,192,192,99999,0,0,3790,0.368,70.656,0.6,0.5
379,0,1,0,440,0,0,0,24,24,99999,0,0,3791,0.192,4.608,0.6,0.5
379,0,2,0,38,0,0,0,384,384,99999,0,0,3792,0.275,105.6,0.4,0.3
379,0,3,0,29,0,0,0,360,360,99999,0,0,3793,0.274,98.64,0.4,0.3
379,0,4,0,289,0,0,0,240,240,99999,0,0,3794,0.047,11.28,0.6,0.5
379,0,5,0,246,0,0,0,24,24,99999,0,0,3795,0.152,3.648,0.6,0.5
379,0,6,0,23,0,0,0,210,210,99999,0,0,3796,0.11,23.1,0.4,0.3
379,0,7,0,13,0,0,0,96,96,99999,0,0,3797,0.596,57.216,0.4,0.3
379,0,8,0,9,0,0,0,180,180,99999,0,0,3798,0.1,18.0,0.4,0.3
379,0,9,0,281,0,0,0,180,180,99999,0,0,3799,0.126,22.68,0.6,0.5
380,0,0,0,455,0,0,0,40,40,99999,0,0,3800,0.091,3.64,0.6,0.5
380,0,1,0,17,0,0,0,108,108,99999,0,0,3801,0.176,19.008,0.4,0.3
380,0,2,0,347,0,0,0,36,36,99999,0,0,3802,0.257,9.252,0.6,0.5
380,0,3,0,46,0,0,0,30,30,99999,0,0,3803,0.373,11.19,0.4,0.3
380,0,4,0,258,0,0,0,24,24,99999,0,0,3804,0.519,12.456,0.6,0.5
380,0,5,0,218,0,0,0,24,24,99999,0,0,3805,0.446,10.704,0.6,0.5
380,0,6,0,224,0,0,0,432,432,99999,0,0,3806,0.219,94.608,0.6,0.5
380,0,7,0,153,0,0,0,42,42,99999,0,0,3807,0.43,18.06,0.5,0.4
380,0,8,0,8,0,0,0,40,40,99999,0,0,3808,0.381,15.24,0.4,0.3
380,0,9,0,493,0,0,0,72,72,99999,0,0,3809,0.931,67.032,0.6,0.5
381,0,0,0,229,0,0,0,48,48,99999,0,0,3810,0.291,13.968,0.6,0.5
381,0,1,0,48,0,0,0,360,360,99999,0,0,3811,0.275,99.0,0.4,0.3
381,0,2,0,85,0,0,0,24,24,99999,0,0,3812,0.392,9.408,0.5,0.4
381,0,3,0,495,0,0,0,78,78,99999,0,0,3813,1.0,78.0,0.6,0.5
381,0,4,0,45,0,0,0,72,72,99999,0,0,3814,0.125,9.0,0.4,0.3
381,0,5,0,33,0,0,0,240,240,99999,0,0,3815,0.409,98.16,0.4,0.3
381,0,6,0,22,0,0,0,72,72,99999,0,0,3816,0.125,9.0,0.4,0.3
381,0,7,0,223,0,0,0,24,24,99999,0,0,3817,0.522,12.528,0.6,0.5
381,0,8,0,8,0,0,0,40,40,99999,0,0,3818,0.381,15.24,0.4,0.3
381,0,9,0,118,0,0,0,180,180,99999,0,0,3819,0.1,18.0,0.5,0.4
382,0,0,0,25,0,0,0,30,30,99999,0,0,3820,0.454,13.62,0.4,0.3
382,0,1,0,407,0,0,0,288,288,99999,0,0,3821,0.07,20.16,0.6,0.5
382,0,2,0,206,0,0,0,120,120,99999,0,0,3822,0.155,18.6,0.6,0.5
382,0,3,0,265,0,0,0,30,30,99999,0,0,3823,0.468,14.04,0.6,0.5
382,0,4,0,485,0,0,0,50,50,99999,0,0,3824,0.308,15.4,0.6,0.5
382,0,5,0,246,0,0,0,24,24,99999,0,0,3825,0.152,3.648,0.6,0.5
382,0,6,0,159,0,0,0,336,336,99999,0,0,3826,0.245,82.32,0.5,0.4
382,0,7,0,45,0,0,0,72,72,99999,0,0,3827,0.125,9.0,0.4,0.3
382,0,8,0,398,0,0,0,204,204,99999,0,0,3828,0.333,67.932,0.6,0.5
382,0,9,0,14,0,0,0,12,12,99999,0,0,3829,0.41,4.92,0.4,0.3
383,0,0,0,16,0,0,0,12,12,99999,0,0,3830,0.301,3.612,0.4,0.3
383,0,1,0,226,0,0,0,61,61,99999,0,0,3831,0.2,12.2,0.6,0.5
383,0,2,0,264,0,0,0,96,96,99999,0,0,3832,0.595,57.12,0.6,0.5
383,0,3,0,204,0,0,0,50,50,99999,0,0,3833,0.238,11.9,0.6,0.5
383,0,4,0,11,0,0,0,264,264,99999,0,0,3834,0.282,74.448,0.4,0.3
383,0,5,0,0,0,0,0,36,36,99999,0,0,3835,1.602,57.672,0.4,0.3
383,0,6,0,29,0,0,0,360,360,99999,0,0,3836,0.274,98.64,0.4,0.3
383,0,7,0,32,0,0,0,96,96,99999,0,0,3837,0.125,12.0,0.4,0.3
383,0,8,0,335,0,0,0,264,264,99999,0,0,3838,0.272,71.808,0.6,0.5
383,0,9,0,235,0,0,0,30,30,99999,0,0,3839,0.23,6.9,0.6,0.5
384,0,0,0,308,0,0,0,180,180,99999,0,0,3840,0.109,19.62,0.6,0.5
384,0,1,0,297,0,0,0,168,168,99999,0,0,3841,0.072,12.096,0.6,0.5
384,0,2,0,421,0,0,0,144,144,99999,0,0,3842,0.503,72.432,0.6,0.5
384,0,3,0,34,0,0,0,336,336,99999,0,0,3843,0.233,78.288,0.4,0.3
384,0,4,0,42,0,0,0,30,30,99999,0,0,3844,0.454,13.62,0.4,0.3
384,0,5,0,26,0,0,0,360,360,99999,0,0,3845,0.274,98.64,0.4,0.3
384,0,6,0,399,0,0,0,50,50,99999,0,0,3846,0.236,11.8,0.6,0.5
384,0,7,0,220,0,0,0,20,20,99999,0,0,3847,1.0,20.0,0.6,0.5
384,0,8,0,331,0,0,0,18,18,99999,0,0,3848,1.493,26.874,0.6,0.5
384,0,9,0,44,0,0,0,120,120,99999,0,0,3849,0.62,74.4,0.4,0.3
385,0,0,0,304,0,0,0,90,90,99999,0,0,3850,0.28,25.2,0.6,0.5
385,0,1,0,61,0,0,0,108,108,99999,0,0,3851,0.229,24.732,0.5,0.4
385,0,2,0,33,0,0,0,240,240,99999,0,0,3852,0.409,98.16,0.4,0.3
385,0,3,0,447,0,0,0,60,60,99999,0,0,3853,0.425,25.5,0.6,0.5
385,0,4,0,234,0,0,0,12,12,99999,0,0,3854,0.356,4.272,0.6,0.5
385,0,5,0,222,0,0,0,456,456,99999,0,0,3855,0.219,99.864,0.6,0.5
385,0,6,0,6,0,0,0,10,10,99999,0,0,3856,0.34,3.4,0.4,0.3
385,0,7,0,258,0,0,0,24,24,99999,0,0,3857,0.519,12.456,0.6,0.5
385,0,8,0,255,0,0,0,24,24,99999,0,0,3858,0.49,11.76,0.6,0.5
385,0,9,0,460,0,0,0,24,24,99999,0,0,3859,0.248,5.952,0.6,0.5
386,0,0,0,16,0,0,0,12,12,99999,0,0,3860,0.301,3.612,0.4,0.3
386,0,1,0,136,0,0,0,48,48,99999,0,0,3861,0.208,9.984,0.5,0.4
386,0,2,0,497,0,0,0,30,30,99999,0,0,3862,0.379,11.37,0.6,0.5
386,0,3,0,200,0,0,0,168,168,99999,0,0,3863,0.125,21.0,0.6,0.5
386,0,4,0,46,0,0,0,30,30,99999,0,0,3864,0.373,11.19,0.4,0.3
386,0,5,0,407,0,0,0,288,288,99999,0,0,3865,0.07,20.16,0.6,0.5
386,0,6,0,17,0,0,0,108,108,99999,0,0,3866,0.176,19.008,0.4,0.3
386,0,7,0,0,0,0,0,36,36,99999,0,0,3867,1.602,57.672,0.4,0.3
386,0,8,0,277,0,0,0,96,96,99999,0,0,3868,0.668,64.128,0.6,0.5
386,0,9,0,404,0,0,0,60,60,99999,0,0,3869,0.408,24.48,0.6,0.5
387,0,0,0,395,0,0,0,36,36,99999,0,0,3870,0.461,16.596,0.6,0.5
387,0,1,0,93,0,0,0,30,30,99999,0,0,3871,0.281,8.43,0.5,0.4
387,0,2,0,436,0,0,0,32,32,99999,0,0,3872,2.162,69.184,0.6,0.5
387,0,3,0,443,0,0,0,720,720,99999,0,0,3873,0.142,102.24,0.6,0.5
387,0,4,0,68,0,0,0,320,320,99999,0,0,3874,0.052,16.64,0.5,0.4
387,0,5,0,345,0,0,0,24,24,99999,0,0,3875,2.333,55.992,0.6,0.5
387,0,6,0,309,0,0,0,50,50,99999,0,0,3876,0.275,13.75,0.6,0.5
387,0,7,0,336,0,0,0,96,96,99999,0,0,3877,0.648,62.208,0.6,0.5
387,0,8,0,316,0,0,0,32,32,99999,0,0,3878,0.468,14.976,0.6,0.5
387,0,9,0,435,0,0,0,9,9,99999,0,0,3879,0.62,5.58,0.6,0.5
388,0,0,0,311,0,0,0,36,36,99999,0,0,3880,0.286,10.296,0.6,0.5
388,0,1,0,7,0,0,0,192,192,99999,0,0,3881,0.45,86.4,0.4,0.3
388,0,2,0,148,0,0,0,360,360,99999,0,0,3882,0.275,99.0,0.5,0.4
388,0,3,0,40,0,0,0,24,24,99999,0,0,3883,2.218,53.232,0.4,0.3
388,0,4,0,492,0,0,0,216,216,99999,0,0,3884,0.358,77.328,0.6,0.5
388,0,5,0,314,0,0,0,77,77,99999,0,0,3885,1.0,77.0,0.6,0.5
388,0,6,0,251,0,0,0,408,408,99999,0,0,3886,0.159,64.872,0.6,0.5
388,0,7,0,193,0,0,0,320,320,99999,0,0,3887,0.05,16.0,0.5,0.4
388,0,8,0,288,0,0,0,24,24,99999,0,0,3888,0.179,4.296,0.6,0.5
388,0,9,0,28,0,0,0,12,12,99999,0,0,3889,0.387,4.644,0.4,0.3
389,0,0,0,48,0,0,0,360,360,99999,0,0,3890,0.275,99.0,0.4,0.3
389,0,1,0,408,0,0,0,96,96,99999,0,0,3891,0.088,8.448,0.6,0.5
389,0,2,0,11,0,0,0,264,264,99999,0,0,3892,0.282,74.448,0.4,0.3
389,0,3,0,498,0,0,0,60,60,99999,0,0,3893,0.491,29.46,0.6,0.5
389,0,4,0,311,0,0,0,36,36,99999,0,0,3894,0.286,10.296,0.6,0.5
389,0,5,0,5,0,0,0,192,192,99999,0,0,3895,0.417,80.064,0.4,0.3
389,0,6,0,353,0,0,0,720,720,99999,0,0,3896,0.142,102.24,0.6,0.5
389,0,7,0,221,0,0,0,20,20,99999,0,0,3897,1.0,20.0,0.6,0.5
389,0,8,0,4,0,0,0,6,6,99999,0,0,3898,0.425,2.55,0.4,0.3
389,0,9,0,184,0,0,0,192,192,99999,0,0,3899,0.358,68.736,0.5,0.4
390,0,0,0,104,0,0,0,360,360,99999,0,0,3900,0.28,100.8,0.5,0.4
390,0,1,0,404,0,0,0,60,60,99999,0,0,3901,0.408,24.48,0.6,0.5
390,0,2,0,258,0,0,0,24,24,99999,0,0,3902,0.519,12.456,0.6,0.5
390,0,3,0,18,0,0,0,30,30,99999,0,0,3903,0.333,9.99,0.4,0.3
390,0,4,0,201,0,0,0,60,60,99999,0,0,3904,0.225,13.5,0.6,0.5
390,0,5,0,249,0,0,0,12,12,99999,0,0,3905,5.442,65.304,0.6,0.5
390,0,6,0,27,0,0,0,336,336,99999,0,0,3906,0.267,89.712,0.4,0.3
390,0,7,0,384,0,0,0,12,12,99999,0,0,3907,3.9,46.8,0.6,0.5
390,0,8,0,416,0,0,0,20,20,99999,0,0,3908,0.562,11.24,0.6,0.5
390,0,9,0,372,0,0,0,36,36,99999,0,0,3909,0.229,8.244,0.6,0.5
391,0,0,0,144,0,0,0,360,360,99999,0,0,3910,0.275,99.0,0.5,0.4
391,0,1,0,227,0,0,0,36,36,99999,0,0,3911,0.372,13.392,0.6,0.5
391,0,2,0,252,0,0,0,36,36,99999,0,0,3912,0.394,14.184,0.6,0.5
391,0,3,0,91,0,0,0,18,18,99999,0,0,3913,0.53,9.54,0.5,0.4
391,0,4,0,28,0,0,0,12,12,99999,0,0,3914,0.387,4.644,0.4,0.3
391,0,5,0,249,0,0,0,12,12,99999,0,0,3915,5.442,65.304,0.6,0.5
391,0,6,0,343,0,0,0,192,192,99999,0,0,3916,0.365,70.08,0.6,0.5
391,0,7,0,397,0,0,0,36,36,99999,0,0,3917,0.273,9.828,0.6,0.5
391,0,8,0,53,0,0,0,12,12,99999,0,0,3918,0.335,4.02,0.5,0.4
391,0,9,0,100,0,0,0,36,36,99999,0,0,3919,0.345,12.42,0.5,0.4
392,0,0,0,464,0,0,0,336,336,99999,0,0,3920,0.259,87.024,0.6,0.5
392,0,1,0,210,0,0,0,96,96,99999,0,0,3921,0.637,61.152,0.6,0.5
392,0,2,0,375,0,0,0,168,168,99999,0,0,3922,0.383,64.344,0.6,0.5
392,0,3,0,107,0,0,0,36,36,99999,0,0,3923,0.304,10.944,0.5,0.4
392,0,4,0,416,0,0,0,20,20,99999,0,0,3924,0.562,11.24,0.6,0.5
392,0,5,0,65,0,0,0,24,24,99999,0,0,3925,0.49,11.76,0.5,0.4
392,0,6,0,317,0,0,0,12,12,99999,0,0,3926,0.425,5.1,0.6,0.5
392,0,7,0,5,0,0,0,192,192,99999,0,0,3927,0.417,80.064,0.4,0.3
392,0,8,0,2,0,0,0,24,24,99999,0,0,3928,0.405,9.72,0.4,0.3
392,0,9,0,207,0,0,0,36,36,99999,0,0,3929,0.469,16.884,0.6,0.5
393,0,0,0,36,0,0,0,12,12,99999,0,0,3930,3.463,41.556,0.4,0.3
393,0,1,0,15,0,0,0,12,12,99999,0,0,3931,0.367,4.404,0.4,0.3
393,0,2,0,373,0,0,0,24,24,99999,0,0,3932,1.0,24.0,0.6,0.5
393,0,3,0,52,0,0,0,48,48,99999,0,0,3933,0.102,4.896,0.5,0.4
393,0,4,0,127,0,0,0,192,192,99999,0,0,3934,0.398,76.416,0.5,0.4
393,0,5,0,459,0,0,0,36,36,99999,0,0,3935,1.631,58.716,0.6,0.5
393,0,6,0,14,0,0,0,12,12,99999,0,0,3936,0.41,4.92,0.4,0.3
393,0,7,0,28,0,0,0,12,12,99999,0,0,3937,0.387,4.644,0.4,0.3
393,0,8,0,170,0,0,0,60,60,99999,0,0,3938,0.59,35.4,0.5,0.4
393,0,9,0,19,0,0,0,12,12,99999,0,0,3939,0.28,3.36,0.4,0.3
394,0,0,0,31,0,0,0,72,72,99999,0,0,3940,0.125,9.0,0.4,0.3
394,0,1,0,471,0,0,0,96,96,99999,0,0,3941,0.52,49.92,0.6,0.5
394,0,2,0,137,0,0,0,30,30,99999,0,0,3942,0.454,13.62,0.5,0.4
394,0,3,0,49,0,0,0,240,240,99999,0,0,3943,0.408,97.92,0.4,0.3
394,0,4,0,373,0,0,0,24,24,99999,0,0,3944,1.0,24.0,0.6,0.5
394,0,5,0,445,0,0,0,15,15,99999,0,0,3945,0.55,8.25,0.6,0.5
394,0,6,0,348,0,0,0,192,192,99999,0,0,3946,0.397,76.224,0.6,0.5
394,0,7,0,224,0,0,0,432,432,99999,0,0,3947,0.219,94.608,0.6,0.5
394,0,8,0,13,0,0,0,96,96,99999,0,0,3948,0.596,57.216,0.4,0.3
394,0,9,0,201,0,0,0,60,60,99999,0,0,3949,0.225,13.5,0.6,0.5
395,0,0,0,2,0,0,0,24,24,99999,0,0,3950,0.405,9.72,0.4,0.3
395,0,1,0,0,0,0,0,36,36,99999,0,0,3951,1.602,57.672,0.4,0.3
395,0,2,0,31,0,0,0,72,72,99999,0,0,3952,0.125,9.0,0.4,0.3
395,0,3,0,417,0,0,0,36,36,99999,0,0,3953,0.391,14.076,0.6,0.5
395,0,4,0,398,0,0,0,204,204,99999,0,0,3954,0.333,67.932,0.6,0.5
395,0,5,0,327,0,0,0,8,8,99999,0,0,3955,1.0,8.0,0.6,0.5
395,0,6,0,113,0,0,0,11,11,99999,0,0,3956,6.02,66.22,0.5,0.4
395,0,7,0,423,0,0,0,48,48,99999,0,0,3957,0.191,9.168,0.6,0.5
395,0,8,0,469,0,0,0,13,13,99999,0,0,3958,0.8,10.4,0.6,0.5
395,0,9,0,12,0,0,0,8,8,99999,0,0,3959,0.306,2.448,0.4,0.3
396,0,0,0,10,0,0,0,210,210,99999,0,0,3960,0.118,24.78,0.4,0.3
396,0,1,0,314,0,0,0,77,77,99999,0,0,3961,1.0,77.0,0.6,0.5
396,0,2,0,418,0,0,0,27,27,99999,0,0,3962,1.5,40.5,0.6,0.5
396,0,3,0,36,0,0,0,12,12,99999,0,0,3963,3.463,41.556,0.4,0.3
396,0,4,0,388,0,0,0,60,60,99999,0,0,3964,0.48,28.8,0.6,0.5
396,0,5,0,227,0,0,0,36,36,99999,0,0,3965,0.372,13.392,0.6,0.5
396,0,6,0,29,0,0,0,360,360,99999,0,0,3966,0.274,98.64,0.4,0.3
396,0,7,0,241,0,0,0,6,6,99999,0,0,3967,0.46,2.76,0.6,0.5
396,0,8,0,49,0,0,0,240,240,99999,0,0,3968,0.408,97.92,0.4,0.3
396,0,9,0,7,0,0,0,192,192,99999,0,0,3969,0.45,86.4,0.4,0.3
397,0,0,0,152,0,0,0,12,12,99999,0,0,3970,0.708,8.496,0.5,0.4
397,0,1,0,196,0,0,0,27,27,99999,0,0,3971,2.5,67.5,0.5,0.4
397,0,2,0,298,0,0,0,216,216,99999,0,0,3972,0.333,71.928,0.6,0.5
397,0,3,0,23,0,0,0,210,210,99999,0,0,3973,0.11,23.1,0.4,0.3
397,0,4,0,67,0,0,0,12,12,99999,0,0,3974,0.328,3.936,0.5,0.4
397,0,5,0,449,0,0,0,210,210,99999,0,0,3975,0.135,28.35,0.6,0.5
397,0,6,0,249,0,0,0,12,12,99999,0,0,3976,5.442,65.304,0.6,0.5
397,0,7,0,383,0,0,0,9,9,99999,0,0,3977,0.517,4.653,0.6,0.5
397,0,8,0,14,0,0,0,12,12,99999,0,0,3978,0.41,4.92,0.4,0.3
397,0,9,0,395,0,0,0,36,36,99999,0,0,3979,0.461,16.596,0.6,0.5
398,0,0,0,83,0,0,0,384,384,99999,0,0,3980,0.278,106.752,0.5,0.4
398,0,1,0,268,0,0,0,18,18,99999,0,0,3981,0.238,4.284,0.6,0.5
398,0,2,0,1,0,0,0,72,72,99999,0,0,3982,0.125,9.0,0.4,0.3
398,0,3,0,30,0,0,0,24,24,99999,0,0,3983,0.387,9.288,0.4,0.3
398,0,4,0,21,0,0,0,432,432,99999,0,0,3984,0.165,71.28,0.4,0.3
398,0,5,0,494,0,0,0,96,96,99999,0,0,3985,0.649,62.304,0.6,0.5
398,0,6,0,357,0,0,0,6,6,99999,0,0,3986,2.165,12.99,0.6,0.5
398,0,7,0,28,0,0,0,12,12,99999,0,0,3987,0.387,4.644,0.4,0.3
398,0,8,0,297,0,0,0,168,168,99999,0,0,3988,0.072,12.096,0.6,0.5
398,0,9,0,424,0,0,0,96,96,99999,0,0,3989,0.619,59.424,0.6,0.5
399,0,0,0,254,0,0,0,36,36,99999,0,0,3990,1.648,59.328,0.6,0.5
399,0,1,0,250,0,0,0,24,24,99999,0,0,3991,2.087,50.088,0.6,0.5
399,0,2,0,256,0,0,0,24,24,99999,0,0,3992,0.446,10.704,0.6,0.5
399,0,3,0,364,0,0,0,60,60,99999,0,0,3993,0.16,9.6,0.6,0.5
399,0,4,0,323,0,0,0,24,24,99999,0,0,3994,2.188,52.512,0.6,0.5
399,0,5,0,308,0,0,0,180,180,99999,0,0,3995,0.109,19.62,0.6,0.5
399,0,6,0,25,0,0,0,30,30,99999,0,0,3996,0.454,13.62,0.4,0.3
399,0,7,0,224,0,0,0,432,432,99999,0,0,3997,0.219,94.608,0.6,0.5
399,0,8,0,371,0,0,0,60,60,99999,0,0,3998,0.31,18.6,0.6,0.5
399,0,9,0,322,0,0,0,97,97,99999,0,0,3999,0.2,19.4,0.6,0.5
400,0,0,0,232,0,0,0,27,27,99999,0,0,4000,6.0,162.0,0.6,0.5
400,0,1,0,153,0,0,0,42,42,99999,0,0,4001,0.43,18.06,0.5,0.4
400,0,2,0,48,0,0,0,360,360,99999,0,0,4002,0.275,99.0,0.4,0.3
400,0,3,0,4,0,0,0,6,6,99999,0,0,4003,0.425,2.55,0.4,0.3
400,0,4,0,411,0,0,0,192,192,99999,0,0,4004,0.368,70.656,0.6,0.5
400,0,5,0,13,0,0,0,96,96,99999,0,0,4005,0.596,57.216,0.4,0.3
400,0,6,0,45,0,0,0,72,72,99999,0,0,4006,0.125,9.0,0.4,0.3
400,0,7,0,32,0,0,0,96,96,99999,0,0,4007,0.125,12.0,0.4,0.3
400,0,8,0,435,0,0,0,9,9,99999,0,0,4008,0.62,5.58,0.6,0.5
400,0,9,0,252,0,0,0,36,36,99999,0,0,4009,0.394,14.184,0.6,0.5
401,0,0,0,28,0,0,0,12,12,99999,0,0,4010,0.387,4.644,0.4,0.3
401,0,1,0,6,0,0,0,10,10,99999,0,0,4011,0.34,3.4,0.4,0.3
401,0,2,0,235,0,0,0,30,30,99999,0,0,4012,0.23,6.9,0.6,0.5
401,0,3,0,422,0,0,0,48,48,99999,0,0,4013,0.894,42.912,0.6,0.5
401,0,4,0,14,0,0,0,12,12,99999,0,0,4014,0.41,4.92,0.4,0.3
401,0,5,0,468,0,0,0,210,210,99999,0,0,4015,0.115,24.15,0.6,0.5
401,0,6,0,44,0,0,0,120,120,99999,0,0,4016,0.62,74.4,0.4,0.3
401,0,7,0,22,0,0,0,72,72,99999,0,0,4017,0.125,9.0,0.4,0.3
401,0,8,0,400,0,0,0,36,36,99999,0,0,4018,1.037,37.332,0.6,0.5
401,0,9,0,357,0,0,0,6,6,99999,0,0,4019,2.165,12.99,0.6,0.5
402,0,0,0,13,0,0,0,96,96,99999,0,0,4020,0.596,57.216,0.4,0.3
402,0,1,0,364,0,0,0,60,60,99999,0,0,4021,0.16,9.6,0.6,0.5
402,0,2,0,144,0,0,0,360,360,99999,0,0,4022,0.275,99.0,0.5,0.4
402,0,3,0,24,0,0,0,20,20,99999,0,0,4023,0.441,8.82,0.4,0.3
402,0,4,0,16,0,0,0,12,12,99999,0,0,4024,0.301,3.612,0.4,0.3
402,0,5,0,11,0,0,0,264,264,99999,0,0,4025,0.282,74.448,0.4,0.3
402,0,6,0,106,0,0,0,24,24,99999,0,0,4026,0.49,11.76,0.5,0.4
402,0,7,0,438,0,0,0,48,48,99999,0,0,4027,0.27,12.96,0.6,0.5
402,0,8,0,97,0,0,0,10,10,99999,0,0,4028,5.575,55.75,0.5,0.4
402,0,9,0,348,0,0,0,192,192,99999,0,0,4029,0.397,76.224,0.6,0.5
403,0,0,0,330,0,0,0,36,36,99999,0,0,4030,0.383,13.788,0.6,0.5
403,0,1,0,267,0,0,0,528,528,99999,0,0,4031,0.183,96.624,0.6,0.5
403,0,2,0,52,0,0,0,48,48,99999,0,0,4032,0.102,4.896,0.5,0.4
403,0,3,0,96,0,0,0,96,96,99999,0,0,4033,0.668,64.128,0.5,0.4
403,0,4,0,210,0,0,0,96,96,99999,0,0,4034,0.637,61.152,0.6,0.5
403,0,5,0,87,0,0,0,12,12,99999,0,0,4035,5.165,61.98,0.5,0.4
403,0,6,0,137,0,0,0,30,30,99999,0,0,4036,0.454,13.62,0.5,0.4
403,0,7,0,16,0,0,0,12,12,99999,0,0,4037,0.301,3.612,0.4,0.3
403,0,8,0,18,0,0,0,30,30,99999,0,0,4038,0.333,9.99,0.4,0.3
403,0,9,0,431,0,0,0,10,10,99999,0,0,4039,0.73,7.3,0.6,0.5
404,0,0,0,18,0,0,0,30,30,99999,0,0,4040,0.333,9.99,0.4,0.3
404,0,1,0,2,0,0,0,24,24,99999,0,0,4041,0.405,9.72,0.4,0.3
404,0,2,0,478,0,0,0,80,80,99999,0,0,4042,0.2,16.0,0.6,0.5
404,0,3,0,299,0,0,0,432,432,99999,0,0,4043,0.161,69.552,0.6,0.5
404,0,4,0,216,0,0,0,20,20,99999,0,0,4044,1.0,20.0,0.6,0.5
404,0,5,0,467,0,0,0,336,336,99999,0,0,4045,0.246,82.656,0.6,0.5
404,0,6,0,46,0,0,0,30,30,99999,0,0,4046,0.373,11.19,0.4,0.3
404,0,7,0,96,0,0,0,96,96,99999,0,0,4047,0.668,64.128,0.5,0.4
404,0,8,0,240,0,0,0,312,312,99999,0,0,4048,0.279,87.048,0.6,0.5
404,0,9,0,484,0,0,0,432,432,99999,0,0,4049,0.218,94.176,0.6,0.5
405,0,0,0,97,0,0,0,10,10,99999,0,0,4050,5.575,55.75,0.5,0.4
405,0,1,0,238,0,0,0,33,33,99999,0,0,4051,0.238,7.854,0.6,0.5
405,0,2,0,423,0,0,0,48,48,99999,0,0,4052,0.191,9.168,0.6,0.5
405,0,3,0,289,0,0,0,240,240,99999,0,0,4053,0.047,11.28,0.6,0.5
405,0,4,0,2,0,0,0,24,24,99999,0,0,4054,0.405,9.72,0.4,0.3
405,0,5,0,248,0,0,0,96,96,99999,0,0,4055,0.644,61.824,0.6,0.5
405,0,6,0,334,0,0,0,45,45,99999,0,0,4056,0.332,14.94,0.6,0.5
405,0,7,0,235,0,0,0,30,30,99999,0,0,4057,0.23,6.9,0.6,0.5
405,0,8,0,412,0,0,0,240,240,99999,0,0,4058,0.312,74.88,0.6,0.5
405,0,9,0,402,0,0,0,77,77,99999,0,0,4059,0.2,15.4,0.6,0.5
406,0,0,0,48,0,0,0,360,360,99999,0,0,4060,0.275,99.0,0.4,0.3
406,0,1,0,20,0,0,0,216,216,99999,0,0,4061,0.386,83.376,0.4,0.3
406,0,2,0,275,0,0,0,36,36,99999,0,0,4062,0.368,13.248,0.6,0.5
406,0,3,0,246,0,0,0,24,24,99999,0,0,4063,0.152,3.648,0.6,0.5
406,0,4,0,440,0,0,0,24,24,99999,0,0,4064,0.192,4.608,0.6,0.5
406,0,5,0,370,0,0,0,240,240,99999,0,0,4065,0.415,99.6,0.6,0.5
406,0,6,0,2,0,0,0,24,24,99999,0,0,4066,0.405,9.72,0.4,0.3
406,0,7,0,330,0,0,0,36,36,99999,0,0,4067,0.383,13.788,0.6,0.5
406,0,8,0,68,0,0,0,320,320,99999,0,0,4068,0.052,16.64,0.5,0.4
406,0,9,0,338,0,0,0,96,96,99999,0,0,4069,0.606,58.176,0.6,0.5
407,0,0,0,445,0,0,0,15,15,99999,0,0,4070,0.55,8.25,0.6,0.5
407,0,1,0,14,0,0,0,12,12,99999,0,0,4071,0.41,4.92,0.4,0.3
407,0,2,0,198,0,0,0,288,288,99999,0,0,4072,0.07,20.16,0.5,0.4
407,0,3,0,485,0,0,0,50,50,99999,0,0,4073,0.308,15.4,0.6,0.5
407,0,4,0,20,0,0,0,216,216,99999,0,0,4074,0.386,83.376,0.4,0.3
407,0,5,0,132,0,0,0,264,264,99999,0,0,4075,0.3,79.2,0.5,0.4
407,0,6,0,474,0,0,0,48,48,99999,0,0,4076,0.299,14.352,0.6,0.5
407,0,7,0,253,0,0,0,96,96,99999,0,0,4077,0.635,60.96,0.6,0.5
407,0,8,0,378,0,0,0,30,30,99999,0,0,4078,0.301,9.03,0.6,0.5
407,0,9,0,8,0,0,0,40,40,99999,0,0,4079,0.381,15.24,0.4,0.3
408,0,0,0,203,0,0,0,30,30,99999,0,0,4080,2.172,65.16,0.6,0.5
408,0,1,0,403,0,0,0,96,96,99999,0,0,4081,0.575,55.2,0.6,0.5
408,0,2,0,33,0,0,0,240,240,99999,0,0,4082,0.409,98.16,0.4,0.3
408,0,3,0,172,0,0,0,30,30,99999,0,0,4083,0.166,4.98,0.5,0.4
408,0,4,0,426,0,0,0,36,36,99999,0,0,4084,0.408,14.688,0.6,0.5
408,0,5,0,15,0,0,0,12,12,99999,0,0,4085,0.367,4.404,0.4,0.3
408,0,6,0,326,0,0,0,36,36,99999,0,0,4086,0.373,13.428,0.6,0.5
408,0,7,0,1,0,0,0,72,72,99999,0,0,4087,0.125,9.0,0.4,0.3
408,0,8,0,34,0,0,0,336,336,99999,0,0,4088,0.233,78.288,0.4,0.3
408,0,9,0,490,0,0,0,27,27,99999,0,0,4089,3.0,81.0,0.6,0.5
409,0,0,0,220,0,0,0,20,20,99999,0,0,4090,1.0,20.0,0.6,0.5
409,0,1,0,39,0,0,0,360,360,99999,0,0,4091,0.276,99.36,0.4,0.3
409,0,2,0,311,0,0,0,36,36,99999,0,0,4092,0.286,10.296,0.6,0.5
409,0,3,0,318,0,0,0,36,36,99999,0,0,4093,0.194,6.984,0.6,0.5
409,0,4,0,24,0,0,0,20,20,99999,0,0,4094,0.441,8.82,0.4,0.3
409,0,5,0,89,0,0,0,60,60,99999,0,0,4095,0.142,8.52,0.5,0.4
409,0,6,0,233,0,0,0,80,80,99999,0,0,4096,0.179,14.32,0.6,0.5
409,0,7,0,282,0,0,0,72,72,99999,0,0,4097,0.144,10.368,0.6,0.5
409,0,8,0,467,0,0,0,336,336,99999,0,0,4098,0.246,82.656,0.6,0.5
409,0,9,0,49,0,0,0,240,240,99999,0,0,4099,0.408,97.92,0.4,0.3
410,0,0,0,217,0,0,0,72,72,99999,0,0,4100,0.233,16.776,0.6,0.5
410,0,1,0,394,0,0,0,90,90,99999,0,0,4101,0.28,25.2,0.6,0.5
410,0,2,0,20,0,0,0,216,216,99999,0,0,4102,0.386,83.376,0.4,0.3
410,0,3,0,416,0,0,0,20,20,99999,0,0,4103,0.562,11.24,0.6,0.5
410,0,4,0,424,0,0,0,96,96,99999,0,0,4104,0.619,59.424,0.6,0.5
410,0,5,0,49,0,0,0,240,240,99999,0,0,4105,0.408,97.92,0.4,0.3
410,0,6,0,179,0,0,0,24,24,99999,0,0,4106,0.324,7.776,0.5,0.4
410,0,7,0,242,0,0,0,36,36,99999,0,0,4107,0.368,13.248,0.6,0.5
410,0,8,0,34,0,0,0,336,336,99999,0,0,4108,0.233,78.288,0.4,0.3
410,0,9,0,215,0,0,0,264,264,99999,0,0,4109,0.3,79.2,0.6,0.5
411,0,0,0,32,0,0,0,96,96,99999,0,0,4110,0.125,12.0,0.4,0.3
411,0,1,0,235,0,0,0,30,30,99999,0,0,4111,0.23,6.9,0.6,0.5
411,0,2,0,486,0,0,0,16,16,99999,0,0,4112,0.785,12.56,0.6,0.5
411,0,3,0,230,0,0,0,60,60,99999,0,0,4113,0.108,6.48,0.6,0.5
411,0,4,0,322,0,0,0,97,97,99999,0,0,4114,0.2,19.4,0.6,0.5
411,0,5,0,88,0,0,0,180,180,99999,0,0,4115,0.108,19.44,0.5,0.4
411,0,6,0,357,0,0,0,6,6,99999,0,0,4116,2.165,12.99,0.6,0.5
411,0,7,0,352,0,0,0,360,360,99999,0,0,4117,0.206,74.16,0.6,0.5
411,0,8,0,136,0,0,0,48,48,99999,0,0,4118,0.208,9.984,0.5,0.4
411,0,9,0,240,0,0,0,312,312,99999,0,0,4119,0.279,87.048,0.6,0.5
412,0,0,0,380,0,0,0,288,288,99999,0,0,4120,0.326,93.888,0.6,0.5
412,0,1,0,292,0,0,0,384,384,99999,0,0,4121,0.269,103.296,0.6,0.5
412,0,2,0,187,0,0,0,12,12,99999,0,0,4122,0.463,5.556,0.5,0.4
412,0,3,0,9,0,0,0,180,180,99999,0,0,4123,0.1,18.0,0.4,0.3
412,0,4,0,416,0,0,0,20,20,99999,0,0,4124,0.562,11.24,0.6,0.5
412,0,5,0,372,0,0,0,36,36,99999,0,0,4125,0.229,8.244,0.6,0.5
412,0,6,0,390,0,0,0,24,24,99999,0,0,4126,0.221,5.304,0.6,0.5
412,0,7,0,418,0,0,0,27,27,99999,0,0,4127,1.5,40.5,0.6,0.5
412,0,8,0,8,0,0,0,40,40,99999,0,0,4128,0.381,15.24,0.4,0.3
412,0,9,0,231,0,0,0,24,24,99999,0,0,4129,0.514,12.336,0.6,0.5
413,0,0,0,228,0,0,0,228,228,99999,0,0,4130,0.397,90.516,0.6,0.5
413,0,1,0,30,0,0,0,24,24,99999,0,0,4131,0.387,9.288,0.4,0.3
413,0,2,0,343,0,0,0,192,192,99999,0,0,4132,0.365,70.08,0.6,0.5
413,0,3,0,422,0,0,0,48,48,99999,0,0,4133,0.894,42.912,0.6,0.5
413,0,4,0,332,0,0,0,72,72,99999,0,0,4134,0.233,16.776,0.6,0.5
413,0,5,0,414,0,0,0,77,77,99999,0,0,4135,0.2,15.4,0.6,0.5
413,0,6,0,298,0,0,0,216,216,99999,0,0,4136,0.333,71.928,0.6,0.5
413,0,7,0,155,0,0,0,54,54,99999,0,0,4137,0.286,15.444,0.5,0.4
413,0,8,0,28,0,0,0,12,12,99999,0,0,4138,0.387,4.644,0.4,0.3
413,0,9,0,279,0,0,0,46,46,99999,0,0,4139,1.0,46.0,0.6,0.5
414,0,0,0,11,0,0,0,264,264,99999,0,0,4140,0.282,74.448,0.4,0.3
414,0,1,0,139,0,0,0,28,28,99999,0,0,4141,0.168,4.704,0.5,0.4
414,0,2,0,20,0,0,0,216,216,99999,0,0,4142,0.386,83.376,0.4,0.3
414,0,3,0,483,0,0,0,30,30,99999,0,0,4143,0.303,9.09,0.6,0.5
414,0,4,0,15,0,0,0,12,12,99999,0,0,4144,0.367,4.404,0.4,0.3
414,0,5,0,109,0,0,0,264,264,99999,0,0,4145,0.283,74.712,0.5,0.4
414,0,6,0,104,0,0,0,360,360,99999,0,0,4146,0.28,100.8,0.5,0.4
414,0,7,0,363,0,0,0,10,10,99999,0,0,4147,6.4,64.0,0.6,0.5
414,0,8,0,40,0,0,0,24,24,99999,0,0,4148,2.218,53.232,0.4,0.3
414,0,9,0,28,0,0,0,12,12,99999,0,0,4149,0.387,4.644,0.4,0.3
415,0,0,0,230,0,0,0,60,60,99999,0,0,4150,0.108,6.48,0.6,0.5
415,0,1,0,235,0,0,0,30,30,99999,0,0,4151,0.23,6.9,0.6,0.5
415,0,2,0,36,0,0,0,12,12,99999,0,0,4152,3.463,41.556,0.4,0.3
415,0,3,0,239,0,0,0,24,24,99999,0,0,4153,0.433,10.392,0.6,0.5
415,0,4,0,432,0,0,0,16,16,99999,0,0,4154,0.9,14.4,0.6,0.5
415,0,5,0,180,0,0,0,216,216,99999,0,0,4155,0.408,88.128,0.5,0.4
415,0,6,0,83,0,0,0,384,384,99999,0,0,4156,0.278,106.752,0.5,0.4
415,0,7,0,9,0,0,0,180,180,99999,0,0,4157,0.1,18.0,0.4,0.3
415,0,8,0,223,0,0,0,24,24,99999,0,0,4158,0.522,12.528,0.6,0.5
415,0,9,0,20,0,0,0,216,216,99999,0,0,4159,0.386,83.376,0.4,0.3
416,0,0,0,20,0,0,0,216,216,99999,0,0,4160,0.386,83.376,0.4,0.3
416,0,1,0,7,0,0,0,192,192,99999,0,0,4161,0.45,86.4,0.4,0.3
416,0,2,0,40,0,0,0,24,24,99999,0,0,4162,2.218,53.232,0.4,0.3
416,0,3,0,375,0,0,0,168,168,99999,0,0,4163,0.383,64.344,0.6,0.5
416,0,4,0,207,0,0,0,36,36,99999,0,0,4164,0.469,16.884,0.6,0.5
416,0,5,0,45,0,0,0,72,72,99999,0,0,4165,0.125,9.0,0.4,0.3
416,0,6,0,351,0,0,0,192,192,99999,0,0,4166,0.368,70.656,0.6,0.5
416,0,7,0,321,0,0,0,180,180,99999,0,0,4167,0.13,23.4,0.6,0.5
416,0,8,0,24,0,0,0,20,20,99999,0,0,4168,0.441,8.82,0.4,0.3
416,0,9,0,65,0,0,0,24,24,99999,0,0,4169,0.49,11.76,0.5,0.4
417,0,0,0,7,0,0,0,192,192,99999,0,0,4170,0.45,86.4,0.4,0.3
417,0,1,0,433,0,0,0,48,48,99999,0,0,4171,1.356,65.088,0.6,0.5
417,0,2,0,47,0,0,0,30,30,99999,0,0,4172,0.365,10.95,0.4,0.3
417,0,3,0,19,0,0,0,12,12,99999,0,0,4173,0.28,3.36,0.4,0.3
417,0,4,0,220,0,0,0,20,20,99999,0,0,4174,1.0,20.0,0.6,0.5
417,0,5,0,238,0,0,0,33,33,99999,0,0,4175,0.238,7.854,0.6,0.5
417,0,6,0,48,0,0,0,360,360,99999,0,0,4176,0.275,99.0,0.4,0.3
417,0,7,0,289,0,0,0,240,240,99999,0,0,4177,0.047,11.28,0.6,0.5
417,0,8,0,49,0,0,0,240,240,99999,0,0,4178,0.408,97.92,0.4,0.3
417,0,9,0,221,0,0,0,20,20,99999,0,0,4179,1.0,20.0,0.6,0.5
418,0,0,0,15,0,0,0,12,12,99999,0,0,4180,0.367,4.404,0.4,0.3
418,0,1,0,407,0,0,0,288,288,99999,0,0,4181,0.07,20.16,0.6,0.5
418,0,2,0,428,0,0,0,20,20,99999,0,0,4182,0.13,2.6,0.6,0.5
418,0,3,0,167,0,0,0,240,240,99999,0,0,4183,0.284,68.16,0.5,0.4
418,0,4,0,321,0,0,0,180,180,99999,0,0,4184,0.13,23.4,0.6,0.5
418,0,5,0,34,0,0,0,336,336,99999,0,0,4185,0.233,78.288,0.4,0.3
418,0,6,0,27,0,0,0,336,336,99999,0,0,4186,0.267,89.712,0.4,0.3
418,0,7,0,440,0,0,0,24,24,99999,0,0,4187,0.192,4.608,0.6,0.5
418,0,8,0,145,0,0,0,24,24,99999,0,0,4188,0.288,6.912,0.5,0.4
418,0,9,0,433,0,0,0,48,48,99999,0,0,4189,1.356,65.088,0.6,0.5
419,0,0,0,390,0,0,0,24,24,99999,0,0,4190,0.221,5.304,0.6,0.5
419,0,1,0,441,0,0,0,42,42,99999,0,0,4191,0.428,17.976,0.6,0.5
419,0,2,0,6,0,0,0,10,10,99999,0,0,4192,0.34,3.4,0.4,0.3
419,0,3,0,14,0,0,0,12,12,99999,0,0,4193,0.41,4.92,0.4,0.3
419,0,4,0,32,0,0,0,96,96,99999,0,0,4194,0.125,12.0,0.4,0.3
419,0,5,0,47,0,0,0,30,30,99999,0,0,4195,0.365,10.95,0.4,0.3
419,0,6,0,151,0,0,0,96,96,99999,0,0,4196,0.667,64.032,0.5,0.4
419,0,7,0,443,0,0,0,720,720,99999,0,0,4197,0.142,102.24,0.6,0.5
419,0,8,0,370,0,0,0,240,240,99999,0,0,4198,0.415,99.6,0.6,0.5
419,0,9,0,326,0,0,0,36,36,99999,0,0,4199,0.373,13.428,0.6,0.5
