sequence_id,order_id,order_type,item_id,item_quantity,order_arrival,assigned_station,assigned_pod,status,order_processed,order_finished,,,,,,,,,,,,
1,-100,1,33,2,0,picker-2,,1,,229,,,,order_id,,,,a,b,,,4134
2,-100,1,41,6,0,picker-2,,1,,229,,,,-100,229,,,357,2995,,,4520
3,-100,1,34,7,0,picker-2,,1,,229,,,,-99,399,,,217,2993,,throughput,386
4,-100,1,472,6,0,picker-2,,1,,251,,,,-98,137,,,378,2988,,,
5,-99,1,195,9,0,picker-1,,1,,399,,,,-97,119,,,391,2974,,,
6,-98,1,3,7,0,picker-3,,1,0,137,,,,-96,0,,,332,2965,,,
7,-98,1,291,12,0,picker-3,,1,0,168,,,,-95,137,,,368,2963,,,
9,-97,1,6,8,0,picker-2,,1,0,119,,,,-94,0,,,354,2950,,,
8,-97,1,67,7,0,picker-2,,1,0,287,,,,-93,634,,,388,2947,,,
10,-96,1,10,1,0,,,-3,,,,,,-92,266,,,314,2937,,,
11,-96,1,13,10,0,,,-3,,,,,,-91,48,,,261,2936,,,
12,-96,1,35,10,0,,,-3,,,,,,-90,149,,,328,2922,,,
13,-96,1,178,9,0,,,-3,,,,,,-89,395,,,280,2913,,,
14,-96,1,1,11,0,,,-3,,,,,,-88,505,,,348,2904,,,
15,-96,1,76,10,0,,,-3,,,,,,-87,0,,,364,2895,,,
16,-96,1,24,4,0,,,-3,,,,,,-86,114,,,381,2895,,,
17,-95,1,15,6,0,picker-3,,1,0,137,,,,-85,114,,,319,2891,,,
18,-94,1,55,1,0,,,-3,,,,,,-84,253,,,374,2877,,,
19,-94,1,15,7,0,,,-3,,,,,,-83,856,,,318,2864,,,
20,-94,1,17,6,0,,,-3,,,,,,-82,509,,,370,2862,,,
21,-94,1,245,7,0,,,-3,,,,,,-81,0,,,336,2856,,,
22,-94,1,18,10,0,,,-3,,,,,,-80,137,,,371,2852,,,
23,-94,1,167,4,0,,,-3,,,,,,-79,68,,,382,2852,,,
24,-94,1,13,4,0,,,-3,,,,,,-78,75,,,367,2844,,,
26,-93,1,1,8,0,picker-2,,1,,634,,,,-77,2399,,,353,2833,,,
27,-93,1,47,7,0,picker-2,,1,,634,,,,-76,1077,,,333,2811,,,
25,-93,1,109,6,0,picker-2,,1,,681,,,,-75,447,,,-27,2807,,,
28,-92,1,4,4,0,picker-3,,1,,266,,,,-74,137,,,164,2807,,,
30,-91,1,161,8,0,picker-1,,1,0,48,,,,-73,89,,,358,2792,,,
29,-91,1,99,7,0,picker-1,,1,0,137,,,,-72,99,,,287,2790,,,
31,-90,1,6,12,0,picker-2,,1,0,149,,,,-71,72,,,281,2772,,,
32,-89,1,19,4,0,picker-3,,1,,395,,,,-70,331,,,313,2760,,,
33,-88,1,498,6,0,picker-1,,1,,505,,,,-69,0,,,341,2756,,,
34,-87,1,43,12,0,,,-3,,,,,,-68,68,,,324,2753,,,
35,-87,1,312,7,0,,,-3,,,,,,-67,119,,,275,2748,,,
36,-87,1,38,11,0,,,-3,,,,,,-66,1332,,,179,2735,,,
37,-87,1,383,8,0,,,-3,,,,,,-65,1265,,,307,2734,,,
38,-87,1,295,11,0,,,-3,,,,,,-64,296,,,329,2727,,,
39,-86,1,345,7,0,picker-1,,1,0,114,,,,-63,1512,,,349,2722,,,
40,-85,1,65,12,0,picker-1,,1,0,114,,,,-62,420,,,352,2722,,,
41,-84,1,10,6,0,picker-1,,1,,253,,,,-61,644,,,344,2705,,,
42,-83,1,22,6,0,picker-2,,1,,856,,,,-60,696,,,238,2703,,,
44,-83,1,119,2,0,picker-2,,1,,856,,,,-59,0,,,222,2696,,,
43,-83,1,38,8,0,picker-2,,1,,868,,,,-58,496,,,325,2688,,,
45,-82,1,8,5,0,picker-3,,1,,509,,,,-57,775,,,315,2664,,,
46,-82,1,103,10,0,picker-3,,1,,532,,,,-56,303,,,168,2655,,,
47,-81,1,456,7,0,,,-3,,,,,,-55,422,,,343,2653,,,
48,-81,1,42,1,0,,,-3,,,,,,-54,1877,,,227,2642,,,
49,-81,1,108,8,0,,,-3,,,,,,-53,305,,,347,2629,,,
50,-81,1,26,4,0,,,-3,,,,,,-52,153,,,331,2620,,,
51,-80,1,31,8,0,picker-1,,1,0,137,,,,-51,980,,,346,2619,,,
52,-79,1,185,6,0,picker-1,,1,0,68,,,,-50,67,,,323,2613,,,
53,-78,1,189,4,0,picker-1,,1,0,75,,,,-49,172,,,302,2610,,,
56,-77,1,100,10,0,picker-1,,1,,2399,,,,-48,622,,,330,2607,,,
55,-77,1,118,10,0,picker-1,,1,,2417,,,,-47,244,,,211,2598,,,
54,-77,1,16,5,0,picker-1,,1,,2465,,,,-46,1654,,,236,2595,,,
57,-76,1,0,10,0,picker-2,,1,,1077,,,,-45,2302,,,233,2594,,,
58,-76,1,310,11,0,picker-2,,1,,1077,,,,-44,386,,,273,2580,,,
59,-75,1,49,10,0,picker-2,,1,,447,,,,-43,403,,,327,2578,,,
60,-75,1,25,7,0,picker-2,,1,,447,,,,-42,137,,,312,2577,,,
61,-74,1,15,1,0,picker-3,,1,0,137,,,,-41,0,,,97,2559,,,
62,-73,1,107,10,0,picker-1,,1,0,89,,,,-40,137,,,308,2546,,,
64,-72,1,12,10,0,picker-2,,1,,99,,,,-39,444,,,303,2518,,,
65,-72,1,212,11,0,picker-2,,1,,149,,,,-38,0,,,317,2513,,,
63,-72,1,35,7,0,picker-2,,1,,207,,,,-37,289,,,306,2507,,,
68,-72,1,68,12,0,picker-2,,1,,207,,,,-36,244,,,321,2499,,,
67,-72,1,6,12,0,picker-2,,1,,251,,,,-35,0,,,320,2493,,,
66,-72,1,75,8,0,picker-2,,1,,274,,,,-34,137,,,316,2487,,,
69,-71,1,23,10,0,picker-2,,1,,72,,,,-33,373,,,311,2482,,,
74,-71,1,8,7,0,picker-2,,1,,99,,,,-32,381,,,149,2473,,,
72,-71,1,391,3,0,picker-2,,1,,165,,,,-31,551,,,297,2468,,,
70,-71,1,3,12,0,picker-2,,1,,207,,,,-30,412,,,133,2457,,,
73,-71,1,73,4,0,picker-2,,1,,260,,,,-29,341,,,301,2452,,,
71,-71,1,29,2,0,picker-2,,1,,293,,,,-28,0,,,246,2444,,,
75,-70,1,37,10,0,picker-2,,1,,331,,,,-27,2807,,,309,2432,,,
76,-69,1,50,10,0,,,-3,,,,,,-26,137,,,285,2401,,,
77,-69,1,419,4,0,,,-3,,,,,,-25,681,,,-77,2399,,,
78,-69,1,383,11,0,,,-3,,,,,,-24,0,,,63,2386,,,
79,-68,1,66,9,0,picker-1,,1,0,68,,,,-23,946,,,163,2361,,,
80,-67,1,6,4,0,picker-2,,1,0,119,,,,-22,443,,,298,2358,,,
81,-67,1,3,3,0,picker-2,,1,0,119,,,,-21,149,,,293,2354,,,
82,-66,1,362,6,0,picker-3,,1,,1332,,,,-20,668,,,299,2339,,,
83,-66,1,324,6,0,picker-3,,1,,1370,,,,-19,494,,,286,2337,,,
84,-65,1,285,9,0,picker-2,,1,,1265,,,,-18,0,,,74,2333,,,
86,-65,1,71,10,0,picker-2,,1,,1281,,,,-17,368,,,289,2320,,,
85,-65,1,58,8,0,picker-2,,1,,1295,,,,-16,760,,,290,2312,,,
87,-64,1,20,4,0,picker-3,,1,,296,,,,-15,1043,,,-45,2302,,,
88,-63,1,64,5,0,picker-2,,1,,1512,,,,-14,897,,,165,2296,,,
89,-62,1,4,5,0,picker-3,,1,,420,,,,-13,304,,,291,2293,,,
90,-61,1,28,8,0,picker-3,,1,,644,,,,-12,267,,,296,2292,,,
91,-61,1,13,10,0,picker-3,,1,,644,,,,-11,892,,,213,2284,,,
92,-61,1,2,2,0,picker-3,,1,,649,,,,-10,119,,,177,2279,,,
94,-60,1,37,11,0,picker-2,,1,,696,,,,-9,1792,,,283,2267,,,
93,-60,1,8,2,0,picker-2,,1,,710,,,,-8,266,,,282,2245,,,
95,-59,1,89,10,0,,,-3,,,,,,-7,320,,,288,2230,,,
96,-58,1,21,6,0,picker-1,,1,,496,,,,-6,466,,,204,2222,,,
97,-57,1,471,9,0,picker-3,,1,,775,,,,-5,0,,,167,2216,,,
98,-56,1,15,4,0,picker-3,,1,,303,,,,-4,349,,,256,2211,,,
99,-55,1,5,6,0,picker-1,,1,,422,,,,-3,817,,,244,2206,,,
101,-54,1,98,6,0,picker-2,,1,,1877,,,,-2,763,,,276,2204,,,
100,-54,1,20,2,0,picker-2,,1,,1926,,,,-1,536,,,284,2196,,,
103,-53,1,0,6,0,picker-2,,1,,305,,,,0,1121,,,274,2193,,,
102,-53,1,42,8,0,picker-2,,1,,331,,,,1,1116,,,277,2192,,,
104,-52,1,0,10,0,picker-1,,1,,153,,,,2,223,,,266,2186,,,
106,-52,1,48,4,0,picker-1,,1,,172,,,,3,1364,,,267,2170,,,
105,-52,1,73,6,0,picker-1,,1,,184,,,,4,279,,,264,2157,,,
107,-51,1,0,11,0,picker-2,,1,,980,,,,5,1515,,,271,2157,,,
108,-51,1,2,2,0,picker-2,,1,,980,,,,6,1243,,,263,2131,,,
109,-51,1,4,3,0,picker-2,,1,,1012,,,,7,602,,,250,2121,,,
110,-50,1,274,7,0,picker-3,,1,0,67,,,,8,1814,,,270,2120,,,
111,-50,1,15,3,0,picker-3,,1,0,137,,,,9,289,,,251,2103,,,
112,-50,1,3,2,0,picker-3,,1,0,137,,,,10,0,,,268,2103,,,
113,-49,1,48,8,0,picker-1,,1,,172,,,,11,470,,,54,2100,,,
114,-48,1,139,8,0,picker-1,,1,,622,,,,12,314,,,226,2069,,,
115,-48,1,18,7,0,picker-1,,1,,638,,,,13,1242,,,201,2067,,,
116,-47,1,40,9,0,picker-1,,1,,244,,,,14,551,,,252,2060,,,
118,-46,1,42,9,0,picker-3,,1,,1654,,,,15,361,,,93,2051,,,
119,-46,1,0,5,0,picker-3,,1,,1683,,,,16,763,,,260,2043,,,
117,-46,1,422,4,0,picker-3,,1,,1772,,,,17,574,,,243,2039,,,
121,-45,1,23,2,0,picker-2,,1,,2302,,,,18,1974,,,255,2039,,,
120,-45,1,62,6,0,picker-2,,1,,2322,,,,19,1765,,,183,2030,,,
122,-44,1,228,6,0,picker-1,,1,,386,,,,20,570,,,146,2021,,,
123,-43,1,255,1,0,picker-2,,1,,403,,,,21,996,,,253,2011,,,
124,-42,1,3,5,0,picker-3,,1,0,137,,,,22,412,,,142,2002,,,
125,-41,1,101,4,0,,,-3,,,,,,23,460,,,254,2002,,,
126,-41,1,4,4,0,,,-3,,,,,,24,485,,,245,1981,,,
127,-41,1,407,4,0,,,-3,,,,,,25,1103,,,18,1974,,,
128,-41,1,124,4,0,,,-3,,,,,,26,0,,,241,1974,,,
129,-41,1,448,12,0,,,-3,,,,,,27,517,,,237,1968,,,
130,-41,1,242,4,0,,,-3,,,,,,28,511,,,225,1947,,,
131,-40,1,3,11,0,picker-3,,1,0,137,,,,29,0,,,175,1935,,,
132,-39,1,18,6,0,picker-1,,1,,444,,,,30,828,,,80,1929,,,
133,-38,1,153,4,0,,,-3,,,,,,31,707,,,33,1911,,,
134,-38,1,45,6,0,,,-3,,,,,,32,0,,,106,1907,,,
135,-37,1,47,7,0,picker-3,,1,,289,,,,33,1911,,,239,1887,,,
136,-37,1,115,4,0,picker-3,,1,,289,,,,34,486,,,-54,1877,,,
137,-36,1,41,6,0,picker-1,,1,,244,,,,35,374,,,99,1877,,,
138,-35,1,132,5,0,,,-3,,,,,,36,411,,,230,1875,,,
139,-35,1,124,6,0,,,-3,,,,,,37,718,,,235,1868,,,
140,-35,1,52,4,0,,,-3,,,,,,38,665,,,229,1867,,,
141,-35,1,238,2,0,,,-3,,,,,,39,509,,,215,1857,,,
142,-35,1,87,3,0,,,-3,,,,,,40,730,,,231,1837,,,
143,-35,1,15,6,0,,,-3,,,,,,41,517,,,100,1833,,,
144,-35,1,1,8,0,,,-3,,,,,,42,838,,,134,1818,,,
146,-34,1,17,9,0,picker-3,,1,0,137,,,,43,897,,,8,1814,,,
148,-34,1,3,8,0,picker-3,,1,0,137,,,,44,393,,,-9,1792,,,
147,-34,1,27,12,0,picker-3,,1,0,168,,,,45,0,,,19,1765,,,
145,-34,1,215,5,0,picker-3,,1,0,176,,,,46,555,,,138,1760,,,
149,-33,1,19,8,0,picker-3,,1,,373,,,,47,1743,,,162,1755,,,
150,-32,1,22,4,0,picker-2,,1,,381,,,,48,1309,,,221,1754,,,
151,-31,1,8,4,0,picker-1,,1,,551,,,,49,621,,,220,1745,,,
152,-31,1,47,5,0,picker-1,,1,,551,,,,50,430,,,47,1743,,,
153,-30,1,32,7,0,picker-3,,1,,412,,,,51,733,,,159,1720,,,
154,-29,1,5,4,0,picker-1,,1,,341,,,,52,0,,,108,1714,,,
155,-28,1,250,7,0,,,-3,,,,,,53,1504,,,199,1708,,,
156,-28,1,81,4,0,,,-3,,,,,,54,2100,,,219,1699,,,
157,-27,1,183,6,0,picker-3,,1,,2807,,,,55,850,,,214,1683,,,
158,-26,1,3,4,0,picker-3,,1,0,137,,,,56,499,,,212,1682,,,
159,-26,1,12,12,0,picker-3,,1,0,183,,,,57,1250,,,181,1668,,,
160,-25,1,16,4,0,picker-1,,1,,681,,,,58,994,,,-46,1654,,,
161,-25,1,94,8,0,picker-1,,1,,697,,,,59,921,,,123,1649,,,
162,-24,1,116,6,0,,,-3,,,,,,60,783,,,73,1641,,,
163,-24,1,46,7,0,,,-3,,,,,,61,746,,,186,1640,,,
164,-24,1,5,10,0,,,-3,,,,,,62,726,,,209,1632,,,
165,-24,1,225,5,0,,,-3,,,,,,63,2386,,,151,1621,,,
166,-24,1,48,12,0,,,-3,,,,,,64,0,,,210,1606,,,
167,-23,1,137,6,0,picker-2,,1,,946,,,,65,613,,,195,1600,,,
168,-22,1,145,9,0,picker-3,,1,,443,,,,66,592,,,127,1597,,,
169,-21,1,6,9,0,picker-2,,1,0,149,,,,67,584,,,182,1597,,,
170,-21,1,87,7,0,picker-2,,1,0,165,,,,68,0,,,187,1584,,,
171,-20,1,27,8,0,picker-1,,1,,668,,,,69,0,,,136,1582,,,
172,-20,1,451,10,0,picker-1,,1,,668,,,,70,1006,,,113,1577,,,
173,-19,1,216,7,0,picker-3,,1,,494,,,,71,580,,,205,1575,,,
174,-18,1,360,9,0,,,-3,,,,,,72,681,,,156,1567,,,
175,-18,1,432,6,0,,,-3,,,,,,73,1641,,,206,1564,,,
176,-18,1,1,5,0,,,-3,,,,,,74,2333,,,170,1549,,,
177,-18,1,39,8,0,,,-3,,,,,,75,0,,,207,1530,,,
178,-17,1,42,12,0,picker-2,,1,,368,,,,76,1529,,,76,1529,,,
179,-16,1,46,6,0,picker-1,,1,,760,,,,77,701,,,200,1521,,,
180,-15,1,58,6,0,picker-2,,1,,1043,,,,78,792,,,5,1515,,,
181,-14,1,402,8,0,picker-2,,1,,897,,,,79,875,,,-63,1512,,,
182,-13,1,203,2,0,picker-1,,1,,304,,,,80,1929,,,194,1510,,,
183,-12,1,26,6,0,picker-1,,1,,267,,,,81,799,,,53,1504,,,
185,-11,1,285,9,0,picker-1,,1,,892,,,,82,796,,,191,1492,,,
184,-11,1,309,4,0,picker-1,,1,,910,,,,83,1127,,,193,1489,,,
186,-10,1,6,4,0,picker-2,,1,0,119,,,,84,1141,,,155,1486,,,
189,-9,1,36,4,0,picker-3,,1,,1792,,,,85,788,,,196,1469,,,
190,-9,1,38,6,0,picker-3,,1,,1792,,,,86,0,,,180,1467,,,
187,-9,1,14,4,0,picker-3,,1,,1875,,,,87,1426,,,184,1458,,,
188,-9,1,54,2,0,picker-3,,1,,1900,,,,88,964,,,173,1454,,,
191,-8,1,25,6,0,picker-3,,1,,266,,,,89,821,,,188,1448,,,
192,-7,1,26,6,0,picker-1,,1,,320,,,,90,0,,,189,1444,,,
193,-6,1,213,3,0,picker-2,,1,,466,,,,91,976,,,139,1442,,,
194,-5,1,210,4,0,picker-2,,-1,,,,,,92,776,,,87,1426,,,
195,-5,1,191,9,0,picker-2,,-1,,,,,,93,2051,,,172,1420,,,
196,-4,1,38,8,0,picker-2,,1,,349,,,,94,838,,,174,1411,,,
197,-4,1,33,4,0,picker-2,,1,,349,,,,95,0,,,178,1411,,,
198,-3,1,52,9,0,picker-3,,1,,817,,,,96,0,,,158,1408,,,
199,-2,1,218,10,0,picker-3,,1,,763,,,,97,2559,,,176,1399,,,
200,-1,1,17,2,0,picker-3,,1,,536,,,,98,0,,,171,1395,,,
201,0,1,219,3,60,picker-1,,1,,1121,,,,99,1877,,,157,1388,,,
203,0,1,124,8,60,picker-1,,1,,1121,,,,100,1833,,,169,1375,,,
202,0,1,43,4,60,picker-1,,1,,1167,,,,101,1324,,,166,1372,,,
204,1,1,19,8,60,picker-2,,1,,1116,,,,102,845,,,3,1364,,,
205,1,1,2,8,60,picker-2,,1,,1116,,,,103,1037,,,137,1360,,,
206,2,1,1,6,60,picker-1,,1,,223,,,,104,1009,,,120,1359,,,
207,3,1,36,8,60,picker-2,,1,,1364,,,,105,839,,,-66,1332,,,
208,3,1,0,5,60,picker-2,,1,,1364,,,,106,1907,,,160,1328,,,
209,4,1,28,8,60,picker-1,,1,,279,,,,107,937,,,101,1324,,,
210,5,1,222,6,60,picker-3,,1,,1515,,,,108,1714,,,140,1323,,,
211,5,1,0,12,60,picker-3,,1,,1515,,,,109,1073,,,147,1311,,,
214,6,1,46,12,60,picker-2,,1,,1243,,,,110,0,,,48,1309,,,
212,6,1,26,5,60,picker-2,,1,,1344,,,,111,887,,,-65,1265,,,
213,6,1,2,5,60,picker-2,,1,,1344,,,,112,937,,,161,1260,,,
215,7,1,28,4,60,picker-3,,1,,602,,,,113,1577,,,130,1256,,,
216,7,1,19,1,60,picker-3,,1,,602,,,,114,1174,,,57,1250,,,
217,8,1,178,7,120,picker-2,,1,,1814,,,,115,1086,,,6,1243,,,
218,9,1,47,6,120,picker-3,,1,,289,,,,116,0,,,13,1242,,,
219,10,1,75,11,120,,,-3,,,,,,117,976,,,153,1237,,,
220,10,1,138,4,120,,,-3,,,,,,118,1025,,,148,1223,,,
221,10,1,65,12,120,,,-3,,,,,,119,0,,,154,1219,,,
222,11,1,48,4,120,picker-1,,1,,470,,,,120,1359,,,144,1207,,,
223,12,1,38,8,120,picker-3,,1,,314,,,,121,950,,,125,1203,,,
224,13,1,123,9,120,picker-1,,1,,1242,,,,122,1021,,,150,1197,,,
225,14,1,397,12,120,picker-2,,1,,551,,,,123,1649,,,143,1183,,,
226,15,1,20,3,120,picker-3,,1,,361,,,,124,1084,,,114,1174,,,
227,16,1,16,8,120,picker-2,,1,,763,,,,125,1203,,,135,1155,,,
228,16,1,38,8,120,picker-2,,1,,775,,,,126,1047,,,84,1141,,,
229,17,1,164,8,120,picker-3,,1,,574,,,,127,1597,,,129,1131,,,
231,17,1,34,6,120,picker-3,,1,,574,,,,128,1065,,,83,1127,,,
230,17,1,461,4,120,picker-3,,1,,581,,,,129,1131,,,0,1121,,,
233,18,1,217,8,120,picker-3,,1,,1974,,,,130,1256,,,1,1116,,,
232,18,1,10,6,120,picker-3,,1,,2002,,,,131,0,,,25,1103,,,
234,18,1,214,12,120,picker-3,,1,,2002,,,,132,1095,,,132,1095,,,
235,18,1,27,8,120,picker-3,,1,,2037,,,,133,2457,,,115,1086,,,
236,19,1,102,7,120,picker-3,,1,,1765,,,,134,1818,,,124,1084,,,
237,20,1,26,6,180,picker-1,,1,,570,,,,135,1155,,,-76,1077,,,
238,20,1,31,7,180,picker-1,,1,,602,,,,136,1582,,,109,1073,,,
240,21,1,3,9,180,picker-3,,1,,996,,,,137,1360,,,128,1065,,,
241,21,1,44,6,180,picker-3,,1,,996,,,,138,1760,,,126,1047,,,
239,21,1,83,4,180,picker-3,,1,,1065,,,,139,1442,,,-15,1043,,,
242,22,1,12,4,180,picker-3,,1,,412,,,,140,1323,,,103,1037,,,
244,23,1,15,9,180,picker-2,,1,,460,,,,141,0,,,118,1025,,,
243,23,1,22,8,180,picker-2,,1,,485,,,,142,2002,,,122,1021,,,
245,24,1,0,6,180,picker-2,,1,,485,,,,143,1183,,,104,1009,,,
246,25,1,127,2,180,picker-3,,1,,1103,,,,144,1207,,,70,1006,,,
247,26,1,480,5,180,,,-3,,,,,,145,0,,,21,996,,,
248,26,1,71,12,180,,,-3,,,,,,146,2021,,,58,994,,,
249,27,1,103,5,180,picker-3,,1,,517,,,,147,1311,,,-51,980,,,
250,28,1,141,3,180,picker-1,,1,,511,,,,148,1223,,,91,976,,,
251,29,1,218,10,180,,,-3,,,,,,149,2473,,,117,976,,,
252,29,1,232,4,180,,,-3,,,,,,150,1197,,,88,964,,,
253,29,1,494,3,180,,,-3,,,,,,151,1621,,,121,950,,,
254,29,1,42,2,180,,,-3,,,,,,152,0,,,-23,946,,,
255,30,1,36,5,180,picker-1,,1,,828,,,,153,1237,,,107,937,,,
256,31,1,33,8,240,picker-3,,1,,707,,,,154,1219,,,112,937,,,
257,32,1,29,3,240,,,-3,,,,,,155,1486,,,59,921,,,
258,32,1,45,6,240,,,-3,,,,,,156,1567,,,-14,897,,,
259,32,1,21,4,240,,,-3,,,,,,157,1388,,,43,897,,,
260,32,1,87,4,240,,,-3,,,,,,158,1408,,,-11,892,,,
261,32,1,4,8,240,,,-3,,,,,,159,1720,,,111,887,,,
262,32,1,237,11,240,,,-3,,,,,,160,1328,,,79,875,,,
264,33,1,93,5,240,picker-2,,1,,1911,,,,161,1260,,,-83,856,,,
263,33,1,113,9,240,picker-2,,1,,1926,,,,162,1755,,,55,850,,,
265,34,1,34,6,240,picker-1,,1,,486,,,,163,2361,,,102,845,,,
266,34,1,21,6,240,picker-1,,1,,486,,,,164,2807,,,105,839,,,
267,35,1,5,10,240,picker-1,,1,,374,,,,165,2296,,,42,838,,,
268,36,1,27,6,240,picker-1,,1,,411,,,,166,1372,,,94,838,,,
269,37,1,326,5,240,picker-2,,1,,718,,,,167,2216,,,30,828,,,
270,38,1,29,2,240,picker-2,,1,,665,,,,168,2655,,,89,821,,,
271,38,1,1,11,240,picker-2,,1,,665,,,,169,1375,,,-3,817,,,
272,38,1,109,6,240,picker-2,,1,,706,,,,170,1549,,,81,799,,,
273,39,1,240,7,240,picker-2,,1,,509,,,,171,1395,,,82,796,,,
274,40,1,91,9,240,picker-1,,1,,730,,,,172,1420,,,78,792,,,
275,41,1,101,5,240,picker-2,,1,,517,,,,173,1454,,,85,788,,,
277,42,1,17,4,240,picker-3,,1,,838,,,,174,1411,,,60,783,,,
276,42,1,48,10,240,picker-3,,1,,880,,,,175,1935,,,92,776,,,
278,42,1,32,9,240,picker-3,,1,,880,,,,176,1399,,,-57,775,,,
279,43,1,6,12,240,picker-1,,1,,897,,,,177,2279,,,-2,763,,,
280,44,1,233,6,240,picker-2,,1,,393,,,,178,1411,,,16,763,,,
281,45,1,198,4,300,,,-3,,,,,,179,2735,,,-16,760,,,
282,45,1,148,5,300,,,-3,,,,,,180,1467,,,61,746,,,
283,45,1,402,8,300,,,-3,,,,,,181,1668,,,51,733,,,
284,45,1,119,10,300,,,-3,,,,,,182,1597,,,40,730,,,
285,45,1,45,8,300,,,-3,,,,,,183,2030,,,62,726,,,
286,45,1,18,5,300,,,-3,,,,,,184,1458,,,37,718,,,
287,45,1,35,2,300,,,-3,,,,,,185,0,,,31,707,,,
288,45,1,43,8,300,,,-3,,,,,,186,1640,,,77,701,,,
289,46,1,9,6,300,picker-3,,1,,555,,,,187,1584,,,-60,696,,,
290,46,1,13,8,300,picker-3,,1,,555,,,,188,1448,,,-25,681,,,
291,47,1,102,6,300,picker-3,,1,,1743,,,,189,1444,,,72,681,,,
292,48,1,290,6,300,picker-1,,1,,1309,,,,190,0,,,-20,668,,,
293,49,1,39,7,300,picker-3,,1,,621,,,,191,1492,,,38,665,,,
294,50,1,333,7,300,picker-3,,1,,430,,,,192,0,,,-61,644,,,
295,51,1,3,4,360,picker-3,,1,,733,,,,193,1489,,,-93,634,,,
296,52,1,91,12,360,,,-3,,,,,,194,1510,,,-48,622,,,
297,52,1,70,5,360,,,-3,,,,,,195,1600,,,49,621,,,
298,52,1,56,7,360,,,-3,,,,,,196,1469,,,65,613,,,
299,52,1,4,4,360,,,-3,,,,,,197,0,,,7,602,,,
300,52,1,148,4,360,,,-3,,,,,,198,0,,,66,592,,,
301,52,1,15,10,360,,,-3,,,,,,199,1708,,,67,584,,,
302,53,1,26,11,360,picker-2,,1,,1504,,,,200,1521,,,71,580,,,
303,53,1,88,2,360,picker-2,,1,,1533,,,,201,2067,,,17,574,,,
304,54,1,5,4,360,picker-3,,1,,2100,,,,202,0,,,20,570,,,
305,54,1,25,5,360,picker-3,,1,,2100,,,,203,0,,,46,555,,,
306,54,1,456,10,360,picker-3,,1,,2173,,,,204,2222,,,-31,551,,,
307,55,1,46,7,360,picker-1,,1,,850,,,,205,1575,,,14,551,,,
308,56,1,0,10,360,picker-2,,1,,499,,,,206,1564,,,-1,536,,,
309,57,1,59,3,360,picker-2,,1,,1250,,,,207,1530,,,27,517,,,
310,58,1,44,12,360,picker-1,,1,,994,,,,208,0,,,41,517,,,
311,58,1,161,3,360,picker-1,,1,,994,,,,209,1632,,,28,511,,,
314,59,1,32,9,360,picker-3,,1,,921,,,,210,1606,,,-82,509,,,
315,59,1,3,9,360,picker-3,,1,,921,,,,211,2598,,,39,509,,,
312,59,1,74,2,360,picker-3,,1,,949,,,,212,1682,,,-88,505,,,
313,59,1,4,11,360,picker-3,,1,,958,,,,213,2284,,,56,499,,,
316,60,1,208,4,420,picker-1,,1,,783,,,,214,1683,,,-58,496,,,
317,61,1,16,10,420,picker-2,,1,,746,,,,215,1857,,,-19,494,,,
318,62,1,0,11,420,picker-3,,1,,726,,,,216,0,,,34,486,,,
319,63,1,449,9,420,picker-3,,1,,2386,,,,217,2993,,,24,485,,,
324,63,1,1,12,420,picker-3,,1,,2386,,,,218,0,,,11,470,,,
320,63,1,488,12,420,picker-3,,1,,2442,,,,219,1699,,,-6,466,,,
322,63,1,293,6,420,picker-3,,1,,2442,,,,220,1745,,,23,460,,,
323,63,1,70,6,420,picker-3,,1,,2464,,,,221,1754,,,-75,447,,,
321,63,1,401,2,420,picker-3,,1,,2549,,,,222,2696,,,-39,444,,,
325,64,1,19,4,420,,,-3,,,,,,223,0,,,-22,443,,,
326,64,1,118,4,420,,,-3,,,,,,224,0,,,50,430,,,
327,64,1,209,7,420,,,-3,,,,,,225,1947,,,-55,422,,,
328,64,1,245,8,420,,,-3,,,,,,226,2069,,,-62,420,,,
329,65,1,113,8,420,picker-2,,1,,613,,,,227,2642,,,-30,412,,,
330,65,1,318,4,420,picker-2,,1,,644,,,,228,0,,,22,412,,,
331,66,1,40,8,420,picker-1,,1,,592,,,,229,1867,,,36,411,,,
332,67,1,24,6,420,picker-2,,1,,584,,,,230,1875,,,-43,403,,,
333,68,1,129,3,420,,,-3,,,,,,231,1837,,,-99,399,,,
334,68,1,30,9,420,,,-3,,,,,,232,0,,,-89,395,,,
335,68,1,28,3,420,,,-3,,,,,,233,2594,,,44,393,,,
336,68,1,23,4,420,,,-3,,,,,,234,0,,,-44,386,,,
337,68,1,61,7,420,,,-3,,,,,,235,1868,,,-32,381,,,
338,68,1,477,2,420,,,-3,,,,,,236,2595,,,35,374,,,
339,68,1,496,6,420,,,-3,,,,,,237,1968,,,-33,373,,,
340,68,1,102,2,420,,,-3,,,,,,238,2703,,,-17,368,,,
341,68,1,389,5,420,,,-3,,,,,,239,1887,,,15,361,,,
342,69,1,43,4,420,,,-3,,,,,,240,0,,,-4,349,,,
343,69,1,5,8,420,,,-3,,,,,,241,1974,,,-29,341,,,
344,69,1,133,12,420,,,-3,,,,,,242,0,,,-70,331,,,
345,69,1,17,6,420,,,-3,,,,,,243,2039,,,-7,320,,,
347,70,1,26,8,420,picker-2,,1,,1006,,,,244,2206,,,12,314,,,
348,70,1,0,12,420,picker-2,,1,,1006,,,,245,1981,,,-53,305,,,
346,70,1,131,8,420,picker-2,,1,,1033,,,,246,2444,,,-13,304,,,
349,71,1,101,6,420,picker-1,,1,,580,,,,247,0,,,-56,303,,,
350,72,1,38,6,480,picker-2,,1,,681,,,,248,0,,,-64,296,,,
353,73,1,6,10,480,picker-3,,1,,1641,,,,249,0,,,-37,289,,,
354,73,1,222,12,480,picker-3,,1,,1670,,,,250,2121,,,9,289,,,
352,73,1,105,4,480,picker-3,,1,,1717,,,,251,2103,,,4,279,,,
351,73,1,56,4,480,picker-3,,1,,1724,,,,252,2060,,,-12,267,,,
356,74,1,33,9,480,picker-3,,1,,2333,,,,253,2011,,,-92,266,,,
355,74,1,75,9,480,picker-3,,1,,2455,,,,254,2002,,,-8,266,,,
357,75,1,1,12,480,,,-3,,,,,,255,2039,,,-84,253,,,
358,75,1,142,8,480,,,-3,,,,,,256,2211,,,-47,244,,,
359,75,1,78,2,480,,,-3,,,,,,257,0,,,-36,244,,,
360,76,1,64,12,480,picker-2,,1,,1529,,,,258,0,,,-100,229,,,
361,77,1,306,2,480,picker-1,,1,,701,,,,259,0,,,2,223,,,
362,78,1,51,12,480,picker-3,,1,,792,,,,260,2043,,,-49,172,,,
363,79,1,477,4,480,picker-2,,1,,875,,,,261,2936,,,-52,153,,,
364,80,1,54,9,540,picker-3,,1,,1929,,,,262,0,,,-90,149,,,
365,81,1,359,4,540,picker-3,,1,,799,,,,263,2131,,,-21,149,,,
366,82,1,46,2,540,picker-1,,1,,796,,,,264,2157,,,-98,137,,,
367,83,1,99,9,540,picker-3,,1,,1127,,,,265,0,,,-95,137,,,
368,83,1,155,5,540,picker-3,,1,,1155,,,,266,2186,,,-80,137,,,
369,83,1,11,8,540,picker-3,,1,,1186,,,,267,2170,,,-74,137,,,
370,84,1,172,3,540,picker-3,,1,,1141,,,,268,2103,,,-42,137,,,
371,85,1,341,5,540,picker-2,,1,,788,,,,269,0,,,-40,137,,,
372,86,1,116,6,540,,,-3,,,,,,270,2120,,,-34,137,,,
373,86,1,307,12,540,,,-3,,,,,,271,2157,,,-26,137,,,
374,86,1,168,3,540,,,-3,,,,,,272,0,,,-97,119,,,
375,86,1,0,5,540,,,-3,,,,,,273,2580,,,-67,119,,,
376,86,1,46,5,540,,,-3,,,,,,274,2193,,,-10,119,,,
377,86,1,22,3,540,,,-3,,,,,,275,2748,,,-86,114,,,
378,86,1,140,2,540,,,-3,,,,,,276,2204,,,-85,114,,,
379,87,1,50,5,540,picker-3,,1,,1426,,,,277,2192,,,-72,99,,,
380,88,1,1,8,600,picker-1,,1,,964,,,,278,0,,,-73,89,,,
381,89,1,447,9,600,picker-2,,1,,821,,,,279,0,,,-78,75,,,
382,90,1,20,1,600,,,-3,,,,,,280,2913,,,-71,72,,,
383,90,1,2,7,600,,,-3,,,,,,281,2772,,,-79,68,,,
384,90,1,318,7,600,,,-3,,,,,,282,2245,,,-68,68,,,
385,90,1,94,3,600,,,-3,,,,,,283,2267,,,-50,67,,,
387,91,1,30,8,600,picker-3,,1,,976,,,,284,2196,,,-91,48,,,
386,91,1,13,5,600,picker-3,,1,,1004,,,,285,2401,,,-96,0,,,
388,92,1,3,6,600,picker-1,,1,,776,,,,286,2337,,,-94,0,,,
391,93,1,186,8,660,picker-1,,1,,2051,,,,287,2790,,,-87,0,,,
390,93,1,184,6,660,picker-1,,1,,2095,,,,288,2230,,,-81,0,,,
389,93,1,7,5,660,picker-1,,1,,2117,,,,289,2320,,,-69,0,,,
392,94,1,20,12,660,picker-2,,1,,838,,,,290,2312,,,-59,0,,,
393,95,1,297,8,660,picker-3,,-1,,,,,,291,2293,,,-41,0,,,
394,96,1,1,4,660,,,-3,,,,,,292,0,,,-38,0,,,
395,96,1,405,4,660,,,-3,,,,,,293,2354,,,-35,0,,,
396,96,1,294,8,660,,,-3,,,,,,294,0,,,-28,0,,,
397,96,1,59,10,660,,,-3,,,,,,295,0,,,-24,0,,,
398,96,1,63,12,660,,,-3,,,,,,296,2292,,,-18,0,,,
399,97,1,63,2,660,picker-3,,1,,2559,,,,297,2468,,,-5,0,,,
400,98,1,358,6,660,,,-3,,,,,,298,2358,,,10,0,,,
401,98,1,7,2,660,,,-3,,,,,,299,2339,,,26,0,,,
402,98,1,45,2,660,,,-3,,,,,,300,0,,,29,0,,,
403,98,1,36,6,660,,,-3,,,,,,301,2452,,,32,0,,,
404,99,1,18,1,660,picker-2,,1,,1877,,,,302,2610,,,45,0,,,
405,99,1,98,6,660,picker-2,,1,,1877,,,,303,2518,,,52,0,,,
407,100,1,79,11,660,picker-2,,1,,1833,,,,304,0,,,64,0,,,
406,100,1,373,6,660,picker-2,,1,,1847,,,,305,0,,,68,0,,,
408,100,1,23,4,660,picker-2,,1,,1847,,,,306,2507,,,69,0,,,
409,100,1,185,9,660,picker-2,,1,,1860,,,,307,2734,,,75,0,,,
410,101,1,37,9,660,picker-1,,1,,1324,,,,308,2546,,,86,0,,,
411,102,1,424,4,660,picker-2,,1,,845,,,,309,2432,,,90,0,,,
412,103,1,192,6,660,picker-1,,1,,1037,,,,310,0,,,95,0,,,
413,104,1,1,6,660,picker-1,,1,,1009,,,,311,2482,,,96,0,,,
415,104,1,29,5,660,picker-1,,1,,1009,,,,312,2577,,,98,0,,,
414,104,1,235,4,660,picker-1,,1,,1028,,,,313,2760,,,110,0,,,
416,105,1,1,7,660,picker-1,,1,,839,,,,314,2937,,,116,0,,,
417,106,1,31,11,720,picker-1,,1,,1907,,,,315,2664,,,119,0,,,
418,106,1,184,10,720,picker-1,,1,,1935,,,,316,2487,,,131,0,,,
419,107,1,20,6,720,picker-2,,1,,937,,,,317,2513,,,141,0,,,
422,108,1,79,3,720,picker-2,,1,,1714,,,,318,2864,,,145,0,,,
420,108,1,42,6,720,picker-2,,1,,1735,,,,319,2891,,,152,0,,,
421,108,1,17,10,720,picker-2,,1,,1735,,,,320,2493,,,185,0,,,
423,109,1,22,8,720,picker-1,,1,,1073,,,,321,2499,,,190,0,,,
424,109,1,1,9,720,picker-1,,1,,1073,,,,322,0,,,192,0,,,
425,109,1,267,10,720,picker-1,,1,,1087,,,,323,2613,,,197,0,,,
426,110,1,89,10,720,,,-3,,,,,,324,2753,,,198,0,,,
427,110,1,236,6,720,,,-3,,,,,,325,2688,,,202,0,,,
428,110,1,5,10,720,,,-3,,,,,,326,0,,,203,0,,,
429,111,1,9,4,720,picker-3,,1,,887,,,,327,2578,,,208,0,,,
430,112,1,138,11,720,picker-3,,1,,937,,,,328,2922,,,216,0,,,
431,113,1,360,7,720,picker-1,,1,,1577,,,,329,2727,,,218,0,,,
432,113,1,0,6,720,picker-1,,1,,1593,,,,330,2607,,,223,0,,,
434,114,1,174,8,780,picker-3,,1,,1174,,,,331,2620,,,224,0,,,
433,114,1,22,3,780,picker-3,,1,,1203,,,,332,2965,,,228,0,,,
435,115,1,58,6,780,picker-2,,1,,1086,,,,333,2811,,,232,0,,,
436,116,1,133,8,780,,,-3,,,,,,334,0,,,234,0,,,
437,117,1,4,5,780,picker-3,,1,,976,,,,335,0,,,240,0,,,
438,117,1,1,2,780,picker-3,,1,,1025,,,,336,2856,,,242,0,,,
439,118,1,84,2,780,picker-3,,1,,1025,,,,337,0,,,247,0,,,
440,119,1,44,6,780,,,-3,,,,,,338,0,,,248,0,,,
441,119,1,121,12,780,,,-3,,,,,,339,0,,,249,0,,,
442,120,1,110,8,780,picker-3,,1,,1359,,,,340,0,,,257,0,,,
443,121,1,19,1,780,picker-1,,1,,950,,,,341,2756,,,258,0,,,
444,122,1,7,8,840,picker-1,,1,,1021,,,,342,0,,,259,0,,,
446,123,1,58,6,840,picker-2,,1,,1649,,,,343,2653,,,262,0,,,
445,123,1,139,4,840,picker-2,,1,,1668,,,,344,2705,,,265,0,,,
448,124,1,39,11,840,picker-3,,1,,1084,,,,345,0,,,269,0,,,
447,124,1,198,6,840,picker-3,,1,,1094,,,,346,2619,,,272,0,,,
449,125,1,34,3,840,picker-3,,1,,1203,,,,347,2629,,,278,0,,,
450,126,1,20,2,840,picker-2,,1,,1047,,,,348,2904,,,279,0,,,
451,127,1,388,8,840,picker-3,,1,,1597,,,,349,2722,,,292,0,,,
452,128,1,10,10,840,picker-3,,1,,1065,,,,350,0,,,294,0,,,
453,128,1,24,3,840,picker-3,,1,,1084,,,,351,0,,,295,0,,,
454,129,1,10,11,840,picker-2,,1,,1131,,,,352,2722,,,300,0,,,
455,129,1,59,2,840,picker-2,,1,,1136,,,,353,2833,,,304,0,,,
457,130,1,18,6,900,picker-1,,1,,1256,,,,354,2950,,,305,0,,,
456,130,1,122,8,900,picker-1,,1,,1286,,,,355,0,,,310,0,,,
458,131,1,93,7,900,,,-3,,,,,,356,0,,,322,0,,,
459,131,1,27,6,900,,,-3,,,,,,357,2995,,,326,0,,,
460,131,1,3,5,900,,,-3,,,,,,358,2792,,,334,0,,,
461,131,1,54,4,900,,,-3,,,,,,359,0,,,335,0,,,
462,131,1,32,8,900,,,-3,,,,,,360,0,,,337,0,,,
463,131,1,147,6,900,,,-3,,,,,,361,0,,,338,0,,,
464,132,1,7,5,900,picker-1,,1,,1095,,,,362,0,,,339,0,,,
465,133,1,103,8,900,picker-1,,1,,2457,,,,363,0,,,340,0,,,
468,134,1,38,10,900,picker-3,,1,,1818,,,,364,2895,,,342,0,,,
469,134,1,29,9,900,picker-3,,1,,1818,,,,365,0,,,345,0,,,
466,134,1,421,4,900,picker-3,,1,,1843,,,,366,0,,,350,0,,,
467,134,1,13,6,900,picker-3,,1,,1843,,,,367,2844,,,351,0,,,
470,135,1,47,8,960,picker-1,,1,,1155,,,,368,2963,,,355,0,,,
471,136,1,66,6,960,picker-2,,1,,1582,,,,369,0,,,356,0,,,
472,136,1,17,12,960,picker-2,,1,,1582,,,,370,2862,,,359,0,,,
473,137,1,38,10,960,picker-1,,1,,1360,,,,371,2852,,,360,0,,,
474,137,1,39,12,960,picker-1,,1,,1388,,,,372,0,,,361,0,,,
476,138,1,128,2,960,picker-1,,1,,1760,,,,373,0,,,362,0,,,
475,138,1,442,10,960,picker-1,,1,,1793,,,,374,2877,,,363,0,,,
478,139,1,19,7,960,picker-3,,1,,1442,,,,375,0,,,365,0,,,
479,139,1,0,1,960,picker-3,,1,,1442,,,,376,0,,,366,0,,,
477,139,1,12,8,960,picker-3,,1,,1481,,,,377,0,,,369,0,,,
480,140,1,2,5,960,picker-3,,1,,1323,,,,378,2988,,,372,0,,,
481,140,1,16,10,960,picker-3,,1,,1323,,,,379,0,,,373,0,,,
482,140,1,11,10,960,picker-3,,1,,1346,,,,380,0,,,375,0,,,
483,141,1,7,5,960,,,-3,,,,,,381,2895,,,376,0,,,
484,141,1,63,11,960,,,-3,,,,,,382,2852,,,377,0,,,
486,142,1,112,4,960,picker-3,,1,,2002,,,,383,0,,,379,0,,,
485,142,1,171,7,960,picker-3,,1,,2013,,,,384,0,,,380,0,,,
487,143,1,1,12,960,picker-1,,1,,1183,,,,385,0,,,383,0,,,
488,144,1,484,12,960,picker-1,,1,,1207,,,,386,0,,,384,0,,,
489,144,1,87,7,960,picker-1,,1,,1229,,,,387,0,,,385,0,,,
490,145,1,182,11,1020,,,-3,,,,,,388,2947,,,386,0,,,
491,145,1,140,4,1020,,,-3,,,,,,389,0,,,387,0,,,
492,146,1,127,5,1020,picker-3,,1,,2021,,,,390,0,,,389,0,,,
493,146,1,229,2,1020,picker-3,,1,,2067,,,,391,2974,,,390,0,,,
494,147,1,413,10,1020,picker-2,,1,,1311,,,,392,0,,,,,,,
495,148,1,17,12,1020,picker-2,,1,,1223,,,,393,0,,,,,,,
496,149,1,138,6,1020,picker-3,,1,,2473,,,,394,0,,,,,,,
497,149,1,1,4,1020,picker-3,,1,,2515,,,,395,0,,,,,,,
498,149,1,63,4,1020,picker-3,,1,,2577,,,,396,0,,,,,,,
499,150,1,6,8,1020,picker-2,,1,,1197,,,,397,0,,,,,,,
500,151,1,15,7,1020,picker-1,,1,,1621,,,,398,0,,,,,,,
501,152,1,89,9,1020,,,-3,,,,,,399,0,,,,,,,
502,153,1,14,3,1020,picker-3,,1,,1237,,,,400,0,,,,,,,
503,153,1,34,7,1020,picker-3,,1,,1237,,,,401,0,,,,,,,
504,154,1,190,8,1020,picker-1,,1,,1219,,,,402,0,,,,,,,
505,155,1,20,10,1080,picker-1,,1,,1486,,,,403,0,,,,,,,
506,156,1,9,9,1080,picker-1,,1,,1567,,,,404,0,,,,,,,
507,157,1,19,5,1080,picker-3,,1,,1388,,,,405,0,,,,,,,
508,158,1,12,6,1080,picker-1,,1,,1408,,,,406,0,,,,,,,
509,159,1,368,4,1080,picker-1,,1,,1720,,,,407,0,,,,,,,
510,160,1,79,10,1080,picker-2,,1,,1328,,,,408,0,,,,,,,
511,161,1,28,7,1080,picker-3,,1,,1260,,,,409,0,,,,,,,
513,162,1,19,10,1080,picker-1,,1,,1755,,,,410,0,,,,,,,
514,162,1,148,9,1080,picker-1,,1,,1806,,,,411,0,,,,,,,
512,162,1,150,5,1080,picker-1,,1,,1814,,,,412,0,,,,,,,
515,163,1,489,3,1140,picker-2,,1,,2361,,,,413,0,,,,,,,
516,164,1,116,11,1140,picker-1,,1,,2807,,,,414,0,,,,,,,
517,164,1,240,4,1140,picker-1,,1,,2818,,,,415,0,,,,,,,
518,165,1,378,8,1140,picker-3,,1,,2296,,,,416,0,,,,,,,
519,166,1,10,8,1140,picker-1,,1,,1372,,,,417,0,,,,,,,
522,167,1,268,3,1140,picker-3,,1,,2216,,,,418,0,,,,,,,
520,167,1,333,8,1140,picker-3,,1,,2228,,,,419,0,,,,,,,
521,167,1,113,2,1140,picker-3,,1,,2344,,,,420,0,,,,,,,
523,168,1,4,8,1140,picker-2,,1,,2655,,,,421,0,,,,,,,
524,169,1,0,6,1140,picker-2,,1,,1375,,,,422,0,,,,,,,
526,170,1,5,12,1140,picker-3,,1,,1549,,,,423,0,,,,,,,
525,170,1,6,6,1140,picker-3,,1,,1582,,,,424,0,,,,,,,
527,171,1,2,2,1200,picker-3,,1,,1395,,,,425,0,,,,,,,
528,172,1,394,8,1200,picker-1,,1,,1420,,,,426,0,,,,,,,
529,173,1,29,3,1200,picker-2,,1,,1454,,,,427,0,,,,,,,
530,174,1,8,10,1200,picker-3,,1,,1411,,,,428,0,,,,,,,
534,175,1,5,8,1200,picker-1,,1,,1935,,,,429,0,,,,,,,
533,175,1,198,10,1200,picker-1,,1,,1957,,,,430,0,,,,,,,
535,175,1,35,6,1200,picker-1,,1,,1957,,,,431,0,,,,,,,
536,175,1,28,5,1200,picker-1,,1,,1965,,,,432,0,,,,,,,
531,175,1,149,11,1200,picker-1,,1,,2001,,,,433,0,,,,,,,
532,175,1,6,8,1200,picker-1,,1,,2013,,,,434,0,,,,,,,
537,176,1,2,7,1200,picker-1,,1,,1399,,,,435,0,,,,,,,
538,177,1,66,12,1200,picker-1,,1,,2279,,,,436,0,,,,,,,
539,177,1,126,6,1200,picker-1,,1,,2359,,,,437,0,,,,,,,
540,178,1,138,5,1200,picker-2,,1,,1411,,,,438,0,,,,,,,
541,179,1,92,7,1200,picker-3,,1,,2735,,,,439,0,,,,,,,
542,180,1,403,8,1260,picker-1,,1,,1467,,,,440,0,,,,,,,
544,181,1,345,5,1260,picker-1,,1,,1668,,,,441,0,,,,,,,
543,181,1,193,5,1260,picker-1,,1,,1690,,,,442,0,,,,,,,
545,182,1,8,10,1260,picker-2,,1,,1597,,,,443,0,,,,,,,
546,183,1,318,2,1260,picker-2,,1,,2030,,,,444,0,,,,,,,
547,184,1,26,2,1260,picker-2,,1,,1458,,,,445,0,,,,,,,
548,185,1,50,8,1260,,,-3,,,,,,446,0,,,,,,,
549,185,1,12,10,1260,,,-3,,,,,,447,0,,,,,,,
550,186,1,41,11,1260,picker-2,,1,,1640,,,,448,0,,,,,,,
551,187,1,6,3,1260,picker-1,,1,,1584,,,,449,0,,,,,,,
552,187,1,336,1,1260,picker-1,,1,,1584,,,,450,0,,,,,,,
553,188,1,27,6,1260,picker-2,,1,,1448,,,,451,0,,,,,,,
554,189,1,51,6,1260,picker-1,,1,,1444,,,,452,0,,,,,,,
555,190,1,41,7,1320,,,-3,,,,,,453,0,,,,,,,
556,190,1,63,12,1320,,,-3,,,,,,454,0,,,,,,,
557,190,1,62,6,1320,,,-3,,,,,,455,0,,,,,,,
558,190,1,150,8,1320,,,-3,,,,,,456,0,,,,,,,
559,190,1,112,8,1320,,,-3,,,,,,457,0,,,,,,,
560,190,1,98,5,1320,,,-3,,,,,,458,0,,,,,,,
561,190,1,64,8,1320,,,-3,,,,,,459,0,,,,,,,
562,191,1,1,7,1320,picker-3,,1,,1492,,,,460,0,,,,,,,
563,192,1,116,9,1320,,,-3,,,,,,461,0,,,,,,,
564,192,1,112,7,1320,,,-3,,,,,,462,0,,,,,,,
565,192,1,19,6,1320,,,-3,,,,,,463,0,,,,,,,
566,193,1,434,9,1320,picker-2,,1,,1489,,,,464,0,,,,,,,
567,194,1,156,7,1320,picker-1,,1,,1510,,,,465,0,,,,,,,
568,195,1,40,1,1320,picker-2,,1,,1600,,,,466,0,,,,,,,
569,196,1,3,3,1320,picker-3,,1,,1469,,,,467,0,,,,,,,
570,197,1,126,2,1320,,,-3,,,,,,468,0,,,,,,,
571,197,1,75,3,1320,,,-3,,,,,,469,0,,,,,,,
572,197,1,499,11,1320,,,-3,,,,,,470,0,,,,,,,
573,197,1,183,4,1320,,,-3,,,,,,471,0,,,,,,,
574,198,1,19,10,1320,,,-3,,,,,,472,0,,,,,,,
575,198,1,1,7,1320,,,-3,,,,,,473,0,,,,,,,
576,198,1,337,7,1320,,,-3,,,,,,474,0,,,,,,,
577,199,1,240,6,1380,picker-2,,1,,1708,,,,475,0,,,,,,,
578,200,1,72,7,1380,picker-1,,1,,1521,,,,476,0,,,,,,,
579,201,1,10,12,1380,picker-3,,1,,2067,,,,477,0,,,,,,,
580,201,1,189,7,1380,picker-3,,1,,2077,,,,478,0,,,,,,,
581,202,1,479,5,1380,,,-3,,,,,,479,0,,,,,,,
582,202,1,42,6,1380,,,-3,,,,,,480,0,,,,,,,
583,203,1,76,4,1380,,,-3,,,,,,481,0,,,,,,,
584,204,1,184,12,1380,picker-1,,1,,2222,,,,482,0,,,,,,,
585,204,1,4,7,1380,picker-1,,1,,2254,,,,483,0,,,,,,,
586,205,1,35,7,1380,picker-3,,1,,1575,,,,484,0,,,,,,,
587,206,1,14,3,1380,picker-3,,1,,1564,,,,485,0,,,,,,,
589,207,1,0,9,1380,picker-3,,1,,1530,,,,486,0,,,,,,,
588,207,1,1,6,1380,picker-3,,1,,1559,,,,487,0,,,,,,,
590,208,1,410,4,1440,,,-3,,,,,,488,0,,,,,,,
591,209,1,399,2,1440,picker-1,,1,,1632,,,,489,0,,,,,,,
592,210,1,1,8,1440,picker-1,,1,,1606,,,,490,0,,,,,,,
593,211,1,22,6,1440,picker-1,,1,,2598,,,,491,0,,,,,,,
594,212,1,19,10,1440,picker-1,,1,,1682,,,,492,0,,,,,,,
596,213,1,199,6,1440,picker-3,,1,,2284,,,,493,0,,,,,,,
595,213,1,19,4,1440,picker-3,,1,,2340,,,,494,0,,,,,,,
597,214,1,5,4,1500,picker-3,,1,,1683,,,,495,0,,,,,,,
598,215,1,90,11,1500,picker-1,,1,,1857,,,,496,0,,,,,,,
599,216,1,113,8,1500,,,-3,,,,,,497,0,,,,,,,
600,216,1,396,8,1500,,,-3,,,,,,498,0,,,,,,,
602,217,1,2,6,1500,picker-3,,1,,2993,,,,499,0,,,,,,,
603,217,1,22,6,1500,picker-3,,1,,2993,,,,500,0,,,,,,,
601,217,1,41,2,1500,picker-3,,-1,,,,,,501,0,,,,,,,
604,217,1,34,6,1500,picker-3,,-1,,,,,,502,0,,,,,,,
605,218,1,55,9,1500,,,-3,,,,,,503,0,,,,,,,
606,218,1,303,10,1500,,,-3,,,,,,504,0,,,,,,,
607,218,1,492,4,1500,,,-3,,,,,,505,0,,,,,,,
608,218,1,180,10,1500,,,-3,,,,,,506,0,,,,,,,
609,218,1,22,9,1500,,,-3,,,,,,507,0,,,,,,,
610,219,1,3,12,1500,picker-2,,1,,1699,,,,508,0,,,,,,,
612,220,1,75,6,1560,picker-2,,1,,1745,,,,509,0,,,,,,,
613,220,1,41,5,1560,picker-2,,1,,1787,,,,510,0,,,,,,,
611,220,1,79,3,1560,picker-2,,1,,1833,,,,511,0,,,,,,,
614,221,1,0,1,1560,picker-3,,1,,1754,,,,512,0,,,,,,,
615,221,1,7,7,1560,picker-3,,1,,1754,,,,513,0,,,,,,,
616,222,1,116,10,1560,picker-1,,1,,2696,,,,514,0,,,,,,,
617,222,1,7,8,1560,picker-1,,1,,2712,,,,515,0,,,,,,,
618,222,1,487,4,1560,picker-1,,1,,2712,,,,516,0,,,,,,,
619,223,1,45,10,1560,,,-3,,,,,,517,0,,,,,,,
620,223,1,171,8,1560,,,-3,,,,,,518,0,,,,,,,
621,224,1,76,7,1560,,,-3,,,,,,519,0,,,,,,,
623,225,1,212,8,1620,picker-3,,1,,1947,,,,520,0,,,,,,,
622,225,1,252,8,1620,picker-3,,1,,1959,,,,521,0,,,,,,,
624,226,1,74,6,1620,picker-1,,1,,2069,,,,522,0,,,,,,,
625,227,1,188,9,1620,picker-1,,1,,2642,,,,523,0,,,,,,,
626,228,1,10,9,1620,,,-3,,,,,,524,0,,,,,,,
627,228,1,34,4,1620,,,-3,,,,,,525,0,,,,,,,
628,228,1,191,6,1620,,,-3,,,,,,526,0,,,,,,,
629,229,1,1,7,1620,picker-1,,1,,1867,,,,527,0,,,,,,,
630,230,1,68,5,1620,picker-1,,1,,1875,,,,528,0,,,,,,,
631,231,1,16,12,1620,picker-1,,1,,1837,,,,529,0,,,,,,,
632,232,1,105,7,1620,,,-3,,,,,,530,0,,,,,,,
633,232,1,37,4,1620,,,-3,,,,,,531,0,,,,,,,
634,232,1,392,8,1620,,,-3,,,,,,532,0,,,,,,,
635,232,1,49,12,1620,,,-3,,,,,,533,0,,,,,,,
636,233,1,4,10,1620,picker-2,,1,,2594,,,,534,0,,,,,,,
637,234,1,60,2,1680,,,-3,,,,,,535,0,,,,,,,
638,234,1,2,7,1680,,,-3,,,,,,536,0,,,,,,,
639,234,1,38,2,1680,,,-3,,,,,,537,0,,,,,,,
640,234,1,19,4,1680,,,-3,,,,,,538,0,,,,,,,
641,235,1,292,4,1680,picker-3,,1,,1868,,,,539,0,,,,,,,
642,236,1,398,1,1680,picker-3,,1,,2595,,,,540,0,,,,,,,
643,237,1,491,2,1680,picker-2,,1,,1968,,,,541,0,,,,,,,
644,238,1,92,9,1680,picker-3,,1,,2703,,,,542,0,,,,,,,
647,239,1,8,6,1680,picker-2,,1,,1887,,,,543,0,,,,,,,
645,239,1,278,6,1680,picker-2,,1,,1936,,,,544,0,,,,,,,
646,239,1,7,2,1680,picker-2,,1,,1951,,,,545,0,,,,,,,
648,240,1,174,1,1740,,,-3,,,,,,546,0,,,,,,,
649,240,1,0,12,1740,,,-3,,,,,,547,0,,,,,,,
650,240,1,24,10,1740,,,-3,,,,,,548,0,,,,,,,
651,240,1,7,4,1740,,,-3,,,,,,549,0,,,,,,,
652,241,1,12,3,1740,picker-3,,1,,1974,,,,550,0,,,,,,,
653,242,1,293,8,1740,,,-3,,,,,,551,0,,,,,,,
654,242,1,184,5,1740,,,-3,,,,,,552,0,,,,,,,
655,242,1,2,4,1740,,,-3,,,,,,553,0,,,,,,,
656,243,1,409,8,1740,picker-1,,1,,2039,,,,554,0,,,,,,,
657,244,1,19,6,1740,picker-1,,1,,2206,,,,555,0,,,,,,,
658,245,1,442,5,1740,picker-1,,1,,1981,,,,556,0,,,,,,,
659,246,1,144,8,1800,picker-1,,1,,2444,,,,557,0,,,,,,,
660,247,1,148,8,1800,,,-3,,,,,,558,0,,,,,,,
661,247,1,53,4,1800,,,-3,,,,,,559,0,,,,,,,
662,247,1,180,7,1800,,,-3,,,,,,560,0,,,,,,,
663,248,1,367,6,1800,,,-3,,,,,,561,0,,,,,,,
664,248,1,130,5,1800,,,-3,,,,,,562,0,,,,,,,
665,248,1,153,11,1800,,,-3,,,,,,563,0,,,,,,,
666,248,1,186,3,1800,,,-3,,,,,,564,0,,,,,,,
667,248,1,18,11,1800,,,-3,,,,,,565,0,,,,,,,
668,248,1,3,10,1800,,,-3,,,,,,566,0,,,,,,,
669,248,1,199,4,1800,,,-3,,,,,,567,0,,,,,,,
670,248,1,304,7,1800,,,-3,,,,,,568,0,,,,,,,
671,248,1,58,8,1800,,,-3,,,,,,569,0,,,,,,,
672,248,1,2,9,1800,,,-3,,,,,,570,0,,,,,,,
673,248,1,49,2,1800,,,-3,,,,,,571,0,,,,,,,
674,249,1,127,2,1800,,,-3,,,,,,572,0,,,,,,,
675,249,1,88,6,1800,,,-3,,,,,,573,0,,,,,,,
676,249,1,232,6,1800,,,-3,,,,,,574,0,,,,,,,
677,250,1,247,2,1800,picker-1,,1,,2121,,,,575,0,,,,,,,
678,251,1,318,9,1800,picker-2,,1,,2103,,,,576,0,,,,,,,
679,252,1,1,6,1800,picker-1,,1,,2060,,,,577,0,,,,,,,
680,253,1,377,4,1800,picker-2,,1,,2011,,,,578,0,,,,,,,
681,254,1,7,9,1800,picker-2,,1,,2002,,,,579,0,,,,,,,
682,255,1,26,4,1800,picker-1,,1,,2039,,,,580,0,,,,,,,
683,256,1,10,8,1860,picker-3,,1,,2211,,,,581,0,,,,,,,
684,256,1,18,6,1860,picker-3,,1,,2211,,,,582,0,,,,,,,
685,257,1,2,7,1860,,,-3,,,,,,583,0,,,,,,,
686,257,1,22,6,1860,,,-3,,,,,,584,0,,,,,,,
687,257,1,192,10,1860,,,-3,,,,,,585,0,,,,,,,
688,257,1,31,4,1860,,,-3,,,,,,586,0,,,,,,,
689,257,1,69,4,1860,,,-3,,,,,,587,0,,,,,,,
690,257,1,37,9,1860,,,-3,,,,,,588,0,,,,,,,
691,258,1,6,6,1860,,,-3,,,,,,589,0,,,,,,,
692,258,1,63,9,1860,,,-3,,,,,,590,0,,,,,,,
693,258,1,46,7,1860,,,-3,,,,,,591,0,,,,,,,
694,258,1,85,10,1860,,,-3,,,,,,592,0,,,,,,,
695,258,1,409,12,1860,,,-3,,,,,,593,0,,,,,,,
696,258,1,77,3,1860,,,-3,,,,,,594,0,,,,,,,
697,258,1,388,6,1860,,,-3,,,,,,595,0,,,,,,,
698,258,1,36,7,1860,,,-3,,,,,,596,0,,,,,,,
699,259,1,78,12,1860,,,-3,,,,,,597,0,,,,,,,
700,259,1,148,8,1860,,,-3,,,,,,598,0,,,,,,,
701,259,1,391,6,1860,,,-3,,,,,,599,0,,,,,,,
704,260,1,122,9,1860,picker-2,,1,,2043,,,,600,0,,,,,,,
702,260,1,0,7,1860,picker-2,,1,,2077,,,,601,0,,,,,,,
705,260,1,7,8,1860,picker-2,,1,,2077,,,,602,0,,,,,,,
703,260,1,41,6,1860,picker-2,,1,,2119,,,,603,0,,,,,,,
706,261,1,6,8,1860,picker-3,,1,,2936,,,,604,0,,,,,,,
707,261,1,11,8,1860,picker-3,,1,,2936,,,,605,0,,,,,,,
708,262,1,313,5,1860,,,-3,,,,,,606,0,,,,,,,
709,262,1,35,10,1860,,,-3,,,,,,607,0,,,,,,,
710,262,1,157,3,1860,,,-3,,,,,,608,0,,,,,,,
711,262,1,40,8,1860,,,-3,,,,,,609,0,,,,,,,
712,262,1,410,4,1860,,,-3,,,,,,610,0,,,,,,,
713,263,1,33,6,1920,picker-2,,1,,2131,,,,611,0,,,,,,,
714,263,1,110,2,1920,picker-2,,1,,2131,,,,612,0,,,,,,,
715,263,1,494,7,1920,picker-2,,1,,2142,,,,613,0,,,,,,,
716,264,1,440,6,1920,picker-1,,1,,2157,,,,614,0,,,,,,,
717,265,1,35,6,1920,,,-3,,,,,,615,0,,,,,,,
718,265,1,17,2,1920,,,-3,,,,,,616,0,,,,,,,
719,265,1,100,4,1920,,,-3,,,,,,617,0,,,,,,,
720,265,1,26,7,1920,,,-3,,,,,,618,0,,,,,,,
721,265,1,248,5,1920,,,-3,,,,,,619,0,,,,,,,
722,265,1,400,5,1920,,,-3,,,,,,620,0,,,,,,,
723,266,1,286,11,1920,picker-2,,1,,2186,,,,621,0,,,,,,,
724,267,1,225,12,1920,picker-2,,1,,2170,,,,622,0,,,,,,,
725,268,1,34,5,1920,picker-2,,1,,2103,,,,623,0,,,,,,,
726,269,1,53,8,1920,,,-3,,,,,,624,0,,,,,,,
727,269,1,0,7,1920,,,-3,,,,,,625,0,,,,,,,
728,270,1,33,8,1920,picker-3,,1,,2120,,,,626,0,,,,,,,
729,271,1,6,6,1920,picker-3,,1,,2157,,,,627,0,,,,,,,
730,272,1,169,7,1980,,,-3,,,,,,628,0,,,,,,,
731,272,1,62,5,1980,,,-3,,,,,,629,0,,,,,,,
732,272,1,32,6,1980,,,-3,,,,,,630,0,,,,,,,
733,272,1,193,5,1980,,,-3,,,,,,631,0,,,,,,,
734,273,1,7,8,1980,picker-2,,1,,2580,,,,632,0,,,,,,,
735,273,1,40,2,1980,picker-2,,1,,2580,,,,633,0,,,,,,,
736,273,1,153,4,1980,picker-2,,1,,2587,,,,634,0,,,,,,,
737,274,1,0,4,1980,picker-2,,1,,2193,,,,635,0,,,,,,,
738,275,1,244,7,1980,picker-3,,1,,2748,,,,636,0,,,,,,,
739,275,1,13,2,1980,picker-3,,1,,2760,,,,637,0,,,,,,,
740,276,1,6,8,1980,picker-2,,1,,2204,,,,638,0,,,,,,,
741,277,1,42,8,1980,picker-3,,1,,2192,,,,639,0,,,,,,,
742,278,1,101,2,1980,,,-3,,,,,,640,0,,,,,,,
743,278,1,43,5,1980,,,-3,,,,,,641,0,,,,,,,
744,278,1,8,4,1980,,,-3,,,,,,642,0,,,,,,,
745,279,1,90,8,1980,,,-3,,,,,,643,0,,,,,,,
746,280,1,173,5,2040,picker-1,,1,,2913,,,,644,0,,,,,,,
748,281,1,40,11,2040,picker-2,,1,,2772,,,,645,0,,,,,,,
747,281,1,1,2,2040,picker-2,,1,,2776,,,,646,0,,,,,,,
749,282,1,21,6,2040,picker-1,,1,,2245,,,,647,0,,,,,,,
750,283,1,131,6,2040,picker-2,,1,,2267,,,,648,0,,,,,,,
751,283,1,478,4,2040,picker-2,,1,,2293,,,,649,0,,,,,,,
752,283,1,30,2,2040,picker-2,,1,,2297,,,,650,0,,,,,,,
753,284,1,67,9,2040,picker-1,,1,,2196,,,,651,0,,,,,,,
754,285,1,171,6,2040,picker-2,,1,,2401,,,,652,0,,,,,,,
755,285,1,35,10,2040,picker-2,,1,,2415,,,,653,0,,,,,,,
756,286,1,27,6,2040,picker-1,,1,,2337,,,,654,0,,,,,,,
757,287,1,8,10,2040,picker-3,,1,,2790,,,,655,0,,,,,,,
758,287,1,234,11,2040,picker-3,,1,,2790,,,,656,0,,,,,,,
759,288,1,4,5,2040,picker-1,,1,,2230,,,,657,0,,,,,,,
760,289,1,345,10,2100,picker-3,,1,,2320,,,,658,0,,,,,,,
761,290,1,43,7,2100,picker-2,,1,,2312,,,,659,0,,,,,,,
762,291,1,20,8,2100,picker-2,,1,,2293,,,,660,0,,,,,,,
763,292,1,22,5,2100,,,-3,,,,,,661,0,,,,,,,
764,292,1,356,10,2100,,,-3,,,,,,662,0,,,,,,,
765,292,1,428,11,2100,,,-3,,,,,,663,0,,,,,,,
766,292,1,72,8,2100,,,-3,,,,,,664,0,,,,,,,
767,292,1,31,6,2100,,,-3,,,,,,665,0,,,,,,,
768,293,1,2,3,2100,picker-2,,1,,2354,,,,666,0,,,,,,,
769,294,1,152,7,2100,,,-3,,,,,,667,0,,,,,,,
770,294,1,52,6,2100,,,-3,,,,,,668,0,,,,,,,
771,295,1,3,5,2100,,,-3,,,,,,669,0,,,,,,,
772,295,1,382,7,2100,,,-3,,,,,,670,0,,,,,,,
773,295,1,5,1,2100,,,-3,,,,,,671,0,,,,,,,
774,296,1,11,9,2100,picker-1,,1,,2292,,,,672,0,,,,,,,
775,297,1,154,2,2160,picker-2,,1,,2468,,,,673,0,,,,,,,
776,298,1,3,8,2160,picker-3,,1,,2358,,,,674,0,,,,,,,
777,298,1,41,2,2160,picker-3,,1,,2358,,,,675,0,,,,,,,
778,299,1,205,3,2160,picker-2,,1,,2339,,,,676,0,,,,,,,
779,300,1,161,10,2160,,,-3,,,,,,677,0,,,,,,,
780,300,1,1,7,2160,,,-3,,,,,,678,0,,,,,,,
781,300,1,50,4,2160,,,-3,,,,,,679,0,,,,,,,
782,300,1,323,9,2160,,,-3,,,,,,680,0,,,,,,,
783,301,1,155,4,2220,picker-2,,1,,2452,,,,681,0,,,,,,,
784,302,1,26,1,2220,picker-2,,1,,2610,,,,682,0,,,,,,,
785,303,1,12,8,2220,picker-1,,1,,2518,,,,683,0,,,,,,,
786,304,1,6,2,2220,,,-3,,,,,,684,0,,,,,,,
787,304,1,474,7,2220,,,-3,,,,,,685,0,,,,,,,
788,304,1,12,10,2220,,,-3,,,,,,686,0,,,,,,,
789,304,1,38,12,2220,,,-3,,,,,,687,0,,,,,,,
790,304,1,370,5,2220,,,-3,,,,,,688,0,,,,,,,
791,304,1,23,5,2220,,,-3,,,,,,689,0,,,,,,,
792,304,1,13,6,2220,,,-3,,,,,,690,0,,,,,,,
793,305,1,236,8,2220,,,-3,,,,,,691,0,,,,,,,
794,305,1,123,6,2220,,,-3,,,,,,692,0,,,,,,,
795,306,1,60,5,2220,picker-3,,1,,2507,,,,693,0,,,,,,,
797,307,1,8,9,2220,picker-1,,1,,2734,,,,694,0,,,,,,,
798,307,1,43,7,2220,picker-1,,1,,2734,,,,695,0,,,,,,,
796,307,1,10,4,2220,picker-1,,1,,2741,,,,696,0,,,,,,,
799,308,1,0,9,2220,picker-2,,1,,2546,,,,697,0,,,,,,,
800,309,1,415,11,2220,picker-1,,1,,2432,,,,698,0,,,,,,,
801,310,1,380,4,2220,,,-3,,,,,,699,0,,,,,,,
802,310,1,201,10,2220,,,-3,,,,,,700,0,,,,,,,
803,311,1,407,12,2220,picker-1,,1,,2482,,,,701,0,,,,,,,
804,312,1,47,4,2220,picker-3,,1,,2577,,,,702,0,,,,,,,
805,313,1,13,5,2220,picker-3,,1,,2760,,,,703,0,,,,,,,
806,314,1,454,6,2220,picker-2,,1,,2937,,,,704,0,,,,,,,
807,315,1,22,8,2220,picker-1,,1,,2664,,,,705,0,,,,,,,
808,316,1,16,2,2220,picker-1,,1,,2487,,,,706,0,,,,,,,
809,317,1,34,6,2280,picker-2,,1,,2513,,,,707,0,,,,,,,
810,318,1,143,8,2280,picker-1,,1,,2864,,,,708,0,,,,,,,
811,319,1,6,5,2280,picker-2,,1,,2891,,,,709,0,,,,,,,
812,320,1,57,11,2280,picker-2,,1,,2493,,,,710,0,,,,,,,
813,320,1,26,7,2280,picker-2,,1,,2504,,,,711,0,,,,,,,
814,321,1,33,9,2280,picker-3,,1,,2499,,,,712,0,,,,,,,
816,321,1,10,10,2280,picker-3,,1,,2499,,,,713,0,,,,,,,
815,321,1,3,1,2280,picker-3,,1,,2515,,,,714,0,,,,,,,
817,322,1,80,10,2280,,,-3,,,,,,715,0,,,,,,,
818,323,1,13,2,2340,picker-3,,1,,2613,,,,716,0,,,,,,,
819,324,1,487,8,2340,picker-1,,1,,2753,,,,717,0,,,,,,,
820,325,1,102,10,2340,picker-3,,1,,2688,,,,718,0,,,,,,,
821,325,1,170,7,2340,picker-3,,1,,2714,,,,719,0,,,,,,,
822,326,1,140,6,2340,,,-3,,,,,,720,0,,,,,,,
823,327,1,145,10,2340,picker-1,,1,,2578,,,,721,0,,,,,,,
824,328,1,6,8,2340,picker-3,,1,,2922,,,,722,0,,,,,,,
825,329,1,227,3,2340,picker-2,,1,,2727,,,,723,0,,,,,,,
826,330,1,0,9,2400,picker-2,,1,,2607,,,,724,0,,,,,,,
827,331,1,103,10,2400,picker-1,,1,,2620,,,,725,0,,,,,,,
828,332,1,19,2,2400,picker-2,,1,,2965,,,,726,0,,,,,,,
829,333,1,381,2,2400,picker-1,,1,,2811,,,,727,0,,,,,,,
830,334,1,173,4,2400,picker-1,,-1,,,,,,728,0,,,,,,,
831,334,1,327,9,2400,picker-1,,-1,,,,,,729,0,,,,,,,
832,335,1,4,8,2400,,,-3,,,,,,730,0,,,,,,,
833,335,1,19,6,2400,,,-3,,,,,,731,0,,,,,,,
834,335,1,18,10,2400,,,-3,,,,,,732,0,,,,,,,
835,336,1,361,2,2400,picker-2,,1,,2856,,,,733,0,,,,,,,
836,337,1,1,8,2400,,,-3,,,,,,734,0,,,,,,,
837,337,1,24,8,2400,,,-3,,,,,,735,0,,,,,,,
838,337,1,107,4,2400,,,-3,,,,,,736,0,,,,,,,
839,337,1,0,10,2400,,,-3,,,,,,737,0,,,,,,,
840,337,1,108,2,2400,,,-3,,,,,,738,0,,,,,,,
841,338,1,41,5,2400,,,-3,,,,,,739,0,,,,,,,
842,338,1,180,10,2400,,,-3,,,,,,740,0,,,,,,,
843,338,1,37,6,2400,,,-3,,,,,,741,0,,,,,,,
844,338,1,222,4,2400,,,-3,,,,,,742,0,,,,,,,
845,339,1,288,5,2400,,,-3,,,,,,743,0,,,,,,,
846,340,1,91,9,2400,,,-3,,,,,,744,0,,,,,,,
847,340,1,296,6,2400,,,-3,,,,,,745,0,,,,,,,
848,341,1,36,10,2400,picker-2,,1,,2756,,,,746,0,,,,,,,
849,342,1,87,3,2460,picker-1,,-1,,,,,,747,0,,,,,,,
850,343,1,30,7,2460,picker-1,,1,,2653,,,,748,0,,,,,,,
851,344,1,16,11,2460,picker-2,,1,,2705,,,,749,0,,,,,,,
852,344,1,32,6,2460,picker-2,,1,,2705,,,,750,0,,,,,,,
853,345,1,6,6,2460,,,-3,,,,,,751,0,,,,,,,
854,345,1,67,4,2460,,,-3,,,,,,752,0,,,,,,,
855,346,1,8,5,2460,picker-2,,1,,2619,,,,753,0,,,,,,,
856,347,1,9,6,2460,picker-1,,1,,2629,,,,754,0,,,,,,,
858,348,1,20,6,2520,picker-1,,1,,2904,,,,755,0,,,,,,,
857,348,1,256,6,2520,picker-1,,1,,2922,,,,756,0,,,,,,,
859,349,1,31,3,2520,picker-3,,1,,2722,,,,757,0,,,,,,,
860,350,1,98,3,2520,,,-3,,,,,,758,0,,,,,,,
861,351,1,324,8,2520,picker-3,,-1,,,,,,759,0,,,,,,,
862,351,1,66,11,2520,picker-3,,-1,,,,,,760,0,,,,,,,
863,352,1,85,12,2520,picker-2,,1,,2722,,,,761,0,,,,,,,
864,353,1,16,4,2580,picker-1,,1,,2833,,,,762,0,,,,,,,
865,353,1,7,6,2580,picker-1,,1,,2833,,,,763,0,,,,,,,
866,354,1,117,8,2580,picker-3,,1,,2950,,,,764,0,,,,,,,
867,355,1,168,7,2580,,,-3,,,,,,765,0,,,,,,,
868,355,1,45,10,2580,,,-3,,,,,,766,0,,,,,,,
869,356,1,3,8,2580,picker-1,,-1,,,,,,767,0,,,,,,,
870,357,1,205,4,2580,picker-1,,1,,2995,,,,768,0,,,,,,,
871,358,1,203,12,2580,picker-2,,1,,2792,,,,769,0,,,,,,,
872,359,1,18,2,2580,,,-3,,,,,,770,0,,,,,,,
873,359,1,2,10,2580,,,-3,,,,,,771,0,,,,,,,
874,359,1,255,10,2580,,,-3,,,,,,772,0,,,,,,,
875,359,1,0,3,2580,,,-3,,,,,,773,0,,,,,,,
876,359,1,11,3,2580,,,-3,,,,,,774,0,,,,,,,
877,360,1,42,8,2580,,,-3,,,,,,775,0,,,,,,,
878,360,1,29,5,2580,,,-3,,,,,,776,0,,,,,,,
879,360,1,48,7,2580,,,-3,,,,,,777,0,,,,,,,
880,361,1,45,5,2580,,,-3,,,,,,778,0,,,,,,,
881,361,1,10,4,2580,,,-3,,,,,,779,0,,,,,,,
882,362,1,152,9,2580,picker-3,,-1,,,,,,780,0,,,,,,,
883,363,1,137,4,2640,,,-3,,,,,,781,0,,,,,,,
884,363,1,324,11,2640,,,-3,,,,,,782,0,,,,,,,
885,364,1,9,7,2640,picker-1,,1,,2895,,,,783,0,,,,,,,
886,365,1,90,2,2640,,,-3,,,,,,784,0,,,,,,,
887,366,1,51,3,2640,,,-3,,,,,,785,0,,,,,,,
888,367,1,1,7,2640,picker-2,,1,,2844,,,,786,0,,,,,,,
889,368,1,17,7,2640,picker-3,,1,,2963,,,,787,0,,,,,,,
890,369,1,34,8,2700,picker-3,,-1,,,,,,788,0,,,,,,,
891,370,1,184,3,2700,picker-2,,1,,2862,,,,789,0,,,,,,,
892,371,1,14,5,2700,picker-2,,1,,2852,,,,790,0,,,,,,,
893,372,1,100,2,2700,,,-3,,,,,,791,0,,,,,,,
894,372,1,391,6,2700,,,-3,,,,,,792,0,,,,,,,
895,372,1,8,4,2700,,,-3,,,,,,793,0,,,,,,,
896,372,1,4,4,2700,,,-3,,,,,,794,0,,,,,,,
897,372,1,104,9,2700,,,-3,,,,,,795,0,,,,,,,
898,373,1,62,8,2700,,,-3,,,,,,796,0,,,,,,,
899,373,1,87,8,2700,,,-3,,,,,,797,0,,,,,,,
900,373,1,395,4,2700,,,-3,,,,,,798,0,,,,,,,
901,373,1,1,5,2700,,,-3,,,,,,799,0,,,,,,,
902,374,1,427,9,2700,picker-3,,1,,2877,,,,800,0,,,,,,,
903,375,1,12,6,2700,picker-2,,-1,,,,,,801,0,,,,,,,
904,376,1,171,4,2700,,,-3,,,,,,802,0,,,,,,,
905,376,1,73,1,2700,,,-3,,,,,,803,0,,,,,,,
906,377,1,128,8,2700,,,-3,,,,,,804,0,,,,,,,
907,377,1,102,5,2700,,,-3,,,,,,805,0,,,,,,,
909,378,1,13,10,2700,picker-1,,1,,2988,,,,806,0,,,,,,,
908,378,1,68,4,2700,picker-1,,-1,,,,,,807,0,,,,,,,
910,379,1,19,7,2700,picker-2,,-1,,,,,,808,0,,,,,,,
911,380,1,52,11,2700,,,-3,,,,,,809,0,,,,,,,
912,381,1,36,11,2700,picker-3,,1,,2895,,,,810,0,,,,,,,
915,382,1,67,12,2700,picker-1,,1,,2852,,,,811,0,,,,,,,
913,382,1,8,4,2700,picker-1,,1,,2885,,,,812,0,,,,,,,
914,382,1,5,8,2700,picker-1,,1,,2885,,,,813,0,,,,,,,
916,382,1,36,4,2700,picker-1,,1,,2885,,,,814,0,,,,,,,
917,383,1,59,8,2760,,,-3,,,,,,815,0,,,,,,,
918,383,1,3,6,2760,,,-3,,,,,,816,0,,,,,,,
919,383,1,256,2,2760,,,-3,,,,,,817,0,,,,,,,
920,383,1,20,7,2760,,,-3,,,,,,818,0,,,,,,,
921,383,1,195,6,2760,,,-3,,,,,,819,0,,,,,,,
922,384,1,196,11,2760,picker-1,,-1,,,,,,820,0,,,,,,,
923,385,1,67,7,2760,,,-3,,,,,,821,0,,,,,,,
924,386,1,206,6,2760,,,-3,,,,,,822,0,,,,,,,
925,386,1,318,9,2760,,,-3,,,,,,823,0,,,,,,,
926,387,1,17,2,2760,,,-3,,,,,,824,0,,,,,,,
927,387,1,310,5,2760,,,-3,,,,,,825,0,,,,,,,
928,388,1,6,6,2760,picker-2,,1,,2947,,,,826,0,,,,,,,
929,389,1,40,10,2760,,,-3,,,,,,827,0,,,,,,,
930,389,1,68,6,2760,,,-3,,,,,,828,0,,,,,,,
931,389,1,2,9,2760,,,-3,,,,,,829,0,,,,,,,
932,389,1,3,2,2760,,,-3,,,,,,830,0,,,,,,,
933,390,1,63,5,2760,,,-3,,,,,,831,0,,,,,,,
934,391,1,114,6,2760,picker-3,,1,,2974,,,,832,0,,,,,,,
935,392,1,25,6,2760,,,-3,,,,,,833,0,,,,,,,
936,392,1,345,5,2760,,,-3,,,,,,834,0,,,,,,,
937,392,1,176,8,2760,,,-3,,,,,,835,0,,,,,,,
938,393,1,3,9,2760,,,-3,,,,,,836,0,,,,,,,
939,393,1,16,6,2760,,,-3,,,,,,837,0,,,,,,,
940,393,1,319,10,2760,,,-3,,,,,,838,0,,,,,,,
941,393,1,104,3,2760,,,-3,,,,,,839,0,,,,,,,
942,393,1,471,4,2760,,,-3,,,,,,840,0,,,,,,,
943,394,1,6,5,2820,picker-2,,-1,,,,,,841,0,,,,,,,
944,395,1,2,6,2820,picker-1,,-1,,,,,,842,0,,,,,,,
945,396,1,151,4,2820,,,-3,,,,,,843,0,,,,,,,
946,397,1,4,6,2820,picker-3,,-1,,,,,,844,0,,,,,,,
947,398,1,13,4,2820,picker-2,,-1,,,,,,845,0,,,,,,,
948,399,1,2,5,2820,,,-3,,,,,,846,0,,,,,,,
949,399,1,8,5,2820,,,-3,,,,,,847,0,,,,,,,
950,399,1,355,3,2820,,,-3,,,,,,848,0,,,,,,,
951,400,1,18,5,2820,,,-3,,,,,,849,0,,,,,,,
952,400,1,175,11,2820,,,-3,,,,,,850,0,,,,,,,
953,400,1,1,8,2820,,,-3,,,,,,851,0,,,,,,,
954,400,1,445,7,2820,,,-3,,,,,,852,0,,,,,,,
955,400,1,188,5,2820,,,-3,,,,,,853,0,,,,,,,
956,401,1,73,5,2820,picker-2,,-1,,,,,,854,0,,,,,,,
957,402,1,0,3,2820,picker-1,,-1,,,,,,855,0,,,,,,,
958,403,1,51,9,2880,,,-3,,,,,,856,0,,,,,,,
959,403,1,3,10,2880,,,-3,,,,,,857,0,,,,,,,
960,403,1,11,11,2880,,,-3,,,,,,858,0,,,,,,,
961,403,1,57,4,2880,,,-3,,,,,,859,0,,,,,,,
962,403,1,34,6,2880,,,-3,,,,,,860,0,,,,,,,
963,404,1,47,2,2880,,,-3,,,,,,861,0,,,,,,,
964,404,1,65,6,2880,,,-3,,,,,,862,0,,,,,,,
965,404,1,21,4,2880,,,-3,,,,,,863,0,,,,,,,
966,404,1,2,7,2880,,,-3,,,,,,864,0,,,,,,,
967,404,1,187,9,2880,,,-3,,,,,,865,0,,,,,,,
968,404,1,15,7,2880,,,-3,,,,,,866,0,,,,,,,
969,405,1,5,6,2880,,,-3,,,,,,867,0,,,,,,,
970,405,1,12,6,2880,,,-3,,,,,,868,0,,,,,,,
971,406,1,128,12,2880,,,-3,,,,,,869,0,,,,,,,
972,407,1,44,6,2880,,,-3,,,,,,870,0,,,,,,,
973,408,1,27,10,2880,picker-2,,-1,,,,,,871,0,,,,,,,
974,408,1,4,1,2880,picker-2,,-1,,,,,,872,0,,,,,,,
975,408,1,12,1,2880,picker-2,,-1,,,,,,873,0,,,,,,,
976,409,1,105,12,2880,,,-3,,,,,,874,0,,,,,,,
977,409,1,16,12,2880,,,-3,,,,,,875,0,,,,,,,
978,409,1,233,5,2880,,,-3,,,,,,876,0,,,,,,,
979,409,1,4,2,2880,,,-3,,,,,,877,0,,,,,,,
980,410,1,40,6,2880,picker-2,,-1,,,,,,878,0,,,,,,,
981,411,1,25,12,2880,picker-3,,-1,,,,,,879,0,,,,,,,
982,412,1,387,6,2940,,,-3,,,,,,880,0,,,,,,,
983,413,1,20,3,2940,picker-1,,-1,,,,,,881,0,,,,,,,
984,414,1,210,9,2940,,,-3,,,,,,882,0,,,,,,,
985,415,1,207,10,2940,,,-3,,,,,,883,0,,,,,,,
986,415,1,369,8,2940,,,-3,,,,,,884,0,,,,,,,
987,416,1,46,11,2940,,,-3,,,,,,885,0,,,,,,,
988,417,1,449,4,2940,picker-3,,-1,,,,,,886,0,,,,,,,
989,418,1,162,3,2940,,,-3,,,,,,887,0,,,,,,,
990,419,1,202,2,3000,,,-3,,,,,,888,0,,,,,,,
991,419,1,80,12,3000,,,-3,,,,,,889,0,,,,,,,
992,419,1,269,4,3000,,,-3,,,,,,890,0,,,,,,,
993,420,1,156,11,3000,,,-3,,,,,,891,0,,,,,,,
994,421,1,178,10,3000,,,-3,,,,,,892,0,,,,,,,
995,422,1,241,10,3000,,,-3,,,,,,893,0,,,,,,,
996,422,1,8,8,3000,,,-3,,,,,,894,0,,,,,,,
997,423,1,136,8,3000,,,-3,,,,,,895,0,,,,,,,
998,424,1,38,10,3000,,,-3,,,,,,896,0,,,,,,,
999,425,1,288,6,3000,,,-3,,,,,,897,0,,,,,,,
1000,426,1,226,2,3000,,,-3,,,,,,898,0,,,,,,,
1001,426,1,19,8,3000,,,-3,,,,,,899,0,,,,,,,
1002,426,1,346,10,3000,,,-3,,,,,,900,0,,,,,,,
1003,426,1,92,11,3000,,,-3,,,,,,901,0,,,,,,,
1004,426,1,20,10,3000,,,-3,,,,,,902,0,,,,,,,
1005,427,1,5,1,3000,,,-3,,,,,,903,0,,,,,,,
1006,427,1,66,10,3000,,,-3,,,,,,904,0,,,,,,,
1007,427,1,17,8,3000,,,-3,,,,,,905,0,,,,,,,
1008,428,1,48,9,3000,,,-3,,,,,,906,0,,,,,,,
1009,429,1,230,7,3000,,,-3,,,,,,907,0,,,,,,,
1010,429,1,19,5,3000,,,-3,,,,,,908,0,,,,,,,
1011,430,1,41,8,3000,,,-3,,,,,,909,0,,,,,,,
1012,430,1,140,1,3000,,,-3,,,,,,910,0,,,,,,,
1013,430,1,170,7,3000,,,-3,,,,,,911,0,,,,,,,
1014,431,1,481,10,3000,,,-3,,,,,,912,0,,,,,,,
1015,431,1,0,8,3000,,,-3,,,,,,913,0,,,,,,,
1016,431,1,77,12,3000,,,-3,,,,,,914,0,,,,,,,
1017,432,1,114,11,3000,,,-3,,,,,,915,0,,,,,,,
1018,432,1,38,4,3000,,,-3,,,,,,916,0,,,,,,,
1019,433,1,110,8,3000,,,-3,,,,,,917,0,,,,,,,
1020,433,1,47,4,3000,,,-3,,,,,,918,0,,,,,,,
1021,433,1,25,8,3000,,,-3,,,,,,919,0,,,,,,,
1022,433,1,21,12,3000,,,-3,,,,,,920,0,,,,,,,
1023,433,1,76,10,3000,,,-3,,,,,,921,0,,,,,,,
1024,433,1,98,10,3000,,,-3,,,,,,922,0,,,,,,,
1025,433,1,14,7,3000,,,-3,,,,,,923,0,,,,,,,
1026,433,1,158,2,3000,,,-3,,,,,,924,0,,,,,,,
1027,434,1,182,5,3000,,,-3,,,,,,925,0,,,,,,,
1028,434,1,7,1,3000,,,-3,,,,,,926,0,,,,,,,
1029,435,1,112,8,3060,,,-3,,,,,,927,0,,,,,,,
1030,436,1,99,1,3060,,,-3,,,,,,928,0,,,,,,,
1031,436,1,14,6,3060,,,-3,,,,,,929,0,,,,,,,
1032,436,1,10,5,3060,,,-3,,,,,,930,0,,,,,,,
1033,436,1,18,6,3060,,,-3,,,,,,931,0,,,,,,,
1034,436,1,42,4,3060,,,-3,,,,,,932,0,,,,,,,
1035,436,1,325,8,3060,,,-3,,,,,,933,0,,,,,,,
1036,436,1,83,10,3060,,,-3,,,,,,934,0,,,,,,,
1037,437,1,212,4,3060,,,-3,,,,,,935,0,,,,,,,
1038,438,1,22,3,3060,,,-3,,,,,,936,0,,,,,,,
1039,439,1,197,3,3060,,,-3,,,,,,937,0,,,,,,,
1040,440,1,1,5,3060,,,-3,,,,,,938,0,,,,,,,
1041,440,1,7,4,3060,,,-3,,,,,,939,0,,,,,,,
1042,441,1,32,6,3060,,,-3,,,,,,940,0,,,,,,,
1043,441,1,17,8,3060,,,-3,,,,,,941,0,,,,,,,
1044,441,1,19,10,3060,,,-3,,,,,,942,0,,,,,,,
1045,441,1,35,6,3060,,,-3,,,,,,943,0,,,,,,,
1046,442,1,21,10,3060,,,-3,,,,,,944,0,,,,,,,
1047,442,1,410,4,3060,,,-3,,,,,,945,0,,,,,,,
1048,442,1,39,4,3060,,,-3,,,,,,946,0,,,,,,,
1049,442,1,53,9,3060,,,-3,,,,,,947,0,,,,,,,
1050,442,1,20,2,3060,,,-3,,,,,,948,0,,,,,,,
1051,443,1,74,6,3060,,,-3,,,,,,949,0,,,,,,,
1052,443,1,97,8,3060,,,-3,,,,,,950,0,,,,,,,
1053,443,1,111,3,3060,,,-3,,,,,,951,0,,,,,,,
1054,444,1,183,2,3060,,,-3,,,,,,952,0,,,,,,,
1055,445,1,348,8,3120,,,-3,,,,,,953,0,,,,,,,
1056,445,1,67,6,3120,,,-3,,,,,,954,0,,,,,,,
1057,446,1,271,10,3120,,,-3,,,,,,955,0,,,,,,,
1058,447,1,45,6,3120,,,-3,,,,,,956,0,,,,,,,
1059,448,1,183,12,3120,,,-3,,,,,,957,0,,,,,,,
1060,448,1,38,11,3120,,,-3,,,,,,958,0,,,,,,,
1061,449,1,1,2,3120,,,-3,,,,,,959,0,,,,,,,
1062,449,1,5,6,3120,,,-3,,,,,,960,0,,,,,,,
1063,449,1,42,5,3120,,,-3,,,,,,961,0,,,,,,,
1064,450,1,112,12,3120,,,-3,,,,,,962,0,,,,,,,
1065,450,1,311,5,3120,,,-3,,,,,,963,0,,,,,,,
1066,450,1,159,8,3120,,,-3,,,,,,964,0,,,,,,,
1067,451,1,20,3,3120,,,-3,,,,,,965,0,,,,,,,
1068,452,1,144,7,3180,,,-3,,,,,,966,0,,,,,,,
1069,452,1,26,8,3180,,,-3,,,,,,967,0,,,,,,,
1070,453,1,170,6,3180,,,-3,,,,,,968,0,,,,,,,
1071,453,1,35,10,3180,,,-3,,,,,,969,0,,,,,,,
1072,453,1,69,6,3180,,,-3,,,,,,970,0,,,,,,,
1073,453,1,37,4,3180,,,-3,,,,,,971,0,,,,,,,
1074,454,1,79,6,3180,,,-3,,,,,,972,0,,,,,,,
1075,455,1,68,6,3180,,,-3,,,,,,973,0,,,,,,,
1076,456,1,121,4,3180,,,-3,,,,,,974,0,,,,,,,
1077,457,1,8,8,3180,,,-3,,,,,,975,0,,,,,,,
1078,457,1,12,2,3180,,,-3,,,,,,976,0,,,,,,,
1079,458,1,21,4,3240,,,-3,,,,,,977,0,,,,,,,
1080,458,1,44,6,3240,,,-3,,,,,,978,0,,,,,,,
1081,459,1,362,8,3240,,,-3,,,,,,979,0,,,,,,,
1082,460,1,48,6,3240,,,-3,,,,,,980,0,,,,,,,
1083,460,1,158,10,3240,,,-3,,,,,,981,0,,,,,,,
1084,461,1,71,5,3240,,,-3,,,,,,982,0,,,,,,,
1085,461,1,368,9,3240,,,-3,,,,,,983,0,,,,,,,
1086,461,1,31,8,3240,,,-3,,,,,,984,0,,,,,,,
1087,461,1,143,9,3240,,,-3,,,,,,985,0,,,,,,,
1088,462,1,14,10,3240,,,-3,,,,,,986,0,,,,,,,
1089,463,1,71,5,3240,,,-3,,,,,,987,0,,,,,,,
1090,464,1,287,12,3240,,,-3,,,,,,988,0,,,,,,,
1091,465,1,0,8,3240,,,-3,,,,,,989,0,,,,,,,
1092,466,1,12,7,3240,,,-3,,,,,,990,0,,,,,,,
1093,466,1,301,6,3240,,,-3,,,,,,991,0,,,,,,,
1094,467,1,4,6,3240,,,-3,,,,,,992,0,,,,,,,
1095,468,1,96,5,3240,,,-3,,,,,,993,0,,,,,,,
1096,469,1,39,8,3240,,,-3,,,,,,994,0,,,,,,,
1097,470,1,11,8,3240,,,-3,,,,,,995,0,,,,,,,
1098,471,1,42,7,3240,,,-3,,,,,,996,0,,,,,,,
1099,471,1,246,2,3240,,,-3,,,,,,997,0,,,,,,,
1100,471,1,38,10,3240,,,-3,,,,,,998,0,,,,,,,
1101,472,1,7,1,3240,,,-3,,,,,,999,0,,,,,,,
1102,472,1,219,2,3240,,,-3,,,,,,1000,0,,,,,,,
1103,472,1,439,4,3240,,,-3,,,,,,1001,0,,,,,,,
1104,473,1,11,8,3300,,,-3,,,,,,1002,0,,,,,,,
1105,474,1,41,11,3300,,,-3,,,,,,1003,0,,,,,,,
1106,474,1,4,9,3300,,,-3,,,,,,1004,0,,,,,,,
1107,475,1,141,12,3300,,,-3,,,,,,1005,0,,,,,,,
1108,475,1,106,9,3300,,,-3,,,,,,1006,0,,,,,,,
1109,476,1,2,4,3300,,,-3,,,,,,1007,0,,,,,,,
1110,476,1,44,2,3300,,,-3,,,,,,1008,0,,,,,,,
1111,476,1,470,1,3300,,,-3,,,,,,1009,0,,,,,,,
1112,476,1,16,10,3300,,,-3,,,,,,1010,0,,,,,,,
1113,477,1,433,4,3300,,,-3,,,,,,1011,0,,,,,,,
1114,477,1,13,8,3300,,,-3,,,,,,1012,0,,,,,,,
1115,478,1,73,8,3300,,,-3,,,,,,1013,0,,,,,,,
1116,478,1,77,1,3300,,,-3,,,,,,1014,0,,,,,,,
1117,479,1,48,4,3300,,,-3,,,,,,1015,0,,,,,,,
1118,480,1,97,4,3300,,,-3,,,,,,1016,0,,,,,,,
1119,481,1,5,7,3300,,,-3,,,,,,1017,0,,,,,,,
1120,482,1,4,7,3300,,,-3,,,,,,1018,0,,,,,,,
1121,482,1,168,12,3300,,,-3,,,,,,1019,0,,,,,,,
1122,482,1,342,7,3300,,,-3,,,,,,1020,0,,,,,,,
1123,482,1,180,6,3300,,,-3,,,,,,1021,0,,,,,,,
1124,483,1,36,3,3360,,,-3,,,,,,1022,0,,,,,,,
1125,483,1,145,9,3360,,,-3,,,,,,1023,0,,,,,,,
1126,484,1,31,10,3360,,,-3,,,,,,1024,0,,,,,,,
1127,485,1,301,10,3360,,,-3,,,,,,1025,0,,,,,,,
1128,485,1,48,6,3360,,,-3,,,,,,1026,0,,,,,,,
1129,486,1,131,12,3360,,,-3,,,,,,1027,0,,,,,,,
1130,487,1,190,11,3360,,,-3,,,,,,1028,0,,,,,,,
1131,488,1,14,11,3360,,,-3,,,,,,1029,0,,,,,,,
1132,488,1,235,2,3360,,,-3,,,,,,1030,0,,,,,,,
1133,489,1,3,7,3360,,,-3,,,,,,1031,0,,,,,,,
1134,490,1,455,12,3360,,,-3,,,,,,1032,0,,,,,,,
1135,490,1,492,4,3360,,,-3,,,,,,1033,0,,,,,,,
1136,491,1,291,8,3360,,,-3,,,,,,1034,0,,,,,,,
1137,492,1,57,8,3360,,,-3,,,,,,1035,0,,,,,,,
1138,493,1,34,5,3420,,,-3,,,,,,1036,0,,,,,,,
1139,493,1,12,2,3420,,,-3,,,,,,1037,0,,,,,,,
1140,493,1,21,10,3420,,,-3,,,,,,1038,0,,,,,,,
1141,493,1,0,5,3420,,,-3,,,,,,1039,0,,,,,,,
1142,493,1,3,6,3420,,,-3,,,,,,1040,0,,,,,,,
1143,494,1,129,7,3420,,,-3,,,,,,1041,0,,,,,,,
1144,494,1,51,10,3420,,,-3,,,,,,1042,0,,,,,,,
1145,495,1,162,8,3420,,,-3,,,,,,1043,0,,,,,,,
1146,495,1,275,2,3420,,,-3,,,,,,1044,0,,,,,,,
1147,495,1,5,8,3420,,,-3,,,,,,1045,0,,,,,,,
1148,496,1,423,8,3420,,,-3,,,,,,1046,0,,,,,,,
1149,497,1,12,7,3420,,,-3,,,,,,1047,0,,,,,,,
1150,498,1,161,6,3420,,,-3,,,,,,1048,0,,,,,,,
1151,498,1,330,9,3420,,,-3,,,,,,1049,0,,,,,,,
1152,499,1,9,3,3420,,,-3,,,,,,1050,0,,,,,,,
1153,499,1,325,9,3420,,,-3,,,,,,1051,0,,,,,,,
1154,500,1,41,12,3420,,,-3,,,,,,1052,0,,,,,,,
1155,501,1,405,5,3420,,,-3,,,,,,1053,0,,,,,,,
1156,501,1,380,6,3420,,,-3,,,,,,1054,0,,,,,,,
1157,502,1,92,10,3420,,,-3,,,,,,1055,0,,,,,,,
1158,503,1,50,8,3420,,,-3,,,,,,1056,0,,,,,,,
1159,503,1,0,2,3420,,,-3,,,,,,1057,0,,,,,,,
1160,504,1,79,10,3420,,,-3,,,,,,1058,0,,,,,,,
1161,505,1,67,6,3420,,,-3,,,,,,1059,0,,,,,,,
1162,505,1,153,8,3420,,,-3,,,,,,1060,0,,,,,,,
1163,506,1,75,7,3420,,,-3,,,,,,1061,0,,,,,,,
1164,507,1,2,10,3480,,,-3,,,,,,1062,0,,,,,,,
1165,508,1,161,7,3480,,,-3,,,,,,1063,0,,,,,,,
1166,508,1,115,4,3480,,,-3,,,,,,1064,0,,,,,,,
1167,509,1,34,9,3480,,,-3,,,,,,1065,0,,,,,,,
1168,510,1,21,8,3480,,,-3,,,,,,1066,0,,,,,,,
1169,510,1,20,12,3480,,,-3,,,,,,1067,0,,,,,,,
1170,511,1,95,3,3480,,,-3,,,,,,1068,0,,,,,,,
1171,511,1,42,8,3480,,,-3,,,,,,1069,0,,,,,,,
1172,511,1,40,6,3480,,,-3,,,,,,1070,0,,,,,,,
1173,511,1,67,3,3480,,,-3,,,,,,1071,0,,,,,,,
1174,511,1,7,12,3480,,,-3,,,,,,1072,0,,,,,,,
1175,512,1,88,10,3480,,,-3,,,,,,1073,0,,,,,,,
1176,513,1,10,5,3480,,,-3,,,,,,1074,0,,,,,,,
1177,514,1,6,11,3480,,,-3,,,,,,1075,0,,,,,,,
1178,514,1,71,4,3480,,,-3,,,,,,1076,0,,,,,,,
1179,515,1,491,10,3540,,,-3,,,,,,1077,0,,,,,,,
1180,515,1,19,6,3540,,,-3,,,,,,1078,0,,,,,,,
1181,515,1,70,8,3540,,,-3,,,,,,1079,0,,,,,,,
1182,516,1,5,6,3540,,,-3,,,,,,1080,0,,,,,,,
1183,517,1,112,6,3540,,,-3,,,,,,1081,0,,,,,,,
1184,518,1,43,8,3540,,,-3,,,,,,1082,0,,,,,,,
1185,518,1,246,8,3540,,,-3,,,,,,1083,0,,,,,,,
1186,519,1,345,9,3540,,,-3,,,,,,1084,0,,,,,,,
1187,519,1,26,8,3540,,,-3,,,,,,1085,0,,,,,,,
1188,519,1,393,9,3540,,,-3,,,,,,1086,0,,,,,,,
1189,519,1,1,8,3540,,,-3,,,,,,1087,0,,,,,,,
1190,520,1,0,6,3540,,,-3,,,,,,1088,0,,,,,,,
1191,521,1,1,6,3540,,,-3,,,,,,1089,0,,,,,,,
1192,521,1,32,11,3540,,,-3,,,,,,1090,0,,,,,,,
1193,522,1,80,8,3540,,,-3,,,,,,1091,0,,,,,,,
1194,522,1,70,10,3540,,,-3,,,,,,1092,0,,,,,,,
1195,522,1,2,9,3540,,,-3,,,,,,1093,0,,,,,,,
1196,522,1,136,6,3540,,,-3,,,,,,1094,0,,,,,,,
1197,522,1,157,8,3540,,,-3,,,,,,1095,0,,,,,,,
1198,523,1,8,3,3540,,,-3,,,,,,1096,0,,,,,,,
1199,524,1,91,8,3540,,,-3,,,,,,1097,0,,,,,,,
1200,524,1,11,5,3540,,,-3,,,,,,1098,0,,,,,,,
1201,525,1,58,10,3600,,,-3,,,,,,1099,0,,,,,,,
1202,526,1,386,11,3600,,,-3,,,,,,1100,0,,,,,,,
1203,526,1,385,6,3600,,,-3,,,,,,1101,0,,,,,,,
1204,527,1,1,6,3600,,,-3,,,,,,1102,0,,,,,,,
1205,527,1,31,7,3600,,,-3,,,,,,1103,0,,,,,,,
1206,528,1,14,7,3600,,,-3,,,,,,1104,0,,,,,,,
1207,529,1,326,8,3600,,,-3,,,,,,1105,0,,,,,,,
1208,530,1,79,8,3600,,,-3,,,,,,1106,0,,,,,,,
1209,531,1,28,9,3660,,,-3,,,,,,1107,0,,,,,,,
1210,531,1,4,4,3660,,,-3,,,,,,1108,0,,,,,,,
1211,531,1,31,1,3660,,,-3,,,,,,1109,0,,,,,,,
1212,532,1,110,10,3660,,,-3,,,,,,1110,0,,,,,,,
1213,532,1,259,7,3660,,,-3,,,,,,1111,0,,,,,,,
1214,532,1,109,9,3660,,,-3,,,,,,1112,0,,,,,,,
1215,532,1,26,8,3660,,,-3,,,,,,1113,0,,,,,,,
1216,532,1,42,6,3660,,,-3,,,,,,1114,0,,,,,,,
1217,532,1,25,4,3660,,,-3,,,,,,1115,0,,,,,,,
1218,533,1,40,6,3660,,,-3,,,,,,1116,0,,,,,,,
1219,533,1,9,12,3660,,,-3,,,,,,1117,0,,,,,,,
1220,533,1,86,5,3660,,,-3,,,,,,1118,0,,,,,,,
1221,534,1,54,4,3660,,,-3,,,,,,1119,0,,,,,,,
1222,534,1,312,4,3660,,,-3,,,,,,1120,0,,,,,,,
1223,535,1,1,4,3660,,,-3,,,,,,1121,0,,,,,,,
1224,536,1,71,7,3660,,,-3,,,,,,1122,0,,,,,,,
1225,536,1,10,6,3660,,,-3,,,,,,1123,0,,,,,,,
1226,537,1,155,10,3660,,,-3,,,,,,1124,0,,,,,,,
1227,538,1,149,8,3720,,,-3,,,,,,1125,0,,,,,,,
1228,538,1,43,5,3720,,,-3,,,,,,1126,0,,,,,,,
1229,539,1,13,7,3720,,,-3,,,,,,1127,0,,,,,,,
1230,539,1,82,4,3720,,,-3,,,,,,1128,0,,,,,,,
1231,539,1,36,9,3720,,,-3,,,,,,1129,0,,,,,,,
1232,539,1,2,5,3720,,,-3,,,,,,1130,0,,,,,,,
1233,539,1,0,6,3720,,,-3,,,,,,1131,0,,,,,,,
1234,539,1,449,5,3720,,,-3,,,,,,1132,0,,,,,,,
1235,539,1,314,3,3720,,,-3,,,,,,1133,0,,,,,,,
1236,539,1,103,6,3720,,,-3,,,,,,1134,0,,,,,,,
1237,540,1,275,5,3720,,,-3,,,,,,1135,0,,,,,,,
1238,541,1,153,7,3720,,,-3,,,,,,1136,0,,,,,,,
1239,541,1,113,10,3720,,,-3,,,,,,1137,0,,,,,,,
1240,542,1,27,4,3720,,,-3,,,,,,1138,0,,,,,,,
1241,543,1,100,5,3720,,,-3,,,,,,1139,0,,,,,,,
1242,543,1,351,6,3720,,,-3,,,,,,1140,0,,,,,,,
1243,544,1,3,6,3720,,,-3,,,,,,1141,0,,,,,,,
1244,544,1,62,8,3720,,,-3,,,,,,1142,0,,,,,,,
1245,545,1,10,5,3720,,,-3,,,,,,1143,0,,,,,,,
1246,545,1,215,5,3720,,,-3,,,,,,1144,0,,,,,,,
1247,545,1,231,8,3720,,,-3,,,,,,1145,0,,,,,,,
1248,546,1,96,1,3720,,,-3,,,,,,1146,0,,,,,,,
1249,546,1,9,8,3720,,,-3,,,,,,1147,0,,,,,,,
1250,546,1,82,7,3720,,,-3,,,,,,1148,0,,,,,,,
1251,547,1,447,4,3720,,,-3,,,,,,1149,0,,,,,,,
1252,548,1,468,10,3780,,,-3,,,,,,1150,0,,,,,,,
1253,548,1,30,10,3780,,,-3,,,,,,1151,0,,,,,,,
1254,549,1,36,7,3780,,,-3,,,,,,1152,0,,,,,,,
1255,549,1,213,8,3780,,,-3,,,,,,1153,0,,,,,,,
1256,550,1,372,6,3780,,,-3,,,,,,1154,0,,,,,,,
1257,550,1,5,6,3780,,,-3,,,,,,1155,0,,,,,,,
1258,550,1,34,10,3780,,,-3,,,,,,1156,0,,,,,,,
1259,550,1,83,2,3780,,,-3,,,,,,1157,0,,,,,,,
1260,550,1,14,4,3780,,,-3,,,,,,1158,0,,,,,,,
1261,550,1,80,11,3780,,,-3,,,,,,1159,0,,,,,,,
1262,551,1,42,10,3780,,,-3,,,,,,1160,0,,,,,,,
1263,552,1,25,10,3780,,,-3,,,,,,1161,0,,,,,,,
1264,553,1,71,6,3780,,,-3,,,,,,1162,0,,,,,,,
1265,554,1,401,9,3780,,,-3,,,,,,1163,0,,,,,,,
1266,555,1,489,8,3840,,,-3,,,,,,1164,0,,,,,,,
1267,555,1,75,4,3840,,,-3,,,,,,1165,0,,,,,,,
1268,556,1,78,4,3840,,,-3,,,,,,1166,0,,,,,,,
1269,557,1,396,4,3840,,,-3,,,,,,1167,0,,,,,,,
1270,558,1,187,6,3840,,,-3,,,,,,1168,0,,,,,,,
1271,559,1,23,7,3840,,,-3,,,,,,1169,0,,,,,,,
1272,559,1,90,6,3840,,,-3,,,,,,1170,0,,,,,,,
1273,560,1,122,6,3840,,,-3,,,,,,1171,0,,,,,,,
1274,561,1,475,8,3840,,,-3,,,,,,1172,0,,,,,,,
1275,562,1,77,10,3840,,,-3,,,,,,1173,0,,,,,,,
1276,563,1,496,4,3840,,,-3,,,,,,1174,0,,,,,,,
1277,564,1,1,6,3900,,,-3,,,,,,1175,0,,,,,,,
1278,565,1,47,4,3900,,,-3,,,,,,1176,0,,,,,,,
1279,565,1,112,1,3900,,,-3,,,,,,1177,0,,,,,,,
1280,565,1,126,5,3900,,,-3,,,,,,1178,0,,,,,,,
1281,566,1,171,6,3900,,,-3,,,,,,1179,0,,,,,,,
1282,567,1,130,9,3900,,,-3,,,,,,1180,0,,,,,,,
1283,567,1,0,6,3900,,,-3,,,,,,1181,0,,,,,,,
1284,567,1,90,7,3900,,,-3,,,,,,1182,0,,,,,,,
1285,568,1,302,8,3900,,,-3,,,,,,1183,0,,,,,,,
1286,568,1,114,2,3900,,,-3,,,,,,1184,0,,,,,,,
1287,568,1,5,5,3900,,,-3,,,,,,1185,0,,,,,,,
1288,568,1,38,2,3900,,,-3,,,,,,1186,0,,,,,,,
1289,568,1,91,12,3900,,,-3,,,,,,1187,0,,,,,,,
1290,568,1,177,8,3900,,,-3,,,,,,1188,0,,,,,,,
1291,569,1,22,8,3900,,,-3,,,,,,1189,0,,,,,,,
1292,570,1,297,12,3900,,,-3,,,,,,1190,0,,,,,,,
1293,570,1,26,7,3900,,,-3,,,,,,1191,0,,,,,,,
1294,571,1,167,4,3900,,,-3,,,,,,1192,0,,,,,,,
1295,572,1,18,1,3900,,,-3,,,,,,1193,0,,,,,,,
1296,572,1,1,4,3900,,,-3,,,,,,1194,0,,,,,,,
1297,572,1,209,6,3900,,,-3,,,,,,1195,0,,,,,,,
1298,573,1,10,10,3900,,,-3,,,,,,1196,0,,,,,,,
1299,573,1,276,5,3900,,,-3,,,,,,1197,0,,,,,,,
1300,573,1,99,2,3900,,,-3,,,,,,1198,0,,,,,,,
1301,574,1,94,8,3960,,,-3,,,,,,1199,0,,,,,,,
1302,574,1,99,2,3960,,,-3,,,,,,1200,0,,,,,,,
1303,574,1,225,10,3960,,,-3,,,,,,1201,0,,,,,,,
1304,574,1,147,7,3960,,,-3,,,,,,1202,0,,,,,,,
1305,574,1,48,2,3960,,,-3,,,,,,1203,0,,,,,,,
1306,575,1,490,10,3960,,,-3,,,,,,1204,0,,,,,,,
1307,575,1,46,9,3960,,,-3,,,,,,1205,0,,,,,,,
1308,575,1,0,9,3960,,,-3,,,,,,1206,0,,,,,,,
1309,576,1,22,6,3960,,,-3,,,,,,1207,0,,,,,,,
1310,577,1,33,7,3960,,,-3,,,,,,1208,0,,,,,,,
1311,578,1,221,6,3960,,,-3,,,,,,1209,0,,,,,,,
1312,578,1,106,5,3960,,,-3,,,,,,1210,0,,,,,,,
1313,579,1,58,11,3960,,,-3,,,,,,1211,0,,,,,,,
1314,580,1,252,1,3960,,,-3,,,,,,1212,0,,,,,,,
1315,580,1,44,10,3960,,,-3,,,,,,1213,0,,,,,,,
1316,580,1,0,5,3960,,,-3,,,,,,1214,0,,,,,,,
1317,581,1,358,3,3960,,,-3,,,,,,1215,0,,,,,,,
1318,582,1,491,8,3960,,,-3,,,,,,1216,0,,,,,,,
1319,583,1,159,7,3960,,,-3,,,,,,1217,0,,,,,,,
1320,584,1,8,9,4020,,,-3,,,,,,1218,0,,,,,,,
1321,584,1,68,9,4020,,,-3,,,,,,1219,0,,,,,,,
1322,584,1,65,6,4020,,,-3,,,,,,1220,0,,,,,,,
1323,584,1,31,2,4020,,,-3,,,,,,1221,0,,,,,,,
1324,584,1,118,8,4020,,,-3,,,,,,1222,0,,,,,,,
1325,584,1,40,10,4020,,,-3,,,,,,1223,0,,,,,,,
1326,585,1,435,11,4020,,,-3,,,,,,1224,0,,,,,,,
1327,586,1,11,2,4020,,,-3,,,,,,1225,0,,,,,,,
1328,587,1,74,4,4020,,,-3,,,,,,1226,0,,,,,,,
1329,588,1,71,6,4020,,,-3,,,,,,1227,0,,,,,,,
1330,588,1,10,6,4020,,,-3,,,,,,1228,0,,,,,,,
1331,589,1,364,2,4080,,,-3,,,,,,1229,0,,,,,,,
1332,590,1,240,9,4080,,,-3,,,,,,1230,0,,,,,,,
1333,590,1,331,3,4080,,,-3,,,,,,1231,0,,,,,,,
1334,591,1,21,12,4080,,,-3,,,,,,1232,0,,,,,,,
1335,592,1,17,4,4080,,,-3,,,,,,1233,0,,,,,,,
1336,593,1,10,8,4080,,,-3,,,,,,1234,0,,,,,,,
1337,593,1,115,6,4080,,,-3,,,,,,1235,0,,,,,,,
1338,593,1,12,6,4080,,,-3,,,,,,1236,0,,,,,,,
1339,593,1,1,10,4080,,,-3,,,,,,1237,0,,,,,,,
1340,593,1,99,6,4080,,,-3,,,,,,1238,0,,,,,,,
1341,593,1,175,4,4080,,,-3,,,,,,1239,0,,,,,,,
1342,594,1,4,10,4080,,,-3,,,,,,1240,0,,,,,,,
1343,595,1,265,6,4080,,,-3,,,,,,1241,0,,,,,,,
1344,595,1,352,8,4080,,,-3,,,,,,1242,0,,,,,,,
1345,595,1,467,3,4080,,,-3,,,,,,1243,0,,,,,,,
1346,595,1,202,11,4080,,,-3,,,,,,1244,0,,,,,,,
1347,595,1,48,8,4080,,,-3,,,,,,1245,0,,,,,,,
1348,596,1,9,8,4080,,,-3,,,,,,1246,0,,,,,,,
1349,597,1,21,5,4080,,,-3,,,,,,1247,0,,,,,,,
1350,597,1,0,7,4080,,,-3,,,,,,1248,0,,,,,,,
1351,597,1,122,8,4080,,,-3,,,,,,1249,0,,,,,,,
1352,598,1,108,2,4080,,,-3,,,,,,1250,0,,,,,,,
1353,599,1,10,10,4080,,,-3,,,,,,1251,0,,,,,,,
1354,600,1,8,3,4140,,,-3,,,,,,1252,0,,,,,,,
1355,601,1,7,6,4140,,,-3,,,,,,1253,0,,,,,,,
1356,602,1,166,7,4140,,,-3,,,,,,1254,0,,,,,,,
1357,602,1,66,11,4140,,,-3,,,,,,1255,0,,,,,,,
1358,602,1,453,7,4140,,,-3,,,,,,1256,0,,,,,,,
1359,602,1,37,8,4140,,,-3,,,,,,1257,0,,,,,,,
1360,602,1,148,4,4140,,,-3,,,,,,1258,0,,,,,,,
1361,602,1,97,6,4140,,,-3,,,,,,1259,0,,,,,,,
1362,603,1,40,1,4140,,,-3,,,,,,1260,0,,,,,,,
1363,603,1,61,8,4140,,,-3,,,,,,1261,0,,,,,,,
1364,603,1,14,5,4140,,,-3,,,,,,1262,0,,,,,,,
1365,604,1,237,2,4140,,,-3,,,,,,1263,0,,,,,,,
1366,605,1,47,11,4140,,,-3,,,,,,1264,0,,,,,,,
1367,606,1,97,2,4140,,,-3,,,,,,1265,0,,,,,,,
1368,607,1,44,4,4200,,,-3,,,,,,1266,0,,,,,,,
1369,607,1,190,6,4200,,,-3,,,,,,1267,0,,,,,,,
1370,608,1,0,10,4200,,,-3,,,,,,1268,0,,,,,,,
1371,609,1,479,9,4200,,,-3,,,,,,1269,0,,,,,,,
1372,609,1,5,4,4200,,,-3,,,,,,1270,0,,,,,,,
1373,610,1,10,7,4200,,,-3,,,,,,1271,0,,,,,,,
1374,611,1,373,2,4200,,,-3,,,,,,1272,0,,,,,,,
1375,611,1,2,8,4200,,,-3,,,,,,1273,0,,,,,,,
1376,612,1,5,10,4200,,,-3,,,,,,1274,0,,,,,,,
1377,612,1,92,10,4200,,,-3,,,,,,1275,0,,,,,,,
1378,613,1,88,12,4200,,,-3,,,,,,1276,0,,,,,,,
1379,614,1,8,7,4200,,,-3,,,,,,1277,0,,,,,,,
1380,614,1,48,12,4200,,,-3,,,,,,1278,0,,,,,,,
1381,615,1,13,7,4200,,,-3,,,,,,1279,0,,,,,,,
1382,616,1,257,4,4200,,,-3,,,,,,1280,0,,,,,,,
1383,617,1,27,2,4200,,,-3,,,,,,1281,0,,,,,,,
1384,618,1,233,10,4260,,,-3,,,,,,1282,0,,,,,,,
1385,618,1,12,6,4260,,,-3,,,,,,1283,0,,,,,,,
1386,618,1,3,10,4260,,,-3,,,,,,1284,0,,,,,,,
1387,619,1,25,4,4260,,,-3,,,,,,1285,0,,,,,,,
1388,619,1,6,2,4260,,,-3,,,,,,1286,0,,,,,,,
1389,619,1,0,8,4260,,,-3,,,,,,1287,0,,,,,,,
1390,619,1,3,7,4260,,,-3,,,,,,1288,0,,,,,,,
1391,620,1,119,3,4260,,,-3,,,,,,1289,0,,,,,,,
1392,620,1,49,5,4260,,,-3,,,,,,1290,0,,,,,,,
1393,621,1,86,10,4260,,,-3,,,,,,1291,0,,,,,,,
1394,622,1,20,1,4260,,,-3,,,,,,1292,0,,,,,,,
1395,623,1,12,9,4260,,,-3,,,,,,1293,0,,,,,,,
1396,624,1,270,10,4260,,,-3,,,,,,1294,0,,,,,,,
1397,625,1,63,4,4260,,,-3,,,,,,1295,0,,,,,,,
1398,626,1,12,6,4260,,,-3,,,,,,1296,0,,,,,,,
1399,626,1,148,10,4260,,,-3,,,,,,1297,0,,,,,,,
1400,626,1,40,10,4260,,,-3,,,,,,1298,0,,,,,,,
1401,626,1,14,2,4260,,,-3,,,,,,1299,0,,,,,,,
1402,626,1,4,8,4260,,,-3,,,,,,1300,0,,,,,,,
1403,627,1,5,8,4260,,,-3,,,,,,1301,0,,,,,,,
1404,628,1,80,3,4320,,,-3,,,,,,1302,0,,,,,,,
1405,629,1,285,7,4320,,,-3,,,,,,1303,0,,,,,,,
1406,630,1,162,9,4320,,,-3,,,,,,1304,0,,,,,,,
1407,631,1,23,6,4320,,,-3,,,,,,1305,0,,,,,,,
1408,632,1,135,6,4320,,,-3,,,,,,1306,0,,,,,,,
1409,633,1,97,1,4320,,,-3,,,,,,1307,0,,,,,,,
1410,633,1,94,11,4320,,,-3,,,,,,1308,0,,,,,,,
1411,633,1,118,10,4320,,,-3,,,,,,1309,0,,,,,,,
1412,633,1,198,12,4320,,,-3,,,,,,1310,0,,,,,,,
1413,634,1,255,4,4320,,,-3,,,,,,1311,0,,,,,,,
1414,634,1,250,8,4320,,,-3,,,,,,1312,0,,,,,,,
1415,635,1,137,4,4320,,,-3,,,,,,1313,0,,,,,,,
1416,635,1,22,9,4320,,,-3,,,,,,1314,0,,,,,,,
1417,636,1,22,5,4320,,,-3,,,,,,1315,0,,,,,,,
1418,636,1,224,7,4320,,,-3,,,,,,1316,0,,,,,,,
1419,637,1,41,11,4380,,,-3,,,,,,1317,0,,,,,,,
1420,638,1,1,10,4380,,,-3,,,,,,1318,0,,,,,,,
1421,639,1,386,4,4380,,,-3,,,,,,1319,0,,,,,,,
1422,639,1,81,1,4380,,,-3,,,,,,1320,0,,,,,,,
1423,639,1,176,8,4380,,,-3,,,,,,1321,0,,,,,,,
1424,640,1,19,1,4380,,,-3,,,,,,1322,0,,,,,,,
1425,641,1,83,6,4380,,,-3,,,,,,1323,0,,,,,,,
1426,641,1,35,6,4380,,,-3,,,,,,1324,0,,,,,,,
1427,641,1,152,3,4380,,,-3,,,,,,1325,0,,,,,,,
1428,641,1,324,7,4380,,,-3,,,,,,1326,0,,,,,,,
1429,642,1,7,6,4380,,,-3,,,,,,1327,0,,,,,,,
1430,642,1,23,5,4380,,,-3,,,,,,1328,0,,,,,,,
1431,643,1,20,9,4380,,,-3,,,,,,1329,0,,,,,,,
1432,644,1,7,10,4380,,,-3,,,,,,1330,0,,,,,,,
1433,645,1,19,7,4380,,,-3,,,,,,1331,0,,,,,,,
1434,646,1,53,9,4380,,,-3,,,,,,1332,0,,,,,,,
1435,647,1,140,6,4380,,,-3,,,,,,1333,0,,,,,,,
1436,647,1,8,2,4380,,,-3,,,,,,1334,0,,,,,,,
1437,647,1,224,4,4380,,,-3,,,,,,1335,0,,,,,,,
1438,648,1,386,3,4440,,,-3,,,,,,1336,0,,,,,,,
1439,649,1,55,1,4440,,,-3,,,,,,1337,0,,,,,,,
1440,649,1,188,7,4440,,,-3,,,,,,1338,0,,,,,,,
1441,650,1,22,7,4440,,,-3,,,,,,1339,0,,,,,,,
1442,651,1,145,4,4440,,,-3,,,,,,1340,0,,,,,,,
1443,652,1,25,12,4500,,,-3,,,,,,1341,0,,,,,,,
1444,652,1,0,8,4500,,,-3,,,,,,1342,0,,,,,,,
1445,653,1,23,6,4500,,,-3,,,,,,1343,0,,,,,,,
1446,654,1,91,8,4500,,,-3,,,,,,1344,0,,,,,,,
1447,655,1,21,6,4500,,,-3,,,,,,1345,0,,,,,,,
1448,656,1,28,8,4500,,,-3,,,,,,1346,0,,,,,,,
1449,656,1,288,2,4500,,,-3,,,,,,1347,0,,,,,,,
1450,657,1,49,8,4500,,,-3,,,,,,1348,0,,,,,,,
1451,658,1,173,7,4500,,,-3,,,,,,1349,0,,,,,,,
1452,658,1,26,4,4500,,,-3,,,,,,1350,0,,,,,,,
1453,658,1,62,9,4500,,,-3,,,,,,1351,0,,,,,,,
1454,658,1,94,4,4500,,,-3,,,,,,1352,0,,,,,,,
1455,659,1,42,5,4560,,,-3,,,,,,1353,0,,,,,,,
1456,660,1,23,6,4560,,,-3,,,,,,1354,0,,,,,,,
1457,661,1,16,6,4560,,,-3,,,,,,1355,0,,,,,,,
1458,662,1,33,5,4560,,,-3,,,,,,1356,0,,,,,,,
1459,663,1,66,6,4560,,,-3,,,,,,1357,0,,,,,,,
1460,664,1,485,10,4560,,,-3,,,,,,1358,0,,,,,,,
1461,665,1,65,3,4560,,,-3,,,,,,1359,0,,,,,,,
1462,666,1,38,12,4560,,,-3,,,,,,1360,0,,,,,,,
1463,667,1,363,9,4560,,,-3,,,,,,1361,0,,,,,,,
1464,667,1,125,6,4560,,,-3,,,,,,1362,0,,,,,,,
1465,668,1,25,4,4620,,,-3,,,,,,1363,0,,,,,,,
1466,669,1,384,10,4620,,,-3,,,,,,1364,0,,,,,,,
1467,670,1,43,1,4620,,,-3,,,,,,1365,0,,,,,,,
1468,670,1,113,10,4620,,,-3,,,,,,1366,0,,,,,,,
1469,670,1,36,7,4620,,,-3,,,,,,1367,0,,,,,,,
1470,671,1,6,9,4620,,,-3,,,,,,1368,0,,,,,,,
1471,672,1,97,5,4620,,,-3,,,,,,1369,0,,,,,,,
1472,673,1,6,12,4680,,,-3,,,,,,1370,0,,,,,,,
1473,673,1,294,10,4680,,,-3,,,,,,1371,0,,,,,,,
1474,674,1,195,6,4680,,,-3,,,,,,1372,0,,,,,,,
1475,674,1,6,4,4680,,,-3,,,,,,1373,0,,,,,,,
1476,674,1,192,4,4680,,,-3,,,,,,1374,0,,,,,,,
1477,674,1,139,3,4680,,,-3,,,,,,1375,0,,,,,,,
1478,674,1,422,12,4680,,,-3,,,,,,1376,0,,,,,,,
1479,675,1,15,7,4680,,,-3,,,,,,1377,0,,,,,,,
1480,676,1,18,8,4680,,,-3,,,,,,1378,0,,,,,,,
1481,677,1,461,6,4740,,,-3,,,,,,1379,0,,,,,,,
1482,677,1,342,5,4740,,,-3,,,,,,1380,0,,,,,,,
1483,678,1,62,6,4740,,,-3,,,,,,1381,0,,,,,,,
1484,678,1,27,10,4740,,,-3,,,,,,1382,0,,,,,,,
1485,679,1,20,6,4740,,,-3,,,,,,1383,0,,,,,,,
1486,679,1,184,3,4740,,,-3,,,,,,1384,0,,,,,,,
1487,680,1,6,10,4740,,,-3,,,,,,1385,0,,,,,,,
1488,681,1,15,8,4740,,,-3,,,,,,1386,0,,,,,,,
1489,682,1,392,2,4740,,,-3,,,,,,1387,0,,,,,,,
1490,682,1,25,4,4740,,,-3,,,,,,1388,0,,,,,,,
1491,682,1,186,3,4740,,,-3,,,,,,1389,0,,,,,,,
1492,683,1,11,1,4740,,,-3,,,,,,1390,0,,,,,,,
1493,684,1,34,8,4740,,,-3,,,,,,1391,0,,,,,,,
1494,685,1,19,8,4800,,,-3,,,,,,1392,0,,,,,,,
1495,685,1,20,6,4800,,,-3,,,,,,1393,0,,,,,,,
1496,685,1,153,5,4800,,,-3,,,,,,1394,0,,,,,,,
1497,685,1,37,3,4800,,,-3,,,,,,1395,0,,,,,,,
1498,685,1,496,6,4800,,,-3,,,,,,1396,0,,,,,,,
1499,685,1,0,12,4800,,,-3,,,,,,1397,0,,,,,,,
1500,686,1,449,2,4800,,,-3,,,,,,1398,0,,,,,,,
1501,686,1,17,5,4800,,,-3,,,,,,1399,0,,,,,,,
1502,686,1,256,5,4800,,,-3,,,,,,1400,0,,,,,,,
1503,687,1,227,4,4800,,,-3,,,,,,1401,0,,,,,,,
1504,688,1,282,6,4800,,,-3,,,,,,1402,0,,,,,,,
1505,689,1,184,10,4800,,,-3,,,,,,1403,0,,,,,,,
1506,689,1,260,10,4800,,,-3,,,,,,1404,0,,,,,,,
1507,689,1,41,7,4800,,,-3,,,,,,1405,0,,,,,,,
1508,689,1,11,8,4800,,,-3,,,,,,1406,0,,,,,,,
1509,689,1,51,7,4800,,,-3,,,,,,1407,0,,,,,,,
1510,689,1,47,11,4800,,,-3,,,,,,1408,0,,,,,,,
1511,689,1,34,12,4800,,,-3,,,,,,1409,0,,,,,,,
1512,689,1,27,8,4800,,,-3,,,,,,1410,0,,,,,,,
1513,689,1,28,3,4800,,,-3,,,,,,1411,0,,,,,,,
1514,689,1,101,8,4800,,,-3,,,,,,1412,0,,,,,,,
1515,690,1,101,8,4800,,,-3,,,,,,1413,0,,,,,,,
1516,690,1,49,6,4800,,,-3,,,,,,1414,0,,,,,,,
1517,691,1,28,10,4800,,,-3,,,,,,1415,0,,,,,,,
1518,692,1,46,3,4860,,,-3,,,,,,1416,0,,,,,,,
1519,692,1,18,4,4860,,,-3,,,,,,1417,0,,,,,,,
1520,692,1,6,10,4860,,,-3,,,,,,1418,0,,,,,,,
1521,693,1,6,8,4860,,,-3,,,,,,1419,0,,,,,,,
1522,693,1,168,2,4860,,,-3,,,,,,1420,0,,,,,,,
1523,694,1,77,2,4860,,,-3,,,,,,1421,0,,,,,,,
1524,695,1,34,4,4860,,,-3,,,,,,1422,0,,,,,,,
1525,696,1,143,7,4860,,,-3,,,,,,1423,0,,,,,,,
1526,696,1,166,9,4860,,,-3,,,,,,1424,0,,,,,,,
1527,696,1,29,3,4860,,,-3,,,,,,1425,0,,,,,,,
1528,697,1,327,8,4860,,,-3,,,,,,1426,0,,,,,,,
1529,697,1,94,6,4860,,,-3,,,,,,1427,0,,,,,,,
1530,698,1,49,5,4860,,,-3,,,,,,1428,0,,,,,,,
1531,698,1,23,8,4860,,,-3,,,,,,1429,0,,,,,,,
1532,699,1,140,6,4860,,,-3,,,,,,1430,0,,,,,,,
1533,700,1,38,1,4860,,,-3,,,,,,1431,0,,,,,,,
1534,700,1,4,9,4860,,,-3,,,,,,1432,0,,,,,,,
1535,700,1,152,2,4860,,,-3,,,,,,1433,0,,,,,,,
1536,700,1,116,4,4860,,,-3,,,,,,1434,0,,,,,,,
1537,700,1,8,6,4860,,,-3,,,,,,1435,0,,,,,,,
1538,701,1,18,3,4860,,,-3,,,,,,1436,0,,,,,,,
1539,701,1,3,6,4860,,,-3,,,,,,1437,0,,,,,,,
1540,702,1,292,9,4860,,,-3,,,,,,1438,0,,,,,,,
1541,703,1,22,8,4860,,,-3,,,,,,1439,0,,,,,,,
1542,703,1,16,2,4860,,,-3,,,,,,1440,0,,,,,,,
1543,704,1,185,6,4920,,,-3,,,,,,1441,0,,,,,,,
1544,704,1,80,5,4920,,,-3,,,,,,1442,0,,,,,,,
1545,704,1,32,7,4920,,,-3,,,,,,1443,0,,,,,,,
1546,704,1,8,4,4920,,,-3,,,,,,1444,0,,,,,,,
1547,704,1,0,5,4920,,,-3,,,,,,1445,0,,,,,,,
1548,704,1,27,3,4920,,,-3,,,,,,1446,0,,,,,,,
1549,704,1,172,6,4920,,,-3,,,,,,1447,0,,,,,,,
1550,705,1,167,3,4920,,,-3,,,,,,1448,0,,,,,,,
1551,705,1,63,7,4920,,,-3,,,,,,1449,0,,,,,,,
1552,705,1,411,6,4920,,,-3,,,,,,1450,0,,,,,,,
1553,705,1,109,8,4920,,,-3,,,,,,1451,0,,,,,,,
1554,706,1,14,7,4980,,,-3,,,,,,1452,0,,,,,,,
1555,707,1,371,6,4980,,,-3,,,,,,1453,0,,,,,,,
1556,707,1,38,6,4980,,,-3,,,,,,1454,0,,,,,,,
1557,708,1,79,3,4980,,,-3,,,,,,1455,0,,,,,,,
1558,708,1,28,8,4980,,,-3,,,,,,1456,0,,,,,,,
1559,709,1,6,3,4980,,,-3,,,,,,1457,0,,,,,,,
1560,710,1,0,12,4980,,,-3,,,,,,1458,0,,,,,,,
1561,710,1,10,10,4980,,,-3,,,,,,1459,0,,,,,,,
1562,710,1,38,7,4980,,,-3,,,,,,1460,0,,,,,,,
1563,710,1,16,9,4980,,,-3,,,,,,1461,0,,,,,,,
1564,710,1,130,8,4980,,,-3,,,,,,1462,0,,,,,,,
1565,711,1,25,8,4980,,,-3,,,,,,1463,0,,,,,,,
1566,711,1,123,6,4980,,,-3,,,,,,1464,0,,,,,,,
1567,712,1,55,3,5040,,,-3,,,,,,1465,0,,,,,,,
1568,712,1,27,5,5040,,,-3,,,,,,1466,0,,,,,,,
1569,713,1,10,7,5040,,,-3,,,,,,1467,0,,,,,,,
1570,714,1,78,7,5040,,,-3,,,,,,1468,0,,,,,,,
1571,714,1,144,5,5040,,,-3,,,,,,1469,0,,,,,,,
1572,715,1,21,5,5040,,,-3,,,,,,1470,0,,,,,,,
1573,716,1,0,1,5040,,,-3,,,,,,1471,0,,,,,,,
1574,716,1,14,2,5040,,,-3,,,,,,1472,0,,,,,,,
1575,717,1,46,10,5040,,,-3,,,,,,1473,0,,,,,,,
1576,717,1,241,6,5040,,,-3,,,,,,1474,0,,,,,,,
1577,717,1,429,10,5040,,,-3,,,,,,1475,0,,,,,,,
1578,717,1,121,6,5040,,,-3,,,,,,1476,0,,,,,,,
1579,717,1,92,10,5040,,,-3,,,,,,1477,0,,,,,,,
1580,718,1,37,5,5040,,,-3,,,,,,1478,0,,,,,,,
1581,719,1,4,10,5040,,,-3,,,,,,1479,0,,,,,,,
1582,719,1,38,10,5040,,,-3,,,,,,1480,0,,,,,,,
1583,719,1,495,10,5040,,,-3,,,,,,1481,0,,,,,,,
1584,719,1,5,4,5040,,,-3,,,,,,1482,0,,,,,,,
1585,720,1,335,8,5040,,,-3,,,,,,1483,0,,,,,,,
1586,720,1,0,4,5040,,,-3,,,,,,1484,0,,,,,,,
1587,720,1,9,8,5040,,,-3,,,,,,1485,0,,,,,,,
1588,720,1,222,12,5040,,,-3,,,,,,1486,0,,,,,,,
1589,720,1,5,12,5040,,,-3,,,,,,1487,0,,,,,,,
1590,720,1,233,6,5040,,,-3,,,,,,1488,0,,,,,,,
1591,720,1,2,2,5040,,,-3,,,,,,1489,0,,,,,,,
1592,720,1,34,6,5040,,,-3,,,,,,1490,0,,,,,,,
1593,721,1,38,12,5100,,,-3,,,,,,1491,0,,,,,,,
1594,721,1,45,2,5100,,,-3,,,,,,1492,0,,,,,,,
1595,721,1,324,12,5100,,,-3,,,,,,1493,0,,,,,,,
1596,722,1,94,8,5100,,,-3,,,,,,1494,0,,,,,,,
1597,723,1,18,10,5100,,,-3,,,,,,1495,0,,,,,,,
1598,724,1,67,4,5100,,,-3,,,,,,1496,0,,,,,,,
1599,725,1,101,4,5100,,,-3,,,,,,1497,0,,,,,,,
1600,726,1,14,11,5100,,,-3,,,,,,1498,0,,,,,,,
1601,727,1,36,8,5100,,,-3,,,,,,1499,0,,,,,,,
1602,728,1,346,8,5100,,,-3,,,,,,1500,0,,,,,,,
1603,729,1,14,6,5100,,,-3,,,,,,1501,0,,,,,,,
1604,729,1,163,10,5100,,,-3,,,,,,1502,0,,,,,,,
1605,730,1,36,6,5100,,,-3,,,,,,1503,0,,,,,,,
1606,730,1,11,6,5100,,,-3,,,,,,1504,0,,,,,,,
1607,730,1,352,4,5100,,,-3,,,,,,1505,0,,,,,,,
1608,731,1,173,6,5160,,,-3,,,,,,1506,0,,,,,,,
1609,732,1,330,9,5160,,,-3,,,,,,1507,0,,,,,,,
1610,733,1,23,3,5160,,,-3,,,,,,1508,0,,,,,,,
1611,733,1,452,8,5160,,,-3,,,,,,1509,0,,,,,,,
1612,733,1,14,6,5160,,,-3,,,,,,1510,0,,,,,,,
1613,733,1,47,6,5160,,,-3,,,,,,1511,0,,,,,,,
1614,733,1,21,10,5160,,,-3,,,,,,1512,0,,,,,,,
1615,734,1,431,10,5160,,,-3,,,,,,1513,0,,,,,,,
1616,734,1,15,6,5160,,,-3,,,,,,1514,0,,,,,,,
1617,734,1,366,9,5160,,,-3,,,,,,1515,0,,,,,,,
1618,734,1,33,9,5160,,,-3,,,,,,1516,0,,,,,,,
1619,735,1,452,5,5160,,,-3,,,,,,1517,0,,,,,,,
1620,735,1,67,2,5160,,,-3,,,,,,1518,0,,,,,,,
1621,735,1,13,2,5160,,,-3,,,,,,1519,0,,,,,,,
1622,735,1,17,7,5160,,,-3,,,,,,1520,0,,,,,,,
1623,736,1,282,1,5160,,,-3,,,,,,1521,0,,,,,,,
1624,737,1,109,3,5160,,,-3,,,,,,1522,0,,,,,,,
1625,738,1,17,7,5160,,,-3,,,,,,1523,0,,,,,,,
1626,739,1,86,12,5160,,,-3,,,,,,1524,0,,,,,,,
1627,740,1,34,4,5160,,,-3,,,,,,1525,0,,,,,,,
1628,741,1,81,4,5220,,,-3,,,,,,1526,0,,,,,,,
1629,741,1,271,4,5220,,,-3,,,,,,1527,0,,,,,,,
1630,741,1,174,3,5220,,,-3,,,,,,1528,0,,,,,,,
1631,742,1,79,8,5220,,,-3,,,,,,1529,0,,,,,,,
1632,742,1,228,4,5220,,,-3,,,,,,1530,0,,,,,,,
1633,743,1,86,11,5220,,,-3,,,,,,1531,0,,,,,,,
1634,743,1,8,1,5220,,,-3,,,,,,1532,0,,,,,,,
1635,743,1,35,8,5220,,,-3,,,,,,1533,0,,,,,,,
1636,744,1,115,7,5220,,,-3,,,,,,1534,0,,,,,,,
1637,744,1,30,6,5220,,,-3,,,,,,1535,0,,,,,,,
1638,744,1,44,11,5220,,,-3,,,,,,1536,0,,,,,,,
1639,745,1,43,5,5220,,,-3,,,,,,1537,0,,,,,,,
1640,746,1,242,6,5280,,,-3,,,,,,1538,0,,,,,,,
1641,746,1,10,12,5280,,,-3,,,,,,1539,0,,,,,,,
1642,746,1,245,10,5280,,,-3,,,,,,1540,0,,,,,,,
1643,747,1,22,9,5280,,,-3,,,,,,1541,0,,,,,,,
1644,747,1,10,6,5280,,,-3,,,,,,1542,0,,,,,,,
1645,748,1,31,2,5280,,,-3,,,,,,1543,0,,,,,,,
1646,749,1,26,12,5280,,,-3,,,,,,1544,0,,,,,,,
1647,749,1,48,12,5280,,,-3,,,,,,1545,0,,,,,,,
1648,749,1,127,5,5280,,,-3,,,,,,1546,0,,,,,,,
1649,749,1,2,8,5280,,,-3,,,,,,1547,0,,,,,,,
1650,749,1,45,4,5280,,,-3,,,,,,1548,0,,,,,,,
1651,749,1,20,4,5280,,,-3,,,,,,1549,0,,,,,,,
1652,749,1,31,7,5280,,,-3,,,,,,1550,0,,,,,,,
1653,749,1,5,5,5280,,,-3,,,,,,1551,0,,,,,,,
1654,750,1,288,6,5280,,,-3,,,,,,1552,0,,,,,,,
1655,751,1,31,9,5280,,,-3,,,,,,1553,0,,,,,,,
1656,751,1,62,9,5280,,,-3,,,,,,1554,0,,,,,,,
1657,752,1,376,5,5280,,,-3,,,,,,1555,0,,,,,,,
1658,753,1,491,12,5280,,,-3,,,,,,1556,0,,,,,,,
1659,754,1,6,10,5280,,,-3,,,,,,1557,0,,,,,,,
1660,754,1,172,9,5280,,,-3,,,,,,1558,0,,,,,,,
1661,754,1,33,2,5280,,,-3,,,,,,1559,0,,,,,,,
1662,754,1,0,4,5280,,,-3,,,,,,1560,0,,,,,,,
1663,755,1,0,2,5280,,,-3,,,,,,1561,0,,,,,,,
1664,755,1,5,4,5280,,,-3,,,,,,1562,0,,,,,,,
1665,756,1,18,8,5340,,,-3,,,,,,1563,0,,,,,,,
1666,756,1,172,6,5340,,,-3,,,,,,1564,0,,,,,,,
1667,757,1,15,8,5340,,,-3,,,,,,1565,0,,,,,,,
1668,757,1,426,4,5340,,,-3,,,,,,1566,0,,,,,,,
1669,757,1,0,12,5340,,,-3,,,,,,1567,0,,,,,,,
1670,757,1,12,2,5340,,,-3,,,,,,1568,0,,,,,,,
1671,758,1,20,4,5340,,,-3,,,,,,1569,0,,,,,,,
1672,758,1,53,4,5340,,,-3,,,,,,1570,0,,,,,,,
1673,759,1,8,4,5340,,,-3,,,,,,1571,0,,,,,,,
1674,759,1,73,11,5340,,,-3,,,,,,1572,0,,,,,,,
1675,760,1,54,12,5340,,,-3,,,,,,1573,0,,,,,,,
1676,761,1,260,2,5340,,,-3,,,,,,1574,0,,,,,,,
1677,761,1,32,6,5340,,,-3,,,,,,1575,0,,,,,,,
1678,761,1,8,10,5340,,,-3,,,,,,1576,0,,,,,,,
1679,762,1,28,10,5340,,,-3,,,,,,1577,0,,,,,,,
1680,762,1,47,12,5340,,,-3,,,,,,1578,0,,,,,,,
1681,763,1,102,1,5340,,,-3,,,,,,1579,0,,,,,,,
1682,764,1,192,5,5340,,,-3,,,,,,1580,0,,,,,,,
1683,765,1,25,2,5340,,,-3,,,,,,1581,0,,,,,,,
1684,766,1,50,4,5400,,,-3,,,,,,1582,0,,,,,,,
1685,766,1,35,2,5400,,,-3,,,,,,1583,0,,,,,,,
1686,766,1,160,12,5400,,,-3,,,,,,1584,0,,,,,,,
1687,766,1,44,9,5400,,,-3,,,,,,1585,0,,,,,,,
1688,766,1,15,5,5400,,,-3,,,,,,1586,0,,,,,,,
1689,766,1,71,6,5400,,,-3,,,,,,1587,0,,,,,,,
1690,766,1,6,6,5400,,,-3,,,,,,1588,0,,,,,,,
1691,767,1,45,7,5400,,,-3,,,,,,1589,0,,,,,,,
1692,767,1,6,8,5400,,,-3,,,,,,1590,0,,,,,,,
1693,767,1,21,4,5400,,,-3,,,,,,1591,0,,,,,,,
1694,768,1,192,12,5400,,,-3,,,,,,1592,0,,,,,,,
1695,768,1,23,3,5400,,,-3,,,,,,1593,0,,,,,,,
1696,768,1,35,5,5400,,,-3,,,,,,1594,0,,,,,,,
1697,769,1,36,8,5400,,,-3,,,,,,1595,0,,,,,,,
1698,770,1,4,2,5400,,,-3,,,,,,1596,0,,,,,,,
1699,771,1,27,8,5400,,,-3,,,,,,1597,0,,,,,,,
1700,771,1,30,5,5400,,,-3,,,,,,1598,0,,,,,,,
1701,772,1,75,8,5400,,,-3,,,,,,1599,0,,,,,,,
1702,772,1,204,6,5400,,,-3,,,,,,1600,0,,,,,,,
1703,772,1,410,7,5400,,,-3,,,,,,1601,0,,,,,,,
1704,773,1,1,11,5400,,,-3,,,,,,1602,0,,,,,,,
1705,774,1,138,4,5400,,,-3,,,,,,1603,0,,,,,,,
1706,774,1,161,8,5400,,,-3,,,,,,1604,0,,,,,,,
1707,774,1,17,6,5400,,,-3,,,,,,1605,0,,,,,,,
1708,775,1,22,2,5460,,,-3,,,,,,1606,0,,,,,,,
1709,776,1,35,3,5460,,,-3,,,,,,1607,0,,,,,,,
1710,776,1,73,10,5460,,,-3,,,,,,1608,0,,,,,,,
1711,776,1,29,9,5460,,,-3,,,,,,1609,0,,,,,,,
1712,776,1,381,2,5460,,,-3,,,,,,1610,0,,,,,,,
1713,776,1,42,12,5460,,,-3,,,,,,1611,0,,,,,,,
1714,776,1,137,12,5460,,,-3,,,,,,1612,0,,,,,,,
1715,776,1,56,4,5460,,,-3,,,,,,1613,0,,,,,,,
1716,776,1,39,8,5460,,,-3,,,,,,1614,0,,,,,,,
1717,777,1,126,4,5460,,,-3,,,,,,1615,0,,,,,,,
1718,777,1,39,7,5460,,,-3,,,,,,1616,0,,,,,,,
1719,778,1,312,7,5460,,,-3,,,,,,1617,0,,,,,,,
1720,778,1,132,6,5460,,,-3,,,,,,1618,0,,,,,,,
1721,779,1,169,10,5460,,,-3,,,,,,1619,0,,,,,,,
1722,780,1,482,2,5460,,,-3,,,,,,1620,0,,,,,,,
1723,780,1,3,4,5460,,,-3,,,,,,1621,0,,,,,,,
1724,780,1,40,7,5460,,,-3,,,,,,1622,0,,,,,,,
1725,780,1,151,8,5460,,,-3,,,,,,1623,0,,,,,,,
1726,780,1,22,3,5460,,,-3,,,,,,1624,0,,,,,,,
1727,781,1,10,5,5460,,,-3,,,,,,1625,0,,,,,,,
1728,782,1,276,8,5460,,,-3,,,,,,1626,0,,,,,,,
1729,782,1,61,2,5460,,,-3,,,,,,1627,0,,,,,,,
1730,782,1,41,2,5460,,,-3,,,,,,1628,0,,,,,,,
1731,783,1,88,10,5520,,,-3,,,,,,1629,0,,,,,,,
1732,784,1,106,6,5520,,,-3,,,,,,1630,0,,,,,,,
1733,784,1,144,8,5520,,,-3,,,,,,1631,0,,,,,,,
1734,784,1,40,5,5520,,,-3,,,,,,1632,0,,,,,,,
1735,785,1,25,11,5520,,,-3,,,,,,1633,0,,,,,,,
1736,785,1,36,2,5520,,,-3,,,,,,1634,0,,,,,,,
1737,785,1,6,3,5520,,,-3,,,,,,1635,0,,,,,,,
1738,786,1,71,8,5520,,,-3,,,,,,1636,0,,,,,,,
1739,786,1,6,5,5520,,,-3,,,,,,1637,0,,,,,,,
1740,787,1,73,9,5520,,,-3,,,,,,1638,0,,,,,,,
1741,788,1,0,12,5520,,,-3,,,,,,1639,0,,,,,,,
1742,789,1,256,2,5520,,,-3,,,,,,1640,0,,,,,,,
1743,790,1,1,7,5580,,,-3,,,,,,1641,0,,,,,,,
1744,791,1,10,10,5580,,,-3,,,,,,1642,0,,,,,,,
1745,791,1,6,2,5580,,,-3,,,,,,1643,0,,,,,,,
1746,792,1,55,8,5580,,,-3,,,,,,1644,0,,,,,,,
1747,792,1,460,5,5580,,,-3,,,,,,1645,0,,,,,,,
1748,792,1,26,3,5580,,,-3,,,,,,1646,0,,,,,,,
1749,793,1,10,2,5580,,,-3,,,,,,1647,0,,,,,,,
1750,794,1,27,4,5580,,,-3,,,,,,1648,0,,,,,,,
1751,795,1,139,8,5580,,,-3,,,,,,1649,0,,,,,,,
1752,795,1,55,12,5580,,,-3,,,,,,1650,0,,,,,,,
1753,795,1,3,8,5580,,,-3,,,,,,1651,0,,,,,,,
1754,796,1,1,3,5580,,,-3,,,,,,1652,0,,,,,,,
1755,797,1,360,7,5580,,,-3,,,,,,1653,0,,,,,,,
1756,798,1,9,6,5580,,,-3,,,,,,1654,0,,,,,,,
1757,798,1,76,6,5580,,,-3,,,,,,1655,0,,,,,,,
1758,798,1,25,12,5580,,,-3,,,,,,1656,0,,,,,,,
1759,798,1,10,6,5580,,,-3,,,,,,1657,0,,,,,,,
1760,798,1,33,12,5580,,,-3,,,,,,1658,0,,,,,,,
1761,798,1,68,2,5580,,,-3,,,,,,1659,0,,,,,,,
1762,798,1,226,3,5580,,,-3,,,,,,1660,0,,,,,,,
1763,798,1,307,6,5580,,,-3,,,,,,1661,0,,,,,,,
1764,798,1,431,6,5580,,,-3,,,,,,1662,0,,,,,,,
1765,798,1,6,9,5580,,,-3,,,,,,1663,0,,,,,,,
1766,799,1,40,12,5580,,,-3,,,,,,1664,0,,,,,,,
1767,799,1,21,6,5580,,,-3,,,,,,1665,0,,,,,,,
1768,800,1,261,9,5580,,,-3,,,,,,1666,0,,,,,,,
1769,800,1,153,2,5580,,,-3,,,,,,1667,0,,,,,,,
1770,801,1,93,3,5580,,,-3,,,,,,1668,0,,,,,,,
1771,801,1,4,8,5580,,,-3,,,,,,1669,0,,,,,,,
1772,801,1,12,4,5580,,,-3,,,,,,1670,0,,,,,,,
1773,801,1,37,10,5580,,,-3,,,,,,1671,0,,,,,,,
1774,802,1,20,5,5640,,,-3,,,,,,1672,0,,,,,,,
1775,802,1,12,9,5640,,,-3,,,,,,1673,0,,,,,,,
1776,803,1,247,7,5640,,,-3,,,,,,1674,0,,,,,,,
1777,803,1,39,8,5640,,,-3,,,,,,1675,0,,,,,,,
1778,803,1,12,7,5640,,,-3,,,,,,1676,0,,,,,,,
1779,803,1,8,6,5640,,,-3,,,,,,1677,0,,,,,,,
1780,803,1,62,3,5640,,,-3,,,,,,1678,0,,,,,,,
1781,803,1,0,8,5640,,,-3,,,,,,1679,0,,,,,,,
1782,803,1,395,6,5640,,,-3,,,,,,1680,0,,,,,,,
1783,803,1,84,3,5640,,,-3,,,,,,1681,0,,,,,,,
1784,804,1,42,12,5640,,,-3,,,,,,1682,0,,,,,,,
1785,804,1,11,8,5640,,,-3,,,,,,1683,0,,,,,,,
1786,804,1,28,5,5640,,,-3,,,,,,1684,0,,,,,,,
1787,805,1,166,6,5640,,,-3,,,,,,1685,0,,,,,,,
1788,805,1,14,8,5640,,,-3,,,,,,1686,0,,,,,,,
1789,805,1,58,8,5640,,,-3,,,,,,1687,0,,,,,,,
1790,805,1,107,6,5640,,,-3,,,,,,1688,0,,,,,,,
1791,805,1,3,6,5640,,,-3,,,,,,1689,0,,,,,,,
1792,806,1,100,7,5640,,,-3,,,,,,1690,0,,,,,,,
1793,806,1,70,4,5640,,,-3,,,,,,1691,0,,,,,,,
1794,807,1,51,8,5640,,,-3,,,,,,1692,0,,,,,,,
1795,808,1,62,1,5640,,,-3,,,,,,1693,0,,,,,,,
1796,808,1,242,8,5640,,,-3,,,,,,1694,0,,,,,,,
1797,808,1,66,4,5640,,,-3,,,,,,1695,0,,,,,,,
1798,809,1,30,2,5640,,,-3,,,,,,1696,0,,,,,,,
1799,810,1,31,2,5640,,,-3,,,,,,1697,0,,,,,,,
1800,810,1,5,6,5640,,,-3,,,,,,1698,0,,,,,,,
1801,810,1,386,1,5640,,,-3,,,,,,1699,0,,,,,,,
1802,810,1,52,6,5640,,,-3,,,,,,1700,0,,,,,,,
1803,811,1,44,2,5640,,,-3,,,,,,1701,0,,,,,,,
1804,811,1,15,6,5640,,,-3,,,,,,1702,0,,,,,,,
1805,811,1,21,2,5640,,,-3,,,,,,1703,0,,,,,,,
1806,811,1,41,1,5640,,,-3,,,,,,1704,0,,,,,,,
1807,811,1,13,3,5640,,,-3,,,,,,1705,0,,,,,,,
1808,812,1,30,8,5640,,,-3,,,,,,1706,0,,,,,,,
1809,812,1,53,6,5640,,,-3,,,,,,1707,0,,,,,,,
1810,813,1,182,8,5640,,,-3,,,,,,1708,0,,,,,,,
1811,814,1,170,1,5700,,,-3,,,,,,1709,0,,,,,,,
1812,814,1,114,5,5700,,,-3,,,,,,1710,0,,,,,,,
1813,815,1,17,10,5700,,,-3,,,,,,1711,0,,,,,,,
1814,816,1,1,7,5700,,,-3,,,,,,1712,0,,,,,,,
1815,817,1,57,8,5700,,,-3,,,,,,1713,0,,,,,,,
1816,818,1,17,8,5700,,,-3,,,,,,1714,0,,,,,,,
1817,819,1,35,8,5700,,,-3,,,,,,1715,0,,,,,,,
1818,820,1,34,5,5700,,,-3,,,,,,1716,0,,,,,,,
1819,821,1,53,2,5700,,,-3,,,,,,1717,0,,,,,,,
1820,821,1,403,3,5700,,,-3,,,,,,1718,0,,,,,,,
1821,821,1,115,6,5700,,,-3,,,,,,1719,0,,,,,,,
1822,822,1,3,6,5700,,,-3,,,,,,1720,0,,,,,,,
1823,823,1,34,5,5700,,,-3,,,,,,1721,0,,,,,,,
1824,823,1,5,6,5700,,,-3,,,,,,1722,0,,,,,,,
1825,823,1,6,6,5700,,,-3,,,,,,1723,0,,,,,,,
1826,823,1,9,6,5700,,,-3,,,,,,1724,0,,,,,,,
1827,824,1,37,6,5760,,,-3,,,,,,1725,0,,,,,,,
1828,824,1,67,8,5760,,,-3,,,,,,1726,0,,,,,,,
1829,824,1,16,6,5760,,,-3,,,,,,1727,0,,,,,,,
1830,825,1,311,4,5760,,,-3,,,,,,1728,0,,,,,,,
1831,825,1,383,6,5760,,,-3,,,,,,1729,0,,,,,,,
1832,826,1,120,10,5760,,,-3,,,,,,1730,0,,,,,,,
1833,827,1,130,10,5760,,,-3,,,,,,1731,0,,,,,,,
1834,827,1,46,6,5760,,,-3,,,,,,1732,0,,,,,,,
1835,827,1,29,6,5760,,,-3,,,,,,1733,0,,,,,,,
1836,828,1,244,10,5760,,,-3,,,,,,1734,0,,,,,,,
1837,828,1,105,6,5760,,,-3,,,,,,1735,0,,,,,,,
1838,829,1,20,6,5760,,,-3,,,,,,1736,0,,,,,,,
1839,830,1,108,10,5760,,,-3,,,,,,1737,0,,,,,,,
1840,830,1,32,5,5760,,,-3,,,,,,1738,0,,,,,,,
1841,831,1,231,8,5760,,,-3,,,,,,1739,0,,,,,,,
1842,832,1,6,4,5760,,,-3,,,,,,1740,0,,,,,,,
1843,832,1,326,2,5760,,,-3,,,,,,1741,0,,,,,,,
1844,832,1,89,7,5760,,,-3,,,,,,1742,0,,,,,,,
1845,832,1,0,7,5760,,,-3,,,,,,1743,0,,,,,,,
1846,832,1,39,8,5760,,,-3,,,,,,1744,0,,,,,,,
1847,832,1,5,3,5760,,,-3,,,,,,1745,0,,,,,,,
1848,832,1,4,3,5760,,,-3,,,,,,1746,0,,,,,,,
1849,833,1,281,8,5820,,,-3,,,,,,1747,0,,,,,,,
1850,833,1,42,7,5820,,,-3,,,,,,1748,0,,,,,,,
1851,834,1,158,4,5820,,,-3,,,,,,1749,0,,,,,,,
1852,834,1,46,7,5820,,,-3,,,,,,1750,0,,,,,,,
1853,835,1,65,8,5820,,,-3,,,,,,1751,0,,,,,,,
1854,835,1,111,7,5820,,,-3,,,,,,1752,0,,,,,,,
1855,835,1,4,7,5820,,,-3,,,,,,1753,0,,,,,,,
1856,835,1,39,10,5820,,,-3,,,,,,1754,0,,,,,,,
1857,835,1,85,6,5820,,,-3,,,,,,1755,0,,,,,,,
1858,836,1,249,7,5820,,,-3,,,,,,1756,0,,,,,,,
1859,836,1,0,2,5820,,,-3,,,,,,1757,0,,,,,,,
1860,836,1,36,9,5820,,,-3,,,,,,1758,0,,,,,,,
1861,837,1,123,4,5820,,,-3,,,,,,1759,0,,,,,,,
1862,838,1,410,12,5880,,,-3,,,,,,1760,0,,,,,,,
1863,839,1,80,6,5880,,,-3,,,,,,1761,0,,,,,,,
1864,840,1,9,2,5880,,,-3,,,,,,1762,0,,,,,,,
1865,841,1,3,5,5880,,,-3,,,,,,1763,0,,,,,,,
1866,842,1,311,6,5880,,,-3,,,,,,1764,0,,,,,,,
1867,843,1,302,8,5880,,,-3,,,,,,1765,0,,,,,,,
1868,844,1,101,12,5880,,,-3,,,,,,1766,0,,,,,,,
1869,844,1,82,4,5880,,,-3,,,,,,1767,0,,,,,,,
1870,845,1,352,10,5880,,,-3,,,,,,1768,0,,,,,,,
1871,846,1,34,11,5940,,,-3,,,,,,1769,0,,,,,,,
1872,847,1,0,10,5940,,,-3,,,,,,1770,0,,,,,,,
1873,847,1,5,9,5940,,,-3,,,,,,1771,0,,,,,,,
1874,847,1,34,10,5940,,,-3,,,,,,1772,0,,,,,,,
1875,848,1,480,1,5940,,,-3,,,,,,1773,0,,,,,,,
1876,848,1,53,9,5940,,,-3,,,,,,1774,0,,,,,,,
1877,849,1,26,5,5940,,,-3,,,,,,1775,0,,,,,,,
1878,849,1,441,10,5940,,,-3,,,,,,1776,0,,,,,,,
1879,849,1,121,8,5940,,,-3,,,,,,1777,0,,,,,,,
1880,850,1,25,8,5940,,,-3,,,,,,1778,0,,,,,,,
1881,850,1,184,4,5940,,,-3,,,,,,1779,0,,,,,,,
1882,851,1,14,6,5940,,,-3,,,,,,1780,0,,,,,,,
1883,851,1,169,8,5940,,,-3,,,,,,1781,0,,,,,,,
1884,851,1,34,12,5940,,,-3,,,,,,1782,0,,,,,,,
1885,851,1,27,4,5940,,,-3,,,,,,1783,0,,,,,,,
1886,851,1,12,11,5940,,,-3,,,,,,1784,0,,,,,,,
1887,852,1,34,1,5940,,,-3,,,,,,1785,0,,,,,,,
1888,852,1,402,8,5940,,,-3,,,,,,1786,0,,,,,,,
1889,853,1,7,7,6000,,,-3,,,,,,1787,0,,,,,,,
1890,853,1,5,10,6000,,,-3,,,,,,1788,0,,,,,,,
1891,854,1,82,8,6000,,,-3,,,,,,1789,0,,,,,,,
1892,855,1,338,3,6000,,,-3,,,,,,1790,0,,,,,,,
1893,856,1,11,2,6000,,,-3,,,,,,1791,0,,,,,,,
1894,856,1,162,9,6000,,,-3,,,,,,1792,0,,,,,,,
1895,857,1,370,6,6000,,,-3,,,,,,1793,0,,,,,,,
1896,858,1,261,8,6000,,,-3,,,,,,1794,0,,,,,,,
1897,859,1,327,3,6000,,,-3,,,,,,1795,0,,,,,,,
1898,860,1,36,1,6000,,,-3,,,,,,1796,0,,,,,,,
1899,860,1,101,4,6000,,,-3,,,,,,1797,0,,,,,,,
1900,861,1,213,6,6000,,,-3,,,,,,1798,0,,,,,,,
1901,862,1,178,8,6000,,,-3,,,,,,1799,0,,,,,,,
1902,862,1,193,6,6000,,,-3,,,,,,1800,0,,,,,,,
1903,863,1,262,1,6000,,,-3,,,,,,1801,0,,,,,,,
1904,864,1,122,6,6060,,,-3,,,,,,1802,0,,,,,,,
1905,864,1,177,2,6060,,,-3,,,,,,1803,0,,,,,,,
1906,865,1,1,8,6060,,,-3,,,,,,1804,0,,,,,,,
1907,865,1,383,7,6060,,,-3,,,,,,1805,0,,,,,,,
1908,866,1,28,4,6060,,,-3,,,,,,1806,0,,,,,,,
1909,866,1,25,8,6060,,,-3,,,,,,1807,0,,,,,,,
1910,867,1,205,8,6060,,,-3,,,,,,1808,0,,,,,,,
1911,867,1,385,6,6060,,,-3,,,,,,1809,0,,,,,,,
1912,868,1,53,4,6060,,,-3,,,,,,1810,0,,,,,,,
1913,869,1,26,2,6120,,,-3,,,,,,1811,0,,,,,,,
1914,870,1,22,5,6120,,,-3,,,,,,1812,0,,,,,,,
1915,870,1,3,6,6120,,,-3,,,,,,1813,0,,,,,,,
1916,871,1,36,6,6120,,,-3,,,,,,1814,0,,,,,,,
1917,871,1,211,4,6120,,,-3,,,,,,1815,0,,,,,,,
1918,872,1,7,2,6120,,,-3,,,,,,1816,0,,,,,,,
1919,873,1,4,9,6120,,,-3,,,,,,1817,0,,,,,,,
1920,873,1,241,8,6120,,,-3,,,,,,1818,0,,,,,,,
1921,874,1,167,6,6120,,,-3,,,,,,1819,0,,,,,,,
1922,874,1,364,3,6120,,,-3,,,,,,1820,0,,,,,,,
1923,875,1,4,8,6120,,,-3,,,,,,1821,0,,,,,,,
1924,875,1,89,9,6120,,,-3,,,,,,1822,0,,,,,,,
1925,875,1,52,8,6120,,,-3,,,,,,1823,0,,,,,,,
1926,875,1,8,7,6120,,,-3,,,,,,1824,0,,,,,,,
1927,876,1,296,5,6120,,,-3,,,,,,1825,0,,,,,,,
1928,876,1,49,4,6120,,,-3,,,,,,1826,0,,,,,,,
1929,876,1,76,5,6120,,,-3,,,,,,1827,0,,,,,,,
1930,876,1,33,4,6120,,,-3,,,,,,1828,0,,,,,,,
1931,877,1,190,7,6120,,,-3,,,,,,1829,0,,,,,,,
1932,877,1,25,4,6120,,,-3,,,,,,1830,0,,,,,,,
1933,877,1,32,6,6120,,,-3,,,,,,1831,0,,,,,,,
1934,877,1,279,8,6120,,,-3,,,,,,1832,0,,,,,,,
1935,878,1,1,10,6180,,,-3,,,,,,1833,0,,,,,,,
1936,879,1,4,8,6180,,,-3,,,,,,1834,0,,,,,,,
1937,879,1,47,8,6180,,,-3,,,,,,1835,0,,,,,,,
1938,880,1,144,6,6180,,,-3,,,,,,1836,0,,,,,,,
1939,881,1,281,5,6180,,,-3,,,,,,1837,0,,,,,,,
1940,882,1,7,8,6180,,,-3,,,,,,1838,0,,,,,,,
1941,882,1,257,6,6180,,,-3,,,,,,1839,0,,,,,,,
1942,883,1,225,12,6180,,,-3,,,,,,1840,0,,,,,,,
1943,884,1,4,8,6180,,,-3,,,,,,1841,0,,,,,,,
1944,884,1,120,4,6180,,,-3,,,,,,1842,0,,,,,,,
1945,884,1,375,8,6180,,,-3,,,,,,1843,0,,,,,,,
1946,884,1,353,4,6180,,,-3,,,,,,1844,0,,,,,,,
1947,884,1,319,3,6180,,,-3,,,,,,1845,0,,,,,,,
1948,885,1,49,4,6180,,,-3,,,,,,1846,0,,,,,,,
1949,886,1,205,5,6240,,,-3,,,,,,1847,0,,,,,,,
1950,887,1,136,9,6240,,,-3,,,,,,1848,0,,,,,,,
1951,888,1,378,10,6240,,,-3,,,,,,1849,0,,,,,,,
1952,889,1,37,4,6300,,,-3,,,,,,1850,0,,,,,,,
1953,889,1,120,8,6300,,,-3,,,,,,1851,0,,,,,,,
1954,890,1,85,9,6300,,,-3,,,,,,1852,0,,,,,,,
1955,891,1,143,3,6300,,,-3,,,,,,1853,0,,,,,,,
1956,891,1,39,5,6300,,,-3,,,,,,1854,0,,,,,,,
1957,892,1,41,3,6300,,,-3,,,,,,1855,0,,,,,,,
1958,892,1,126,12,6300,,,-3,,,,,,1856,0,,,,,,,
1959,893,1,106,2,6300,,,-3,,,,,,1857,0,,,,,,,
1960,894,1,174,6,6300,,,-3,,,,,,1858,0,,,,,,,
1961,895,1,24,2,6300,,,-3,,,,,,1859,0,,,,,,,
1962,896,1,0,7,6300,,,-3,,,,,,1860,0,,,,,,,
1963,897,1,1,10,6360,,,-3,,,,,,1861,0,,,,,,,
1964,897,1,109,4,6360,,,-3,,,,,,1862,0,,,,,,,
1965,897,1,8,10,6360,,,-3,,,,,,1863,0,,,,,,,
1966,897,1,22,5,6360,,,-3,,,,,,1864,0,,,,,,,
1967,897,1,78,11,6360,,,-3,,,,,,1865,0,,,,,,,
1968,898,1,0,6,6360,,,-3,,,,,,1866,0,,,,,,,
1969,898,1,13,2,6360,,,-3,,,,,,1867,0,,,,,,,
1970,898,1,54,8,6360,,,-3,,,,,,1868,0,,,,,,,
1971,899,1,231,4,6360,,,-3,,,,,,1869,0,,,,,,,
1972,899,1,11,4,6360,,,-3,,,,,,1870,0,,,,,,,
1973,899,1,76,5,6360,,,-3,,,,,,1871,0,,,,,,,
1974,899,1,139,5,6360,,,-3,,,,,,1872,0,,,,,,,
1975,899,1,184,9,6360,,,-3,,,,,,1873,0,,,,,,,
1976,900,1,45,1,6360,,,-3,,,,,,1874,0,,,,,,,
1977,901,1,480,2,6360,,,-3,,,,,,1875,0,,,,,,,
1978,902,1,20,5,6420,,,-3,,,,,,1876,0,,,,,,,
1979,903,1,39,6,6420,,,-3,,,,,,1877,0,,,,,,,
1980,904,1,26,10,6420,,,-3,,,,,,1878,0,,,,,,,
1981,905,1,384,10,6420,,,-3,,,,,,1879,0,,,,,,,
1982,905,1,9,7,6420,,,-3,,,,,,1880,0,,,,,,,
1983,905,1,47,11,6420,,,-3,,,,,,1881,0,,,,,,,
1984,905,1,149,2,6420,,,-3,,,,,,1882,0,,,,,,,
1985,905,1,237,5,6420,,,-3,,,,,,1883,0,,,,,,,
1986,906,1,450,6,6420,,,-3,,,,,,1884,0,,,,,,,
1987,906,1,300,5,6420,,,-3,,,,,,1885,0,,,,,,,
1988,906,1,4,2,6420,,,-3,,,,,,1886,0,,,,,,,
1989,907,1,8,9,6420,,,-3,,,,,,1887,0,,,,,,,
1990,908,1,200,4,6480,,,-3,,,,,,1888,0,,,,,,,
1991,908,1,0,10,6480,,,-3,,,,,,1889,0,,,,,,,
1992,908,1,21,3,6480,,,-3,,,,,,1890,0,,,,,,,
1993,909,1,130,5,6480,,,-3,,,,,,1891,0,,,,,,,
1994,909,1,61,6,6480,,,-3,,,,,,1892,0,,,,,,,
1995,910,1,70,11,6480,,,-3,,,,,,1893,0,,,,,,,
1996,911,1,61,7,6480,,,-3,,,,,,1894,0,,,,,,,
1997,912,1,22,10,6480,,,-3,,,,,,1895,0,,,,,,,
1998,913,1,1,4,6480,,,-3,,,,,,1896,0,,,,,,,
1999,913,1,212,6,6480,,,-3,,,,,,1897,0,,,,,,,
2000,913,1,13,5,6480,,,-3,,,,,,1898,0,,,,,,,
2001,913,1,9,4,6480,,,-3,,,,,,1899,0,,,,,,,
2002,913,1,75,3,6480,,,-3,,,,,,1900,0,,,,,,,
2003,913,1,44,12,6480,,,-3,,,,,,1901,0,,,,,,,
2004,914,1,152,4,6480,,,-3,,,,,,1902,0,,,,,,,
2005,914,1,289,4,6480,,,-3,,,,,,1903,0,,,,,,,
2006,915,1,13,6,6480,,,-3,,,,,,1904,0,,,,,,,
2007,915,1,0,8,6480,,,-3,,,,,,1905,0,,,,,,,
2008,915,1,43,12,6480,,,-3,,,,,,1906,0,,,,,,,
2009,915,1,1,8,6480,,,-3,,,,,,1907,0,,,,,,,
2010,915,1,44,8,6480,,,-3,,,,,,1908,0,,,,,,,
2011,915,1,177,7,6480,,,-3,,,,,,1909,0,,,,,,,
2012,916,1,378,6,6480,,,-3,,,,,,1910,0,,,,,,,
2013,917,1,190,6,6540,,,-3,,,,,,1911,0,,,,,,,
2014,917,1,40,7,6540,,,-3,,,,,,1912,0,,,,,,,
2015,918,1,342,9,6540,,,-3,,,,,,1913,0,,,,,,,
2016,919,1,181,4,6540,,,-3,,,,,,1914,0,,,,,,,
2017,920,1,40,3,6540,,,-3,,,,,,1915,0,,,,,,,
2018,920,1,141,12,6540,,,-3,,,,,,1916,0,,,,,,,
2019,921,1,54,4,6540,,,-3,,,,,,1917,0,,,,,,,
2020,922,1,92,7,6540,,,-3,,,,,,1918,0,,,,,,,
2021,922,1,325,4,6540,,,-3,,,,,,1919,0,,,,,,,
2022,923,1,6,8,6600,,,-3,,,,,,1920,0,,,,,,,
2023,924,1,5,6,6600,,,-3,,,,,,1921,0,,,,,,,
2024,925,1,38,8,6600,,,-3,,,,,,1922,0,,,,,,,
2025,925,1,132,7,6600,,,-3,,,,,,1923,0,,,,,,,
2026,925,1,10,11,6600,,,-3,,,,,,1924,0,,,,,,,
2027,925,1,113,6,6600,,,-3,,,,,,1925,0,,,,,,,
2028,926,1,266,6,6600,,,-3,,,,,,1926,0,,,,,,,
2029,927,1,70,2,6600,,,-3,,,,,,1927,0,,,,,,,
2030,928,1,152,7,6600,,,-3,,,,,,1928,0,,,,,,,
2031,929,1,480,8,6600,,,-3,,,,,,1929,0,,,,,,,
2032,930,1,191,8,6600,,,-3,,,,,,1930,0,,,,,,,
2033,931,1,22,2,6660,,,-3,,,,,,1931,0,,,,,,,
2034,931,1,24,9,6660,,,-3,,,,,,1932,0,,,,,,,
2035,931,1,45,2,6660,,,-3,,,,,,1933,0,,,,,,,
2036,931,1,37,6,6660,,,-3,,,,,,1934,0,,,,,,,
2037,932,1,192,10,6660,,,-3,,,,,,1935,0,,,,,,,
2038,932,1,12,3,6660,,,-3,,,,,,1936,0,,,,,,,
2039,933,1,20,7,6660,,,-3,,,,,,1937,0,,,,,,,
2040,933,1,113,11,6660,,,-3,,,,,,1938,0,,,,,,,
2041,933,1,444,7,6660,,,-3,,,,,,1939,0,,,,,,,
2042,934,1,26,6,6660,,,-3,,,,,,1940,0,,,,,,,
2043,935,1,1,3,6660,,,-3,,,,,,1941,0,,,,,,,
2044,936,1,127,8,6660,,,-3,,,,,,1942,0,,,,,,,
2045,936,1,166,6,6660,,,-3,,,,,,1943,0,,,,,,,
2046,937,1,16,7,6660,,,-3,,,,,,1944,0,,,,,,,
2047,938,1,260,10,6660,,,-3,,,,,,1945,0,,,,,,,
2048,938,1,494,6,6660,,,-3,,,,,,1946,0,,,,,,,
2049,939,1,11,8,6720,,,-3,,,,,,1947,0,,,,,,,
2050,939,1,141,6,6720,,,-3,,,,,,1948,0,,,,,,,
2051,940,1,20,1,6720,,,-3,,,,,,1949,0,,,,,,,
2052,940,1,18,3,6720,,,-3,,,,,,1950,0,,,,,,,
2053,940,1,317,8,6720,,,-3,,,,,,1951,0,,,,,,,
2054,941,1,24,4,6720,,,-3,,,,,,1952,0,,,,,,,
2055,941,1,26,8,6720,,,-3,,,,,,1953,0,,,,,,,
2056,942,1,5,4,6720,,,-3,,,,,,1954,0,,,,,,,
2057,942,1,4,7,6720,,,-3,,,,,,1955,0,,,,,,,
2058,942,1,60,10,6720,,,-3,,,,,,1956,0,,,,,,,
2059,943,1,235,6,6720,,,-3,,,,,,1957,0,,,,,,,
2060,944,1,8,3,6720,,,-3,,,,,,1958,0,,,,,,,
2061,944,1,432,8,6720,,,-3,,,,,,1959,0,,,,,,,
2062,944,1,205,9,6720,,,-3,,,,,,1960,0,,,,,,,
2063,944,1,212,8,6720,,,-3,,,,,,1961,0,,,,,,,
2064,945,1,128,6,6720,,,-3,,,,,,1962,0,,,,,,,
2065,945,1,229,5,6720,,,-3,,,,,,1963,0,,,,,,,
2066,945,1,40,10,6720,,,-3,,,,,,1964,0,,,,,,,
2067,945,1,432,6,6720,,,-3,,,,,,1965,0,,,,,,,
2068,946,1,117,2,6720,,,-3,,,,,,1966,0,,,,,,,
2069,946,1,143,5,6720,,,-3,,,,,,1967,0,,,,,,,
2070,947,1,94,3,6780,,,-3,,,,,,1968,0,,,,,,,
2071,948,1,27,9,6780,,,-3,,,,,,1969,0,,,,,,,
2072,948,1,28,9,6780,,,-3,,,,,,1970,0,,,,,,,
2073,948,1,18,10,6780,,,-3,,,,,,1971,0,,,,,,,
2074,949,1,3,9,6780,,,-3,,,,,,1972,0,,,,,,,
2075,950,1,198,4,6780,,,-3,,,,,,1973,0,,,,,,,
2076,951,1,7,2,6780,,,-3,,,,,,1974,0,,,,,,,
2077,952,1,329,11,6780,,,-3,,,,,,1975,0,,,,,,,
2078,953,1,124,6,6780,,,-3,,,,,,1976,0,,,,,,,
2079,953,1,5,7,6780,,,-3,,,,,,1977,0,,,,,,,
2080,953,1,441,9,6780,,,-3,,,,,,1978,0,,,,,,,
2081,954,1,110,10,6780,,,-3,,,,,,1979,0,,,,,,,
2082,954,1,6,9,6780,,,-3,,,,,,1980,0,,,,,,,
2083,955,1,1,7,6780,,,-3,,,,,,1981,0,,,,,,,
2084,956,1,40,2,6780,,,-3,,,,,,1982,0,,,,,,,
2085,957,1,205,6,6780,,,-3,,,,,,1983,0,,,,,,,
2086,957,1,152,8,6780,,,-3,,,,,,1984,0,,,,,,,
2087,957,1,66,4,6780,,,-3,,,,,,1985,0,,,,,,,
2088,957,1,4,6,6780,,,-3,,,,,,1986,0,,,,,,,
2089,958,1,322,7,6780,,,-3,,,,,,1987,0,,,,,,,
2090,959,1,338,8,6780,,,-3,,,,,,1988,0,,,,,,,
2091,959,1,1,9,6780,,,-3,,,,,,1989,0,,,,,,,
2092,959,1,72,5,6780,,,-3,,,,,,1990,0,,,,,,,
2093,960,1,178,6,6780,,,-3,,,,,,1991,0,,,,,,,
2094,960,1,134,4,6780,,,-3,,,,,,1992,0,,,,,,,
2095,960,1,126,4,6780,,,-3,,,,,,1993,0,,,,,,,
2096,961,1,144,6,6840,,,-3,,,,,,1994,0,,,,,,,
2097,962,1,160,9,6840,,,-3,,,,,,1995,0,,,,,,,
2098,962,1,336,9,6840,,,-3,,,,,,1996,0,,,,,,,
2099,963,1,99,8,6840,,,-3,,,,,,1997,0,,,,,,,
2100,964,1,12,4,6840,,,-3,,,,,,1998,0,,,,,,,
2101,964,1,49,3,6840,,,-3,,,,,,1999,0,,,,,,,
2102,965,1,28,8,6840,,,-3,,,,,,2000,0,,,,,,,
2103,965,1,78,4,6840,,,-3,,,,,,2001,0,,,,,,,
2104,966,1,146,5,6840,,,-3,,,,,,2002,0,,,,,,,
2105,967,1,13,8,6840,,,-3,,,,,,2003,0,,,,,,,
2106,967,1,42,6,6840,,,-3,,,,,,2004,0,,,,,,,
2107,968,1,133,5,6840,,,-3,,,,,,2005,0,,,,,,,
2108,969,1,6,8,6900,,,-3,,,,,,2006,0,,,,,,,
2109,970,1,18,4,6900,,,-3,,,,,,2007,0,,,,,,,
2110,970,1,115,11,6900,,,-3,,,,,,2008,0,,,,,,,
2111,971,1,17,11,6900,,,-3,,,,,,2009,0,,,,,,,
2112,972,1,47,9,6900,,,-3,,,,,,2010,0,,,,,,,
2113,973,1,205,4,6900,,,-3,,,,,,2011,0,,,,,,,
2114,974,1,4,7,6900,,,-3,,,,,,2012,0,,,,,,,
2115,975,1,117,10,6900,,,-3,,,,,,2013,0,,,,,,,
2116,975,1,333,8,6900,,,-3,,,,,,2014,0,,,,,,,
2117,975,1,24,12,6900,,,-3,,,,,,2015,0,,,,,,,
2118,976,1,47,5,6900,,,-3,,,,,,2016,0,,,,,,,
2119,976,1,49,10,6900,,,-3,,,,,,2017,0,,,,,,,
2120,976,1,14,4,6900,,,-3,,,,,,2018,0,,,,,,,
2121,976,1,16,10,6900,,,-3,,,,,,2019,0,,,,,,,
2122,977,1,18,8,6900,,,-3,,,,,,2020,0,,,,,,,
2123,977,1,31,8,6900,,,-3,,,,,,2021,0,,,,,,,
2124,978,1,4,10,6900,,,-3,,,,,,2022,0,,,,,,,
2125,978,1,8,10,6900,,,-3,,,,,,2023,0,,,,,,,
2126,979,1,4,10,6900,,,-3,,,,,,2024,0,,,,,,,
2127,979,1,79,6,6900,,,-3,,,,,,2025,0,,,,,,,
2128,979,1,118,4,6900,,,-3,,,,,,2026,0,,,,,,,
2129,979,1,48,3,6900,,,-3,,,,,,2027,0,,,,,,,
2130,980,1,334,4,6960,,,-3,,,,,,2028,0,,,,,,,
2131,980,1,48,6,6960,,,-3,,,,,,2029,0,,,,,,,
2132,980,1,14,5,6960,,,-3,,,,,,2030,0,,,,,,,
2133,981,1,171,8,6960,,,-3,,,,,,2031,0,,,,,,,
2134,982,1,36,6,6960,,,-3,,,,,,2032,0,,,,,,,
2135,983,1,18,2,6960,,,-3,,,,,,2033,0,,,,,,,
2136,983,1,157,2,6960,,,-3,,,,,,2034,0,,,,,,,
2137,983,1,5,11,6960,,,-3,,,,,,2035,0,,,,,,,
2138,984,1,479,10,6960,,,-3,,,,,,2036,0,,,,,,,
2139,984,1,42,5,6960,,,-3,,,,,,2037,0,,,,,,,
2140,985,1,68,6,6960,,,-3,,,,,,2038,0,,,,,,,
2141,985,1,132,8,6960,,,-3,,,,,,2039,0,,,,,,,
2142,985,1,257,8,6960,,,-3,,,,,,2040,0,,,,,,,
2143,985,1,48,9,6960,,,-3,,,,,,2041,0,,,,,,,
2144,985,1,19,6,6960,,,-3,,,,,,2042,0,,,,,,,
2145,985,1,31,5,6960,,,-3,,,,,,2043,0,,,,,,,
2146,986,1,37,8,6960,,,-3,,,,,,2044,0,,,,,,,
2147,986,1,20,12,6960,,,-3,,,,,,2045,0,,,,,,,
2148,986,1,9,2,6960,,,-3,,,,,,2046,0,,,,,,,
2149,987,1,301,4,6960,,,-3,,,,,,2047,0,,,,,,,
2150,988,1,37,3,6960,,,-3,,,,,,2048,0,,,,,,,
2151,988,1,255,5,6960,,,-3,,,,,,2049,0,,,,,,,
2152,988,1,148,7,6960,,,-3,,,,,,2050,0,,,,,,,
2153,989,1,70,3,6960,,,-3,,,,,,2051,0,,,,,,,
2154,990,1,1,10,6960,,,-3,,,,,,2052,0,,,,,,,
2155,991,1,41,6,6960,,,-3,,,,,,2053,0,,,,,,,
2156,992,1,53,3,6960,,,-3,,,,,,2054,0,,,,,,,
2157,993,1,34,5,6960,,,-3,,,,,,2055,0,,,,,,,
2158,993,1,193,10,6960,,,-3,,,,,,2056,0,,,,,,,
2159,994,1,86,5,6960,,,-3,,,,,,2057,0,,,,,,,
2160,995,1,52,10,6960,,,-3,,,,,,2058,0,,,,,,,
2161,996,1,29,3,6960,,,-3,,,,,,2059,0,,,,,,,
2162,996,1,35,9,6960,,,-3,,,,,,2060,0,,,,,,,
2163,997,1,421,6,6960,,,-3,,,,,,2061,0,,,,,,,
2164,998,1,265,5,7020,,,-3,,,,,,2062,0,,,,,,,
2165,998,1,21,2,7020,,,-3,,,,,,2063,0,,,,,,,
2166,998,1,31,5,7020,,,-3,,,,,,2064,0,,,,,,,
2167,998,1,47,10,7020,,,-3,,,,,,2065,0,,,,,,,
2168,999,1,7,6,7020,,,-3,,,,,,2066,0,,,,,,,
2169,1000,1,135,6,7020,,,-3,,,,,,2067,0,,,,,,,
2170,1001,1,32,4,7020,,,-3,,,,,,2068,0,,,,,,,
2171,1002,1,0,7,7020,,,-3,,,,,,2069,0,,,,,,,
2172,1002,1,55,9,7020,,,-3,,,,,,2070,0,,,,,,,
2173,1003,1,45,4,7020,,,-3,,,,,,2071,0,,,,,,,
2174,1004,1,73,5,7020,,,-3,,,,,,2072,0,,,,,,,
2175,1004,1,15,4,7020,,,-3,,,,,,2073,0,,,,,,,
2176,1004,1,35,11,7020,,,-3,,,,,,2074,0,,,,,,,
2177,1004,1,263,3,7020,,,-3,,,,,,2075,0,,,,,,,
2178,1004,1,161,12,7020,,,-3,,,,,,2076,0,,,,,,,
2179,1005,1,60,8,7020,,,-3,,,,,,2077,0,,,,,,,
2180,1006,1,29,10,7020,,,-3,,,,,,2078,0,,,,,,,
2181,1007,1,386,9,7020,,,-3,,,,,,2079,0,,,,,,,
2182,1008,1,6,10,7020,,,-3,,,,,,2080,0,,,,,,,
2183,1009,1,31,8,7020,,,-3,,,,,,2081,0,,,,,,,
2184,1009,1,78,6,7020,,,-3,,,,,,2082,0,,,,,,,
2185,1009,1,8,7,7020,,,-3,,,,,,2083,0,,,,,,,
2186,1010,1,11,7,7020,,,-3,,,,,,2084,0,,,,,,,
2187,1011,1,9,8,7080,,,-3,,,,,,2085,0,,,,,,,
2188,1011,1,435,12,7080,,,-3,,,,,,2086,0,,,,,,,
2189,1011,1,3,5,7080,,,-3,,,,,,2087,0,,,,,,,
2190,1012,1,8,4,7080,,,-3,,,,,,2088,0,,,,,,,
2191,1012,1,440,4,7080,,,-3,,,,,,2089,0,,,,,,,
2192,1013,1,110,1,7080,,,-3,,,,,,2090,0,,,,,,,
2193,1013,1,322,2,7080,,,-3,,,,,,2091,0,,,,,,,
2194,1013,1,10,8,7080,,,-3,,,,,,2092,0,,,,,,,
2195,1013,1,2,11,7080,,,-3,,,,,,2093,0,,,,,,,
2196,1013,1,28,10,7080,,,-3,,,,,,2094,0,,,,,,,
2197,1014,1,348,8,7080,,,-3,,,,,,2095,0,,,,,,,
2198,1015,1,494,10,7080,,,-3,,,,,,2096,0,,,,,,,
2199,1016,1,26,2,7080,,,-3,,,,,,2097,0,,,,,,,
2200,1017,1,75,6,7080,,,-3,,,,,,2098,0,,,,,,,
2201,1017,1,8,2,7080,,,-3,,,,,,2099,0,,,,,,,
2202,1017,1,439,8,7080,,,-3,,,,,,2100,0,,,,,,,
2203,1018,1,1,2,7080,,,-3,,,,,,2101,0,,,,,,,
2204,1019,1,319,4,7080,,,-3,,,,,,2102,0,,,,,,,
2205,1019,1,145,2,7080,,,-3,,,,,,2103,0,,,,,,,
2206,1019,1,10,5,7080,,,-3,,,,,,2104,0,,,,,,,
2207,1019,1,18,10,7080,,,-3,,,,,,2105,0,,,,,,,
2208,1019,1,372,12,7080,,,-3,,,,,,2106,0,,,,,,,
2209,1019,1,11,8,7080,,,-3,,,,,,2107,0,,,,,,,
2210,1019,1,58,2,7080,,,-3,,,,,,2108,0,,,,,,,
2211,1019,1,418,8,7080,,,-3,,,,,,2109,0,,,,,,,
2212,1020,1,38,8,7140,,,-3,,,,,,2110,0,,,,,,,
2213,1020,1,159,4,7140,,,-3,,,,,,2111,0,,,,,,,
2214,1020,1,3,5,7140,,,-3,,,,,,2112,0,,,,,,,
2215,1021,1,476,6,7140,,,-3,,,,,,2113,0,,,,,,,
2216,1022,1,380,7,7140,,,-3,,,,,,2114,0,,,,,,,
2217,1023,1,21,4,7140,,,-3,,,,,,2115,0,,,,,,,
2218,1024,1,2,4,7140,,,-3,,,,,,2116,0,,,,,,,
2219,1024,1,29,8,7140,,,-3,,,,,,2117,0,,,,,,,
2220,1024,1,23,12,7140,,,-3,,,,,,2118,0,,,,,,,
2221,1025,1,25,11,7200,,,-3,,,,,,2119,0,,,,,,,
2222,1025,1,149,4,7200,,,-3,,,,,,2120,0,,,,,,,
2223,1026,1,260,8,7200,,,-3,,,,,,2121,0,,,,,,,
2224,1027,1,19,3,7200,,,-3,,,,,,2122,0,,,,,,,
2225,1028,1,381,7,7260,,,-3,,,,,,2123,0,,,,,,,
2226,1029,1,0,2,7260,,,-3,,,,,,2124,0,,,,,,,
2227,1030,1,90,6,7260,,,-3,,,,,,2125,0,,,,,,,
2228,1030,1,19,12,7260,,,-3,,,,,,2126,0,,,,,,,
2229,1030,1,172,7,7260,,,-3,,,,,,2127,0,,,,,,,
2230,1031,1,42,6,7260,,,-3,,,,,,2128,0,,,,,,,
2231,1031,1,14,2,7260,,,-3,,,,,,2129,0,,,,,,,
2232,1032,1,192,2,7260,,,-3,,,,,,2130,0,,,,,,,
2233,1032,1,22,3,7260,,,-3,,,,,,2131,0,,,,,,,
2234,1033,1,12,7,7260,,,-3,,,,,,2132,0,,,,,,,
2235,1033,1,127,5,7260,,,-3,,,,,,2133,0,,,,,,,
2236,1033,1,347,8,7260,,,-3,,,,,,2134,0,,,,,,,
2237,1033,1,462,8,7260,,,-3,,,,,,2135,0,,,,,,,
2238,1034,1,197,3,7260,,,-3,,,,,,2136,0,,,,,,,
2239,1035,1,2,6,7260,,,-3,,,,,,2137,0,,,,,,,
2240,1036,1,33,10,7320,,,-3,,,,,,2138,0,,,,,,,
2241,1037,1,9,8,7320,,,-3,,,,,,2139,0,,,,,,,
2242,1037,1,64,9,7320,,,-3,,,,,,2140,0,,,,,,,
2243,1038,1,39,11,7320,,,-3,,,,,,2141,0,,,,,,,
2244,1039,1,37,8,7320,,,-3,,,,,,2142,0,,,,,,,
2245,1040,1,197,6,7320,,,-3,,,,,,2143,0,,,,,,,
2246,1040,1,1,6,7320,,,-3,,,,,,2144,0,,,,,,,
2247,1040,1,6,5,7320,,,-3,,,,,,2145,0,,,,,,,
2248,1040,1,185,6,7320,,,-3,,,,,,2146,0,,,,,,,
2249,1041,1,183,6,7320,,,-3,,,,,,2147,0,,,,,,,
2250,1041,1,2,6,7320,,,-3,,,,,,2148,0,,,,,,,
2251,1042,1,36,8,7320,,,-3,,,,,,2149,0,,,,,,,
2252,1043,1,365,8,7380,,,-3,,,,,,2150,0,,,,,,,
2253,1043,1,14,6,7380,,,-3,,,,,,2151,0,,,,,,,
2254,1043,1,1,10,7380,,,-3,,,,,,2152,0,,,,,,,
2255,1043,1,2,5,7380,,,-3,,,,,,2153,0,,,,,,,
2256,1044,1,150,9,7380,,,-3,,,,,,2154,0,,,,,,,
2257,1045,1,19,7,7380,,,-3,,,,,,2155,0,,,,,,,
2258,1046,1,39,7,7380,,,-3,,,,,,2156,0,,,,,,,
2259,1047,1,137,2,7440,,,-3,,,,,,2157,0,,,,,,,
2260,1048,1,342,11,7440,,,-3,,,,,,2158,0,,,,,,,
2261,1049,1,2,9,7440,,,-3,,,,,,2159,0,,,,,,,
2262,1050,1,25,3,7440,,,-3,,,,,,2160,0,,,,,,,
2263,1050,1,487,4,7440,,,-3,,,,,,2161,0,,,,,,,
2264,1050,1,1,6,7440,,,-3,,,,,,2162,0,,,,,,,
2265,1051,1,476,4,7440,,,-3,,,,,,2163,0,,,,,,,
2266,1051,1,18,6,7440,,,-3,,,,,,2164,0,,,,,,,
2267,1051,1,341,8,7440,,,-3,,,,,,2165,0,,,,,,,
2268,1051,1,92,3,7440,,,-3,,,,,,2166,0,,,,,,,
2269,1051,1,86,9,7440,,,-3,,,,,,2167,0,,,,,,,
2270,1052,1,43,6,7440,,,-3,,,,,,2168,0,,,,,,,
2271,1053,1,61,9,7440,,,-3,,,,,,2169,0,,,,,,,
2272,1053,1,75,2,7440,,,-3,,,,,,2170,0,,,,,,,
2273,1054,1,227,9,7440,,,-3,,,,,,2171,0,,,,,,,
2274,1055,1,31,4,7440,,,-3,,,,,,2172,0,,,,,,,
2275,1056,1,11,4,7440,,,-3,,,,,,2173,0,,,,,,,
2276,1056,1,301,1,7440,,,-3,,,,,,2174,0,,,,,,,
2277,1056,1,170,6,7440,,,-3,,,,,,2175,0,,,,,,,
2278,1057,1,6,7,7440,,,-3,,,,,,2176,0,,,,,,,
2279,1057,1,1,6,7440,,,-3,,,,,,2177,0,,,,,,,
2280,1058,1,23,10,7500,,,-3,,,,,,2178,0,,,,,,,
2281,1058,1,35,7,7500,,,-3,,,,,,2179,0,,,,,,,
2282,1058,1,181,1,7500,,,-3,,,,,,2180,0,,,,,,,
2283,1059,1,38,7,7500,,,-3,,,,,,2181,0,,,,,,,
2284,1059,1,0,10,7500,,,-3,,,,,,2182,0,,,,,,,
2285,1060,1,2,8,7500,,,-3,,,,,,2183,0,,,,,,,
2286,1061,1,436,4,7500,,,-3,,,,,,2184,0,,,,,,,
2287,1061,1,258,2,7500,,,-3,,,,,,2185,0,,,,,,,
2288,1062,1,358,9,7500,,,-3,,,,,,2186,0,,,,,,,
2289,1063,1,11,10,7500,,,-3,,,,,,2187,0,,,,,,,
2290,1064,1,326,11,7500,,,-3,,,,,,2188,0,,,,,,,
2291,1065,1,107,4,7500,,,-3,,,,,,2189,0,,,,,,,
2292,1066,1,48,8,7500,,,-3,,,,,,2190,0,,,,,,,
2293,1067,1,125,11,7500,,,-3,,,,,,2191,0,,,,,,,
2294,1067,1,361,3,7500,,,-3,,,,,,2192,0,,,,,,,
2295,1068,1,73,8,7500,,,-3,,,,,,2193,0,,,,,,,
2296,1068,1,1,8,7500,,,-3,,,,,,2194,0,,,,,,,
2297,1069,1,46,11,7560,,,-3,,,,,,2195,0,,,,,,,
2298,1069,1,209,8,7560,,,-3,,,,,,2196,0,,,,,,,
2299,1069,1,25,10,7560,,,-3,,,,,,2197,0,,,,,,,
2300,1069,1,26,8,7560,,,-3,,,,,,2198,0,,,,,,,
2301,1070,1,16,12,7560,,,-3,,,,,,2199,0,,,,,,,
2302,1071,1,87,1,7560,,,-3,,,,,,2200,0,,,,,,,
2303,1071,1,17,10,7560,,,-3,,,,,,2201,0,,,,,,,
2304,1072,1,148,1,7560,,,-3,,,,,,2202,0,,,,,,,
2305,1072,1,0,8,7560,,,-3,,,,,,2203,0,,,,,,,
2306,1072,1,25,9,7560,,,-3,,,,,,2204,0,,,,,,,
2307,1072,1,36,4,7560,,,-3,,,,,,2205,0,,,,,,,
2308,1073,1,39,2,7560,,,-3,,,,,,2206,0,,,,,,,
2309,1073,1,477,6,7560,,,-3,,,,,,2207,0,,,,,,,
2310,1073,1,5,4,7560,,,-3,,,,,,2208,0,,,,,,,
2311,1073,1,14,8,7560,,,-3,,,,,,2209,0,,,,,,,
2312,1073,1,42,5,7560,,,-3,,,,,,2210,0,,,,,,,
2313,1074,1,11,8,7560,,,-3,,,,,,2211,0,,,,,,,
2314,1074,1,0,2,7560,,,-3,,,,,,2212,0,,,,,,,
2315,1074,1,20,6,7560,,,-3,,,,,,2213,0,,,,,,,
2316,1075,1,387,3,7560,,,-3,,,,,,2214,0,,,,,,,
2317,1075,1,149,6,7560,,,-3,,,,,,2215,0,,,,,,,
2318,1075,1,206,5,7560,,,-3,,,,,,2216,0,,,,,,,
2319,1076,1,333,7,7560,,,-3,,,,,,2217,0,,,,,,,
2320,1077,1,287,2,7560,,,-3,,,,,,2218,0,,,,,,,
2321,1078,1,5,10,7560,,,-3,,,,,,2219,0,,,,,,,
2322,1078,1,18,6,7560,,,-3,,,,,,2220,0,,,,,,,
2323,1079,1,9,10,7620,,,-3,,,,,,2221,0,,,,,,,
2324,1079,1,76,1,7620,,,-3,,,,,,2222,0,,,,,,,
2325,1079,1,482,10,7620,,,-3,,,,,,2223,0,,,,,,,
2326,1080,1,170,9,7620,,,-3,,,,,,2224,0,,,,,,,
2327,1081,1,47,9,7620,,,-3,,,,,,2225,0,,,,,,,
2328,1082,1,2,1,7620,,,-3,,,,,,2226,0,,,,,,,
2329,1083,1,6,5,7620,,,-3,,,,,,2227,0,,,,,,,
2330,1083,1,44,7,7620,,,-3,,,,,,2228,0,,,,,,,
2331,1083,1,254,2,7620,,,-3,,,,,,2229,0,,,,,,,
2332,1084,1,368,11,7680,,,-3,,,,,,2230,0,,,,,,,
2333,1085,1,114,6,7680,,,-3,,,,,,2231,0,,,,,,,
2334,1085,1,6,11,7680,,,-3,,,,,,2232,0,,,,,,,
2335,1086,1,100,10,7680,,,-3,,,,,,2233,0,,,,,,,
2336,1086,1,115,8,7680,,,-3,,,,,,2234,0,,,,,,,
2337,1087,1,0,9,7680,,,-3,,,,,,2235,0,,,,,,,
2338,1088,1,76,5,7680,,,-3,,,,,,2236,0,,,,,,,
2339,1089,1,53,5,7680,,,-3,,,,,,2237,0,,,,,,,
2340,1090,1,170,3,7680,,,-3,,,,,,2238,0,,,,,,,
2341,1091,1,48,12,7680,,,-3,,,,,,2239,0,,,,,,,
2342,1091,1,307,9,7680,,,-3,,,,,,2240,0,,,,,,,
2343,1092,1,78,4,7680,,,-3,,,,,,2241,0,,,,,,,
2344,1093,1,417,1,7680,,,-3,,,,,,2242,0,,,,,,,
2345,1093,1,4,3,7680,,,-3,,,,,,2243,0,,,,,,,
2346,1094,1,32,6,7680,,,-3,,,,,,2244,0,,,,,,,
2347,1094,1,38,6,7680,,,-3,,,,,,2245,0,,,,,,,
2348,1095,1,63,11,7740,,,-3,,,,,,2246,0,,,,,,,
2349,1095,1,144,11,7740,,,-3,,,,,,2247,0,,,,,,,
2350,1096,1,154,7,7740,,,-3,,,,,,2248,0,,,,,,,
2351,1097,1,489,8,7740,,,-3,,,,,,2249,0,,,,,,,
2352,1097,1,101,6,7740,,,-3,,,,,,2250,0,,,,,,,
2353,1097,1,7,6,7740,,,-3,,,,,,2251,0,,,,,,,
2354,1097,1,174,8,7740,,,-3,,,,,,2252,0,,,,,,,
2355,1097,1,11,6,7740,,,-3,,,,,,2253,0,,,,,,,
2356,1098,1,276,8,7740,,,-3,,,,,,2254,0,,,,,,,
2357,1099,1,23,8,7740,,,-3,,,,,,2255,0,,,,,,,
2358,1100,1,11,6,7740,,,-3,,,,,,2256,0,,,,,,,
2359,1100,1,246,6,7740,,,-3,,,,,,2257,0,,,,,,,
2360,1100,1,60,9,7740,,,-3,,,,,,2258,0,,,,,,,
2361,1101,1,98,1,7740,,,-3,,,,,,2259,0,,,,,,,
2362,1101,1,89,2,7740,,,-3,,,,,,2260,0,,,,,,,
2363,1101,1,3,2,7740,,,-3,,,,,,2261,0,,,,,,,
2364,1102,1,76,5,7800,,,-3,,,,,,2262,0,,,,,,,
2365,1102,1,87,6,7800,,,-3,,,,,,2263,0,,,,,,,
2366,1102,1,7,6,7800,,,-3,,,,,,2264,0,,,,,,,
2367,1102,1,214,7,7800,,,-3,,,,,,2265,0,,,,,,,
2368,1103,1,227,3,7800,,,-3,,,,,,2266,0,,,,,,,
2369,1104,1,196,4,7800,,,-3,,,,,,2267,0,,,,,,,
2370,1104,1,39,9,7800,,,-3,,,,,,2268,0,,,,,,,
2371,1104,1,484,11,7800,,,-3,,,,,,2269,0,,,,,,,
2372,1105,1,14,9,7800,,,-3,,,,,,2270,0,,,,,,,
2373,1105,1,156,6,7800,,,-3,,,,,,2271,0,,,,,,,
2374,1105,1,178,4,7800,,,-3,,,,,,2272,0,,,,,,,
2375,1106,1,133,9,7800,,,-3,,,,,,2273,0,,,,,,,
2376,1106,1,6,11,7800,,,-3,,,,,,2274,0,,,,,,,
2377,1107,1,164,5,7860,,,-3,,,,,,2275,0,,,,,,,
2378,1108,1,332,8,7860,,,-3,,,,,,2276,0,,,,,,,
2379,1108,1,24,5,7860,,,-3,,,,,,2277,0,,,,,,,
2380,1109,1,125,8,7860,,,-3,,,,,,2278,0,,,,,,,
2381,1110,1,2,6,7860,,,-3,,,,,,2279,0,,,,,,,
2382,1111,1,454,6,7860,,,-3,,,,,,2280,0,,,,,,,
2383,1111,1,2,6,7860,,,-3,,,,,,2281,0,,,,,,,
2384,1111,1,12,6,7860,,,-3,,,,,,2282,0,,,,,,,
2385,1112,1,6,4,7920,,,-3,,,,,,2283,0,,,,,,,
2386,1113,1,88,10,7920,,,-3,,,,,,2284,0,,,,,,,
2387,1114,1,142,10,7920,,,-3,,,,,,2285,0,,,,,,,
2388,1115,1,129,11,7920,,,-3,,,,,,2286,0,,,,,,,
2389,1116,1,49,10,7920,,,-3,,,,,,2287,0,,,,,,,
2390,1117,1,108,11,7920,,,-3,,,,,,2288,0,,,,,,,
2391,1118,1,19,8,7980,,,-3,,,,,,2289,0,,,,,,,
2392,1119,1,184,8,7980,,,-3,,,,,,2290,0,,,,,,,
2393,1120,1,24,2,7980,,,-3,,,,,,2291,0,,,,,,,
2394,1120,1,245,10,7980,,,-3,,,,,,2292,0,,,,,,,
2395,1121,1,81,12,7980,,,-3,,,,,,2293,0,,,,,,,
2396,1122,1,343,4,8040,,,-3,,,,,,2294,0,,,,,,,
2397,1123,1,1,5,8040,,,-3,,,,,,2295,0,,,,,,,
2398,1123,1,219,12,8040,,,-3,,,,,,2296,0,,,,,,,
2399,1123,1,341,4,8040,,,-3,,,,,,2297,0,,,,,,,
2400,1123,1,286,6,8040,,,-3,,,,,,2298,0,,,,,,,
2401,1124,1,224,7,8040,,,-3,,,,,,2299,0,,,,,,,
2402,1125,1,91,11,8040,,,-3,,,,,,2300,0,,,,,,,
2403,1126,1,358,2,8040,,,-3,,,,,,2301,0,,,,,,,
2404,1126,1,9,10,8040,,,-3,,,,,,2302,0,,,,,,,
2405,1127,1,281,8,8040,,,-3,,,,,,2303,0,,,,,,,
2406,1127,1,310,4,8040,,,-3,,,,,,2304,0,,,,,,,
2407,1128,1,460,6,8040,,,-3,,,,,,2305,0,,,,,,,
2408,1129,1,38,6,8040,,,-3,,,,,,2306,0,,,,,,,
2409,1130,1,44,12,8040,,,-3,,,,,,2307,0,,,,,,,
2410,1131,1,480,4,8040,,,-3,,,,,,2308,0,,,,,,,
2411,1131,1,32,3,8040,,,-3,,,,,,2309,0,,,,,,,
2412,1132,1,15,10,8100,,,-3,,,,,,2310,0,,,,,,,
2413,1133,1,38,2,8100,,,-3,,,,,,2311,0,,,,,,,
2414,1133,1,45,6,8100,,,-3,,,,,,2312,0,,,,,,,
2415,1134,1,481,12,8100,,,-3,,,,,,2313,0,,,,,,,
2416,1134,1,47,2,8100,,,-3,,,,,,2314,0,,,,,,,
2417,1135,1,63,11,8100,,,-3,,,,,,2315,0,,,,,,,
2418,1136,1,36,7,8100,,,-3,,,,,,2316,0,,,,,,,
2419,1137,1,22,5,8100,,,-3,,,,,,2317,0,,,,,,,
2420,1138,1,25,9,8100,,,-3,,,,,,2318,0,,,,,,,
2421,1138,1,41,4,8100,,,-3,,,,,,2319,0,,,,,,,
2422,1139,1,5,4,8100,,,-3,,,,,,2320,0,,,,,,,
2423,1139,1,31,4,8100,,,-3,,,,,,2321,0,,,,,,,
2424,1140,1,84,2,8100,,,-3,,,,,,2322,0,,,,,,,
2425,1140,1,12,3,8100,,,-3,,,,,,2323,0,,,,,,,
2426,1141,1,26,9,8160,,,-3,,,,,,2324,0,,,,,,,
2427,1141,1,332,7,8160,,,-3,,,,,,2325,0,,,,,,,
2428,1141,1,147,6,8160,,,-3,,,,,,2326,0,,,,,,,
2429,1141,1,256,3,8160,,,-3,,,,,,2327,0,,,,,,,
2430,1142,1,300,8,8160,,,-3,,,,,,2328,0,,,,,,,
2431,1142,1,22,7,8160,,,-3,,,,,,2329,0,,,,,,,
2432,1143,1,150,3,8160,,,-3,,,,,,2330,0,,,,,,,
2433,1143,1,9,6,8160,,,-3,,,,,,2331,0,,,,,,,
2434,1144,1,37,4,8160,,,-3,,,,,,2332,0,,,,,,,
2435,1144,1,75,7,8160,,,-3,,,,,,2333,0,,,,,,,
2436,1145,1,57,9,8160,,,-3,,,,,,2334,0,,,,,,,
2437,1145,1,34,4,8160,,,-3,,,,,,2335,0,,,,,,,
2438,1146,1,9,8,8220,,,-3,,,,,,2336,0,,,,,,,
2439,1147,1,46,6,8220,,,-3,,,,,,2337,0,,,,,,,
2440,1147,1,142,11,8220,,,-3,,,,,,2338,0,,,,,,,
2441,1147,1,198,10,8220,,,-3,,,,,,2339,0,,,,,,,
2442,1148,1,66,2,8220,,,-3,,,,,,2340,0,,,,,,,
2443,1148,1,35,7,8220,,,-3,,,,,,2341,0,,,,,,,
2444,1148,1,179,4,8220,,,-3,,,,,,2342,0,,,,,,,
2445,1148,1,391,4,8220,,,-3,,,,,,2343,0,,,,,,,
2446,1149,1,30,6,8220,,,-3,,,,,,2344,0,,,,,,,
2447,1149,1,11,6,8220,,,-3,,,,,,2345,0,,,,,,,
2448,1149,1,33,8,8220,,,-3,,,,,,2346,0,,,,,,,
2449,1149,1,117,8,8220,,,-3,,,,,,2347,0,,,,,,,
2450,1150,1,5,8,8220,,,-3,,,,,,2348,0,,,,,,,
2451,1150,1,13,5,8220,,,-3,,,,,,2349,0,,,,,,,
2452,1151,1,418,2,8220,,,-3,,,,,,2350,0,,,,,,,
2453,1152,1,297,6,8280,,,-3,,,,,,2351,0,,,,,,,
2454,1152,1,36,8,8280,,,-3,,,,,,2352,0,,,,,,,
2455,1152,1,278,3,8280,,,-3,,,,,,2353,0,,,,,,,
2456,1152,1,443,5,8280,,,-3,,,,,,2354,0,,,,,,,
2457,1153,1,312,5,8280,,,-3,,,,,,2355,0,,,,,,,
2458,1154,1,15,7,8280,,,-3,,,,,,2356,0,,,,,,,
2459,1154,1,62,8,8280,,,-3,,,,,,2357,0,,,,,,,
2460,1155,1,5,5,8280,,,-3,,,,,,2358,0,,,,,,,
2461,1156,1,143,8,8280,,,-3,,,,,,2359,0,,,,,,,
2462,1156,1,4,4,8280,,,-3,,,,,,2360,0,,,,,,,
2463,1157,1,417,12,8280,,,-3,,,,,,2361,0,,,,,,,
2464,1157,1,478,8,8280,,,-3,,,,,,2362,0,,,,,,,
2465,1157,1,7,3,8280,,,-3,,,,,,2363,0,,,,,,,
2466,1157,1,109,9,8280,,,-3,,,,,,2364,0,,,,,,,
2467,1157,1,60,2,8280,,,-3,,,,,,2365,0,,,,,,,
2468,1157,1,25,6,8280,,,-3,,,,,,2366,0,,,,,,,
2469,1158,1,6,1,8280,,,-3,,,,,,2367,0,,,,,,,
2470,1159,1,172,8,8280,,,-3,,,,,,2368,0,,,,,,,
2471,1159,1,20,9,8280,,,-3,,,,,,2369,0,,,,,,,
2472,1160,1,1,4,8340,,,-3,,,,,,2370,0,,,,,,,
2473,1160,1,0,6,8340,,,-3,,,,,,2371,0,,,,,,,
2474,1160,1,31,10,8340,,,-3,,,,,,2372,0,,,,,,,
2475,1160,1,137,7,8340,,,-3,,,,,,2373,0,,,,,,,
2476,1160,1,38,2,8340,,,-3,,,,,,2374,0,,,,,,,
2477,1161,1,43,7,8340,,,-3,,,,,,2375,0,,,,,,,
2478,1162,1,42,4,8340,,,-3,,,,,,2376,0,,,,,,,
2479,1163,1,68,6,8340,,,-3,,,,,,2377,0,,,,,,,
2480,1163,1,28,2,8340,,,-3,,,,,,2378,0,,,,,,,
2481,1163,1,117,4,8340,,,-3,,,,,,2379,0,,,,,,,
2482,1163,1,24,4,8340,,,-3,,,,,,2380,0,,,,,,,
2483,1163,1,47,6,8340,,,-3,,,,,,2381,0,,,,,,,
2484,1164,1,364,4,8340,,,-3,,,,,,2382,0,,,,,,,
2485,1164,1,12,10,8340,,,-3,,,,,,2383,0,,,,,,,
2486,1165,1,29,6,8340,,,-3,,,,,,2384,0,,,,,,,
2487,1166,1,32,5,8340,,,-3,,,,,,2385,0,,,,,,,
2488,1167,1,153,11,8400,,,-3,,,,,,2386,0,,,,,,,
2489,1167,1,10,2,8400,,,-3,,,,,,2387,0,,,,,,,
2490,1168,1,124,12,8400,,,-3,,,,,,2388,0,,,,,,,
2491,1168,1,6,6,8400,,,-3,,,,,,2389,0,,,,,,,
2492,1169,1,13,10,8400,,,-3,,,,,,2390,0,,,,,,,
2493,1169,1,121,5,8400,,,-3,,,,,,2391,0,,,,,,,
2494,1170,1,102,10,8400,,,-3,,,,,,2392,0,,,,,,,
2495,1170,1,2,1,8400,,,-3,,,,,,2393,0,,,,,,,
2496,1171,1,4,6,8400,,,-3,,,,,,2394,0,,,,,,,
2497,1171,1,10,7,8400,,,-3,,,,,,2395,0,,,,,,,
2498,1171,1,11,2,8400,,,-3,,,,,,2396,0,,,,,,,
2499,1172,1,0,6,8400,,,-3,,,,,,2397,0,,,,,,,
2500,1173,1,6,9,8400,,,-3,,,,,,2398,0,,,,,,,
2501,1174,1,382,5,8400,,,-3,,,,,,2399,0,,,,,,,
2502,1174,1,25,5,8400,,,-3,,,,,,2400,0,,,,,,,
2503,1175,1,2,2,8460,,,-3,,,,,,2401,0,,,,,,,
2504,1176,1,7,10,8460,,,-3,,,,,,2402,0,,,,,,,
2505,1176,1,55,4,8460,,,-3,,,,,,2403,0,,,,,,,
2506,1176,1,0,5,8460,,,-3,,,,,,2404,0,,,,,,,
2507,1177,1,138,10,8460,,,-3,,,,,,2405,0,,,,,,,
2508,1178,1,407,4,8460,,,-3,,,,,,2406,0,,,,,,,
2509,1178,1,10,7,8460,,,-3,,,,,,2407,0,,,,,,,
2510,1178,1,8,11,8460,,,-3,,,,,,2408,0,,,,,,,
2511,1179,1,129,8,8460,,,-3,,,,,,2409,0,,,,,,,
2512,1180,1,86,3,8460,,,-3,,,,,,2410,0,,,,,,,
2513,1180,1,48,7,8460,,,-3,,,,,,2411,0,,,,,,,
2514,1181,1,5,10,8460,,,-3,,,,,,2412,0,,,,,,,
2515,1182,1,85,3,8460,,,-3,,,,,,2413,0,,,,,,,
2516,1183,1,5,7,8460,,,-3,,,,,,2414,0,,,,,,,
2517,1183,1,6,6,8460,,,-3,,,,,,2415,0,,,,,,,
2518,1183,1,2,10,8460,,,-3,,,,,,2416,0,,,,,,,
2519,1184,1,35,5,8460,,,-3,,,,,,2417,0,,,,,,,
2520,1185,1,136,7,8460,,,-3,,,,,,2418,0,,,,,,,
2521,1186,1,156,10,8460,,,-3,,,,,,2419,0,,,,,,,
2522,1187,1,42,5,8520,,,-3,,,,,,2420,0,,,,,,,
2523,1187,1,366,10,8520,,,-3,,,,,,2421,0,,,,,,,
2524,1187,1,0,4,8520,,,-3,,,,,,2422,0,,,,,,,
2525,1187,1,339,11,8520,,,-3,,,,,,2423,0,,,,,,,
2526,1188,1,118,10,8520,,,-3,,,,,,2424,0,,,,,,,
2527,1188,1,173,7,8520,,,-3,,,,,,2425,0,,,,,,,
2528,1189,1,470,6,8520,,,-3,,,,,,2426,0,,,,,,,
2529,1189,1,238,12,8520,,,-3,,,,,,2427,0,,,,,,,
2530,1189,1,165,10,8520,,,-3,,,,,,2428,0,,,,,,,
2531,1190,1,2,4,8520,,,-3,,,,,,2429,0,,,,,,,
2532,1190,1,164,2,8520,,,-3,,,,,,2430,0,,,,,,,
2533,1190,1,316,5,8520,,,-3,,,,,,2431,0,,,,,,,
2534,1190,1,179,10,8520,,,-3,,,,,,2432,0,,,,,,,
2535,1190,1,63,8,8520,,,-3,,,,,,2433,0,,,,,,,
2536,1191,1,128,7,8520,,,-3,,,,,,2434,0,,,,,,,
2537,1192,1,9,3,8520,,,-3,,,,,,2435,0,,,,,,,
2538,1193,1,34,6,8580,,,-3,,,,,,2436,0,,,,,,,
2539,1193,1,474,7,8580,,,-3,,,,,,2437,0,,,,,,,
2540,1193,1,76,10,8580,,,-3,,,,,,2438,0,,,,,,,
2541,1193,1,4,4,8580,,,-3,,,,,,2439,0,,,,,,,
2542,1194,1,35,6,8580,,,-3,,,,,,2440,0,,,,,,,
2543,1195,1,113,5,8580,,,-3,,,,,,2441,0,,,,,,,
2544,1195,1,333,12,8580,,,-3,,,,,,2442,0,,,,,,,
2545,1195,1,9,8,8580,,,-3,,,,,,2443,0,,,,,,,
2546,1196,1,4,12,8580,,,-3,,,,,,2444,0,,,,,,,
2547,1197,1,95,8,8580,,,-3,,,,,,2445,0,,,,,,,
2548,1198,1,46,10,8580,,,-3,,,,,,2446,0,,,,,,,
2549,1199,1,183,9,8580,,,-3,,,,,,2447,0,,,,,,,
2550,1199,1,93,2,8580,,,-3,,,,,,2448,0,,,,,,,
2551,1199,1,103,2,8580,,,-3,,,,,,2449,0,,,,,,,
2552,1199,1,217,4,8580,,,-3,,,,,,2450,0,,,,,,,
2553,1199,1,57,4,8580,,,-3,,,,,,2451,0,,,,,,,
2554,1199,1,47,6,8580,,,-3,,,,,,2452,0,,,,,,,
2555,1199,1,46,8,8580,,,-3,,,,,,2453,0,,,,,,,
2556,1199,1,95,6,8580,,,-3,,,,,,2454,0,,,,,,,
2557,1199,1,407,1,8580,,,-3,,,,,,2455,0,,,,,,,
2558,1200,1,121,8,8580,,,-3,,,,,,2456,0,,,,,,,
2559,1200,1,55,4,8580,,,-3,,,,,,2457,0,,,,,,,
2560,1200,1,18,10,8580,,,-3,,,,,,2458,0,,,,,,,
2561,1201,1,26,4,8580,,,-3,,,,,,2459,0,,,,,,,
2562,1202,1,4,3,8580,,,-3,,,,,,2460,0,,,,,,,
2563,1203,1,1,12,8580,,,-3,,,,,,2461,0,,,,,,,
2564,1203,1,10,6,8580,,,-3,,,,,,2462,0,,,,,,,
2565,1204,1,19,2,8580,,,-3,,,,,,2463,0,,,,,,,
2566,1205,1,62,6,8580,,,-3,,,,,,2464,0,,,,,,,
2567,1205,1,430,8,8580,,,-3,,,,,,2465,0,,,,,,,
2568,1205,1,0,11,8580,,,-3,,,,,,2466,0,,,,,,,
2569,1206,1,8,11,8640,,,-3,,,,,,2467,0,,,,,,,
2570,1207,1,6,6,8640,,,-3,,,,,,2468,0,,,,,,,
2571,1208,1,39,4,8640,,,-3,,,,,,2469,0,,,,,,,
2572,1208,1,1,4,8640,,,-3,,,,,,2470,0,,,,,,,
2573,1208,1,2,8,8640,,,-3,,,,,,2471,0,,,,,,,
2574,1209,1,39,2,8640,,,-3,,,,,,2472,0,,,,,,,
2575,1209,1,13,4,8640,,,-3,,,,,,2473,0,,,,,,,
2576,1210,1,39,8,8640,,,-3,,,,,,2474,0,,,,,,,
2577,1210,1,5,9,8640,,,-3,,,,,,2475,0,,,,,,,
2578,1210,1,144,11,8640,,,-3,,,,,,2476,0,,,,,,,
2579,1211,1,5,6,8640,,,-3,,,,,,2477,0,,,,,,,
2580,1211,1,175,8,8640,,,-3,,,,,,2478,0,,,,,,,
2581,1211,1,42,4,8640,,,-3,,,,,,2479,0,,,,,,,
2582,1211,1,452,8,8640,,,-3,,,,,,2480,0,,,,,,,
2583,1211,1,86,6,8640,,,-3,,,,,,2481,0,,,,,,,
2584,1212,1,269,10,8640,,,-3,,,,,,2482,0,,,,,,,
2585,1212,1,11,10,8640,,,-3,,,,,,2483,0,,,,,,,
2586,1212,1,4,6,8640,,,-3,,,,,,2484,0,,,,,,,
2587,1212,1,13,4,8640,,,-3,,,,,,2485,0,,,,,,,
2588,1213,1,54,8,8640,,,-3,,,,,,2486,0,,,,,,,
2589,1214,1,294,2,8640,,,-3,,,,,,2487,0,,,,,,,
2590,1215,1,269,12,8640,,,-3,,,,,,2488,0,,,,,,,
2591,1216,1,92,2,8640,,,-3,,,,,,2489,0,,,,,,,
2592,1217,1,91,2,8700,,,-3,,,,,,2490,0,,,,,,,
2593,1218,1,29,7,8700,,,-3,,,,,,2491,0,,,,,,,
2594,1218,1,31,9,8700,,,-3,,,,,,2492,0,,,,,,,
2595,1219,1,347,6,8700,,,-3,,,,,,2493,0,,,,,,,
2596,1220,1,16,9,8700,,,-3,,,,,,2494,0,,,,,,,
2597,1220,1,340,7,8700,,,-3,,,,,,2495,0,,,,,,,
2598,1220,1,5,6,8700,,,-3,,,,,,2496,0,,,,,,,
2599,1220,1,75,8,8700,,,-3,,,,,,2497,0,,,,,,,
2600,1221,1,30,8,8700,,,-3,,,,,,2498,0,,,,,,,
2601,1221,1,304,7,8700,,,-3,,,,,,2499,0,,,,,,,
2602,1221,1,0,2,8700,,,-3,,,,,,2500,0,,,,,,,
2603,1221,1,375,4,8700,,,-3,,,,,,2501,0,,,,,,,
2604,1222,1,33,7,8700,,,-3,,,,,,2502,0,,,,,,,
2605,1223,1,57,6,8760,,,-3,,,,,,2503,0,,,,,,,
2606,1223,1,23,6,8760,,,-3,,,,,,2504,0,,,,,,,
2607,1223,1,130,4,8760,,,-3,,,,,,2505,0,,,,,,,
2608,1223,1,9,5,8760,,,-3,,,,,,2506,0,,,,,,,
2609,1224,1,193,4,8760,,,-3,,,,,,2507,0,,,,,,,
2610,1225,1,52,9,8760,,,-3,,,,,,2508,0,,,,,,,
2611,1225,1,301,6,8760,,,-3,,,,,,2509,0,,,,,,,
2612,1226,1,11,4,8760,,,-3,,,,,,2510,0,,,,,,,
2613,1226,1,14,6,8760,,,-3,,,,,,2511,0,,,,,,,
2614,1226,1,179,12,8760,,,-3,,,,,,2512,0,,,,,,,
2615,1227,1,4,4,8760,,,-3,,,,,,2513,0,,,,,,,
2616,1227,1,108,8,8760,,,-3,,,,,,2514,0,,,,,,,
2617,1227,1,14,6,8760,,,-3,,,,,,2515,0,,,,,,,
2618,1228,1,287,5,8760,,,-3,,,,,,2516,0,,,,,,,
2619,1228,1,163,12,8760,,,-3,,,,,,2517,0,,,,,,,
2620,1229,1,327,4,8820,,,-3,,,,,,2518,0,,,,,,,
2621,1230,1,7,12,8820,,,-3,,,,,,2519,0,,,,,,,
2622,1230,1,8,5,8820,,,-3,,,,,,2520,0,,,,,,,
2623,1231,1,171,10,8820,,,-3,,,,,,2521,0,,,,,,,
2624,1231,1,34,11,8820,,,-3,,,,,,2522,0,,,,,,,
2625,1232,1,488,8,8820,,,-3,,,,,,2523,0,,,,,,,
2626,1233,1,244,6,8820,,,-3,,,,,,2524,0,,,,,,,
2627,1234,1,38,7,8820,,,-3,,,,,,2525,0,,,,,,,
2628,1235,1,77,4,8820,,,-3,,,,,,2526,0,,,,,,,
2629,1235,1,370,7,8820,,,-3,,,,,,2527,0,,,,,,,
2630,1236,1,119,8,8820,,,-3,,,,,,2528,0,,,,,,,
2631,1236,1,280,5,8820,,,-3,,,,,,2529,0,,,,,,,
2632,1237,1,31,6,8820,,,-3,,,,,,2530,0,,,,,,,
2633,1238,1,8,6,8820,,,-3,,,,,,2531,0,,,,,,,
2634,1239,1,39,7,8820,,,-3,,,,,,2532,0,,,,,,,
2635,1240,1,38,11,8880,,,-3,,,,,,2533,0,,,,,,,
2636,1240,1,27,8,8880,,,-3,,,,,,2534,0,,,,,,,
2637,1241,1,26,8,8880,,,-3,,,,,,2535,0,,,,,,,
2638,1242,1,29,10,8880,,,-3,,,,,,2536,0,,,,,,,
2639,1243,1,84,7,8880,,,-3,,,,,,2537,0,,,,,,,
2640,1244,1,69,8,8880,,,-3,,,,,,2538,0,,,,,,,
2641,1244,1,71,5,8880,,,-3,,,,,,2539,0,,,,,,,
2642,1245,1,13,5,8940,,,-3,,,,,,2540,0,,,,,,,
2643,1246,1,26,7,8940,,,-3,,,,,,2541,0,,,,,,,
2644,1246,1,485,4,8940,,,-3,,,,,,2542,0,,,,,,,
2645,1246,1,114,6,8940,,,-3,,,,,,2543,0,,,,,,,
2646,1246,1,47,3,8940,,,-3,,,,,,2544,0,,,,,,,
2647,1247,1,9,6,8940,,,-3,,,,,,2545,0,,,,,,,
2648,1247,1,20,6,8940,,,-3,,,,,,2546,0,,,,,,,
2649,1247,1,29,5,8940,,,-3,,,,,,2547,0,,,,,,,
2650,1247,1,297,6,8940,,,-3,,,,,,2548,0,,,,,,,
2651,1247,1,451,1,8940,,,-3,,,,,,2549,0,,,,,,,
2652,1247,1,30,6,8940,,,-3,,,,,,2550,0,,,,,,,
2653,1248,1,4,8,8940,,,-3,,,,,,2551,0,,,,,,,
2654,1249,1,35,3,8940,,,-3,,,,,,2552,0,,,,,,,
2655,1249,1,102,6,8940,,,-3,,,,,,2553,0,,,,,,,
2656,1249,1,202,4,8940,,,-3,,,,,,2554,0,,,,,,,
2657,1249,1,9,6,8940,,,-3,,,,,,2555,0,,,,,,,
2658,1250,1,61,4,8940,,,-3,,,,,,2556,0,,,,,,,
2659,1250,1,149,7,8940,,,-3,,,,,,2557,0,,,,,,,
2660,1250,1,6,11,8940,,,-3,,,,,,2558,0,,,,,,,
2661,1250,1,354,1,8940,,,-3,,,,,,2559,0,,,,,,,
2662,1250,1,140,10,8940,,,-3,,,,,,2560,0,,,,,,,
2663,1251,1,200,2,8940,,,-3,,,,,,2561,0,,,,,,,
2664,1252,1,2,9,8940,,,-3,,,,,,2562,0,,,,,,,
2665,1253,1,487,6,8940,,,-3,,,,,,2563,0,,,,,,,
2666,1254,1,152,4,9000,,,-3,,,,,,2564,0,,,,,,,
2667,1255,1,115,11,9000,,,-3,,,,,,2565,0,,,,,,,
2668,1255,1,197,10,9000,,,-3,,,,,,2566,0,,,,,,,
2669,1256,1,48,2,9000,,,-3,,,,,,2567,0,,,,,,,
2670,1257,1,37,6,9000,,,-3,,,,,,2568,0,,,,,,,
2671,1258,1,29,8,9000,,,-3,,,,,,2569,0,,,,,,,
2672,1259,1,280,4,9060,,,-3,,,,,,2570,0,,,,,,,
2673,1259,1,314,10,9060,,,-3,,,,,,2571,0,,,,,,,
2674,1259,1,149,3,9060,,,-3,,,,,,2572,0,,,,,,,
2675,1260,1,45,8,9060,,,-3,,,,,,2573,0,,,,,,,
2676,1261,1,356,2,9060,,,-3,,,,,,2574,0,,,,,,,
2677,1261,1,2,2,9060,,,-3,,,,,,2575,0,,,,,,,
2678,1261,1,313,10,9060,,,-3,,,,,,2576,0,,,,,,,
2679,1261,1,441,5,9060,,,-3,,,,,,2577,0,,,,,,,
2680,1261,1,26,12,9060,,,-3,,,,,,2578,0,,,,,,,
2681,1262,1,55,12,9060,,,-3,,,,,,2579,0,,,,,,,
2682,1263,1,280,2,9060,,,-3,,,,,,2580,0,,,,,,,
2683,1264,1,96,5,9060,,,-3,,,,,,2581,0,,,,,,,
2684,1264,1,38,6,9060,,,-3,,,,,,2582,0,,,,,,,
2685,1264,1,27,8,9060,,,-3,,,,,,2583,0,,,,,,,
2686,1265,1,215,1,9120,,,-3,,,,,,2584,0,,,,,,,
2687,1266,1,269,8,9120,,,-3,,,,,,2585,0,,,,,,,
2688,1267,1,57,1,9120,,,-3,,,,,,2586,0,,,,,,,
2689,1268,1,177,11,9120,,,-3,,,,,,2587,0,,,,,,,
2690,1269,1,1,10,9120,,,-3,,,,,,2588,0,,,,,,,
2691,1270,1,18,2,9120,,,-3,,,,,,2589,0,,,,,,,
2692,1270,1,1,6,9120,,,-3,,,,,,2590,0,,,,,,,
2693,1270,1,45,10,9120,,,-3,,,,,,2591,0,,,,,,,
2694,1271,1,13,6,9180,,,-3,,,,,,2592,0,,,,,,,
2695,1271,1,186,4,9180,,,-3,,,,,,2593,0,,,,,,,
2696,1271,1,9,2,9180,,,-3,,,,,,2594,0,,,,,,,
2697,1271,1,89,7,9180,,,-3,,,,,,2595,0,,,,,,,
2698,1271,1,33,4,9180,,,-3,,,,,,2596,0,,,,,,,
2699,1271,1,17,9,9180,,,-3,,,,,,2597,0,,,,,,,
2700,1272,1,33,11,9180,,,-3,,,,,,2598,0,,,,,,,
2701,1272,1,108,6,9180,,,-3,,,,,,2599,0,,,,,,,
2702,1273,1,460,2,9180,,,-3,,,,,,2600,0,,,,,,,
2703,1274,1,16,7,9180,,,-3,,,,,,2601,0,,,,,,,
2704,1274,1,70,12,9180,,,-3,,,,,,2602,0,,,,,,,
2705,1274,1,39,4,9180,,,-3,,,,,,2603,0,,,,,,,
2706,1275,1,61,7,9180,,,-3,,,,,,2604,0,,,,,,,
2707,1275,1,138,4,9180,,,-3,,,,,,2605,0,,,,,,,
2708,1276,1,486,5,9180,,,-3,,,,,,2606,0,,,,,,,
2709,1277,1,309,6,9180,,,-3,,,,,,2607,0,,,,,,,
2710,1278,1,35,6,9180,,,-3,,,,,,2608,0,,,,,,,
2711,1278,1,248,4,9180,,,-3,,,,,,2609,0,,,,,,,
2712,1279,1,172,8,9180,,,-3,,,,,,2610,0,,,,,,,
2713,1279,1,2,8,9180,,,-3,,,,,,2611,0,,,,,,,
2714,1279,1,447,6,9180,,,-3,,,,,,2612,0,,,,,,,
2715,1280,1,140,8,9180,,,-3,,,,,,2613,0,,,,,,,
2716,1280,1,311,10,9180,,,-3,,,,,,2614,0,,,,,,,
2717,1281,1,64,9,9180,,,-3,,,,,,2615,0,,,,,,,
2718,1281,1,93,7,9180,,,-3,,,,,,2616,0,,,,,,,
2719,1281,1,19,9,9180,,,-3,,,,,,2617,0,,,,,,,
2720,1281,1,115,6,9180,,,-3,,,,,,2618,0,,,,,,,
2721,1282,1,222,4,9180,,,-3,,,,,,2619,0,,,,,,,
2722,1282,1,195,11,9180,,,-3,,,,,,2620,0,,,,,,,
2723,1283,1,190,3,9180,,,-3,,,,,,2621,0,,,,,,,
2724,1283,1,118,6,9180,,,-3,,,,,,2622,0,,,,,,,
2725,1283,1,14,8,9180,,,-3,,,,,,2623,0,,,,,,,
2726,1284,1,17,11,9180,,,-3,,,,,,2624,0,,,,,,,
2727,1285,1,183,10,9240,,,-3,,,,,,2625,0,,,,,,,
2728,1285,1,156,12,9240,,,-3,,,,,,2626,0,,,,,,,
2729,1285,1,29,7,9240,,,-3,,,,,,2627,0,,,,,,,
2730,1285,1,43,5,9240,,,-3,,,,,,2628,0,,,,,,,
2731,1285,1,409,1,9240,,,-3,,,,,,2629,0,,,,,,,
2732,1286,1,57,11,9240,,,-3,,,,,,2630,0,,,,,,,
2733,1287,1,347,6,9240,,,-3,,,,,,2631,0,,,,,,,
2734,1287,1,99,2,9240,,,-3,,,,,,2632,0,,,,,,,
2735,1287,1,2,5,9240,,,-3,,,,,,2633,0,,,,,,,
2736,1288,1,5,10,9240,,,-3,,,,,,2634,0,,,,,,,
2737,1289,1,1,5,9240,,,-3,,,,,,2635,0,,,,,,,
2738,1290,1,238,6,9240,,,-3,,,,,,2636,0,,,,,,,
2739,1290,1,391,8,9240,,,-3,,,,,,2637,0,,,,,,,
2740,1290,1,11,11,9240,,,-3,,,,,,2638,0,,,,,,,
2741,1290,1,156,6,9240,,,-3,,,,,,2639,0,,,,,,,
2742,1291,1,44,3,9240,,,-3,,,,,,2640,0,,,,,,,
2743,1291,1,194,7,9240,,,-3,,,,,,2641,0,,,,,,,
2744,1291,1,15,12,9240,,,-3,,,,,,2642,0,,,,,,,
2745,1292,1,135,6,9300,,,-3,,,,,,2643,0,,,,,,,
2746,1293,1,238,4,9300,,,-3,,,,,,2644,0,,,,,,,
2747,1293,1,121,8,9300,,,-3,,,,,,2645,0,,,,,,,
2748,1294,1,3,10,9300,,,-3,,,,,,2646,0,,,,,,,
2749,1295,1,19,9,9300,,,-3,,,,,,2647,0,,,,,,,
2750,1296,1,32,9,9300,,,-3,,,,,,2648,0,,,,,,,
2751,1297,1,44,7,9300,,,-3,,,,,,2649,0,,,,,,,
2752,1297,1,280,5,9300,,,-3,,,,,,2650,0,,,,,,,
2753,1297,1,267,6,9300,,,-3,,,,,,2651,0,,,,,,,
2754,1298,1,46,10,9300,,,-3,,,,,,2652,0,,,,,,,
2755,1298,1,369,4,9300,,,-3,,,,,,2653,0,,,,,,,
2756,1299,1,17,8,9300,,,-3,,,,,,2654,0,,,,,,,
2757,1299,1,106,4,9300,,,-3,,,,,,2655,0,,,,,,,
2758,1299,1,157,11,9300,,,-3,,,,,,2656,0,,,,,,,
2759,1300,1,43,2,9300,,,-3,,,,,,2657,0,,,,,,,
2760,1300,1,26,2,9300,,,-3,,,,,,2658,0,,,,,,,
2761,1300,1,21,2,9300,,,-3,,,,,,2659,0,,,,,,,
2762,1301,1,416,2,9300,,,-3,,,,,,2660,0,,,,,,,
2763,1302,1,182,4,9300,,,-3,,,,,,2661,0,,,,,,,
2764,1303,1,16,6,9300,,,-3,,,,,,2662,0,,,,,,,
2765,1303,1,6,1,9300,,,-3,,,,,,2663,0,,,,,,,
2766,1303,1,9,8,9300,,,-3,,,,,,2664,0,,,,,,,
2767,1304,1,129,9,9360,,,-3,,,,,,2665,0,,,,,,,
2768,1305,1,50,10,9360,,,-3,,,,,,2666,0,,,,,,,
2769,1306,1,137,5,9360,,,-3,,,,,,2667,0,,,,,,,
2770,1307,1,7,6,9360,,,-3,,,,,,2668,0,,,,,,,
2771,1307,1,25,3,9360,,,-3,,,,,,2669,0,,,,,,,
2772,1307,1,1,7,9360,,,-3,,,,,,2670,0,,,,,,,
2773,1308,1,2,5,9360,,,-3,,,,,,2671,0,,,,,,,
2774,1309,1,2,12,9360,,,-3,,,,,,2672,0,,,,,,,
2775,1310,1,18,5,9360,,,-3,,,,,,2673,0,,,,,,,
2776,1311,1,9,10,9360,,,-3,,,,,,2674,0,,,,,,,
2777,1312,1,295,3,9360,,,-3,,,,,,2675,0,,,,,,,
2778,1312,1,14,8,9360,,,-3,,,,,,2676,0,,,,,,,
2779,1313,1,6,7,9420,,,-3,,,,,,2677,0,,,,,,,
2780,1314,1,6,2,9420,,,-3,,,,,,2678,0,,,,,,,
2781,1314,1,2,7,9420,,,-3,,,,,,2679,0,,,,,,,
2782,1315,1,47,7,9420,,,-3,,,,,,2680,0,,,,,,,
2783,1315,1,48,7,9420,,,-3,,,,,,2681,0,,,,,,,
2784,1315,1,43,6,9420,,,-3,,,,,,2682,0,,,,,,,
2785,1316,1,188,4,9420,,,-3,,,,,,2683,0,,,,,,,
2786,1317,1,72,8,9420,,,-3,,,,,,2684,0,,,,,,,
2787,1318,1,46,10,9480,,,-3,,,,,,2685,0,,,,,,,
2788,1319,1,56,8,9480,,,-3,,,,,,2686,0,,,,,,,
2789,1320,1,15,12,9480,,,-3,,,,,,2687,0,,,,,,,
2790,1320,1,237,8,9480,,,-3,,,,,,2688,0,,,,,,,
2791,1320,1,116,6,9480,,,-3,,,,,,2689,0,,,,,,,
2792,1321,1,152,6,9480,,,-3,,,,,,2690,0,,,,,,,
2793,1322,1,203,10,9480,,,-3,,,,,,2691,0,,,,,,,
2794,1322,1,0,6,9480,,,-3,,,,,,2692,0,,,,,,,
2795,1322,1,20,4,9480,,,-3,,,,,,2693,0,,,,,,,
2796,1322,1,7,5,9480,,,-3,,,,,,2694,0,,,,,,,
2797,1323,1,251,6,9480,,,-3,,,,,,2695,0,,,,,,,
2798,1323,1,22,12,9480,,,-3,,,,,,2696,0,,,,,,,
2799,1324,1,1,11,9480,,,-3,,,,,,2697,0,,,,,,,
2800,1324,1,2,4,9480,,,-3,,,,,,2698,0,,,,,,,
2801,1325,1,188,9,9480,,,-3,,,,,,2699,0,,,,,,,
2802,1326,1,313,9,9480,,,-3,,,,,,2700,0,,,,,,,
2803,1327,1,7,6,9540,,,-3,,,,,,2701,0,,,,,,,
2804,1327,1,49,8,9540,,,-3,,,,,,2702,0,,,,,,,
2805,1327,1,258,10,9540,,,-3,,,,,,2703,0,,,,,,,
2806,1328,1,39,5,9540,,,-3,,,,,,2704,0,,,,,,,
2807,1329,1,0,8,9540,,,-3,,,,,,2705,0,,,,,,,
2808,1329,1,9,4,9540,,,-3,,,,,,2706,0,,,,,,,
2809,1330,1,28,2,9540,,,-3,,,,,,2707,0,,,,,,,
2810,1330,1,309,12,9540,,,-3,,,,,,2708,0,,,,,,,
2811,1330,1,2,6,9540,,,-3,,,,,,2709,0,,,,,,,
2812,1330,1,77,2,9540,,,-3,,,,,,2710,0,,,,,,,
2813,1331,1,232,6,9540,,,-3,,,,,,2711,0,,,,,,,
2814,1332,1,25,6,9540,,,-3,,,,,,2712,0,,,,,,,
2815,1332,1,27,8,9540,,,-3,,,,,,2713,0,,,,,,,
2816,1332,1,350,5,9540,,,-3,,,,,,2714,0,,,,,,,
2817,1332,1,52,4,9540,,,-3,,,,,,2715,0,,,,,,,
2818,1332,1,9,9,9540,,,-3,,,,,,2716,0,,,,,,,
2819,1332,1,161,5,9540,,,-3,,,,,,2717,0,,,,,,,
2820,1333,1,41,2,9540,,,-3,,,,,,2718,0,,,,,,,
2821,1333,1,68,9,9540,,,-3,,,,,,2719,0,,,,,,,
2822,1333,1,109,7,9540,,,-3,,,,,,2720,0,,,,,,,
2823,1333,1,14,8,9540,,,-3,,,,,,2721,0,,,,,,,
2824,1334,1,155,8,9540,,,-3,,,,,,2722,0,,,,,,,
2825,1334,1,49,10,9540,,,-3,,,,,,2723,0,,,,,,,
2826,1335,1,190,4,9540,,,-3,,,,,,2724,0,,,,,,,
2827,1335,1,2,2,9540,,,-3,,,,,,2725,0,,,,,,,
2828,1336,1,90,5,9540,,,-3,,,,,,2726,0,,,,,,,
2829,1336,1,249,5,9540,,,-3,,,,,,2727,0,,,,,,,
2830,1337,1,15,6,9540,,,-3,,,,,,2728,0,,,,,,,
2831,1338,1,240,7,9600,,,-3,,,,,,2729,0,,,,,,,
2832,1338,1,100,4,9600,,,-3,,,,,,2730,0,,,,,,,
2833,1338,1,42,2,9600,,,-3,,,,,,2731,0,,,,,,,
2834,1338,1,17,8,9600,,,-3,,,,,,2732,0,,,,,,,
2835,1339,1,112,6,9600,,,-3,,,,,,2733,0,,,,,,,
2836,1339,1,15,4,9600,,,-3,,,,,,2734,0,,,,,,,
2837,1339,1,0,4,9600,,,-3,,,,,,2735,0,,,,,,,
2838,1340,1,17,6,9600,,,-3,,,,,,2736,0,,,,,,,
2839,1340,1,24,3,9600,,,-3,,,,,,2737,0,,,,,,,
2840,1340,1,59,5,9600,,,-3,,,,,,2738,0,,,,,,,
2841,1341,1,9,5,9600,,,-3,,,,,,2739,0,,,,,,,
2842,1341,1,482,8,9600,,,-3,,,,,,2740,0,,,,,,,
2843,1341,1,262,7,9600,,,-3,,,,,,2741,0,,,,,,,
2844,1342,1,21,3,9600,,,-3,,,,,,2742,0,,,,,,,
2845,1343,1,169,8,9600,,,-3,,,,,,2743,0,,,,,,,
2846,1344,1,410,6,9600,,,-3,,,,,,2744,0,,,,,,,
2847,1345,1,405,4,9600,,,-3,,,,,,2745,0,,,,,,,
2848,1345,1,19,8,9600,,,-3,,,,,,2746,0,,,,,,,
2849,1346,1,18,1,9600,,,-3,,,,,,2747,0,,,,,,,
2850,1347,1,36,7,9600,,,-3,,,,,,2748,0,,,,,,,
2851,1348,1,414,2,9660,,,-3,,,,,,2749,0,,,,,,,
2852,1349,1,121,9,9660,,,-3,,,,,,2750,0,,,,,,,
2853,1349,1,200,3,9660,,,-3,,,,,,2751,0,,,,,,,
2854,1350,1,65,8,9660,,,-3,,,,,,2752,0,,,,,,,
2855,1350,1,167,2,9660,,,-3,,,,,,2753,0,,,,,,,
2856,1351,1,11,1,9660,,,-3,,,,,,2754,0,,,,,,,
2857,1351,1,185,10,9660,,,-3,,,,,,2755,0,,,,,,,
2858,1351,1,76,8,9660,,,-3,,,,,,2756,0,,,,,,,
2859,1351,1,41,3,9660,,,-3,,,,,,2757,0,,,,,,,
2860,1351,1,32,4,9660,,,-3,,,,,,2758,0,,,,,,,
2861,1352,1,55,3,9660,,,-3,,,,,,2759,0,,,,,,,
2862,1353,1,27,2,9660,,,-3,,,,,,2760,0,,,,,,,
2863,1354,1,16,8,9660,,,-3,,,,,,2761,0,,,,,,,
2864,1354,1,28,2,9660,,,-3,,,,,,2762,0,,,,,,,
2865,1354,1,20,4,9660,,,-3,,,,,,2763,0,,,,,,,
2866,1354,1,196,10,9660,,,-3,,,,,,2764,0,,,,,,,
2867,1355,1,460,12,9660,,,-3,,,,,,2765,0,,,,,,,
2868,1356,1,25,8,9660,,,-3,,,,,,2766,0,,,,,,,
2869,1356,1,9,4,9660,,,-3,,,,,,2767,0,,,,,,,
2870,1356,1,278,5,9660,,,-3,,,,,,2768,0,,,,,,,
2871,1357,1,11,8,9720,,,-3,,,,,,2769,0,,,,,,,
2872,1358,1,109,2,9720,,,-3,,,,,,2770,0,,,,,,,
2873,1359,1,12,8,9720,,,-3,,,,,,2771,0,,,,,,,
2874,1360,1,234,7,9720,,,-3,,,,,,2772,0,,,,,,,
2875,1360,1,9,4,9720,,,-3,,,,,,2773,0,,,,,,,
2876,1361,1,184,12,9720,,,-3,,,,,,2774,0,,,,,,,
2877,1361,1,7,12,9720,,,-3,,,,,,2775,0,,,,,,,
2878,1361,1,9,9,9720,,,-3,,,,,,2776,0,,,,,,,
2879,1361,1,331,5,9720,,,-3,,,,,,2777,0,,,,,,,
2880,1362,1,40,2,9720,,,-3,,,,,,2778,0,,,,,,,
2881,1363,1,337,10,9720,,,-3,,,,,,2779,0,,,,,,,
2882,1363,1,261,10,9720,,,-3,,,,,,2780,0,,,,,,,
2883,1363,1,22,7,9720,,,-3,,,,,,2781,0,,,,,,,
2884,1363,1,292,7,9720,,,-3,,,,,,2782,0,,,,,,,
2885,1364,1,19,8,9720,,,-3,,,,,,2783,0,,,,,,,
2886,1364,1,187,6,9720,,,-3,,,,,,2784,0,,,,,,,
2887,1365,1,10,11,9720,,,-3,,,,,,2785,0,,,,,,,
2888,1365,1,168,6,9720,,,-3,,,,,,2786,0,,,,,,,
2889,1366,1,65,3,9720,,,-3,,,,,,2787,0,,,,,,,
2890,1367,1,372,7,9720,,,-3,,,,,,2788,0,,,,,,,
2891,1368,1,157,3,9720,,,-3,,,,,,2789,0,,,,,,,
2892,1369,1,415,1,9720,,,-3,,,,,,2790,0,,,,,,,
2893,1370,1,186,3,9720,,,-3,,,,,,2791,0,,,,,,,
2894,1370,1,326,1,9720,,,-3,,,,,,2792,0,,,,,,,
2895,1370,1,9,4,9720,,,-3,,,,,,2793,0,,,,,,,
2896,1371,1,468,9,9720,,,-3,,,,,,2794,0,,,,,,,
2897,1372,1,31,9,9780,,,-3,,,,,,2795,0,,,,,,,
2898,1372,1,24,10,9780,,,-3,,,,,,2796,0,,,,,,,
2899,1373,1,139,10,9780,,,-3,,,,,,2797,0,,,,,,,
2900,1374,1,9,4,9780,,,-3,,,,,,2798,0,,,,,,,
2901,1374,1,188,8,9780,,,-3,,,,,,2799,0,,,,,,,
2902,1375,1,164,11,9780,,,-3,,,,,,2800,0,,,,,,,
2903,1376,1,41,7,9780,,,-3,,,,,,2801,0,,,,,,,
2904,1376,1,11,3,9780,,,-3,,,,,,2802,0,,,,,,,
2905,1376,1,66,9,9780,,,-3,,,,,,2803,0,,,,,,,
2906,1376,1,46,10,9780,,,-3,,,,,,2804,0,,,,,,,
2907,1377,1,45,8,9780,,,-3,,,,,,2805,0,,,,,,,
2908,1377,1,104,2,9780,,,-3,,,,,,2806,0,,,,,,,
2909,1377,1,8,8,9780,,,-3,,,,,,2807,0,,,,,,,
2910,1377,1,5,4,9780,,,-3,,,,,,2808,0,,,,,,,
2911,1377,1,48,10,9780,,,-3,,,,,,2809,0,,,,,,,
2912,1378,1,246,6,9780,,,-3,,,,,,2810,0,,,,,,,
2913,1379,1,193,5,9780,,,-3,,,,,,2811,0,,,,,,,
2914,1379,1,161,4,9780,,,-3,,,,,,2812,0,,,,,,,
2915,1379,1,241,4,9780,,,-3,,,,,,2813,0,,,,,,,
2916,1379,1,25,8,9780,,,-3,,,,,,2814,0,,,,,,,
2917,1379,1,331,4,9780,,,-3,,,,,,2815,0,,,,,,,
2918,1380,1,14,8,9780,,,-3,,,,,,2816,0,,,,,,,
2919,1381,1,45,6,9780,,,-3,,,,,,2817,0,,,,,,,
2920,1382,1,18,4,9780,,,-3,,,,,,2818,0,,,,,,,
2921,1382,1,17,6,9780,,,-3,,,,,,2819,0,,,,,,,
2922,1383,1,306,7,9840,,,-3,,,,,,2820,0,,,,,,,
2923,1384,1,37,7,9840,,,-3,,,,,,2821,0,,,,,,,
2924,1385,1,181,12,9840,,,-3,,,,,,2822,0,,,,,,,
2925,1386,1,300,8,9840,,,-3,,,,,,2823,0,,,,,,,
2926,1387,1,228,6,9840,,,-3,,,,,,2824,0,,,,,,,
2927,1388,1,216,8,9840,,,-3,,,,,,2825,0,,,,,,,
2928,1388,1,12,11,9840,,,-3,,,,,,2826,0,,,,,,,
2929,1388,1,127,7,9840,,,-3,,,,,,2827,0,,,,,,,
2930,1388,1,193,8,9840,,,-3,,,,,,2828,0,,,,,,,
2931,1388,1,107,9,9840,,,-3,,,,,,2829,0,,,,,,,
2932,1389,1,67,8,9840,,,-3,,,,,,2830,0,,,,,,,
2933,1389,1,68,5,9840,,,-3,,,,,,2831,0,,,,,,,
2934,1390,1,49,8,9840,,,-3,,,,,,2832,0,,,,,,,
2935,1390,1,88,9,9840,,,-3,,,,,,2833,0,,,,,,,
2936,1390,1,121,7,9840,,,-3,,,,,,2834,0,,,,,,,
2937,1390,1,0,4,9840,,,-3,,,,,,2835,0,,,,,,,
2938,1390,1,109,9,9840,,,-3,,,,,,2836,0,,,,,,,
2939,1391,1,90,12,9840,,,-3,,,,,,2837,0,,,,,,,
2940,1391,1,17,8,9840,,,-3,,,,,,2838,0,,,,,,,
2941,1392,1,9,12,9900,,,-3,,,,,,2839,0,,,,,,,
2942,1393,1,5,12,9900,,,-3,,,,,,2840,0,,,,,,,
2943,1393,1,472,9,9900,,,-3,,,,,,2841,0,,,,,,,
2944,1394,1,350,3,9900,,,-3,,,,,,2842,0,,,,,,,
2945,1395,1,10,10,9900,,,-3,,,,,,2843,0,,,,,,,
2946,1396,1,210,7,9900,,,-3,,,,,,2844,0,,,,,,,
2947,1396,1,40,4,9900,,,-3,,,,,,2845,0,,,,,,,
2948,1397,1,8,6,9960,,,-3,,,,,,2846,0,,,,,,,
2949,1397,1,206,10,9960,,,-3,,,,,,2847,0,,,,,,,
2950,1397,1,18,10,9960,,,-3,,,,,,2848,0,,,,,,,
2951,1398,1,16,8,9960,,,-3,,,,,,2849,0,,,,,,,
2952,1398,1,331,3,9960,,,-3,,,,,,2850,0,,,,,,,
2953,1398,1,9,4,9960,,,-3,,,,,,2851,0,,,,,,,
2954,1398,1,391,1,9960,,,-3,,,,,,2852,0,,,,,,,
2955,1398,1,107,6,9960,,,-3,,,,,,2853,0,,,,,,,
2956,1399,1,156,8,9960,,,-3,,,,,,2854,0,,,,,,,
2957,1400,1,246,4,9960,,,-3,,,,,,2855,0,,,,,,,
2958,1401,1,29,4,9960,,,-3,,,,,,2856,0,,,,,,,
2959,1401,1,378,8,9960,,,-3,,,,,,2857,0,,,,,,,
2960,1402,1,105,10,9960,,,-3,,,,,,2858,0,,,,,,,
2961,1402,1,12,8,9960,,,-3,,,,,,2859,0,,,,,,,
2962,1402,1,274,6,9960,,,-3,,,,,,2860,0,,,,,,,
2963,1402,1,27,8,9960,,,-3,,,,,,2861,0,,,,,,,
2964,1403,1,249,9,9960,,,-3,,,,,,2862,0,,,,,,,
2965,1403,1,105,8,9960,,,-3,,,,,,2863,0,,,,,,,
2966,1404,1,10,4,9960,,,-3,,,,,,2864,0,,,,,,,
2967,1405,1,412,7,9960,,,-3,,,,,,2865,0,,,,,,,
2968,1406,1,33,4,10020,,,-3,,,,,,2866,0,,,,,,,
2969,1406,1,1,10,10020,,,-3,,,,,,2867,0,,,,,,,
2970,1407,1,394,4,10020,,,-3,,,,,,2868,0,,,,,,,
2971,1408,1,56,6,10020,,,-3,,,,,,2869,0,,,,,,,
2972,1408,1,47,6,10020,,,-3,,,,,,2870,0,,,,,,,
2973,1408,1,196,4,10020,,,-3,,,,,,2871,0,,,,,,,
2974,1408,1,35,2,10020,,,-3,,,,,,2872,0,,,,,,,
2975,1409,1,221,8,10020,,,-3,,,,,,2873,0,,,,,,,
2976,1409,1,250,9,10020,,,-3,,,,,,2874,0,,,,,,,
2977,1409,1,10,8,10020,,,-3,,,,,,2875,0,,,,,,,
2978,1409,1,377,9,10020,,,-3,,,,,,2876,0,,,,,,,
2979,1410,1,394,9,10020,,,-3,,,,,,2877,0,,,,,,,
2980,1410,1,432,6,10020,,,-3,,,,,,2878,0,,,,,,,
2981,1410,1,81,5,10020,,,-3,,,,,,2879,0,,,,,,,
2982,1411,1,150,6,10020,,,-3,,,,,,2880,0,,,,,,,
2983,1411,1,19,8,10020,,,-3,,,,,,2881,0,,,,,,,
2984,1411,1,386,8,10020,,,-3,,,,,,2882,0,,,,,,,
2985,1411,1,1,5,10020,,,-3,,,,,,2883,0,,,,,,,
2986,1412,1,218,11,10020,,,-3,,,,,,2884,0,,,,,,,
2987,1413,1,351,3,10020,,,-3,,,,,,2885,0,,,,,,,
2988,1413,1,45,7,10020,,,-3,,,,,,2886,0,,,,,,,
2989,1413,1,15,6,10020,,,-3,,,,,,2887,0,,,,,,,
2990,1413,1,217,4,10020,,,-3,,,,,,2888,0,,,,,,,
2991,1414,1,378,1,10080,,,-3,,,,,,2889,0,,,,,,,
2992,1414,1,58,4,10080,,,-3,,,,,,2890,0,,,,,,,
2993,1415,1,125,12,10080,,,-3,,,,,,2891,0,,,,,,,
2994,1415,1,4,2,10080,,,-3,,,,,,2892,0,,,,,,,
2995,1416,1,333,9,10080,,,-3,,,,,,2893,0,,,,,,,
2996,1416,1,35,4,10080,,,-3,,,,,,2894,0,,,,,,,
2997,1416,1,25,7,10080,,,-3,,,,,,2895,0,,,,,,,
2998,1416,1,81,9,10080,,,-3,,,,,,2896,0,,,,,,,
2999,1417,1,8,8,10080,,,-3,,,,,,2897,0,,,,,,,
3000,1418,1,90,3,10080,,,-3,,,,,,2898,0,,,,,,,
3001,1418,1,338,4,10080,,,-3,,,,,,2899,0,,,,,,,
3002,1419,1,42,6,10080,,,-3,,,,,,2900,0,,,,,,,
3003,1419,1,176,9,10080,,,-3,,,,,,2901,0,,,,,,,
3004,1419,1,182,6,10080,,,-3,,,,,,2902,0,,,,,,,
3005,1420,1,93,4,10080,,,-3,,,,,,2903,0,,,,,,,
3006,1420,1,43,5,10080,,,-3,,,,,,2904,0,,,,,,,
3007,1421,1,392,6,10080,,,-3,,,,,,2905,0,,,,,,,
3008,1422,1,94,3,10080,,,-3,,,,,,2906,0,,,,,,,
3009,1422,1,0,5,10080,,,-3,,,,,,2907,0,,,,,,,
3010,1423,1,84,4,10080,,,-3,,,,,,2908,0,,,,,,,
3011,1423,1,310,2,10080,,,-3,,,,,,2909,0,,,,,,,
3012,1424,1,11,9,10080,,,-3,,,,,,2910,0,,,,,,,
3013,1425,1,336,2,10080,,,-3,,,,,,2911,0,,,,,,,
3014,1426,1,140,4,10080,,,-3,,,,,,2912,0,,,,,,,
3015,1427,1,363,8,10080,,,-3,,,,,,2913,0,,,,,,,
3016,1427,1,13,5,10080,,,-3,,,,,,2914,0,,,,,,,
3017,1427,1,22,10,10080,,,-3,,,,,,2915,0,,,,,,,
3018,1427,1,4,8,10080,,,-3,,,,,,2916,0,,,,,,,
3019,1427,1,31,2,10080,,,-3,,,,,,2917,0,,,,,,,
3020,1428,1,208,5,10140,,,-3,,,,,,2918,0,,,,,,,
3021,1428,1,361,8,10140,,,-3,,,,,,2919,0,,,,,,,
3022,1429,1,261,10,10140,,,-3,,,,,,2920,0,,,,,,,
3023,1430,1,125,6,10140,,,-3,,,,,,2921,0,,,,,,,
3024,1431,1,32,9,10140,,,-3,,,,,,2922,0,,,,,,,
3025,1431,1,2,9,10140,,,-3,,,,,,2923,0,,,,,,,
3026,1431,1,14,11,10140,,,-3,,,,,,2924,0,,,,,,,
3027,1431,1,280,9,10140,,,-3,,,,,,2925,0,,,,,,,
3028,1432,1,222,3,10140,,,-3,,,,,,2926,0,,,,,,,
3029,1433,1,61,4,10140,,,-3,,,,,,2927,0,,,,,,,
3030,1433,1,1,6,10140,,,-3,,,,,,2928,0,,,,,,,
3031,1433,1,30,7,10140,,,-3,,,,,,2929,0,,,,,,,
3032,1433,1,380,8,10140,,,-3,,,,,,2930,0,,,,,,,
3033,1433,1,310,2,10140,,,-3,,,,,,2931,0,,,,,,,
3034,1433,1,344,6,10140,,,-3,,,,,,2932,0,,,,,,,
3035,1433,1,13,6,10140,,,-3,,,,,,2933,0,,,,,,,
3036,1434,1,7,7,10140,,,-3,,,,,,2934,0,,,,,,,
3037,1435,1,95,10,10140,,,-3,,,,,,2935,0,,,,,,,
3038,1435,1,51,12,10140,,,-3,,,,,,2936,0,,,,,,,
3039,1435,1,125,8,10140,,,-3,,,,,,2937,0,,,,,,,
3040,1436,1,38,5,10140,,,-3,,,,,,2938,0,,,,,,,
3041,1437,1,109,9,10140,,,-3,,,,,,2939,0,,,,,,,
3042,1438,1,10,3,10200,,,-3,,,,,,2940,0,,,,,,,
3043,1439,1,42,9,10200,,,-3,,,,,,2941,0,,,,,,,
3044,1440,1,17,4,10200,,,-3,,,,,,2942,0,,,,,,,
3045,1440,1,173,3,10200,,,-3,,,,,,2943,0,,,,,,,
3046,1441,1,8,5,10260,,,-3,,,,,,2944,0,,,,,,,
3047,1442,1,46,10,10260,,,-3,,,,,,2945,0,,,,,,,
3048,1443,1,9,8,10260,,,-3,,,,,,2946,0,,,,,,,
3049,1443,1,7,6,10260,,,-3,,,,,,2947,0,,,,,,,
3050,1443,1,33,9,10260,,,-3,,,,,,2948,0,,,,,,,
3051,1443,1,161,6,10260,,,-3,,,,,,2949,0,,,,,,,
3052,1443,1,3,4,10260,,,-3,,,,,,2950,0,,,,,,,
3053,1443,1,43,7,10260,,,-3,,,,,,2951,0,,,,,,,
3054,1443,1,32,8,10260,,,-3,,,,,,2952,0,,,,,,,
3055,1444,1,225,10,10320,,,-3,,,,,,2953,0,,,,,,,
3056,1444,1,104,1,10320,,,-3,,,,,,2954,0,,,,,,,
3057,1445,1,196,8,10320,,,-3,,,,,,2955,0,,,,,,,
3058,1445,1,1,4,10320,,,-3,,,,,,2956,0,,,,,,,
3059,1446,1,484,6,10320,,,-3,,,,,,2957,0,,,,,,,
3060,1447,1,50,2,10320,,,-3,,,,,,2958,0,,,,,,,
3061,1448,1,319,10,10320,,,-3,,,,,,2959,0,,,,,,,
3062,1449,1,42,6,10320,,,-3,,,,,,2960,0,,,,,,,
3063,1449,1,18,2,10320,,,-3,,,,,,2961,0,,,,,,,
3064,1449,1,21,6,10320,,,-3,,,,,,2962,0,,,,,,,
3065,1450,1,28,7,10320,,,-3,,,,,,2963,0,,,,,,,
3066,1450,1,0,2,10320,,,-3,,,,,,2964,0,,,,,,,
3067,1450,1,44,7,10320,,,-3,,,,,,2965,0,,,,,,,
3068,1450,1,52,4,10320,,,-3,,,,,,2966,0,,,,,,,
3069,1451,1,29,11,10320,,,-3,,,,,,2967,0,,,,,,,
3070,1452,1,400,11,10320,,,-3,,,,,,2968,0,,,,,,,
3071,1452,1,130,8,10320,,,-3,,,,,,2969,0,,,,,,,
3072,1452,1,1,4,10320,,,-3,,,,,,2970,0,,,,,,,
3073,1452,1,5,4,10320,,,-3,,,,,,2971,0,,,,,,,
3074,1452,1,387,2,10320,,,-3,,,,,,2972,0,,,,,,,
3075,1452,1,8,6,10320,,,-3,,,,,,2973,0,,,,,,,
3076,1453,1,44,5,10320,,,-3,,,,,,2974,0,,,,,,,
3077,1454,1,10,8,10320,,,-3,,,,,,2975,0,,,,,,,
3078,1455,1,137,4,10320,,,-3,,,,,,2976,0,,,,,,,
3079,1456,1,71,10,10320,,,-3,,,,,,2977,0,,,,,,,
3080,1456,1,1,10,10320,,,-3,,,,,,2978,0,,,,,,,
3081,1457,1,253,9,10320,,,-3,,,,,,2979,0,,,,,,,
3082,1458,1,48,3,10380,,,-3,,,,,,2980,0,,,,,,,
3083,1458,1,163,6,10380,,,-3,,,,,,2981,0,,,,,,,
3084,1458,1,44,6,10380,,,-3,,,,,,2982,0,,,,,,,
3085,1459,1,2,12,10380,,,-3,,,,,,2983,0,,,,,,,
3086,1460,1,96,1,10380,,,-3,,,,,,2984,0,,,,,,,
3087,1461,1,310,6,10380,,,-3,,,,,,2985,0,,,,,,,
3088,1462,1,301,6,10380,,,-3,,,,,,2986,0,,,,,,,
3089,1463,1,114,2,10380,,,-3,,,,,,2987,0,,,,,,,
3090,1463,1,7,6,10380,,,-3,,,,,,2988,0,,,,,,,
3091,1463,1,257,6,10380,,,-3,,,,,,2989,0,,,,,,,
3092,1463,1,20,3,10380,,,-3,,,,,,2990,0,,,,,,,
3093,1464,1,343,10,10380,,,-3,,,,,,2991,0,,,,,,,
3094,1464,1,116,2,10380,,,-3,,,,,,2992,0,,,,,,,
3095,1464,1,33,6,10380,,,-3,,,,,,2993,0,,,,,,,
3096,1464,1,209,10,10380,,,-3,,,,,,2994,0,,,,,,,
3097,1464,1,148,3,10380,,,-3,,,,,,2995,0,,,,,,,
3098,1464,1,17,5,10380,,,-3,,,,,,2996,0,,,,,,,
3099,1465,1,149,1,10380,,,-3,,,,,,2997,0,,,,,,,
3100,1466,1,286,5,10380,,,-3,,,,,,2998,0,,,,,,,
3101,1467,1,94,7,10380,,,-3,,,,,,2999,0,,,,,,,
3102,1468,1,10,4,10440,,,-3,,,,,,3000,0,,,,,,,
3103,1468,1,20,8,10440,,,-3,,,,,,3001,0,,,,,,,
3104,1468,1,23,6,10440,,,-3,,,,,,3002,0,,,,,,,
3105,1468,1,68,11,10440,,,-3,,,,,,3003,0,,,,,,,
3106,1468,1,114,5,10440,,,-3,,,,,,3004,0,,,,,,,
3107,1468,1,231,8,10440,,,-3,,,,,,3005,0,,,,,,,
3108,1469,1,19,7,10440,,,-3,,,,,,3006,0,,,,,,,
3109,1469,1,40,7,10440,,,-3,,,,,,3007,0,,,,,,,
3110,1470,1,116,6,10440,,,-3,,,,,,3008,0,,,,,,,
3111,1471,1,139,4,10440,,,-3,,,,,,3009,0,,,,,,,
3112,1471,1,183,10,10440,,,-3,,,,,,3010,0,,,,,,,
3113,1471,1,23,5,10440,,,-3,,,,,,3011,0,,,,,,,
3114,1471,1,123,4,10440,,,-3,,,,,,3012,0,,,,,,,
3115,1471,1,19,9,10440,,,-3,,,,,,3013,0,,,,,,,
3116,1472,1,13,7,10440,,,-3,,,,,,3014,0,,,,,,,
3117,1472,1,9,8,10440,,,-3,,,,,,3015,0,,,,,,,
3118,1473,1,327,8,10440,,,-3,,,,,,3016,0,,,,,,,
3119,1474,1,129,8,10440,,,-3,,,,,,3017,0,,,,,,,
3120,1475,1,107,6,10500,,,-3,,,,,,3018,0,,,,,,,
3121,1476,1,3,4,10500,,,-3,,,,,,3019,0,,,,,,,
3122,1476,1,1,5,10500,,,-3,,,,,,3020,0,,,,,,,
3123,1476,1,31,9,10500,,,-3,,,,,,3021,0,,,,,,,
3124,1476,1,42,12,10500,,,-3,,,,,,3022,0,,,,,,,
3125,1476,1,149,1,10500,,,-3,,,,,,3023,0,,,,,,,
3126,1476,1,122,8,10500,,,-3,,,,,,3024,0,,,,,,,
3127,1476,1,405,10,10500,,,-3,,,,,,3025,0,,,,,,,
3128,1477,1,36,7,10500,,,-3,,,,,,3026,0,,,,,,,
3129,1477,1,14,4,10500,,,-3,,,,,,3027,0,,,,,,,
3130,1477,1,193,9,10500,,,-3,,,,,,3028,0,,,,,,,
3131,1477,1,64,8,10500,,,-3,,,,,,3029,0,,,,,,,
3132,1478,1,152,9,10500,,,-3,,,,,,3030,0,,,,,,,
3133,1479,1,242,7,10500,,,-3,,,,,,3031,0,,,,,,,
3134,1480,1,9,5,10500,,,-3,,,,,,3032,0,,,,,,,
3135,1480,1,35,4,10500,,,-3,,,,,,3033,0,,,,,,,
3136,1480,1,48,4,10500,,,-3,,,,,,3034,0,,,,,,,
3137,1481,1,253,6,10500,,,-3,,,,,,3035,0,,,,,,,
3138,1482,1,41,6,10500,,,-3,,,,,,3036,0,,,,,,,
3139,1482,1,194,6,10500,,,-3,,,,,,3037,0,,,,,,,
3140,1483,1,158,9,10500,,,-3,,,,,,3038,0,,,,,,,
3141,1483,1,1,6,10500,,,-3,,,,,,3039,0,,,,,,,
3142,1484,1,23,6,10500,,,-3,,,,,,3040,0,,,,,,,
3143,1484,1,8,9,10500,,,-3,,,,,,3041,0,,,,,,,
3144,1485,1,27,5,10500,,,-3,,,,,,3042,0,,,,,,,
3145,1485,1,1,8,10500,,,-3,,,,,,3043,0,,,,,,,
3146,1486,1,372,8,10500,,,-3,,,,,,3044,0,,,,,,,
3147,1486,1,114,6,10500,,,-3,,,,,,3045,0,,,,,,,
3148,1487,1,8,7,10500,,,-3,,,,,,3046,0,,,,,,,
3149,1487,1,114,8,10500,,,-3,,,,,,3047,0,,,,,,,
3150,1488,1,166,6,10500,,,-3,,,,,,3048,0,,,,,,,
3151,1489,1,149,8,10500,,,-3,,,,,,3049,0,,,,,,,
3152,1490,1,463,9,10500,,,-3,,,,,,3050,0,,,,,,,
3153,1491,1,23,5,10500,,,-3,,,,,,3051,0,,,,,,,
3154,1492,1,12,7,10500,,,-3,,,,,,3052,0,,,,,,,
3155,1493,1,419,5,10500,,,-3,,,,,,3053,0,,,,,,,
3156,1494,1,217,10,10500,,,-3,,,,,,3054,0,,,,,,,
3157,1494,1,154,2,10500,,,-3,,,,,,3055,0,,,,,,,
3158,1494,1,14,8,10500,,,-3,,,,,,3056,0,,,,,,,
3159,1495,1,35,1,10560,,,-3,,,,,,3057,0,,,,,,,
3160,1496,1,2,7,10560,,,-3,,,,,,3058,0,,,,,,,
3161,1496,1,225,4,10560,,,-3,,,,,,3059,0,,,,,,,
3162,1496,1,11,3,10560,,,-3,,,,,,3060,0,,,,,,,
3163,1497,1,7,1,10560,,,-3,,,,,,3061,0,,,,,,,
3164,1497,1,24,7,10560,,,-3,,,,,,3062,0,,,,,,,
3165,1498,1,18,9,10560,,,-3,,,,,,3063,0,,,,,,,
3166,1498,1,123,6,10560,,,-3,,,,,,3064,0,,,,,,,
3167,1499,1,171,4,10560,,,-3,,,,,,3065,0,,,,,,,
3168,1499,1,2,11,10560,,,-3,,,,,,3066,0,,,,,,,
3169,1499,1,4,4,10560,,,-3,,,,,,3067,0,,,,,,,
3170,1499,1,12,9,10560,,,-3,,,,,,3068,0,,,,,,,
3171,1499,1,68,6,10560,,,-3,,,,,,3069,0,,,,,,,
3172,1500,1,11,5,10620,,,-3,,,,,,3070,0,,,,,,,
3173,1501,1,27,9,10620,,,-3,,,,,,3071,0,,,,,,,
3174,1501,1,2,9,10620,,,-3,,,,,,3072,0,,,,,,,
3175,1502,1,2,4,10620,,,-3,,,,,,3073,0,,,,,,,
3176,1502,1,239,6,10620,,,-3,,,,,,3074,0,,,,,,,
3177,1503,1,189,10,10620,,,-3,,,,,,3075,0,,,,,,,
3178,1504,1,110,6,10620,,,-3,,,,,,3076,0,,,,,,,
3179,1504,1,47,6,10620,,,-3,,,,,,3077,0,,,,,,,
3180,1504,1,6,7,10620,,,-3,,,,,,3078,0,,,,,,,
3181,1504,1,102,11,10620,,,-3,,,,,,3079,0,,,,,,,
3182,1504,1,8,6,10620,,,-3,,,,,,3080,0,,,,,,,
3183,1504,1,34,2,10620,,,-3,,,,,,3081,0,,,,,,,
3184,1504,1,3,8,10620,,,-3,,,,,,3082,0,,,,,,,
3185,1504,1,54,8,10620,,,-3,,,,,,3083,0,,,,,,,
3186,1505,1,93,7,10620,,,-3,,,,,,3084,0,,,,,,,
3187,1505,1,27,1,10620,,,-3,,,,,,3085,0,,,,,,,
3188,1506,1,201,4,10620,,,-3,,,,,,3086,0,,,,,,,
3189,1506,1,408,4,10620,,,-3,,,,,,3087,0,,,,,,,
3190,1507,1,223,5,10620,,,-3,,,,,,3088,0,,,,,,,
3191,1507,1,13,2,10620,,,-3,,,,,,3089,0,,,,,,,
3192,1508,1,45,6,10620,,,-3,,,,,,3090,0,,,,,,,
3193,1509,1,36,2,10620,,,-3,,,,,,3091,0,,,,,,,
3194,1509,1,20,10,10620,,,-3,,,,,,3092,0,,,,,,,
3195,1509,1,120,7,10620,,,-3,,,,,,3093,0,,,,,,,
3196,1509,1,186,9,10620,,,-3,,,,,,3094,0,,,,,,,
3197,1510,1,275,4,10620,,,-3,,,,,,3095,0,,,,,,,
3198,1510,1,31,9,10620,,,-3,,,,,,3096,0,,,,,,,
3199,1510,1,198,5,10620,,,-3,,,,,,3097,0,,,,,,,
3200,1510,1,0,11,10620,,,-3,,,,,,3098,0,,,,,,,
3201,1511,1,125,8,10620,,,-3,,,,,,3099,0,,,,,,,
3202,1511,1,124,6,10620,,,-3,,,,,,3100,0,,,,,,,
3203,1511,1,310,6,10620,,,-3,,,,,,3101,0,,,,,,,
3204,1511,1,37,8,10620,,,-3,,,,,,3102,0,,,,,,,
3205,1512,1,320,4,10680,,,-3,,,,,,3103,0,,,,,,,
3206,1512,1,115,11,10680,,,-3,,,,,,3104,0,,,,,,,
3207,1513,1,219,6,10680,,,-3,,,,,,3105,0,,,,,,,
3208,1514,1,19,6,10680,,,-3,,,,,,3106,0,,,,,,,
3209,1515,1,194,6,10740,,,-3,,,,,,3107,0,,,,,,,
3210,1515,1,106,6,10740,,,-3,,,,,,3108,0,,,,,,,
3211,1515,1,62,12,10740,,,-3,,,,,,3109,0,,,,,,,
3212,1515,1,296,5,10740,,,-3,,,,,,3110,0,,,,,,,
3213,1516,1,8,6,10740,,,-3,,,,,,3111,0,,,,,,,
3214,1517,1,147,10,10740,,,-3,,,,,,3112,0,,,,,,,
3215,1517,1,133,9,10740,,,-3,,,,,,3113,0,,,,,,,
3216,1518,1,14,1,10740,,,-3,,,,,,3114,0,,,,,,,
3217,1519,1,137,10,10740,,,-3,,,,,,3115,0,,,,,,,
3218,1520,1,376,9,10740,,,-3,,,,,,3116,0,,,,,,,
3219,1520,1,10,8,10740,,,-3,,,,,,3117,0,,,,,,,
3220,1520,1,423,12,10740,,,-3,,,,,,3118,0,,,,,,,
3221,1521,1,7,6,10800,,,-3,,,,,,3119,0,,,,,,,
3222,1522,1,12,11,10800,,,-3,,,,,,3120,0,,,,,,,
3223,1523,1,66,10,10860,,,-3,,,,,,3121,0,,,,,,,
3224,1524,1,0,4,10860,,,-3,,,,,,3122,0,,,,,,,
3225,1525,1,39,10,10860,,,-3,,,,,,3123,0,,,,,,,
3226,1525,1,6,5,10860,,,-3,,,,,,3124,0,,,,,,,
3227,1526,1,29,8,10860,,,-3,,,,,,3125,0,,,,,,,
3228,1526,1,1,5,10860,,,-3,,,,,,3126,0,,,,,,,
3229,1526,1,2,6,10860,,,-3,,,,,,3127,0,,,,,,,
3230,1526,1,303,10,10860,,,-3,,,,,,3128,0,,,,,,,
3231,1526,1,33,6,10860,,,-3,,,,,,3129,0,,,,,,,
3232,1527,1,94,8,10860,,,-3,,,,,,3130,0,,,,,,,
3233,1528,1,12,9,10860,,,-3,,,,,,3131,0,,,,,,,
3234,1529,1,157,5,10920,,,-3,,,,,,3132,0,,,,,,,
3235,1529,1,100,4,10920,,,-3,,,,,,3133,0,,,,,,,
3236,1529,1,16,8,10920,,,-3,,,,,,3134,0,,,,,,,
3237,1530,1,30,10,10920,,,-3,,,,,,3135,0,,,,,,,
3238,1531,1,140,6,10920,,,-3,,,,,,3136,0,,,,,,,
3239,1531,1,396,6,10920,,,-3,,,,,,3137,0,,,,,,,
3240,1532,1,43,4,10920,,,-3,,,,,,3138,0,,,,,,,
3241,1532,1,402,12,10920,,,-3,,,,,,3139,0,,,,,,,
3242,1533,1,414,2,10920,,,-3,,,,,,3140,0,,,,,,,
3243,1534,1,336,6,10920,,,-3,,,,,,3141,0,,,,,,,
3244,1534,1,13,8,10920,,,-3,,,,,,3142,0,,,,,,,
3245,1535,1,44,6,10920,,,-3,,,,,,3143,0,,,,,,,
3246,1536,1,109,8,10920,,,-3,,,,,,3144,0,,,,,,,
3247,1536,1,16,3,10920,,,-3,,,,,,3145,0,,,,,,,
3248,1537,1,0,2,10920,,,-3,,,,,,3146,0,,,,,,,
3249,1538,1,47,8,10920,,,-3,,,,,,3147,0,,,,,,,
3250,1539,1,100,10,10920,,,-3,,,,,,3148,0,,,,,,,
3251,1540,1,9,11,10920,,,-3,,,,,,3149,0,,,,,,,
3252,1541,1,32,4,10980,,,-3,,,,,,3150,0,,,,,,,
3253,1542,1,487,8,10980,,,-3,,,,,,3151,0,,,,,,,
3254,1542,1,40,8,10980,,,-3,,,,,,3152,0,,,,,,,
3255,1542,1,64,5,10980,,,-3,,,,,,3153,0,,,,,,,
3256,1542,1,396,8,10980,,,-3,,,,,,3154,0,,,,,,,
3257,1543,1,4,7,10980,,,-3,,,,,,3155,0,,,,,,,
3258,1543,1,92,7,10980,,,-3,,,,,,3156,0,,,,,,,
3259,1544,1,3,6,10980,,,-3,,,,,,3157,0,,,,,,,
3260,1545,1,32,7,10980,,,-3,,,,,,3158,0,,,,,,,
3261,1546,1,9,5,10980,,,-3,,,,,,3159,0,,,,,,,
3262,1546,1,4,9,10980,,,-3,,,,,,3160,0,,,,,,,
3263,1546,1,2,6,10980,,,-3,,,,,,3161,0,,,,,,,
3264,1547,1,123,3,11040,,,-3,,,,,,3162,0,,,,,,,
3265,1547,1,128,3,11040,,,-3,,,,,,3163,0,,,,,,,
3266,1548,1,122,12,11040,,,-3,,,,,,3164,0,,,,,,,
3267,1548,1,245,8,11040,,,-3,,,,,,3165,0,,,,,,,
3268,1549,1,7,7,11040,,,-3,,,,,,3166,0,,,,,,,
3269,1549,1,51,7,11040,,,-3,,,,,,3167,0,,,,,,,
3270,1549,1,386,10,11040,,,-3,,,,,,3168,0,,,,,,,
3271,1550,1,133,5,11040,,,-3,,,,,,3169,0,,,,,,,
3272,1550,1,49,8,11040,,,-3,,,,,,3170,0,,,,,,,
3273,1551,1,8,8,11040,,,-3,,,,,,3171,0,,,,,,,
3274,1551,1,323,3,11040,,,-3,,,,,,3172,0,,,,,,,
3275,1551,1,47,6,11040,,,-3,,,,,,3173,0,,,,,,,
3276,1551,1,123,1,11040,,,-3,,,,,,3174,0,,,,,,,
3277,1552,1,176,4,11040,,,-3,,,,,,3175,0,,,,,,,
3278,1553,1,100,6,11040,,,-3,,,,,,3176,0,,,,,,,
3279,1554,1,29,3,11100,,,-3,,,,,,3177,0,,,,,,,
3280,1554,1,217,4,11100,,,-3,,,,,,3178,0,,,,,,,
3281,1555,1,138,10,11100,,,-3,,,,,,3179,0,,,,,,,
3282,1555,1,24,8,11100,,,-3,,,,,,3180,0,,,,,,,
3283,1555,1,23,6,11100,,,-3,,,,,,3181,0,,,,,,,
3284,1555,1,12,8,11100,,,-3,,,,,,3182,0,,,,,,,
3285,1556,1,170,6,11100,,,-3,,,,,,3183,0,,,,,,,
3286,1556,1,431,6,11100,,,-3,,,,,,3184,0,,,,,,,
3287,1556,1,67,5,11100,,,-3,,,,,,3185,0,,,,,,,
3288,1556,1,37,5,11100,,,-3,,,,,,3186,0,,,,,,,
3289,1556,1,30,6,11100,,,-3,,,,,,3187,0,,,,,,,
3290,1556,1,9,4,11100,,,-3,,,,,,3188,0,,,,,,,
3291,1556,1,91,6,11100,,,-3,,,,,,3189,0,,,,,,,
3292,1556,1,29,11,11100,,,-3,,,,,,3190,0,,,,,,,
3293,1557,1,176,11,11100,,,-3,,,,,,3191,0,,,,,,,
3294,1558,1,273,7,11100,,,-3,,,,,,3192,0,,,,,,,
3295,1559,1,27,9,11100,,,-3,,,,,,3193,0,,,,,,,
3296,1559,1,136,10,11100,,,-3,,,,,,3194,0,,,,,,,
3297,1560,1,102,4,11100,,,-3,,,,,,3195,0,,,,,,,
3298,1561,1,208,3,11100,,,-3,,,,,,3196,0,,,,,,,
3299,1562,1,47,10,11160,,,-3,,,,,,3197,0,,,,,,,
3300,1563,1,12,8,11160,,,-3,,,,,,3198,0,,,,,,,
3301,1564,1,76,2,11160,,,-3,,,,,,3199,0,,,,,,,
3302,1565,1,40,10,11160,,,-3,,,,,,3200,0,,,,,,,
3303,1565,1,258,6,11160,,,-3,,,,,,3201,0,,,,,,,
3304,1566,1,86,3,11160,,,-3,,,,,,3202,0,,,,,,,
3305,1567,1,151,5,11160,,,-3,,,,,,3203,0,,,,,,,
3306,1568,1,66,9,11160,,,-3,,,,,,3204,0,,,,,,,
3307,1569,1,77,7,11160,,,-3,,,,,,3205,0,,,,,,,
3308,1569,1,187,7,11160,,,-3,,,,,,3206,0,,,,,,,
3309,1570,1,28,2,11160,,,-3,,,,,,3207,0,,,,,,,
3310,1571,1,93,6,11160,,,-3,,,,,,3208,0,,,,,,,
3311,1572,1,263,6,11220,,,-3,,,,,,3209,0,,,,,,,
3312,1573,1,494,7,11220,,,-3,,,,,,3210,0,,,,,,,
3313,1573,1,15,3,11220,,,-3,,,,,,3211,0,,,,,,,
3314,1573,1,104,8,11220,,,-3,,,,,,3212,0,,,,,,,
3315,1574,1,178,10,11220,,,-3,,,,,,3213,0,,,,,,,
3316,1574,1,1,7,11220,,,-3,,,,,,3214,0,,,,,,,
3317,1575,1,119,9,11220,,,-3,,,,,,3215,0,,,,,,,
3318,1575,1,2,7,11220,,,-3,,,,,,3216,0,,,,,,,
3319,1575,1,468,6,11220,,,-3,,,,,,3217,0,,,,,,,
3320,1575,1,31,2,11220,,,-3,,,,,,3218,0,,,,,,,
3321,1576,1,119,1,11220,,,-3,,,,,,3219,0,,,,,,,
3322,1577,1,480,2,11220,,,-3,,,,,,3220,0,,,,,,,
3323,1577,1,127,7,11220,,,-3,,,,,,3221,0,,,,,,,
3324,1577,1,79,4,11220,,,-3,,,,,,3222,0,,,,,,,
3325,1578,1,0,2,11220,,,-3,,,,,,3223,0,,,,,,,
3326,1578,1,30,7,11220,,,-3,,,,,,3224,0,,,,,,,
3327,1578,1,185,8,11220,,,-3,,,,,,3225,0,,,,,,,
3328,1579,1,183,4,11220,,,-3,,,,,,3226,0,,,,,,,
3329,1579,1,178,6,11220,,,-3,,,,,,3227,0,,,,,,,
3330,1580,1,129,8,11220,,,-3,,,,,,3228,0,,,,,,,
3331,1581,1,343,10,11220,,,-3,,,,,,3229,0,,,,,,,
3332,1581,1,103,3,11220,,,-3,,,,,,3230,0,,,,,,,
3333,1582,1,219,5,11220,,,-3,,,,,,3231,0,,,,,,,
3334,1582,1,49,8,11220,,,-3,,,,,,3232,0,,,,,,,
3335,1583,1,133,6,11220,,,-3,,,,,,3233,0,,,,,,,
3336,1584,1,421,3,11220,,,-3,,,,,,3234,0,,,,,,,
3337,1585,1,11,9,11280,,,-3,,,,,,3235,0,,,,,,,
3338,1586,1,44,7,11280,,,-3,,,,,,3236,0,,,,,,,
3339,1586,1,358,4,11280,,,-3,,,,,,3237,0,,,,,,,
3340,1586,1,85,7,11280,,,-3,,,,,,3238,0,,,,,,,
3341,1586,1,40,4,11280,,,-3,,,,,,3239,0,,,,,,,
3342,1587,1,127,1,11280,,,-3,,,,,,3240,0,,,,,,,
3343,1588,1,35,12,11280,,,-3,,,,,,3241,0,,,,,,,
3344,1589,1,76,12,11280,,,-3,,,,,,3242,0,,,,,,,
3345,1590,1,332,8,11280,,,-3,,,,,,3243,0,,,,,,,
3346,1591,1,31,8,11280,,,-3,,,,,,3244,0,,,,,,,
3347,1591,1,155,4,11280,,,-3,,,,,,3245,0,,,,,,,
3348,1591,1,157,10,11280,,,-3,,,,,,3246,0,,,,,,,
3349,1592,1,0,4,11280,,,-3,,,,,,3247,0,,,,,,,
3350,1592,1,135,4,11280,,,-3,,,,,,3248,0,,,,,,,
3351,1592,1,13,4,11280,,,-3,,,,,,3249,0,,,,,,,
3352,1592,1,168,8,11280,,,-3,,,,,,3250,0,,,,,,,
3353,1592,1,25,9,11280,,,-3,,,,,,3251,0,,,,,,,
3354,1592,1,66,4,11280,,,-3,,,,,,3252,0,,,,,,,
3355,1592,1,125,7,11280,,,-3,,,,,,3253,0,,,,,,,
3356,1592,1,113,1,11280,,,-3,,,,,,3254,0,,,,,,,
3357,1593,1,35,10,11280,,,-3,,,,,,3255,0,,,,,,,
3358,1593,1,33,7,11280,,,-3,,,,,,3256,0,,,,,,,
3359,1593,1,7,10,11280,,,-3,,,,,,3257,0,,,,,,,
3360,1593,1,0,3,11280,,,-3,,,,,,3258,0,,,,,,,
3361,1593,1,50,2,11280,,,-3,,,,,,3259,0,,,,,,,
3362,1594,1,393,7,11340,,,-3,,,,,,3260,0,,,,,,,
3363,1594,1,39,12,11340,,,-3,,,,,,3261,0,,,,,,,
3364,1594,1,442,5,11340,,,-3,,,,,,3262,0,,,,,,,
3365,1594,1,47,8,11340,,,-3,,,,,,3263,0,,,,,,,
3366,1595,1,127,8,11340,,,-3,,,,,,3264,0,,,,,,,
3367,1595,1,14,6,11340,,,-3,,,,,,3265,0,,,,,,,
3368,1595,1,2,7,11340,,,-3,,,,,,3266,0,,,,,,,
3369,1595,1,47,3,11340,,,-3,,,,,,3267,0,,,,,,,
3370,1595,1,52,3,11340,,,-3,,,,,,3268,0,,,,,,,
3371,1595,1,164,7,11340,,,-3,,,,,,3269,0,,,,,,,
3372,1596,1,366,7,11340,,,-3,,,,,,3270,0,,,,,,,
3373,1596,1,26,11,11340,,,-3,,,,,,3271,0,,,,,,,
3374,1596,1,71,11,11340,,,-3,,,,,,3272,0,,,,,,,
3375,1596,1,472,10,11340,,,-3,,,,,,3273,0,,,,,,,
3376,1597,1,21,4,11340,,,-3,,,,,,3274,0,,,,,,,
3377,1597,1,35,9,11340,,,-3,,,,,,3275,0,,,,,,,
3378,1598,1,20,4,11340,,,-3,,,,,,3276,0,,,,,,,
3379,1598,1,3,11,11340,,,-3,,,,,,3277,0,,,,,,,
3380,1599,1,44,6,11340,,,-3,,,,,,3278,0,,,,,,,
3381,1599,1,0,7,11340,,,-3,,,,,,3279,0,,,,,,,
3382,1599,1,115,7,11340,,,-3,,,,,,3280,0,,,,,,,
3383,1599,1,29,12,11340,,,-3,,,,,,3281,0,,,,,,,
3384,1600,1,4,12,11340,,,-3,,,,,,3282,0,,,,,,,
3385,1601,1,39,4,11400,,,-3,,,,,,3283,0,,,,,,,
3386,1601,1,484,8,11400,,,-3,,,,,,3284,0,,,,,,,
3387,1601,1,0,8,11400,,,-3,,,,,,3285,0,,,,,,,
3388,1601,1,35,6,11400,,,-3,,,,,,3286,0,,,,,,,
3389,1602,1,44,8,11400,,,-3,,,,,,3287,0,,,,,,,
3390,1602,1,11,6,11400,,,-3,,,,,,3288,0,,,,,,,
3391,1602,1,39,10,11400,,,-3,,,,,,3289,0,,,,,,,
3392,1603,1,140,8,11400,,,-3,,,,,,3290,0,,,,,,,
3393,1604,1,339,6,11400,,,-3,,,,,,3291,0,,,,,,,
3394,1605,1,49,4,11400,,,-3,,,,,,3292,0,,,,,,,
3395,1605,1,316,7,11400,,,-3,,,,,,3293,0,,,,,,,
3396,1606,1,216,7,11400,,,-3,,,,,,3294,0,,,,,,,
3397,1606,1,429,7,11400,,,-3,,,,,,3295,0,,,,,,,
3398,1607,1,415,10,11460,,,-3,,,,,,3296,0,,,,,,,
3399,1608,1,265,8,11460,,,-3,,,,,,3297,0,,,,,,,
3400,1609,1,348,6,11460,,,-3,,,,,,3298,0,,,,,,,
3401,1609,1,72,6,11460,,,-3,,,,,,3299,0,,,,,,,
3402,1609,1,35,6,11460,,,-3,,,,,,3300,0,,,,,,,
3403,1609,1,2,4,11460,,,-3,,,,,,3301,0,,,,,,,
3404,1609,1,429,8,11460,,,-3,,,,,,3302,0,,,,,,,
3405,1610,1,16,6,11460,,,-3,,,,,,3303,0,,,,,,,
3406,1611,1,15,3,11460,,,-3,,,,,,3304,0,,,,,,,
3407,1611,1,161,7,11460,,,-3,,,,,,3305,0,,,,,,,
3408,1612,1,229,7,11460,,,-3,,,,,,3306,0,,,,,,,
3409,1612,1,121,4,11460,,,-3,,,,,,3307,0,,,,,,,
3410,1612,1,492,8,11460,,,-3,,,,,,3308,0,,,,,,,
3411,1613,1,37,11,11520,,,-3,,,,,,3309,0,,,,,,,
3412,1614,1,36,5,11520,,,-3,,,,,,3310,0,,,,,,,
3413,1615,1,100,5,11520,,,-3,,,,,,3311,0,,,,,,,
3414,1616,1,32,6,11520,,,-3,,,,,,3312,0,,,,,,,
3415,1616,1,288,12,11520,,,-3,,,,,,3313,0,,,,,,,
3416,1616,1,298,12,11520,,,-3,,,,,,3314,0,,,,,,,
3417,1616,1,156,11,11520,,,-3,,,,,,3315,0,,,,,,,
3418,1617,1,160,4,11580,,,-3,,,,,,3316,0,,,,,,,
3419,1617,1,482,12,11580,,,-3,,,,,,3317,0,,,,,,,
3420,1617,1,16,2,11580,,,-3,,,,,,3318,0,,,,,,,
3421,1617,1,48,10,11580,,,-3,,,,,,3319,0,,,,,,,
3422,1618,1,58,4,11580,,,-3,,,,,,3320,0,,,,,,,
3423,1618,1,5,5,11580,,,-3,,,,,,3321,0,,,,,,,
3424,1619,1,64,10,11580,,,-3,,,,,,3322,0,,,,,,,
3425,1620,1,17,8,11580,,,-3,,,,,,3323,0,,,,,,,
3426,1621,1,206,7,11580,,,-3,,,,,,3324,0,,,,,,,
3427,1621,1,108,10,11580,,,-3,,,,,,3325,0,,,,,,,
3428,1622,1,156,8,11580,,,-3,,,,,,3326,0,,,,,,,
3429,1623,1,20,4,11580,,,-3,,,,,,3327,0,,,,,,,
3430,1624,1,18,4,11580,,,-3,,,,,,3328,0,,,,,,,
3431,1625,1,33,3,11580,,,-3,,,,,,3329,0,,,,,,,
3432,1626,1,46,8,11580,,,-3,,,,,,3330,0,,,,,,,
3433,1627,1,16,9,11580,,,-3,,,,,,3331,0,,,,,,,
3434,1627,1,10,4,11580,,,-3,,,,,,3332,0,,,,,,,
3435,1627,1,14,7,11580,,,-3,,,,,,3333,0,,,,,,,
3436,1628,1,47,4,11580,,,-3,,,,,,3334,0,,,,,,,
3437,1629,1,137,1,11580,,,-3,,,,,,3335,0,,,,,,,
3438,1629,1,31,4,11580,,,-3,,,,,,3336,0,,,,,,,
3439,1630,1,495,4,11580,,,-3,,,,,,3337,0,,,,,,,
3440,1630,1,66,4,11580,,,-3,,,,,,3338,0,,,,,,,
3441,1631,1,97,7,11580,,,-3,,,,,,3339,0,,,,,,,
3442,1631,1,289,1,11580,,,-3,,,,,,3340,0,,,,,,,
3443,1631,1,42,1,11580,,,-3,,,,,,3341,0,,,,,,,
3444,1632,1,7,8,11580,,,-3,,,,,,3342,0,,,,,,,
3445,1633,1,167,4,11640,,,-3,,,,,,3343,0,,,,,,,
3446,1634,1,491,8,11640,,,-3,,,,,,3344,0,,,,,,,
3447,1635,1,87,8,11640,,,-3,,,,,,3345,0,,,,,,,
3448,1636,1,349,5,11640,,,-3,,,,,,3346,0,,,,,,,
3449,1637,1,29,8,11640,,,-3,,,,,,3347,0,,,,,,,
3450,1638,1,119,4,11640,,,-3,,,,,,3348,0,,,,,,,
3451,1639,1,18,11,11640,,,-3,,,,,,3349,0,,,,,,,
3452,1640,1,163,10,11640,,,-3,,,,,,3350,0,,,,,,,
3453,1640,1,41,9,11640,,,-3,,,,,,3351,0,,,,,,,
3454,1640,1,72,8,11640,,,-3,,,,,,3352,0,,,,,,,
3455,1641,1,43,10,11640,,,-3,,,,,,3353,0,,,,,,,
3456,1642,1,10,4,11640,,,-3,,,,,,3354,0,,,,,,,
3457,1643,1,69,8,11640,,,-3,,,,,,3355,0,,,,,,,
3458,1644,1,66,12,11640,,,-3,,,,,,3356,0,,,,,,,
3459,1645,1,5,6,11640,,,-3,,,,,,3357,0,,,,,,,
3460,1645,1,4,6,11640,,,-3,,,,,,3358,0,,,,,,,
3461,1646,1,40,3,11640,,,-3,,,,,,3359,0,,,,,,,
3462,1647,1,171,7,11700,,,-3,,,,,,3360,0,,,,,,,
3463,1648,1,42,2,11700,,,-3,,,,,,3361,0,,,,,,,
3464,1649,1,8,6,11700,,,-3,,,,,,3362,0,,,,,,,
3465,1649,1,2,7,11700,,,-3,,,,,,3363,0,,,,,,,
3466,1649,1,69,7,11700,,,-3,,,,,,3364,0,,,,,,,
3467,1650,1,1,7,11700,,,-3,,,,,,3365,0,,,,,,,
3468,1650,1,152,7,11700,,,-3,,,,,,3366,0,,,,,,,
3469,1651,1,44,10,11700,,,-3,,,,,,3367,0,,,,,,,
3470,1652,1,89,6,11700,,,-3,,,,,,3368,0,,,,,,,
3471,1653,1,107,5,11700,,,-3,,,,,,3369,0,,,,,,,
3472,1653,1,32,2,11700,,,-3,,,,,,3370,0,,,,,,,
3473,1653,1,134,6,11700,,,-3,,,,,,3371,0,,,,,,,
3474,1654,1,194,2,11700,,,-3,,,,,,3372,0,,,,,,,
3475,1655,1,37,6,11760,,,-3,,,,,,3373,0,,,,,,,
3476,1656,1,21,8,11760,,,-3,,,,,,3374,0,,,,,,,
3477,1657,1,206,6,11760,,,-3,,,,,,3375,0,,,,,,,
3478,1658,1,3,8,11760,,,-3,,,,,,3376,0,,,,,,,
3479,1658,1,120,2,11760,,,-3,,,,,,3377,0,,,,,,,
3480,1659,1,11,10,11760,,,-3,,,,,,3378,0,,,,,,,
3481,1659,1,42,6,11760,,,-3,,,,,,3379,0,,,,,,,
3482,1660,1,46,8,11760,,,-3,,,,,,3380,0,,,,,,,
3483,1661,1,92,12,11760,,,-3,,,,,,3381,0,,,,,,,
3484,1661,1,49,2,11760,,,-3,,,,,,3382,0,,,,,,,
3485,1662,1,232,6,11760,,,-3,,,,,,3383,0,,,,,,,
3486,1663,1,118,11,11760,,,-3,,,,,,3384,0,,,,,,,
3487,1663,1,8,10,11760,,,-3,,,,,,3385,0,,,,,,,
3488,1663,1,27,7,11760,,,-3,,,,,,3386,0,,,,,,,
3489,1663,1,402,7,11760,,,-3,,,,,,3387,0,,,,,,,
3490,1663,1,316,8,11760,,,-3,,,,,,3388,0,,,,,,,
3491,1663,1,1,12,11760,,,-3,,,,,,3389,0,,,,,,,
3492,1664,1,39,8,11760,,,-3,,,,,,3390,0,,,,,,,
3493,1664,1,104,10,11760,,,-3,,,,,,3391,0,,,,,,,
3494,1664,1,173,2,11760,,,-3,,,,,,3392,0,,,,,,,
3495,1664,1,0,8,11760,,,-3,,,,,,3393,0,,,,,,,
3496,1665,1,145,3,11760,,,-3,,,,,,3394,0,,,,,,,
3497,1666,1,155,10,11760,,,-3,,,,,,3395,0,,,,,,,
3498,1667,1,21,4,11820,,,-3,,,,,,3396,0,,,,,,,
3499,1667,1,23,1,11820,,,-3,,,,,,3397,0,,,,,,,
3500,1667,1,12,8,11820,,,-3,,,,,,3398,0,,,,,,,
3501,1667,1,177,6,11820,,,-3,,,,,,3399,0,,,,,,,
3502,1667,1,208,8,11820,,,-3,,,,,,3400,0,,,,,,,
3503,1667,1,6,4,11820,,,-3,,,,,,3401,0,,,,,,,
3504,1667,1,258,6,11820,,,-3,,,,,,3402,0,,,,,,,
3505,1668,1,31,8,11820,,,-3,,,,,,3403,0,,,,,,,
3506,1669,1,11,6,11820,,,-3,,,,,,3404,0,,,,,,,
3507,1670,1,7,6,11820,,,-3,,,,,,3405,0,,,,,,,
3508,1670,1,345,10,11820,,,-3,,,,,,3406,0,,,,,,,
3509,1671,1,19,6,11820,,,-3,,,,,,3407,0,,,,,,,
3510,1671,1,260,4,11820,,,-3,,,,,,3408,0,,,,,,,
3511,1671,1,48,10,11820,,,-3,,,,,,3409,0,,,,,,,
3512,1671,1,484,8,11820,,,-3,,,,,,3410,0,,,,,,,
3513,1671,1,20,3,11820,,,-3,,,,,,3411,0,,,,,,,
3514,1671,1,35,10,11820,,,-3,,,,,,3412,0,,,,,,,
3515,1671,1,298,10,11820,,,-3,,,,,,3413,0,,,,,,,
3516,1672,1,108,4,11820,,,-3,,,,,,3414,0,,,,,,,
3517,1672,1,60,9,11820,,,-3,,,,,,3415,0,,,,,,,
3518,1673,1,54,11,11880,,,-3,,,,,,3416,0,,,,,,,
3519,1673,1,90,11,11880,,,-3,,,,,,3417,0,,,,,,,
3520,1673,1,41,4,11880,,,-3,,,,,,3418,0,,,,,,,
3521,1673,1,16,8,11880,,,-3,,,,,,3419,0,,,,,,,
3522,1674,1,145,6,11880,,,-3,,,,,,3420,0,,,,,,,
3523,1674,1,11,8,11880,,,-3,,,,,,3421,0,,,,,,,
3524,1674,1,126,6,11880,,,-3,,,,,,3422,0,,,,,,,
3525,1674,1,55,11,11880,,,-3,,,,,,3423,0,,,,,,,
3526,1675,1,28,8,11880,,,-3,,,,,,3424,0,,,,,,,
3527,1676,1,9,12,11880,,,-3,,,,,,3425,0,,,,,,,
3528,1676,1,7,8,11880,,,-3,,,,,,3426,0,,,,,,,
3529,1677,1,39,4,11880,,,-3,,,,,,3427,0,,,,,,,
3530,1678,1,19,5,11880,,,-3,,,,,,3428,0,,,,,,,
3531,1679,1,193,8,11880,,,-3,,,,,,3429,0,,,,,,,
3532,1680,1,10,8,11880,,,-3,,,,,,3430,0,,,,,,,
3533,1681,1,48,6,11880,,,-3,,,,,,3431,0,,,,,,,
3534,1682,1,179,7,11880,,,-3,,,,,,3432,0,,,,,,,
3535,1682,1,2,11,11880,,,-3,,,,,,3433,0,,,,,,,
3536,1682,1,36,6,11880,,,-3,,,,,,3434,0,,,,,,,
3537,1683,1,28,10,11880,,,-3,,,,,,3435,0,,,,,,,
3538,1683,1,449,7,11880,,,-3,,,,,,3436,0,,,,,,,
3539,1684,1,29,5,11880,,,-3,,,,,,3437,0,,,,,,,
3540,1685,1,250,8,11940,,,-3,,,,,,3438,0,,,,,,,
3541,1686,1,6,8,11940,,,-3,,,,,,3439,0,,,,,,,
3542,1686,1,62,1,11940,,,-3,,,,,,3440,0,,,,,,,
3543,1687,1,35,4,11940,,,-3,,,,,,3441,0,,,,,,,
3544,1687,1,6,5,11940,,,-3,,,,,,3442,0,,,,,,,
3545,1687,1,24,10,11940,,,-3,,,,,,3443,0,,,,,,,
3546,1688,1,106,7,11940,,,-3,,,,,,3444,0,,,,,,,
3547,1689,1,0,10,11940,,,-3,,,,,,3445,0,,,,,,,
3548,1689,1,16,8,11940,,,-3,,,,,,3446,0,,,,,,,
3549,1689,1,52,4,11940,,,-3,,,,,,3447,0,,,,,,,
3550,1689,1,15,6,11940,,,-3,,,,,,3448,0,,,,,,,
3551,1689,1,4,10,11940,,,-3,,,,,,3449,0,,,,,,,
3552,1690,1,12,6,11940,,,-3,,,,,,3450,0,,,,,,,
3553,1690,1,106,7,11940,,,-3,,,,,,3451,0,,,,,,,
3554,1691,1,12,1,11940,,,-3,,,,,,3452,0,,,,,,,
3555,1692,1,4,6,11940,,,-3,,,,,,3453,0,,,,,,,
3556,1693,1,34,2,11940,,,-3,,,,,,3454,0,,,,,,,
3557,1694,1,127,6,11940,,,-3,,,,,,3455,0,,,,,,,
3558,1695,1,26,8,12000,,,-3,,,,,,3456,0,,,,,,,
3559,1695,1,18,2,12000,,,-3,,,,,,3457,0,,,,,,,
3560,1696,1,40,9,12000,,,-3,,,,,,3458,0,,,,,,,
3561,1697,1,16,4,12000,,,-3,,,,,,3459,0,,,,,,,
3562,1697,1,2,8,12000,,,-3,,,,,,3460,0,,,,,,,
3563,1698,1,102,7,12000,,,-3,,,,,,3461,0,,,,,,,
3564,1699,1,1,10,12000,,,-3,,,,,,3462,0,,,,,,,
3565,1700,1,9,8,12000,,,-3,,,,,,3463,0,,,,,,,
3566,1701,1,190,9,12060,,,-3,,,,,,3464,0,,,,,,,
3567,1702,1,10,7,12060,,,-3,,,,,,3465,0,,,,,,,
3568,1703,1,218,9,12060,,,-3,,,,,,3466,0,,,,,,,
3569,1703,1,4,12,12060,,,-3,,,,,,3467,0,,,,,,,
3570,1703,1,7,10,12060,,,-3,,,,,,3468,0,,,,,,,
3571,1703,1,165,8,12060,,,-3,,,,,,3469,0,,,,,,,
3572,1703,1,160,11,12060,,,-3,,,,,,3470,0,,,,,,,
3573,1704,1,41,12,12060,,,-3,,,,,,3471,0,,,,,,,
3574,1704,1,16,5,12060,,,-3,,,,,,3472,0,,,,,,,
3575,1705,1,18,2,12060,,,-3,,,,,,3473,0,,,,,,,
3576,1705,1,27,3,12060,,,-3,,,,,,3474,0,,,,,,,
3577,1705,1,204,3,12060,,,-3,,,,,,3475,0,,,,,,,
3578,1706,1,46,11,12120,,,-3,,,,,,3476,0,,,,,,,
3579,1706,1,3,10,12120,,,-3,,,,,,3477,0,,,,,,,
3580,1706,1,8,3,12120,,,-3,,,,,,3478,0,,,,,,,
3581,1707,1,110,7,12120,,,-3,,,,,,3479,0,,,,,,,
3582,1708,1,66,2,12120,,,-3,,,,,,3480,0,,,,,,,
3583,1709,1,44,8,12120,,,-3,,,,,,3481,0,,,,,,,
3584,1709,1,138,6,12120,,,-3,,,,,,3482,0,,,,,,,
3585,1709,1,106,5,12120,,,-3,,,,,,3483,0,,,,,,,
3586,1709,1,6,4,12120,,,-3,,,,,,3484,0,,,,,,,
3587,1709,1,201,11,12120,,,-3,,,,,,3485,0,,,,,,,
3588,1710,1,248,2,12120,,,-3,,,,,,3486,0,,,,,,,
3589,1710,1,89,8,12120,,,-3,,,,,,3487,0,,,,,,,
3590,1710,1,196,10,12120,,,-3,,,,,,3488,0,,,,,,,
3591,1710,1,16,4,12120,,,-3,,,,,,3489,0,,,,,,,
3592,1711,1,37,8,12120,,,-3,,,,,,3490,0,,,,,,,
3593,1712,1,251,7,12120,,,-3,,,,,,3491,0,,,,,,,
3594,1712,1,10,7,12120,,,-3,,,,,,3492,0,,,,,,,
3595,1713,1,81,10,12120,,,-3,,,,,,3493,0,,,,,,,
3596,1713,1,50,4,12120,,,-3,,,,,,3494,0,,,,,,,
3597,1713,1,9,8,12120,,,-3,,,,,,3495,0,,,,,,,
3598,1714,1,155,6,12180,,,-3,,,,,,3496,0,,,,,,,
3599,1715,1,180,9,12180,,,-3,,,,,,3497,0,,,,,,,
3600,1715,1,171,8,12180,,,-3,,,,,,3498,0,,,,,,,
3601,1715,1,277,2,12180,,,-3,,,,,,3499,0,,,,,,,
3602,1716,1,23,6,12180,,,-3,,,,,,3500,0,,,,,,,
3603,1717,1,0,6,12180,,,-3,,,,,,3501,0,,,,,,,
3604,1717,1,13,9,12180,,,-3,,,,,,3502,0,,,,,,,
3605,1718,1,62,4,12180,,,-3,,,,,,3503,0,,,,,,,
3606,1719,1,161,8,12180,,,-3,,,,,,3504,0,,,,,,,
3607,1720,1,256,10,12180,,,-3,,,,,,3505,0,,,,,,,
3608,1720,1,100,10,12180,,,-3,,,,,,3506,0,,,,,,,
3609,1721,1,16,6,12180,,,-3,,,,,,3507,0,,,,,,,
3610,1722,1,2,8,12180,,,-3,,,,,,3508,0,,,,,,,
3611,1723,1,44,2,12240,,,-3,,,,,,3509,0,,,,,,,
3612,1724,1,115,4,12240,,,-3,,,,,,3510,0,,,,,,,
3613,1724,1,153,9,12240,,,-3,,,,,,3511,0,,,,,,,
3614,1725,1,63,2,12240,,,-3,,,,,,3512,0,,,,,,,
3615,1726,1,147,4,12240,,,-3,,,,,,3513,0,,,,,,,
3616,1727,1,40,6,12240,,,-3,,,,,,3514,0,,,,,,,
3617,1728,1,217,6,12240,,,-3,,,,,,3515,0,,,,,,,
3618,1728,1,3,4,12240,,,-3,,,,,,3516,0,,,,,,,
3619,1729,1,129,12,12240,,,-3,,,,,,3517,0,,,,,,,
3620,1729,1,0,3,12240,,,-3,,,,,,3518,0,,,,,,,
3621,1729,1,19,7,12240,,,-3,,,,,,3519,0,,,,,,,
3622,1729,1,17,8,12240,,,-3,,,,,,3520,0,,,,,,,
3623,1730,1,380,7,12240,,,-3,,,,,,3521,0,,,,,,,
3624,1731,1,2,4,12240,,,-3,,,,,,3522,0,,,,,,,
3625,1732,1,108,7,12300,,,-3,,,,,,3523,0,,,,,,,
3626,1733,1,5,1,12300,,,-3,,,,,,3524,0,,,,,,,
3627,1733,1,30,8,12300,,,-3,,,,,,3525,0,,,,,,,
3628,1734,1,138,11,12300,,,-3,,,,,,3526,0,,,,,,,
3629,1734,1,49,7,12300,,,-3,,,,,,3527,0,,,,,,,
3630,1735,1,264,12,12300,,,-3,,,,,,3528,0,,,,,,,
3631,1735,1,3,4,12300,,,-3,,,,,,3529,0,,,,,,,
3632,1736,1,40,8,12300,,,-3,,,,,,3530,0,,,,,,,
3633,1737,1,102,8,12300,,,-3,,,,,,3531,0,,,,,,,
3634,1738,1,26,12,12300,,,-3,,,,,,3532,0,,,,,,,
3635,1739,1,6,11,12300,,,-3,,,,,,3533,0,,,,,,,
3636,1740,1,23,10,12300,,,-3,,,,,,3534,0,,,,,,,
3637,1741,1,61,8,12360,,,-3,,,,,,3535,0,,,,,,,
3638,1742,1,28,11,12360,,,-3,,,,,,3536,0,,,,,,,
3639,1743,1,6,6,12360,,,-3,,,,,,3537,0,,,,,,,
3640,1743,1,51,5,12360,,,-3,,,,,,3538,0,,,,,,,
3641,1744,1,40,4,12360,,,-3,,,,,,3539,0,,,,,,,
3642,1745,1,5,12,12360,,,-3,,,,,,3540,0,,,,,,,
3643,1746,1,113,7,12360,,,-3,,,,,,3541,0,,,,,,,
3644,1747,1,151,6,12360,,,-3,,,,,,3542,0,,,,,,,
3645,1747,1,285,4,12360,,,-3,,,,,,3543,0,,,,,,,
3646,1748,1,95,2,12420,,,-3,,,,,,3544,0,,,,,,,
3647,1748,1,38,10,12420,,,-3,,,,,,3545,0,,,,,,,
3648,1749,1,331,10,12420,,,-3,,,,,,3546,0,,,,,,,
3649,1749,1,100,11,12420,,,-3,,,,,,3547,0,,,,,,,
3650,1749,1,165,7,12420,,,-3,,,,,,3548,0,,,,,,,
3651,1750,1,460,8,12420,,,-3,,,,,,3549,0,,,,,,,
3652,1750,1,71,8,12420,,,-3,,,,,,3550,0,,,,,,,
3653,1750,1,89,8,12420,,,-3,,,,,,3551,0,,,,,,,
3654,1751,1,111,4,12420,,,-3,,,,,,3552,0,,,,,,,
3655,1752,1,461,2,12420,,,-3,,,,,,3553,0,,,,,,,
3656,1753,1,25,2,12420,,,-3,,,,,,3554,0,,,,,,,
3657,1753,1,250,10,12420,,,-3,,,,,,3555,0,,,,,,,
3658,1754,1,131,12,12420,,,-3,,,,,,3556,0,,,,,,,
3659,1755,1,19,7,12420,,,-3,,,,,,3557,0,,,,,,,
3660,1756,1,182,10,12420,,,-3,,,,,,3558,0,,,,,,,
3661,1756,1,84,9,12420,,,-3,,,,,,3559,0,,,,,,,
3662,1756,1,12,8,12420,,,-3,,,,,,3560,0,,,,,,,
3663,1757,1,147,8,12420,,,-3,,,,,,3561,0,,,,,,,
3664,1757,1,323,8,12420,,,-3,,,,,,3562,0,,,,,,,
3665,1758,1,2,5,12480,,,-3,,,,,,3563,0,,,,,,,
3666,1758,1,19,8,12480,,,-3,,,,,,3564,0,,,,,,,
3667,1758,1,293,9,12480,,,-3,,,,,,3565,0,,,,,,,
3668,1759,1,3,6,12480,,,-3,,,,,,3566,0,,,,,,,
3669,1759,1,75,6,12480,,,-3,,,,,,3567,0,,,,,,,
3670,1760,1,158,10,12480,,,-3,,,,,,3568,0,,,,,,,
3671,1760,1,0,2,12480,,,-3,,,,,,3569,0,,,,,,,
3672,1761,1,42,10,12480,,,-3,,,,,,3570,0,,,,,,,
3673,1761,1,439,1,12480,,,-3,,,,,,3571,0,,,,,,,
3674,1761,1,89,8,12480,,,-3,,,,,,3572,0,,,,,,,
3675,1762,1,35,6,12480,,,-3,,,,,,3573,0,,,,,,,
3676,1762,1,74,8,12480,,,-3,,,,,,3574,0,,,,,,,
3677,1763,1,3,10,12480,,,-3,,,,,,3575,0,,,,,,,
3678,1763,1,5,12,12480,,,-3,,,,,,3576,0,,,,,,,
3679,1763,1,52,6,12480,,,-3,,,,,,3577,0,,,,,,,
3680,1764,1,17,7,12540,,,-3,,,,,,3578,0,,,,,,,
3681,1764,1,45,8,12540,,,-3,,,,,,3579,0,,,,,,,
3682,1764,1,11,10,12540,,,-3,,,,,,3580,0,,,,,,,
3683,1764,1,177,4,12540,,,-3,,,,,,3581,0,,,,,,,
3684,1765,1,149,11,12540,,,-3,,,,,,3582,0,,,,,,,
3685,1766,1,342,7,12540,,,-3,,,,,,3583,0,,,,,,,
3686,1767,1,267,2,12540,,,-3,,,,,,3584,0,,,,,,,
3687,1768,1,163,8,12600,,,-3,,,,,,3585,0,,,,,,,
3688,1769,1,19,5,12600,,,-3,,,,,,3586,0,,,,,,,
3689,1770,1,49,8,12600,,,-3,,,,,,3587,0,,,,,,,
3690,1770,1,45,5,12600,,,-3,,,,,,3588,0,,,,,,,
3691,1770,1,12,8,12600,,,-3,,,,,,3589,0,,,,,,,
3692,1770,1,16,9,12600,,,-3,,,,,,3590,0,,,,,,,
3693,1770,1,23,6,12600,,,-3,,,,,,3591,0,,,,,,,
3694,1771,1,0,6,12600,,,-3,,,,,,3592,0,,,,,,,
3695,1771,1,249,4,12600,,,-3,,,,,,3593,0,,,,,,,
3696,1772,1,45,8,12660,,,-3,,,,,,3594,0,,,,,,,
3697,1772,1,79,8,12660,,,-3,,,,,,3595,0,,,,,,,
3698,1773,1,133,9,12660,,,-3,,,,,,3596,0,,,,,,,
3699,1773,1,83,2,12660,,,-3,,,,,,3597,0,,,,,,,
3700,1773,1,21,9,12660,,,-3,,,,,,3598,0,,,,,,,
3701,1773,1,0,11,12660,,,-3,,,,,,3599,0,,,,,,,
3702,1774,1,15,10,12660,,,-3,,,,,,3600,0,,,,,,,
3703,1775,1,138,2,12660,,,-3,,,,,,3601,0,,,,,,,
3704,1775,1,148,11,12660,,,-3,,,,,,3602,0,,,,,,,
3705,1775,1,48,4,12660,,,-3,,,,,,3603,0,,,,,,,
3706,1776,1,32,5,12660,,,-3,,,,,,3604,0,,,,,,,
3707,1777,1,30,6,12660,,,-3,,,,,,3605,0,,,,,,,
3708,1778,1,99,8,12660,,,-3,,,,,,3606,0,,,,,,,
3709,1779,1,447,8,12660,,,-3,,,,,,3607,0,,,,,,,
3710,1780,1,184,8,12660,,,-3,,,,,,3608,0,,,,,,,
3711,1781,1,193,9,12660,,,-3,,,,,,3609,0,,,,,,,
3712,1782,1,206,9,12660,,,-3,,,,,,3610,0,,,,,,,
3713,1782,1,3,8,12660,,,-3,,,,,,3611,0,,,,,,,
3714,1782,1,40,4,12660,,,-3,,,,,,3612,0,,,,,,,
3715,1783,1,48,3,12720,,,-3,,,,,,3613,0,,,,,,,
3716,1783,1,43,1,12720,,,-3,,,,,,3614,0,,,,,,,
3717,1784,1,139,10,12720,,,-3,,,,,,3615,0,,,,,,,
3718,1784,1,45,9,12720,,,-3,,,,,,3616,0,,,,,,,
3719,1784,1,11,9,12720,,,-3,,,,,,3617,0,,,,,,,
3720,1784,1,475,7,12720,,,-3,,,,,,3618,0,,,,,,,
3721,1784,1,9,4,12720,,,-3,,,,,,3619,0,,,,,,,
3722,1785,1,18,5,12720,,,-3,,,,,,3620,0,,,,,,,
3723,1785,1,412,4,12720,,,-3,,,,,,3621,0,,,,,,,
3724,1785,1,11,10,12720,,,-3,,,,,,3622,0,,,,,,,
3725,1786,1,24,4,12720,,,-3,,,,,,3623,0,,,,,,,
3726,1786,1,51,8,12720,,,-3,,,,,,3624,0,,,,,,,
3727,1786,1,44,4,12720,,,-3,,,,,,3625,0,,,,,,,
3728,1786,1,14,4,12720,,,-3,,,,,,3626,0,,,,,,,
3729,1787,1,139,6,12720,,,-3,,,,,,3627,0,,,,,,,
3730,1788,1,7,6,12720,,,-3,,,,,,3628,0,,,,,,,
3731,1788,1,20,3,12720,,,-3,,,,,,3629,0,,,,,,,
3732,1788,1,228,8,12720,,,-3,,,,,,3630,0,,,,,,,
3733,1788,1,40,6,12720,,,-3,,,,,,3631,0,,,,,,,
3734,1789,1,23,2,12720,,,-3,,,,,,3632,0,,,,,,,
3735,1789,1,216,6,12720,,,-3,,,,,,3633,0,,,,,,,
3736,1790,1,157,11,12720,,,-3,,,,,,3634,0,,,,,,,
3737,1791,1,63,6,12780,,,-3,,,,,,3635,0,,,,,,,
3738,1791,1,110,5,12780,,,-3,,,,,,3636,0,,,,,,,
3739,1792,1,90,8,12780,,,-3,,,,,,3637,0,,,,,,,
3740,1793,1,23,3,12780,,,-3,,,,,,3638,0,,,,,,,
3741,1793,1,14,7,12780,,,-3,,,,,,3639,0,,,,,,,
3742,1794,1,0,3,12780,,,-3,,,,,,3640,0,,,,,,,
3743,1794,1,103,10,12780,,,-3,,,,,,3641,0,,,,,,,
3744,1794,1,16,4,12780,,,-3,,,,,,3642,0,,,,,,,
3745,1795,1,38,6,12780,,,-3,,,,,,3643,0,,,,,,,
3746,1795,1,22,12,12780,,,-3,,,,,,3644,0,,,,,,,
3747,1796,1,34,7,12780,,,-3,,,,,,3645,0,,,,,,,
3748,1797,1,29,2,12780,,,-3,,,,,,3646,0,,,,,,,
3749,1798,1,27,7,12780,,,-3,,,,,,3647,0,,,,,,,
3750,1798,1,1,9,12780,,,-3,,,,,,3648,0,,,,,,,
3751,1798,1,10,5,12780,,,-3,,,,,,3649,0,,,,,,,
3752,1799,1,227,2,12780,,,-3,,,,,,3650,0,,,,,,,
3753,1800,1,404,8,12780,,,-3,,,,,,3651,0,,,,,,,
3754,1800,1,254,8,12780,,,-3,,,,,,3652,0,,,,,,,
3755,1800,1,24,12,12780,,,-3,,,,,,3653,0,,,,,,,
3756,1801,1,51,10,12780,,,-3,,,,,,3654,0,,,,,,,
3757,1801,1,489,4,12780,,,-3,,,,,,3655,0,,,,,,,
3758,1802,1,6,11,12780,,,-3,,,,,,3656,0,,,,,,,
3759,1803,1,0,11,12780,,,-3,,,,,,3657,0,,,,,,,
3760,1804,1,120,5,12840,,,-3,,,,,,3658,0,,,,,,,
3761,1804,1,49,3,12840,,,-3,,,,,,3659,0,,,,,,,
3762,1805,1,122,4,12840,,,-3,,,,,,3660,0,,,,,,,
3763,1805,1,20,1,12840,,,-3,,,,,,3661,0,,,,,,,
3764,1805,1,399,4,12840,,,-3,,,,,,3662,0,,,,,,,
3765,1806,1,5,12,12840,,,-3,,,,,,3663,0,,,,,,,
3766,1806,1,32,2,12840,,,-3,,,,,,3664,0,,,,,,,
3767,1806,1,136,4,12840,,,-3,,,,,,3665,0,,,,,,,
3768,1807,1,41,5,12840,,,-3,,,,,,3666,0,,,,,,,
3769,1808,1,20,12,12840,,,-3,,,,,,3667,0,,,,,,,
3770,1809,1,184,8,12840,,,-3,,,,,,3668,0,,,,,,,
3771,1810,1,4,4,12840,,,-3,,,,,,3669,0,,,,,,,
3772,1811,1,6,12,12840,,,-3,,,,,,3670,0,,,,,,,
3773,1811,1,335,7,12840,,,-3,,,,,,3671,0,,,,,,,
3774,1811,1,47,11,12840,,,-3,,,,,,3672,0,,,,,,,
3775,1811,1,48,1,12840,,,-3,,,,,,3673,0,,,,,,,
3776,1812,1,233,8,12840,,,-3,,,,,,3674,0,,,,,,,
3777,1812,1,468,4,12840,,,-3,,,,,,3675,0,,,,,,,
3778,1812,1,42,4,12840,,,-3,,,,,,3676,0,,,,,,,
3779,1813,1,54,4,12900,,,-3,,,,,,3677,0,,,,,,,
3780,1813,1,45,10,12900,,,-3,,,,,,3678,0,,,,,,,
3781,1813,1,138,4,12900,,,-3,,,,,,3679,0,,,,,,,
3782,1814,1,1,5,12900,,,-3,,,,,,3680,0,,,,,,,
3783,1814,1,494,5,12900,,,-3,,,,,,3681,0,,,,,,,
3784,1815,1,21,8,12900,,,-3,,,,,,3682,0,,,,,,,
3785,1816,1,49,9,12900,,,-3,,,,,,3683,0,,,,,,,
3786,1816,1,91,5,12900,,,-3,,,,,,3684,0,,,,,,,
3787,1816,1,63,4,12900,,,-3,,,,,,3685,0,,,,,,,
3788,1817,1,123,8,12900,,,-3,,,,,,3686,0,,,,,,,
3789,1818,1,43,5,12900,,,-3,,,,,,3687,0,,,,,,,
3790,1819,1,299,7,12960,,,-3,,,,,,3688,0,,,,,,,
3791,1819,1,60,12,12960,,,-3,,,,,,3689,0,,,,,,,
3792,1819,1,28,6,12960,,,-3,,,,,,3690,0,,,,,,,
3793,1820,1,148,4,12960,,,-3,,,,,,3691,0,,,,,,,
3794,1820,1,198,7,12960,,,-3,,,,,,3692,0,,,,,,,
3795,1820,1,193,4,12960,,,-3,,,,,,3693,0,,,,,,,
3796,1821,1,440,10,12960,,,-3,,,,,,3694,0,,,,,,,
3797,1821,1,409,6,12960,,,-3,,,,,,3695,0,,,,,,,
3798,1821,1,23,9,12960,,,-3,,,,,,3696,0,,,,,,,
3799,1822,1,325,2,12960,,,-3,,,,,,3697,0,,,,,,,
3800,1822,1,0,2,12960,,,-3,,,,,,3698,0,,,,,,,
3801,1823,1,63,7,12960,,,-3,,,,,,3699,0,,,,,,,
3802,1824,1,49,8,12960,,,-3,,,,,,3700,0,,,,,,,
3803,1824,1,173,10,12960,,,-3,,,,,,3701,0,,,,,,,
3804,1824,1,46,10,12960,,,-3,,,,,,3702,0,,,,,,,
3805,1824,1,209,8,12960,,,-3,,,,,,3703,0,,,,,,,
3806,1825,1,148,4,12960,,,-3,,,,,,3704,0,,,,,,,
3807,1826,1,36,2,13020,,,-3,,,,,,3705,0,,,,,,,
3808,1827,1,161,4,13020,,,-3,,,,,,3706,0,,,,,,,
3809,1828,1,49,4,13020,,,-3,,,,,,3707,0,,,,,,,
3810,1829,1,27,4,13020,,,-3,,,,,,3708,0,,,,,,,
3811,1830,1,6,8,13020,,,-3,,,,,,3709,0,,,,,,,
3812,1831,1,0,10,13020,,,-3,,,,,,3710,0,,,,,,,
3813,1831,1,43,2,13020,,,-3,,,,,,3711,0,,,,,,,
3814,1832,1,14,6,13020,,,-3,,,,,,3712,0,,,,,,,
3815,1833,1,35,8,13080,,,-3,,,,,,3713,0,,,,,,,
3816,1834,1,49,10,13080,,,-3,,,,,,3714,0,,,,,,,
3817,1834,1,12,1,13080,,,-3,,,,,,3715,0,,,,,,,
3818,1835,1,22,5,13080,,,-3,,,,,,3716,0,,,,,,,
3819,1836,1,169,8,13080,,,-3,,,,,,3717,0,,,,,,,
3820,1837,1,152,8,13080,,,-3,,,,,,3718,0,,,,,,,
3821,1838,1,6,10,13080,,,-3,,,,,,3719,0,,,,,,,
3822,1839,1,148,2,13080,,,-3,,,,,,3720,0,,,,,,,
3823,1840,1,12,4,13080,,,-3,,,,,,3721,0,,,,,,,
3824,1840,1,1,4,13080,,,-3,,,,,,3722,0,,,,,,,
3825,1840,1,302,6,13080,,,-3,,,,,,3723,0,,,,,,,
3826,1841,1,53,2,13080,,,-3,,,,,,3724,0,,,,,,,
3827,1841,1,22,4,13080,,,-3,,,,,,3725,0,,,,,,,
3828,1841,1,165,11,13080,,,-3,,,,,,3726,0,,,,,,,
3829,1842,1,47,3,13080,,,-3,,,,,,3727,0,,,,,,,
3830,1843,1,96,4,13140,,,-3,,,,,,3728,0,,,,,,,
3831,1843,1,266,4,13140,,,-3,,,,,,3729,0,,,,,,,
3832,1844,1,298,8,13140,,,-3,,,,,,3730,0,,,,,,,
3833,1844,1,109,6,13140,,,-3,,,,,,3731,0,,,,,,,
3834,1844,1,32,6,13140,,,-3,,,,,,3732,0,,,,,,,
3835,1844,1,64,10,13140,,,-3,,,,,,3733,0,,,,,,,
3836,1845,1,57,6,13140,,,-3,,,,,,3734,0,,,,,,,
3837,1846,1,100,8,13140,,,-3,,,,,,3735,0,,,,,,,
3838,1847,1,252,12,13140,,,-3,,,,,,3736,0,,,,,,,
3839,1848,1,12,7,13140,,,-3,,,,,,3737,0,,,,,,,
3840,1849,1,7,4,13140,,,-3,,,,,,3738,0,,,,,,,
3841,1849,1,189,6,13140,,,-3,,,,,,3739,0,,,,,,,
3842,1850,1,8,2,13200,,,-3,,,,,,3740,0,,,,,,,
3843,1851,1,14,6,13200,,,-3,,,,,,3741,0,,,,,,,
3844,1851,1,58,8,13200,,,-3,,,,,,3742,0,,,,,,,
3845,1852,1,471,3,13200,,,-3,,,,,,3743,0,,,,,,,
3846,1853,1,13,1,13200,,,-3,,,,,,3744,0,,,,,,,
3847,1854,1,1,2,13200,,,-3,,,,,,3745,0,,,,,,,
3848,1855,1,12,4,13200,,,-3,,,,,,3746,0,,,,,,,
3849,1856,1,23,4,13200,,,-3,,,,,,3747,0,,,,,,,
3850,1857,1,167,10,13200,,,-3,,,,,,3748,0,,,,,,,
3851,1857,1,55,3,13200,,,-3,,,,,,3749,0,,,,,,,
3852,1858,1,36,5,13200,,,-3,,,,,,3750,0,,,,,,,
3853,1858,1,482,2,13200,,,-3,,,,,,3751,0,,,,,,,
3854,1859,1,23,11,13200,,,-3,,,,,,3752,0,,,,,,,
3855,1860,1,31,3,13200,,,-3,,,,,,3753,0,,,,,,,
3856,1860,1,0,7,13200,,,-3,,,,,,3754,0,,,,,,,
3857,1861,1,75,4,13200,,,-3,,,,,,3755,0,,,,,,,
3858,1862,1,183,8,13200,,,-3,,,,,,3756,0,,,,,,,
3859,1863,1,384,6,13200,,,-3,,,,,,3757,0,,,,,,,
3860,1863,1,35,6,13200,,,-3,,,,,,3758,0,,,,,,,
3861,1864,1,12,9,13260,,,-3,,,,,,3759,0,,,,,,,
3862,1865,1,155,2,13260,,,-3,,,,,,3760,0,,,,,,,
3863,1866,1,0,4,13260,,,-3,,,,,,3761,0,,,,,,,
3864,1866,1,132,3,13260,,,-3,,,,,,3762,0,,,,,,,
3865,1867,1,126,7,13260,,,-3,,,,,,3763,0,,,,,,,
3866,1868,1,103,6,13260,,,-3,,,,,,3764,0,,,,,,,
3867,1868,1,161,9,13260,,,-3,,,,,,3765,0,,,,,,,
3868,1869,1,36,11,13260,,,-3,,,,,,3766,0,,,,,,,
3869,1870,1,1,6,13260,,,-3,,,,,,3767,0,,,,,,,
3870,1871,1,313,10,13320,,,-3,,,,,,3768,0,,,,,,,
3871,1872,1,49,10,13320,,,-3,,,,,,3769,0,,,,,,,
3872,1873,1,4,6,13320,,,-3,,,,,,3770,0,,,,,,,
3873,1874,1,359,6,13320,,,-3,,,,,,3771,0,,,,,,,
3874,1874,1,153,3,13320,,,-3,,,,,,3772,0,,,,,,,
3875,1875,1,70,6,13320,,,-3,,,,,,3773,0,,,,,,,
3876,1875,1,303,8,13320,,,-3,,,,,,3774,0,,,,,,,
3877,1876,1,34,7,13320,,,-3,,,,,,3775,0,,,,,,,
3878,1876,1,256,11,13320,,,-3,,,,,,3776,0,,,,,,,
3879,1877,1,14,5,13320,,,-3,,,,,,3777,0,,,,,,,
3880,1877,1,11,8,13320,,,-3,,,,,,3778,0,,,,,,,
3881,1877,1,85,4,13320,,,-3,,,,,,3779,0,,,,,,,
3882,1877,1,21,6,13320,,,-3,,,,,,3780,0,,,,,,,
3883,1878,1,39,2,13320,,,-3,,,,,,3781,0,,,,,,,
3884,1878,1,1,8,13320,,,-3,,,,,,3782,0,,,,,,,
3885,1878,1,244,7,13320,,,-3,,,,,,3783,0,,,,,,,
3886,1878,1,55,3,13320,,,-3,,,,,,3784,0,,,,,,,
3887,1878,1,21,4,13320,,,-3,,,,,,3785,0,,,,,,,
3888,1879,1,87,8,13320,,,-3,,,,,,3786,0,,,,,,,
3889,1880,1,62,3,13320,,,-3,,,,,,3787,0,,,,,,,
3890,1881,1,83,4,13380,,,-3,,,,,,3788,0,,,,,,,
3891,1882,1,327,8,13380,,,-3,,,,,,3789,0,,,,,,,
3892,1882,1,47,10,13380,,,-3,,,,,,3790,0,,,,,,,
3893,1882,1,18,10,13380,,,-3,,,,,,3791,0,,,,,,,
3894,1883,1,28,5,13380,,,-3,,,,,,3792,0,,,,,,,
3895,1884,1,74,2,13380,,,-3,,,,,,3793,0,,,,,,,
3896,1885,1,56,8,13380,,,-3,,,,,,3794,0,,,,,,,
3897,1886,1,149,9,13380,,,-3,,,,,,3795,0,,,,,,,
3898,1887,1,491,10,13380,,,-3,,,,,,3796,0,,,,,,,
3899,1888,1,40,5,13380,,,-3,,,,,,3797,0,,,,,,,
3900,1889,1,401,12,13380,,,-3,,,,,,3798,0,,,,,,,
3901,1890,1,170,9,13380,,,-3,,,,,,3799,0,,,,,,,
3902,1890,1,11,8,13380,,,-3,,,,,,3800,0,,,,,,,
3903,1890,1,135,7,13380,,,-3,,,,,,3801,0,,,,,,,
3904,1891,1,122,8,13380,,,-3,,,,,,3802,0,,,,,,,
3905,1892,1,115,2,13440,,,-3,,,,,,3803,0,,,,,,,
3906,1892,1,442,11,13440,,,-3,,,,,,3804,0,,,,,,,
3907,1893,1,236,2,13440,,,-3,,,,,,3805,0,,,,,,,
3908,1894,1,254,8,13440,,,-3,,,,,,3806,0,,,,,,,
3909,1894,1,202,10,13440,,,-3,,,,,,3807,0,,,,,,,
3910,1894,1,19,2,13440,,,-3,,,,,,3808,0,,,,,,,
3911,1895,1,156,2,13440,,,-3,,,,,,3809,0,,,,,,,
3912,1895,1,277,7,13440,,,-3,,,,,,3810,0,,,,,,,
3913,1895,1,449,6,13440,,,-3,,,,,,3811,0,,,,,,,
3914,1896,1,1,11,13440,,,-3,,,,,,3812,0,,,,,,,
3915,1897,1,5,11,13440,,,-3,,,,,,3813,0,,,,,,,
3916,1897,1,451,7,13440,,,-3,,,,,,3814,0,,,,,,,
3917,1898,1,210,9,13440,,,-3,,,,,,3815,0,,,,,,,
3918,1898,1,253,3,13440,,,-3,,,,,,3816,0,,,,,,,
3919,1898,1,49,4,13440,,,-3,,,,,,3817,0,,,,,,,
3920,1898,1,43,12,13440,,,-3,,,,,,3818,0,,,,,,,
3921,1898,1,488,8,13440,,,-3,,,,,,3819,0,,,,,,,
3922,1899,1,458,6,13440,,,-3,,,,,,3820,0,,,,,,,
3923,1899,1,72,4,13440,,,-3,,,,,,3821,0,,,,,,,
3924,1900,1,39,4,13440,,,-3,,,,,,3822,0,,,,,,,
3925,1900,1,12,5,13440,,,-3,,,,,,3823,0,,,,,,,
3926,1900,1,445,7,13440,,,-3,,,,,,3824,0,,,,,,,
3927,1900,1,1,4,13440,,,-3,,,,,,3825,0,,,,,,,
3928,1901,1,13,4,13500,,,-3,,,,,,3826,0,,,,,,,
3929,1902,1,20,10,13500,,,-3,,,,,,3827,0,,,,,,,
3930,1902,1,19,6,13500,,,-3,,,,,,3828,0,,,,,,,
3931,1903,1,165,8,13500,,,-3,,,,,,3829,0,,,,,,,
3932,1904,1,89,7,13500,,,-3,,,,,,3830,0,,,,,,,
3933,1904,1,101,5,13500,,,-3,,,,,,3831,0,,,,,,,
3934,1904,1,439,5,13500,,,-3,,,,,,3832,0,,,,,,,
3935,1905,1,13,9,13500,,,-3,,,,,,3833,0,,,,,,,
3936,1906,1,2,8,13500,,,-3,,,,,,3834,0,,,,,,,
3937,1907,1,4,9,13500,,,-3,,,,,,3835,0,,,,,,,
3938,1908,1,99,8,13500,,,-3,,,,,,3836,0,,,,,,,
3939,1909,1,203,7,13500,,,-3,,,,,,3837,0,,,,,,,
3940,1910,1,171,6,13560,,,-3,,,,,,3838,0,,,,,,,
3941,1910,1,319,6,13560,,,-3,,,,,,3839,0,,,,,,,
3942,1911,1,1,5,13560,,,-3,,,,,,3840,0,,,,,,,
3943,1912,1,268,1,13560,,,-3,,,,,,3841,0,,,,,,,
3944,1913,1,217,1,13560,,,-3,,,,,,3842,0,,,,,,,
3945,1913,1,342,8,13560,,,-3,,,,,,3843,0,,,,,,,
3946,1914,1,296,4,13560,,,-3,,,,,,3844,0,,,,,,,
3947,1914,1,12,10,13560,,,-3,,,,,,3845,0,,,,,,,
3948,1915,1,298,7,13560,,,-3,,,,,,3846,0,,,,,,,
3949,1916,1,161,8,13560,,,-3,,,,,,3847,0,,,,,,,
3950,1916,1,451,2,13560,,,-3,,,,,,3848,0,,,,,,,
3951,1916,1,176,12,13560,,,-3,,,,,,3849,0,,,,,,,
3952,1916,1,72,8,13560,,,-3,,,,,,3850,0,,,,,,,
3953,1916,1,29,6,13560,,,-3,,,,,,3851,0,,,,,,,
3954,1917,1,64,8,13560,,,-3,,,,,,3852,0,,,,,,,
3955,1917,1,16,8,13560,,,-3,,,,,,3853,0,,,,,,,
3956,1917,1,73,12,13560,,,-3,,,,,,3854,0,,,,,,,
3957,1918,1,7,8,13560,,,-3,,,,,,3855,0,,,,,,,
3958,1918,1,21,10,13560,,,-3,,,,,,3856,0,,,,,,,
3959,1918,1,456,6,13560,,,-3,,,,,,3857,0,,,,,,,
3960,1919,1,139,6,13560,,,-3,,,,,,3858,0,,,,,,,
3961,1920,1,126,10,13560,,,-3,,,,,,3859,0,,,,,,,
3962,1920,1,314,1,13560,,,-3,,,,,,3860,0,,,,,,,
3963,1921,1,3,5,13560,,,-3,,,,,,3861,0,,,,,,,
3964,1921,1,22,2,13560,,,-3,,,,,,3862,0,,,,,,,
3965,1922,1,11,11,13560,,,-3,,,,,,3863,0,,,,,,,
3966,1923,1,310,10,13620,,,-3,,,,,,3864,0,,,,,,,
3967,1924,1,183,8,13620,,,-3,,,,,,3865,0,,,,,,,
3968,1924,1,4,6,13620,,,-3,,,,,,3866,0,,,,,,,
3969,1925,1,0,6,13620,,,-3,,,,,,3867,0,,,,,,,
3970,1926,1,20,12,13620,,,-3,,,,,,3868,0,,,,,,,
3971,1927,1,363,10,13620,,,-3,,,,,,3869,0,,,,,,,
3972,1928,1,39,6,13620,,,-3,,,,,,3870,0,,,,,,,
3973,1928,1,124,4,13620,,,-3,,,,,,3871,0,,,,,,,
3974,1929,1,147,5,13620,,,-3,,,,,,3872,0,,,,,,,
3975,1930,1,14,9,13620,,,-3,,,,,,3873,0,,,,,,,
3976,1931,1,469,6,13680,,,-3,,,,,,3874,0,,,,,,,
3977,1931,1,19,8,13680,,,-3,,,,,,3875,0,,,,,,,
3978,1932,1,142,6,13680,,,-3,,,,,,3876,0,,,,,,,
3979,1933,1,43,6,13680,,,-3,,,,,,3877,0,,,,,,,
3980,1934,1,316,7,13680,,,-3,,,,,,3878,0,,,,,,,
3981,1935,1,30,8,13680,,,-3,,,,,,3879,0,,,,,,,
3982,1936,1,1,11,13680,,,-3,,,,,,3880,0,,,,,,,
3983,1936,1,26,8,13680,,,-3,,,,,,3881,0,,,,,,,
3984,1936,1,142,1,13680,,,-3,,,,,,3882,0,,,,,,,
3985,1937,1,15,3,13680,,,-3,,,,,,3883,0,,,,,,,
3986,1938,1,292,2,13680,,,-3,,,,,,3884,0,,,,,,,
3987,1939,1,10,1,13680,,,-3,,,,,,3885,0,,,,,,,
3988,1939,1,96,2,13680,,,-3,,,,,,3886,0,,,,,,,
3989,1939,1,46,12,13680,,,-3,,,,,,3887,0,,,,,,,
3990,1939,1,126,1,13680,,,-3,,,,,,3888,0,,,,,,,
3991,1940,1,24,6,13680,,,-3,,,,,,3889,0,,,,,,,
3992,1941,1,19,7,13680,,,-3,,,,,,3890,0,,,,,,,
3993,1942,1,13,11,13740,,,-3,,,,,,3891,0,,,,,,,
3994,1942,1,44,4,13740,,,-3,,,,,,3892,0,,,,,,,
3995,1943,1,4,5,13740,,,-3,,,,,,3893,0,,,,,,,
3996,1943,1,3,3,13740,,,-3,,,,,,3894,0,,,,,,,
3997,1944,1,82,4,13740,,,-3,,,,,,3895,0,,,,,,,
3998,1944,1,155,4,13740,,,-3,,,,,,3896,0,,,,,,,
3999,1944,1,21,6,13740,,,-3,,,,,,3897,0,,,,,,,
4000,1944,1,52,6,13740,,,-3,,,,,,3898,0,,,,,,,
4001,1945,1,258,8,13740,,,-3,,,,,,3899,0,,,,,,,
4002,1945,1,20,7,13740,,,-3,,,,,,3900,0,,,,,,,
4003,1945,1,26,8,13740,,,-3,,,,,,3901,0,,,,,,,
4004,1945,1,478,9,13740,,,-3,,,,,,3902,0,,,,,,,
4005,1946,1,151,6,13740,,,-3,,,,,,3903,0,,,,,,,
4006,1947,1,1,8,13740,,,-3,,,,,,3904,0,,,,,,,
4007,1947,1,5,2,13740,,,-3,,,,,,3905,0,,,,,,,
4008,1948,1,117,8,13740,,,-3,,,,,,3906,0,,,,,,,
4009,1948,1,68,4,13740,,,-3,,,,,,3907,0,,,,,,,
4010,1949,1,1,12,13740,,,-3,,,,,,3908,0,,,,,,,
4011,1949,1,28,4,13740,,,-3,,,,,,3909,0,,,,,,,
4012,1949,1,95,9,13740,,,-3,,,,,,3910,0,,,,,,,
4013,1949,1,30,7,13740,,,-3,,,,,,3911,0,,,,,,,
4014,1949,1,83,12,13740,,,-3,,,,,,3912,0,,,,,,,
4015,1950,1,4,6,13740,,,-3,,,,,,3913,0,,,,,,,
4016,1951,1,48,10,13800,,,-3,,,,,,3914,0,,,,,,,
4017,1951,1,64,2,13800,,,-3,,,,,,3915,0,,,,,,,
4018,1951,1,221,10,13800,,,-3,,,,,,3916,0,,,,,,,
4019,1951,1,5,6,13800,,,-3,,,,,,3917,0,,,,,,,
4020,1952,1,43,6,13800,,,-3,,,,,,3918,0,,,,,,,
4021,1953,1,323,1,13800,,,-3,,,,,,3919,0,,,,,,,
4022,1953,1,207,6,13800,,,-3,,,,,,3920,0,,,,,,,
4023,1954,1,116,8,13800,,,-3,,,,,,3921,0,,,,,,,
4024,1954,1,21,5,13800,,,-3,,,,,,3922,0,,,,,,,
4025,1955,1,402,3,13800,,,-3,,,,,,3923,0,,,,,,,
4026,1955,1,46,8,13800,,,-3,,,,,,3924,0,,,,,,,
4027,1955,1,141,4,13800,,,-3,,,,,,3925,0,,,,,,,
4028,1956,1,153,1,13800,,,-3,,,,,,3926,0,,,,,,,
4029,1956,1,158,11,13800,,,-3,,,,,,3927,0,,,,,,,
4030,1957,1,24,9,13800,,,-3,,,,,,3928,0,,,,,,,
4031,1957,1,25,8,13800,,,-3,,,,,,3929,0,,,,,,,
4032,1957,1,71,5,13800,,,-3,,,,,,3930,0,,,,,,,
4033,1957,1,380,4,13800,,,-3,,,,,,3931,0,,,,,,,
4034,1958,1,176,6,13800,,,-3,,,,,,3932,0,,,,,,,
4035,1958,1,26,5,13800,,,-3,,,,,,3933,0,,,,,,,
4036,1959,1,30,12,13800,,,-3,,,,,,3934,0,,,,,,,
4037,1959,1,15,6,13800,,,-3,,,,,,3935,0,,,,,,,
4038,1960,1,87,4,13800,,,-3,,,,,,3936,0,,,,,,,
4039,1961,1,3,10,13860,,,-3,,,,,,3937,0,,,,,,,
4040,1961,1,108,2,13860,,,-3,,,,,,3938,0,,,,,,,
4041,1962,1,189,10,13860,,,-3,,,,,,3939,0,,,,,,,
4042,1962,1,55,10,13860,,,-3,,,,,,3940,0,,,,,,,
4043,1962,1,142,4,13860,,,-3,,,,,,3941,0,,,,,,,
4044,1962,1,149,5,13860,,,-3,,,,,,3942,0,,,,,,,
4045,1962,1,195,3,13860,,,-3,,,,,,3943,0,,,,,,,
4046,1962,1,90,11,13860,,,-3,,,,,,3944,0,,,,,,,
4047,1962,1,2,6,13860,,,-3,,,,,,3945,0,,,,,,,
4048,1963,1,249,6,13860,,,-3,,,,,,3946,0,,,,,,,
4049,1964,1,197,4,13860,,,-3,,,,,,3947,0,,,,,,,
4050,1964,1,185,10,13860,,,-3,,,,,,3948,0,,,,,,,
4051,1964,1,5,6,13860,,,-3,,,,,,3949,0,,,,,,,
4052,1964,1,167,6,13860,,,-3,,,,,,3950,0,,,,,,,
4053,1964,1,31,10,13860,,,-3,,,,,,3951,0,,,,,,,
4054,1965,1,43,9,13860,,,-3,,,,,,3952,0,,,,,,,
4055,1966,1,24,10,13860,,,-3,,,,,,3953,0,,,,,,,
4056,1967,1,82,10,13860,,,-3,,,,,,3954,0,,,,,,,
4057,1968,1,20,3,13920,,,-3,,,,,,3955,0,,,,,,,
4058,1968,1,26,9,13920,,,-3,,,,,,3956,0,,,,,,,
4059,1968,1,15,10,13920,,,-3,,,,,,3957,0,,,,,,,
4060,1968,1,17,4,13920,,,-3,,,,,,3958,0,,,,,,,
4061,1968,1,9,5,13920,,,-3,,,,,,3959,0,,,,,,,
4062,1969,1,188,5,13920,,,-3,,,,,,3960,0,,,,,,,
4063,1969,1,146,6,13920,,,-3,,,,,,3961,0,,,,,,,
4064,1970,1,134,12,13920,,,-3,,,,,,3962,0,,,,,,,
4065,1970,1,35,10,13920,,,-3,,,,,,3963,0,,,,,,,
4066,1970,1,388,2,13920,,,-3,,,,,,3964,0,,,,,,,
4067,1971,1,12,6,13920,,,-3,,,,,,3965,0,,,,,,,
4068,1971,1,145,8,13920,,,-3,,,,,,3966,0,,,,,,,
4069,1971,1,158,10,13920,,,-3,,,,,,3967,0,,,,,,,
4070,1972,1,44,3,13920,,,-3,,,,,,3968,0,,,,,,,
4071,1972,1,43,3,13920,,,-3,,,,,,3969,0,,,,,,,
4072,1973,1,146,8,13920,,,-3,,,,,,3970,0,,,,,,,
4073,1974,1,25,12,13920,,,-3,,,,,,3971,0,,,,,,,
4074,1975,1,44,8,13980,,,-3,,,,,,3972,0,,,,,,,
4075,1976,1,15,6,13980,,,-3,,,,,,3973,0,,,,,,,
4076,1977,1,187,10,13980,,,-3,,,,,,3974,0,,,,,,,
4077,1978,1,26,4,13980,,,-3,,,,,,3975,0,,,,,,,
4078,1978,1,47,7,13980,,,-3,,,,,,3976,0,,,,,,,
4079,1978,1,196,3,13980,,,-3,,,,,,3977,0,,,,,,,
4080,1979,1,37,8,13980,,,-3,,,,,,3978,0,,,,,,,
4081,1980,1,13,10,13980,,,-3,,,,,,3979,0,,,,,,,
4082,1981,1,8,7,14040,,,-3,,,,,,3980,0,,,,,,,
4083,1981,1,28,5,14040,,,-3,,,,,,3981,0,,,,,,,
4084,1982,1,38,3,14040,,,-3,,,,,,3982,0,,,,,,,
4085,1982,1,232,3,14040,,,-3,,,,,,3983,0,,,,,,,
4086,1982,1,11,6,14040,,,-3,,,,,,3984,0,,,,,,,
4087,1982,1,146,1,14040,,,-3,,,,,,3985,0,,,,,,,
4088,1983,1,25,8,14040,,,-3,,,,,,3986,0,,,,,,,
4089,1984,1,24,3,14040,,,-3,,,,,,3987,0,,,,,,,
4090,1985,1,1,10,14040,,,-3,,,,,,3988,0,,,,,,,
4091,1986,1,47,8,14040,,,-3,,,,,,3989,0,,,,,,,
4092,1987,1,250,10,14040,,,-3,,,,,,3990,0,,,,,,,
4093,1987,1,244,5,14040,,,-3,,,,,,3991,0,,,,,,,
4094,1988,1,484,10,14040,,,-3,,,,,,3992,0,,,,,,,
4095,1988,1,14,5,14040,,,-3,,,,,,3993,0,,,,,,,
4096,1989,1,89,5,14040,,,-3,,,,,,3994,0,,,,,,,
4097,1989,1,208,2,14040,,,-3,,,,,,3995,0,,,,,,,
4098,1989,1,86,6,14040,,,-3,,,,,,3996,0,,,,,,,
4099,1989,1,20,7,14040,,,-3,,,,,,3997,0,,,,,,,
4100,1990,1,21,3,14040,,,-3,,,,,,3998,0,,,,,,,
4101,1990,1,98,8,14040,,,-3,,,,,,3999,0,,,,,,,
4102,1990,1,129,5,14040,,,-3,,,,,,4000,0,,,,,,,
4103,1990,1,44,7,14040,,,-3,,,,,,4001,0,,,,,,,
4104,1991,1,93,3,14040,,,-3,,,,,,4002,0,,,,,,,
4105,1992,1,129,6,14040,,,-3,,,,,,4003,0,,,,,,,
4106,1993,1,9,6,14040,,,-3,,,,,,4004,0,,,,,,,
4107,1994,1,0,9,14040,,,-3,,,,,,4005,0,,,,,,,
4108,1994,1,27,2,14040,,,-3,,,,,,4006,0,,,,,,,
4109,1994,1,9,8,14040,,,-3,,,,,,4007,0,,,,,,,
4110,1994,1,80,4,14040,,,-3,,,,,,4008,0,,,,,,,
4111,1995,1,13,12,14040,,,-3,,,,,,4009,0,,,,,,,
4112,1996,1,31,6,14100,,,-3,,,,,,4010,0,,,,,,,
4113,1997,1,216,6,14100,,,-3,,,,,,4011,0,,,,,,,
4114,1997,1,39,2,14100,,,-3,,,,,,4012,0,,,,,,,
4115,1997,1,55,4,14100,,,-3,,,,,,4013,0,,,,,,,
4116,1997,1,211,6,14100,,,-3,,,,,,4014,0,,,,,,,
4117,1998,1,445,10,14100,,,-3,,,,,,4015,0,,,,,,,
4118,1998,1,29,8,14100,,,-3,,,,,,4016,0,,,,,,,
4119,1998,1,257,6,14100,,,-3,,,,,,4017,0,,,,,,,
4120,1998,1,91,7,14100,,,-3,,,,,,4018,0,,,,,,,
4121,1999,1,264,2,14100,,,-3,,,,,,4019,0,,,,,,,
4122,2000,1,481,8,14100,,,-3,,,,,,4020,0,,,,,,,
4123,2001,1,127,9,14100,,,-3,,,,,,4021,0,,,,,,,
4124,2001,1,24,11,14100,,,-3,,,,,,4022,0,,,,,,,
4125,2001,1,123,7,14100,,,-3,,,,,,4023,0,,,,,,,
4126,2002,1,40,6,14100,,,-3,,,,,,4024,0,,,,,,,
4127,2002,1,38,4,14100,,,-3,,,,,,4025,0,,,,,,,
4128,2003,1,10,8,14100,,,-3,,,,,,4026,0,,,,,,,
4129,2003,1,29,9,14100,,,-3,,,,,,4027,0,,,,,,,
4130,2004,1,49,7,14100,,,-3,,,,,,4028,0,,,,,,,
4131,2004,1,196,1,14100,,,-3,,,,,,4029,0,,,,,,,
4132,2005,1,2,7,14100,,,-3,,,,,,4030,0,,,,,,,
4133,2005,1,8,2,14100,,,-3,,,,,,4031,0,,,,,,,
4134,2005,1,129,6,14100,,,-3,,,,,,4032,0,,,,,,,
4135,2005,1,36,7,14100,,,-3,,,,,,4033,0,,,,,,,
4136,2006,1,151,4,14100,,,-3,,,,,,4034,0,,,,,,,
4137,2006,1,24,6,14100,,,-3,,,,,,4035,0,,,,,,,
4138,2007,1,159,4,14100,,,-3,,,,,,4036,0,,,,,,,
4139,2007,1,195,4,14100,,,-3,,,,,,4037,0,,,,,,,
4140,2007,1,10,11,14100,,,-3,,,,,,4038,0,,,,,,,
4141,2007,1,105,2,14100,,,-3,,,,,,4039,0,,,,,,,
4142,2008,1,41,11,14100,,,-3,,,,,,4040,0,,,,,,,
4143,2008,1,70,9,14100,,,-3,,,,,,4041,0,,,,,,,
4144,2008,1,163,8,14100,,,-3,,,,,,4042,0,,,,,,,
4145,2008,1,26,8,14100,,,-3,,,,,,4043,0,,,,,,,
4146,2009,1,446,4,14100,,,-3,,,,,,4044,0,,,,,,,
4147,2010,1,0,11,14160,,,-3,,,,,,4045,0,,,,,,,
4148,2011,1,3,10,14160,,,-3,,,,,,4046,0,,,,,,,
4149,2012,1,19,8,14160,,,-3,,,,,,4047,0,,,,,,,
4150,2013,1,300,10,14160,,,-3,,,,,,4048,0,,,,,,,
4151,2013,1,63,2,14160,,,-3,,,,,,4049,0,,,,,,,
4152,2014,1,410,10,14160,,,-3,,,,,,4050,0,,,,,,,
4153,2014,1,66,9,14160,,,-3,,,,,,4051,0,,,,,,,
4154,2015,1,0,8,14160,,,-3,,,,,,4052,0,,,,,,,
4155,2015,1,166,8,14160,,,-3,,,,,,4053,0,,,,,,,
4156,2016,1,8,6,14160,,,-3,,,,,,4054,0,,,,,,,
4157,2017,1,255,2,14220,,,-3,,,,,,4055,0,,,,,,,
4158,2017,1,67,5,14220,,,-3,,,,,,4056,0,,,,,,,
4159,2018,1,98,4,14220,,,-3,,,,,,4057,0,,,,,,,
4160,2018,1,28,6,14220,,,-3,,,,,,4058,0,,,,,,,
4161,2018,1,316,5,14220,,,-3,,,,,,4059,0,,,,,,,
4162,2018,1,43,10,14220,,,-3,,,,,,4060,0,,,,,,,
4163,2018,1,27,5,14220,,,-3,,,,,,4061,0,,,,,,,
4164,2019,1,120,10,14220,,,-3,,,,,,4062,0,,,,,,,
4165,2020,1,6,12,14220,,,-3,,,,,,4063,0,,,,,,,
4166,2021,1,36,5,14220,,,-3,,,,,,4064,0,,,,,,,
4167,2021,1,63,6,14220,,,-3,,,,,,4065,0,,,,,,,
4168,2022,1,160,6,14220,,,-3,,,,,,4066,0,,,,,,,
4169,2022,1,0,12,14220,,,-3,,,,,,4067,0,,,,,,,
4170,2022,1,3,3,14220,,,-3,,,,,,4068,0,,,,,,,
4171,2022,1,19,2,14220,,,-3,,,,,,4069,0,,,,,,,
4172,2022,1,76,3,14220,,,-3,,,,,,4070,0,,,,,,,
4173,2022,1,188,9,14220,,,-3,,,,,,4071,0,,,,,,,
4174,2022,1,4,9,14220,,,-3,,,,,,4072,0,,,,,,,
4175,2023,1,144,9,14220,,,-3,,,,,,4073,0,,,,,,,
4176,2024,1,0,1,14220,,,-3,,,,,,4074,0,,,,,,,
4177,2025,1,45,5,14220,,,-3,,,,,,4075,0,,,,,,,
4178,2025,1,18,4,14220,,,-3,,,,,,4076,0,,,,,,,
4179,2026,1,43,7,14220,,,-3,,,,,,4077,0,,,,,,,
4180,2027,1,14,2,14220,,,-3,,,,,,4078,0,,,,,,,
4181,2028,1,18,4,14220,,,-3,,,,,,4079,0,,,,,,,
4182,2028,1,10,3,14220,,,-3,,,,,,4080,0,,,,,,,
4183,2029,1,36,4,14220,,,-3,,,,,,4081,0,,,,,,,
4184,2029,1,35,3,14220,,,-3,,,,,,4082,0,,,,,,,
4185,2029,1,37,7,14220,,,-3,,,,,,4083,0,,,,,,,
4186,2029,1,24,12,14220,,,-3,,,,,,4084,0,,,,,,,
4187,2030,1,10,6,14220,,,-3,,,,,,4085,0,,,,,,,
4188,2030,1,47,2,14220,,,-3,,,,,,4086,0,,,,,,,
4189,2031,1,340,4,14220,,,-3,,,,,,4087,0,,,,,,,
4190,2032,1,158,1,14220,,,-3,,,,,,4088,0,,,,,,,
4191,2033,1,13,5,14280,,,-3,,,,,,4089,0,,,,,,,
4192,2033,1,80,6,14280,,,-3,,,,,,4090,0,,,,,,,
4193,2033,1,43,6,14280,,,-3,,,,,,4091,0,,,,,,,
4194,2033,1,1,4,14280,,,-3,,,,,,4092,0,,,,,,,
4195,2034,1,15,11,14280,,,-3,,,,,,4093,0,,,,,,,
4196,2034,1,139,9,14280,,,-3,,,,,,4094,0,,,,,,,
4197,2035,1,79,2,14280,,,-3,,,,,,4095,0,,,,,,,
4198,2035,1,54,8,14280,,,-3,,,,,,4096,0,,,,,,,
4199,2035,1,132,5,14280,,,-3,,,,,,4097,0,,,,,,,
4200,2036,1,367,4,14280,,,-3,,,,,,4098,0,,,,,,,
4201,2037,1,73,4,14280,,,-3,,,,,,4099,0,,,,,,,
4202,2037,1,23,6,14280,,,-3,,,,,,4100,0,,,,,,,
4203,2038,1,2,7,14280,,,-3,,,,,,4101,0,,,,,,,
4204,2038,1,119,9,14280,,,-3,,,,,,4102,0,,,,,,,
4205,2038,1,3,3,14280,,,-3,,,,,,4103,0,,,,,,,
4206,2038,1,352,8,14280,,,-3,,,,,,4104,0,,,,,,,
4207,2038,1,11,1,14280,,,-3,,,,,,4105,0,,,,,,,
4208,2038,1,104,6,14280,,,-3,,,,,,4106,0,,,,,,,
4209,2038,1,82,7,14280,,,-3,,,,,,4107,0,,,,,,,
4210,2039,1,351,2,14280,,,-3,,,,,,4108,0,,,,,,,
4211,2039,1,61,6,14280,,,-3,,,,,,4109,0,,,,,,,
4212,2039,1,143,6,14280,,,-3,,,,,,4110,0,,,,,,,
4213,2040,1,2,2,14280,,,-3,,,,,,4111,0,,,,,,,
4214,2041,1,47,9,14340,,,-3,,,,,,4112,0,,,,,,,
4215,2041,1,49,12,14340,,,-3,,,,,,4113,0,,,,,,,
4216,2041,1,2,6,14340,,,-3,,,,,,4114,0,,,,,,,
4217,2042,1,44,12,14340,,,-3,,,,,,4115,0,,,,,,,
4218,2043,1,64,10,14340,,,-3,,,,,,4116,0,,,,,,,
4219,2043,1,210,1,14340,,,-3,,,,,,4117,0,,,,,,,
4220,2044,1,10,4,14340,,,-3,,,,,,4118,0,,,,,,,
4221,2045,1,9,6,14400,,,-3,,,,,,4119,0,,,,,,,
4222,2045,1,72,12,14400,,,-3,,,,,,4120,0,,,,,,,
4223,2046,1,46,7,14400,,,-3,,,,,,4121,0,,,,,,,
4224,2047,1,128,1,14400,,,-3,,,,,,4122,0,,,,,,,
4225,2048,1,492,8,14400,,,-3,,,,,,4123,0,,,,,,,
4226,2049,1,1,6,14400,,,-3,,,,,,4124,0,,,,,,,
4227,2050,1,9,10,14400,,,-3,,,,,,4125,0,,,,,,,
4228,2050,1,197,5,14400,,,-3,,,,,,4126,0,,,,,,,
4229,2050,1,190,9,14400,,,-3,,,,,,4127,0,,,,,,,
4230,2050,1,72,3,14400,,,-3,,,,,,4128,0,,,,,,,
4231,2050,1,3,4,14400,,,-3,,,,,,4129,0,,,,,,,
4232,2050,1,27,6,14400,,,-3,,,,,,4130,0,,,,,,,
4233,2050,1,38,12,14400,,,-3,,,,,,4131,0,,,,,,,
4234,2050,1,384,8,14400,,,-3,,,,,,4132,0,,,,,,,
4235,2051,1,55,11,14400,,,-3,,,,,,4133,0,,,,,,,
4236,2051,1,1,7,14400,,,-3,,,,,,4134,0,,,,,,,
4237,2052,1,0,10,14400,,,-3,,,,,,4135,0,,,,,,,
4238,2053,1,26,8,14400,,,-3,,,,,,4136,0,,,,,,,
4239,2053,1,174,4,14400,,,-3,,,,,,4137,0,,,,,,,
4240,2053,1,350,10,14400,,,-3,,,,,,4138,0,,,,,,,
4241,2053,1,108,8,14400,,,-3,,,,,,4139,0,,,,,,,
4242,2054,1,19,4,14400,,,-3,,,,,,4140,0,,,,,,,
4243,2055,1,134,2,14460,,,-3,,,,,,4141,0,,,,,,,
4244,2056,1,127,8,14460,,,-3,,,,,,4142,0,,,,,,,
4245,2056,1,11,4,14460,,,-3,,,,,,4143,0,,,,,,,
4246,2057,1,5,7,14460,,,-3,,,,,,4144,0,,,,,,,
4247,2058,1,287,9,14460,,,-3,,,,,,4145,0,,,,,,,
4248,2059,1,41,4,14460,,,-3,,,,,,4146,0,,,,,,,
4249,2059,1,342,6,14460,,,-3,,,,,,4147,0,,,,,,,
4250,2059,1,9,4,14460,,,-3,,,,,,4148,0,,,,,,,
4251,2060,1,47,9,14460,,,-3,,,,,,4149,0,,,,,,,
4252,2060,1,108,4,14460,,,-3,,,,,,4150,0,,,,,,,
4253,2061,1,120,10,14460,,,-3,,,,,,4151,0,,,,,,,
4254,2061,1,17,6,14460,,,-3,,,,,,4152,0,,,,,,,
4255,2061,1,49,9,14460,,,-3,,,,,,4153,0,,,,,,,
4256,2061,1,37,8,14460,,,-3,,,,,,4154,0,,,,,,,
4257,2062,1,33,6,14520,,,-3,,,,,,4155,0,,,,,,,
4258,2062,1,64,3,14520,,,-3,,,,,,4156,0,,,,,,,
4259,2063,1,458,12,14520,,,-3,,,,,,4157,0,,,,,,,
4260,2064,1,21,6,14520,,,-3,,,,,,4158,0,,,,,,,
4261,2064,1,9,2,14520,,,-3,,,,,,4159,0,,,,,,,
4262,2065,1,25,1,14520,,,-3,,,,,,4160,0,,,,,,,
4263,2065,1,129,4,14520,,,-3,,,,,,4161,0,,,,,,,
4264,2066,1,365,1,14520,,,-3,,,,,,4162,0,,,,,,,
4265,2066,1,43,12,14520,,,-3,,,,,,4163,0,,,,,,,
4266,2067,1,277,4,14520,,,-3,,,,,,4164,0,,,,,,,
4267,2067,1,435,8,14520,,,-3,,,,,,4165,0,,,,,,,
4268,2067,1,24,7,14520,,,-3,,,,,,4166,0,,,,,,,
4269,2068,1,12,5,14520,,,-3,,,,,,4167,0,,,,,,,
4270,2068,1,10,11,14520,,,-3,,,,,,4168,0,,,,,,,
4271,2069,1,31,4,14520,,,-3,,,,,,4169,0,,,,,,,
4272,2070,1,6,8,14580,,,-3,,,,,,4170,0,,,,,,,
4273,2071,1,10,8,14580,,,-3,,,,,,4171,0,,,,,,,
4274,2071,1,431,2,14580,,,-3,,,,,,4172,0,,,,,,,
4275,2071,1,4,3,14580,,,-3,,,,,,4173,0,,,,,,,
4276,2071,1,25,8,14580,,,-3,,,,,,4174,0,,,,,,,
4277,2072,1,111,6,14580,,,-3,,,,,,4175,0,,,,,,,
4278,2072,1,10,10,14580,,,-3,,,,,,4176,0,,,,,,,
4279,2072,1,62,10,14580,,,-3,,,,,,4177,0,,,,,,,
4280,2072,1,44,12,14580,,,-3,,,,,,4178,0,,,,,,,
4281,2072,1,63,5,14580,,,-3,,,,,,4179,0,,,,,,,
4282,2073,1,6,10,14580,,,-3,,,,,,4180,0,,,,,,,
4283,2074,1,120,6,14580,,,-3,,,,,,4181,0,,,,,,,
4284,2074,1,55,7,14580,,,-3,,,,,,4182,0,,,,,,,
4285,2074,1,256,7,14580,,,-3,,,,,,4183,0,,,,,,,
4286,2075,1,35,12,14580,,,-3,,,,,,4184,0,,,,,,,
4287,2075,1,142,11,14580,,,-3,,,,,,4185,0,,,,,,,
4288,2076,1,12,7,14580,,,-3,,,,,,4186,0,,,,,,,
4289,2076,1,200,9,14580,,,-3,,,,,,4187,0,,,,,,,
4290,2077,1,331,2,14580,,,-3,,,,,,4188,0,,,,,,,
4291,2077,1,30,11,14580,,,-3,,,,,,4189,0,,,,,,,
4292,2077,1,299,12,14580,,,-3,,,,,,4190,0,,,,,,,
4293,2077,1,270,6,14580,,,-3,,,,,,4191,0,,,,,,,
4294,2077,1,69,4,14580,,,-3,,,,,,4192,0,,,,,,,
4295,2078,1,7,6,14580,,,-3,,,,,,4193,0,,,,,,,
4296,2078,1,80,7,14580,,,-3,,,,,,4194,0,,,,,,,
4297,2078,1,10,3,14580,,,-3,,,,,,4195,0,,,,,,,
4298,2079,1,93,4,14580,,,-3,,,,,,4196,0,,,,,,,
4299,2079,1,393,12,14580,,,-3,,,,,,4197,0,,,,,,,
4300,2079,1,250,6,14580,,,-3,,,,,,4198,0,,,,,,,
4301,2080,1,80,4,14580,,,-3,,,,,,4199,0,,,,,,,
4302,2081,1,16,7,14640,,,-3,,,,,,4200,0,,,,,,,
4303,2081,1,352,6,14640,,,-3,,,,,,4201,0,,,,,,,
4304,2082,1,64,2,14640,,,-3,,,,,,4202,0,,,,,,,
4305,2083,1,134,8,14640,,,-3,,,,,,4203,0,,,,,,,
4306,2084,1,150,7,14640,,,-3,,,,,,4204,0,,,,,,,
4307,2084,1,55,6,14640,,,-3,,,,,,4205,0,,,,,,,
4308,2084,1,5,2,14640,,,-3,,,,,,4206,0,,,,,,,
4309,2084,1,34,8,14640,,,-3,,,,,,4207,0,,,,,,,
4310,2084,1,75,5,14640,,,-3,,,,,,4208,0,,,,,,,
4311,2084,1,20,6,14640,,,-3,,,,,,4209,0,,,,,,,
4312,2085,1,109,7,14640,,,-3,,,,,,4210,0,,,,,,,
4313,2085,1,218,4,14640,,,-3,,,,,,4211,0,,,,,,,
4314,2086,1,26,3,14640,,,-3,,,,,,4212,0,,,,,,,
4315,2086,1,49,3,14640,,,-3,,,,,,4213,0,,,,,,,
4316,2087,1,63,12,14640,,,-3,,,,,,4214,0,,,,,,,
4317,2088,1,43,8,14700,,,-3,,,,,,4215,0,,,,,,,
4318,2089,1,112,8,14700,,,-3,,,,,,4216,0,,,,,,,
4319,2089,1,270,10,14700,,,-3,,,,,,4217,0,,,,,,,
4320,2090,1,15,12,14700,,,-3,,,,,,4218,0,,,,,,,
4321,2090,1,29,5,14700,,,-3,,,,,,4219,0,,,,,,,
4322,2090,1,44,10,14700,,,-3,,,,,,4220,0,,,,,,,
4323,2091,1,0,6,14700,,,-3,,,,,,4221,0,,,,,,,
4324,2092,1,5,4,14700,,,-3,,,,,,4222,0,,,,,,,
4325,2093,1,70,6,14700,,,-3,,,,,,4223,0,,,,,,,
4326,2094,1,1,4,14700,,,-3,,,,,,4224,0,,,,,,,
4327,2095,1,2,11,14700,,,-3,,,,,,4225,0,,,,,,,
4328,2095,1,1,2,14700,,,-3,,,,,,4226,0,,,,,,,
4329,2095,1,78,8,14700,,,-3,,,,,,4227,0,,,,,,,
4330,2095,1,6,6,14700,,,-3,,,,,,4228,0,,,,,,,
4331,2096,1,69,9,14700,,,-3,,,,,,4229,0,,,,,,,
4332,2096,1,27,7,14700,,,-3,,,,,,4230,0,,,,,,,
4333,2097,1,23,2,14700,,,-3,,,,,,4231,0,,,,,,,
4334,2098,1,46,10,14700,,,-3,,,,,,4232,0,,,,,,,
4335,2099,1,124,5,14700,,,-3,,,,,,4233,0,,,,,,,
4336,2099,1,9,10,14700,,,-3,,,,,,4234,0,,,,,,,
4337,2100,1,32,2,14760,,,-3,,,,,,4235,0,,,,,,,
4338,2101,1,13,10,14760,,,-3,,,,,,4236,0,,,,,,,
4339,2102,1,1,10,14760,,,-3,,,,,,4237,0,,,,,,,
4340,2102,1,27,12,14760,,,-3,,,,,,4238,0,,,,,,,
4341,2103,1,44,1,14760,,,-3,,,,,,4239,0,,,,,,,
4342,2104,1,0,4,14760,,,-3,,,,,,4240,0,,,,,,,
4343,2105,1,393,4,14760,,,-3,,,,,,4241,0,,,,,,,
4344,2106,1,2,10,14760,,,-3,,,,,,4242,0,,,,,,,
4345,2107,1,109,5,14760,,,-3,,,,,,4243,0,,,,,,,
4346,2108,1,29,5,14760,,,-3,,,,,,4244,0,,,,,,,
4347,2109,1,73,12,14760,,,-3,,,,,,4245,0,,,,,,,
4348,2110,1,34,10,14760,,,-3,,,,,,4246,0,,,,,,,
4349,2110,1,405,4,14760,,,-3,,,,,,4247,0,,,,,,,
4350,2111,1,30,3,14760,,,-3,,,,,,4248,0,,,,,,,
4351,2111,1,0,8,14760,,,-3,,,,,,4249,0,,,,,,,
4352,2112,1,53,8,14820,,,-3,,,,,,4250,0,,,,,,,
4353,2112,1,81,1,14820,,,-3,,,,,,4251,0,,,,,,,
4354,2112,1,13,8,14820,,,-3,,,,,,4252,0,,,,,,,
4355,2112,1,1,12,14820,,,-3,,,,,,4253,0,,,,,,,
4356,2113,1,194,8,14820,,,-3,,,,,,4254,0,,,,,,,
4357,2114,1,107,6,14820,,,-3,,,,,,4255,0,,,,,,,
4358,2115,1,218,6,14820,,,-3,,,,,,4256,0,,,,,,,
4359,2115,1,58,6,14820,,,-3,,,,,,4257,0,,,,,,,
4360,2115,1,274,6,14820,,,-3,,,,,,4258,0,,,,,,,
4361,2116,1,371,6,14820,,,-3,,,,,,4259,0,,,,,,,
4362,2116,1,449,8,14820,,,-3,,,,,,4260,0,,,,,,,
4363,2117,1,3,12,14820,,,-3,,,,,,4261,0,,,,,,,
4364,2117,1,17,1,14820,,,-3,,,,,,4262,0,,,,,,,
4365,2118,1,6,3,14820,,,-3,,,,,,4263,0,,,,,,,
4366,2118,1,392,9,14820,,,-3,,,,,,4264,0,,,,,,,
4367,2118,1,8,2,14820,,,-3,,,,,,4265,0,,,,,,,
4368,2119,1,217,8,14820,,,-3,,,,,,4266,0,,,,,,,
4369,2120,1,272,8,14820,,,-3,,,,,,4267,0,,,,,,,
4370,2121,1,134,9,14880,,,-3,,,,,,4268,0,,,,,,,
4371,2121,1,2,6,14880,,,-3,,,,,,4269,0,,,,,,,
4372,2121,1,11,6,14880,,,-3,,,,,,4270,0,,,,,,,
4373,2122,1,67,7,14880,,,-3,,,,,,4271,0,,,,,,,
4374,2122,1,2,12,14880,,,-3,,,,,,4272,0,,,,,,,
4375,2122,1,290,7,14880,,,-3,,,,,,4273,0,,,,,,,
4376,2123,1,431,7,14880,,,-3,,,,,,4274,0,,,,,,,
4377,2124,1,13,6,14880,,,-3,,,,,,4275,0,,,,,,,
4378,2124,1,20,5,14880,,,-3,,,,,,4276,0,,,,,,,
4379,2124,1,166,6,14880,,,-3,,,,,,4277,0,,,,,,,
4380,2124,1,9,7,14880,,,-3,,,,,,4278,0,,,,,,,
4381,2125,1,47,6,14880,,,-3,,,,,,4279,0,,,,,,,
4382,2126,1,87,7,14880,,,-3,,,,,,4280,0,,,,,,,
4383,2127,1,47,3,14880,,,-3,,,,,,4281,0,,,,,,,
4384,2128,1,77,4,14940,,,-3,,,,,,4282,0,,,,,,,
4385,2129,1,111,12,14940,,,-3,,,,,,4283,0,,,,,,,
4386,2129,1,42,8,14940,,,-3,,,,,,4284,0,,,,,,,
4387,2129,1,13,8,14940,,,-3,,,,,,4285,0,,,,,,,
4388,2129,1,311,8,14940,,,-3,,,,,,4286,0,,,,,,,
4389,2130,1,19,6,14940,,,-3,,,,,,4287,0,,,,,,,
4390,2130,1,89,10,14940,,,-3,,,,,,4288,0,,,,,,,
4391,2130,1,20,3,14940,,,-3,,,,,,4289,0,,,,,,,
4392,2131,1,118,4,14940,,,-3,,,,,,4290,0,,,,,,,
4393,2131,1,49,10,14940,,,-3,,,,,,4291,0,,,,,,,
4394,2132,1,1,6,14940,,,-3,,,,,,4292,0,,,,,,,
4395,2133,1,232,2,14940,,,-3,,,,,,4293,0,,,,,,,
4396,2134,1,47,2,14940,,,-3,,,,,,4294,0,,,,,,,
4397,2134,1,7,11,14940,,,-3,,,,,,4295,0,,,,,,,
4398,2135,1,32,9,14940,,,-3,,,,,,4296,0,,,,,,,
4399,2136,1,20,6,14940,,,-3,,,,,,4297,0,,,,,,,
4400,2136,1,108,2,14940,,,-3,,,,,,4298,0,,,,,,,
4401,2136,1,1,2,14940,,,-3,,,,,,4299,0,,,,,,,
4402,2137,1,331,9,14940,,,-3,,,,,,4300,0,,,,,,,
4403,2137,1,10,4,14940,,,-3,,,,,,4301,0,,,,,,,
4404,2138,1,444,7,15000,,,-3,,,,,,4302,0,,,,,,,
4405,2138,1,10,10,15000,,,-3,,,,,,4303,0,,,,,,,
4406,2138,1,222,7,15000,,,-3,,,,,,4304,0,,,,,,,
4407,2138,1,15,12,15000,,,-3,,,,,,4305,0,,,,,,,
4408,2139,1,97,4,15000,,,-3,,,,,,4306,0,,,,,,,
4409,2140,1,39,3,15000,,,-3,,,,,,4307,0,,,,,,,
4410,2140,1,495,10,15000,,,-3,,,,,,4308,0,,,,,,,
4411,2140,1,12,10,15000,,,-3,,,,,,4309,0,,,,,,,
4412,2140,1,62,8,15000,,,-3,,,,,,4310,0,,,,,,,
4413,2141,1,27,10,15000,,,-3,,,,,,4311,0,,,,,,,
4414,2141,1,83,4,15000,,,-3,,,,,,4312,0,,,,,,,
4415,2142,1,0,2,15060,,,-3,,,,,,4313,0,,,,,,,
4416,2143,1,10,9,15060,,,-3,,,,,,4314,0,,,,,,,
4417,2144,1,142,7,15060,,,-3,,,,,,4315,0,,,,,,,
4418,2144,1,8,11,15060,,,-3,,,,,,4316,0,,,,,,,
4419,2144,1,6,5,15060,,,-3,,,,,,4317,0,,,,,,,
4420,2145,1,116,7,15060,,,-3,,,,,,4318,0,,,,,,,
4421,2145,1,115,12,15060,,,-3,,,,,,4319,0,,,,,,,
4422,2146,1,365,8,15060,,,-3,,,,,,4320,0,,,,,,,
4423,2146,1,28,5,15060,,,-3,,,,,,4321,0,,,,,,,
4424,2146,1,3,8,15060,,,-3,,,,,,4322,0,,,,,,,
4425,2147,1,87,4,15060,,,-3,,,,,,4323,0,,,,,,,
4426,2147,1,6,3,15060,,,-3,,,,,,4324,0,,,,,,,
4427,2147,1,4,2,15060,,,-3,,,,,,4325,0,,,,,,,
4428,2147,1,33,3,15060,,,-3,,,,,,4326,0,,,,,,,
4429,2147,1,64,9,15060,,,-3,,,,,,4327,0,,,,,,,
4430,2147,1,48,12,15060,,,-3,,,,,,4328,0,,,,,,,
4431,2147,1,139,3,15060,,,-3,,,,,,4329,0,,,,,,,
4432,2148,1,356,9,15060,,,-3,,,,,,4330,0,,,,,,,
4433,2148,1,19,2,15060,,,-3,,,,,,4331,0,,,,,,,
4434,2149,1,208,6,15060,,,-3,,,,,,4332,0,,,,,,,
4435,2150,1,259,4,15060,,,-3,,,,,,4333,0,,,,,,,
4436,2150,1,157,6,15060,,,-3,,,,,,4334,0,,,,,,,
4437,2150,1,34,4,15060,,,-3,,,,,,4335,0,,,,,,,
4438,2150,1,94,11,15060,,,-3,,,,,,4336,0,,,,,,,
4439,2151,1,6,2,15060,,,-3,,,,,,4337,0,,,,,,,
4440,2151,1,219,7,15060,,,-3,,,,,,4338,0,,,,,,,
4441,2152,1,68,4,15120,,,-3,,,,,,4339,0,,,,,,,
4442,2152,1,336,6,15120,,,-3,,,,,,4340,0,,,,,,,
4443,2152,1,345,2,15120,,,-3,,,,,,4341,0,,,,,,,
4444,2152,1,49,6,15120,,,-3,,,,,,4342,0,,,,,,,
4445,2152,1,352,8,15120,,,-3,,,,,,4343,0,,,,,,,
4446,2152,1,152,8,15120,,,-3,,,,,,4344,0,,,,,,,
4447,2152,1,4,4,15120,,,-3,,,,,,4345,0,,,,,,,
4448,2153,1,6,6,15120,,,-3,,,,,,4346,0,,,,,,,
4449,2153,1,13,12,15120,,,-3,,,,,,4347,0,,,,,,,
4450,2153,1,312,6,15120,,,-3,,,,,,4348,0,,,,,,,
4451,2153,1,220,9,15120,,,-3,,,,,,4349,0,,,,,,,
4452,2154,1,0,9,15120,,,-3,,,,,,4350,0,,,,,,,
4453,2154,1,3,10,15120,,,-3,,,,,,4351,0,,,,,,,
4454,2155,1,337,10,15120,,,-3,,,,,,4352,0,,,,,,,
4455,2156,1,11,3,15120,,,-3,,,,,,4353,0,,,,,,,
4456,2157,1,126,4,15120,,,-3,,,,,,4354,0,,,,,,,
4457,2157,1,6,8,15120,,,-3,,,,,,4355,0,,,,,,,
4458,2158,1,41,2,15120,,,-3,,,,,,4356,0,,,,,,,
4459,2158,1,10,9,15120,,,-3,,,,,,4357,0,,,,,,,
4460,2159,1,67,9,15120,,,-3,,,,,,4358,0,,,,,,,
4461,2159,1,18,6,15120,,,-3,,,,,,4359,0,,,,,,,
4462,2159,1,86,1,15120,,,-3,,,,,,4360,0,,,,,,,
4463,2159,1,0,6,15120,,,-3,,,,,,4361,0,,,,,,,
4464,2160,1,2,7,15120,,,-3,,,,,,4362,0,,,,,,,
4465,2160,1,22,6,15120,,,-3,,,,,,4363,0,,,,,,,
4466,2161,1,150,5,15120,,,-3,,,,,,4364,0,,,,,,,
4467,2162,1,255,12,15120,,,-3,,,,,,4365,0,,,,,,,
4468,2162,1,228,7,15120,,,-3,,,,,,4366,0,,,,,,,
4469,2163,1,14,10,15120,,,-3,,,,,,4367,0,,,,,,,
4470,2164,1,149,4,15180,,,-3,,,,,,4368,0,,,,,,,
4471,2164,1,73,10,15180,,,-3,,,,,,4369,0,,,,,,,
4472,2165,1,236,7,15180,,,-3,,,,,,4370,0,,,,,,,
4473,2165,1,497,6,15180,,,-3,,,,,,4371,0,,,,,,,
4474,2166,1,8,5,15180,,,-3,,,,,,4372,0,,,,,,,
4475,2166,1,356,7,15180,,,-3,,,,,,4373,0,,,,,,,
4476,2166,1,1,11,15180,,,-3,,,,,,4374,0,,,,,,,
4477,2167,1,95,10,15180,,,-3,,,,,,4375,0,,,,,,,
4478,2167,1,170,2,15180,,,-3,,,,,,4376,0,,,,,,,
4479,2168,1,1,6,15180,,,-3,,,,,,4377,0,,,,,,,
4480,2168,1,170,7,15180,,,-3,,,,,,4378,0,,,,,,,
4481,2168,1,10,6,15180,,,-3,,,,,,4379,0,,,,,,,
4482,2169,1,87,8,15180,,,-3,,,,,,4380,0,,,,,,,
4483,2170,1,130,11,15180,,,-3,,,,,,4381,0,,,,,,,
4484,2171,1,406,12,15180,,,-3,,,,,,4382,0,,,,,,,
4485,2171,1,6,10,15180,,,-3,,,,,,4383,0,,,,,,,
4486,2171,1,173,9,15180,,,-3,,,,,,4384,0,,,,,,,
4487,2172,1,323,11,15180,,,-3,,,,,,4385,0,,,,,,,
4488,2172,1,23,6,15180,,,-3,,,,,,4386,0,,,,,,,
4489,2173,1,20,9,15180,,,-3,,,,,,4387,0,,,,,,,
4490,2174,1,385,11,15240,,,-3,,,,,,4388,0,,,,,,,
4491,2174,1,6,4,15240,,,-3,,,,,,4389,0,,,,,,,
4492,2175,1,36,10,15240,,,-3,,,,,,4390,0,,,,,,,
4493,2176,1,92,12,15240,,,-3,,,,,,4391,0,,,,,,,
4494,2177,1,47,9,15240,,,-3,,,,,,4392,0,,,,,,,
4495,2178,1,198,10,15240,,,-3,,,,,,4393,0,,,,,,,
4496,2178,1,1,6,15240,,,-3,,,,,,4394,0,,,,,,,
4497,2178,1,13,2,15240,,,-3,,,,,,4395,0,,,,,,,
4498,2179,1,15,7,15240,,,-3,,,,,,4396,0,,,,,,,
4499,2180,1,37,4,15240,,,-3,,,,,,4397,0,,,,,,,
4500,2181,1,1,7,15300,,,-3,,,,,,4398,0,,,,,,,
4501,2181,1,79,9,15300,,,-3,,,,,,4399,0,,,,,,,
4502,2181,1,40,8,15300,,,-3,,,,,,4400,0,,,,,,,
4503,2181,1,351,6,15300,,,-3,,,,,,4401,0,,,,,,,
4504,2182,1,32,6,15300,,,-3,,,,,,4402,0,,,,,,,
4505,2182,1,256,7,15300,,,-3,,,,,,4403,0,,,,,,,
4506,2183,1,29,2,15300,,,-3,,,,,,4404,0,,,,,,,
4507,2183,1,141,9,15300,,,-3,,,,,,4405,0,,,,,,,
4508,2183,1,18,8,15300,,,-3,,,,,,4406,0,,,,,,,
4509,2183,1,47,12,15300,,,-3,,,,,,4407,0,,,,,,,
4510,2184,1,107,8,15300,,,-3,,,,,,4408,0,,,,,,,
4511,2184,1,15,6,15300,,,-3,,,,,,4409,0,,,,,,,
4512,2184,1,133,8,15300,,,-3,,,,,,4410,0,,,,,,,
4513,2185,1,44,6,15300,,,-3,,,,,,4411,0,,,,,,,
4514,2186,1,0,11,15300,,,-3,,,,,,4412,0,,,,,,,
4515,2186,1,132,6,15300,,,-3,,,,,,4413,0,,,,,,,
4516,2186,1,439,7,15300,,,-3,,,,,,4414,0,,,,,,,
4517,2187,1,450,8,15300,,,-3,,,,,,4415,0,,,,,,,
4518,2188,1,6,6,15300,,,-3,,,,,,4416,0,,,,,,,
4519,2188,1,479,6,15300,,,-3,,,,,,4417,0,,,,,,,
4520,2188,1,283,6,15300,,,-3,,,,,,4418,0,,,,,,,
4521,2189,1,45,5,15300,,,-3,,,,,,0,1121,,,,,,,
4522,2189,1,380,2,15300,,,-3,,,,,,,,,,,,,,
4523,2190,1,187,11,15360,,,-3,,,,,,,,,,,,,,
4524,2191,1,70,4,15360,,,-3,,,,,,,,,,,,,,
4525,2192,1,15,4,15360,,,-3,,,,,,,,,,,,,,
4526,2193,1,263,6,15360,,,-3,,,,,,,,,,,,,,
4527,2193,1,27,2,15360,,,-3,,,,,,,,,,,,,,
4528,2194,1,280,6,15360,,,-3,,,,,,,,,,,,,,
4529,2195,1,34,4,15360,,,-3,,,,,,,,,,,,,,
4530,2195,1,123,10,15360,,,-3,,,,,,,,,,,,,,
4531,2196,1,182,10,15360,,,-3,,,,,,,,,,,,,,
4532,2196,1,38,11,15360,,,-3,,,,,,,,,,,,,,
4533,2197,1,13,7,15360,,,-3,,,,,,,,,,,,,,
4534,2198,1,12,2,15420,,,-3,,,,,,,,,,,,,,
4535,2198,1,60,12,15420,,,-3,,,,,,,,,,,,,,
4536,2198,1,247,7,15420,,,-3,,,,,,,,,,,,,,
4537,2199,1,0,10,15420,,,-3,,,,,,,,,,,,,,
4538,2199,1,24,5,15420,,,-3,,,,,,,,,,,,,,
4539,2199,1,16,10,15420,,,-3,,,,,,,,,,,,,,
4540,2200,1,421,10,15420,,,-3,,,,,,,,,,,,,,
4541,2201,1,30,2,15420,,,-3,,,,,,,,,,,,,,
4542,2201,1,133,2,15420,,,-3,,,,,,,,,,,,,,
4543,2202,1,1,6,15420,,,-3,,,,,,,,,,,,,,
4544,2203,1,28,4,15420,,,-3,,,,,,,,,,,,,,
4545,2204,1,39,4,15480,,,-3,,,,,,,,,,,,,,
4546,2205,1,27,7,15480,,,-3,,,,,,,,,,,,,,
4547,2206,1,406,1,15480,,,-3,,,,,,,,,,,,,,
4548,2207,1,436,8,15480,,,-3,,,,,,,,,,,,,,
4549,2208,1,181,8,15480,,,-3,,,,,,,,,,,,,,
4550,2208,1,201,6,15480,,,-3,,,,,,,,,,,,,,
4551,2209,1,44,5,15480,,,-3,,,,,,,,,,,,,,
4552,2210,1,149,6,15480,,,-3,,,,,,,,,,,,,,
4553,2210,1,268,11,15480,,,-3,,,,,,,,,,,,,,
4554,2210,1,56,7,15480,,,-3,,,,,,,,,,,,,,
4555,2211,1,393,8,15540,,,-3,,,,,,,,,,,,,,
4556,2212,1,428,8,15540,,,-3,,,,,,,,,,,,,,
4557,2212,1,172,2,15540,,,-3,,,,,,,,,,,,,,
4558,2212,1,391,4,15540,,,-3,,,,,,,,,,,,,,
4559,2213,1,27,3,15540,,,-3,,,,,,,,,,,,,,
4560,2214,1,65,8,15540,,,-3,,,,,,,,,,,,,,
4561,2214,1,139,6,15540,,,-3,,,,,,,,,,,,,,
4562,2214,1,26,8,15540,,,-3,,,,,,,,,,,,,,
4563,2214,1,306,10,15540,,,-3,,,,,,,,,,,,,,
4564,2215,1,365,8,15540,,,-3,,,,,,,,,,,,,,
4565,2215,1,13,4,15540,,,-3,,,,,,,,,,,,,,
4566,2215,1,34,11,15540,,,-3,,,,,,,,,,,,,,
4567,2216,1,218,2,15540,,,-3,,,,,,,,,,,,,,
4568,2216,1,2,10,15540,,,-3,,,,,,,,,,,,,,
4569,2217,1,321,4,15540,,,-3,,,,,,,,,,,,,,
4570,2218,1,0,9,15600,,,-3,,,,,,,,,,,,,,
4571,2219,1,24,12,15600,,,-3,,,,,,,,,,,,,,
4572,2220,1,141,5,15600,,,-3,,,,,,,,,,,,,,
4573,2220,1,6,6,15600,,,-3,,,,,,,,,,,,,,
4574,2221,1,1,8,15600,,,-3,,,,,,,,,,,,,,
4575,2222,1,28,4,15600,,,-3,,,,,,,,,,,,,,
4576,2223,1,6,8,15660,,,-3,,,,,,,,,,,,,,
4577,2224,1,54,8,15660,,,-3,,,,,,,,,,,,,,
4578,2225,1,171,9,15660,,,-3,,,,,,,,,,,,,,
4579,2226,1,34,4,15660,,,-3,,,,,,,,,,,,,,
4580,2226,1,36,5,15660,,,-3,,,,,,,,,,,,,,
4581,2227,1,154,4,15660,,,-3,,,,,,,,,,,,,,
4582,2228,1,26,10,15660,,,-3,,,,,,,,,,,,,,
4583,2229,1,370,6,15660,,,-3,,,,,,,,,,,,,,
4584,2230,1,18,10,15660,,,-3,,,,,,,,,,,,,,
4585,2231,1,2,11,15660,,,-3,,,,,,,,,,,,,,
4586,2232,1,239,6,15660,,,-3,,,,,,,,,,,,,,
4587,2233,1,156,8,15660,,,-3,,,,,,,,,,,,,,
4588,2233,1,263,4,15660,,,-3,,,,,,,,,,,,,,
4589,2233,1,194,2,15660,,,-3,,,,,,,,,,,,,,
4590,2234,1,5,2,15660,,,-3,,,,,,,,,,,,,,
4591,2234,1,36,6,15660,,,-3,,,,,,,,,,,,,,
4592,2235,1,14,4,15660,,,-3,,,,,,,,,,,,,,
4593,2235,1,3,3,15660,,,-3,,,,,,,,,,,,,,
4594,2236,1,2,8,15660,,,-3,,,,,,,,,,,,,,
4595,2237,1,88,10,15660,,,-3,,,,,,,,,,,,,,
4596,2237,1,287,6,15660,,,-3,,,,,,,,,,,,,,
4597,2238,1,14,6,15660,,,-3,,,,,,,,,,,,,,
4598,2239,1,459,2,15720,,,-3,,,,,,,,,,,,,,
4599,2239,1,4,6,15720,,,-3,,,,,,,,,,,,,,
4600,2239,1,14,6,15720,,,-3,,,,,,,,,,,,,,
4601,2240,1,50,7,15720,,,-3,,,,,,,,,,,,,,
4602,2241,1,7,6,15720,,,-3,,,,,,,,,,,,,,
4603,2241,1,96,8,15720,,,-3,,,,,,,,,,,,,,
4604,2242,1,46,3,15720,,,-3,,,,,,,,,,,,,,
4605,2243,1,51,6,15720,,,-3,,,,,,,,,,,,,,
4606,2243,1,447,8,15720,,,-3,,,,,,,,,,,,,,
4607,2244,1,49,6,15720,,,-3,,,,,,,,,,,,,,
4608,2244,1,152,8,15720,,,-3,,,,,,,,,,,,,,
4609,2245,1,3,6,15720,,,-3,,,,,,,,,,,,,,
4610,2246,1,110,4,15780,,,-3,,,,,,,,,,,,,,
4611,2247,1,9,7,15780,,,-3,,,,,,,,,,,,,,
4612,2247,1,192,6,15780,,,-3,,,,,,,,,,,,,,
4613,2247,1,33,12,15780,,,-3,,,,,,,,,,,,,,
4614,2248,1,34,8,15780,,,-3,,,,,,,,,,,,,,
4615,2248,1,12,9,15780,,,-3,,,,,,,,,,,,,,
4616,2248,1,167,1,15780,,,-3,,,,,,,,,,,,,,
4617,2249,1,80,8,15780,,,-3,,,,,,,,,,,,,,
4618,2249,1,6,6,15780,,,-3,,,,,,,,,,,,,,
4619,2250,1,30,9,15780,,,-3,,,,,,,,,,,,,,
4620,2250,1,104,10,15780,,,-3,,,,,,,,,,,,,,
4621,2250,1,198,6,15780,,,-3,,,,,,,,,,,,,,
4622,2251,1,33,8,15780,,,-3,,,,,,,,,,,,,,
4623,2251,1,37,10,15780,,,-3,,,,,,,,,,,,,,
4624,2252,1,399,2,15840,,,-3,,,,,,,,,,,,,,
4625,2253,1,372,5,15840,,,-3,,,,,,,,,,,,,,
4626,2254,1,290,8,15840,,,-3,,,,,,,,,,,,,,
4627,2254,1,101,4,15840,,,-3,,,,,,,,,,,,,,
4628,2254,1,25,2,15840,,,-3,,,,,,,,,,,,,,
4629,2255,1,0,10,15840,,,-3,,,,,,,,,,,,,,
4630,2256,1,1,2,15840,,,-3,,,,,,,,,,,,,,
4631,2256,1,211,10,15840,,,-3,,,,,,,,,,,,,,
4632,2257,1,92,6,15840,,,-3,,,,,,,,,,,,,,
4633,2257,1,197,6,15840,,,-3,,,,,,,,,,,,,,
4634,2258,1,4,4,15840,,,-3,,,,,,,,,,,,,,
4635,2258,1,125,4,15840,,,-3,,,,,,,,,,,,,,
4636,2259,1,97,9,15840,,,-3,,,,,,,,,,,,,,
4637,2259,1,32,9,15840,,,-3,,,,,,,,,,,,,,
4638,2260,1,394,2,15840,,,-3,,,,,,,,,,,,,,
4639,2261,1,2,4,15840,,,-3,,,,,,,,,,,,,,
4640,2262,1,83,4,15840,,,-3,,,,,,,,,,,,,,
4641,2263,1,124,12,15840,,,-3,,,,,,,,,,,,,,
4642,2263,1,2,2,15840,,,-3,,,,,,,,,,,,,,
4643,2264,1,68,4,15840,,,-3,,,,,,,,,,,,,,
4644,2264,1,47,4,15840,,,-3,,,,,,,,,,,,,,
4645,2265,1,13,8,15900,,,-3,,,,,,,,,,,,,,
4646,2266,1,0,11,15900,,,-3,,,,,,,,,,,,,,
4647,2267,1,104,4,15900,,,-3,,,,,,,,,,,,,,
4648,2267,1,13,3,15900,,,-3,,,,,,,,,,,,,,
4649,2268,1,13,9,15900,,,-3,,,,,,,,,,,,,,
4650,2269,1,40,5,15900,,,-3,,,,,,,,,,,,,,
4651,2270,1,497,5,15900,,,-3,,,,,,,,,,,,,,
4652,2271,1,78,9,15960,,,-3,,,,,,,,,,,,,,
4653,2272,1,24,5,15960,,,-3,,,,,,,,,,,,,,
4654,2273,1,6,8,15960,,,-3,,,,,,,,,,,,,,
4655,2273,1,316,6,15960,,,-3,,,,,,,,,,,,,,
4656,2274,1,69,6,15960,,,-3,,,,,,,,,,,,,,
4657,2275,1,104,6,15960,,,-3,,,,,,,,,,,,,,
4658,2276,1,13,6,15960,,,-3,,,,,,,,,,,,,,
4659,2276,1,440,6,15960,,,-3,,,,,,,,,,,,,,
4660,2277,1,344,5,15960,,,-3,,,,,,,,,,,,,,
4661,2277,1,30,6,15960,,,-3,,,,,,,,,,,,,,
4662,2277,1,1,8,15960,,,-3,,,,,,,,,,,,,,
4663,2278,1,339,11,15960,,,-3,,,,,,,,,,,,,,
4664,2278,1,6,10,15960,,,-3,,,,,,,,,,,,,,
4665,2278,1,160,10,15960,,,-3,,,,,,,,,,,,,,
4666,2278,1,181,7,15960,,,-3,,,,,,,,,,,,,,
4667,2278,1,71,12,15960,,,-3,,,,,,,,,,,,,,
4668,2279,1,48,10,15960,,,-3,,,,,,,,,,,,,,
4669,2280,1,5,8,16020,,,-3,,,,,,,,,,,,,,
4670,2280,1,166,3,16020,,,-3,,,,,,,,,,,,,,
4671,2280,1,46,3,16020,,,-3,,,,,,,,,,,,,,
4672,2281,1,18,6,16020,,,-3,,,,,,,,,,,,,,
4673,2281,1,19,9,16020,,,-3,,,,,,,,,,,,,,
4674,2282,1,41,6,16020,,,-3,,,,,,,,,,,,,,
4675,2282,1,58,2,16020,,,-3,,,,,,,,,,,,,,
4676,2282,1,14,3,16020,,,-3,,,,,,,,,,,,,,
4677,2282,1,44,6,16020,,,-3,,,,,,,,,,,,,,
4678,2282,1,31,8,16020,,,-3,,,,,,,,,,,,,,
4679,2283,1,12,2,16020,,,-3,,,,,,,,,,,,,,
4680,2283,1,1,6,16020,,,-3,,,,,,,,,,,,,,
4681,2283,1,279,4,16020,,,-3,,,,,,,,,,,,,,
4682,2283,1,125,6,16020,,,-3,,,,,,,,,,,,,,
4683,2283,1,39,5,16020,,,-3,,,,,,,,,,,,,,
4684,2283,1,66,8,16020,,,-3,,,,,,,,,,,,,,
4685,2283,1,59,8,16020,,,-3,,,,,,,,,,,,,,
4686,2284,1,6,6,16020,,,-3,,,,,,,,,,,,,,
4687,2285,1,154,5,16020,,,-3,,,,,,,,,,,,,,
4688,2285,1,122,7,16020,,,-3,,,,,,,,,,,,,,
4689,2286,1,156,7,16020,,,-3,,,,,,,,,,,,,,
4690,2287,1,4,7,16020,,,-3,,,,,,,,,,,,,,
4691,2287,1,80,7,16020,,,-3,,,,,,,,,,,,,,
4692,2288,1,176,5,16080,,,-3,,,,,,,,,,,,,,
4693,2288,1,217,6,16080,,,-3,,,,,,,,,,,,,,
4694,2289,1,30,2,16080,,,-3,,,,,,,,,,,,,,
4695,2290,1,281,11,16080,,,-3,,,,,,,,,,,,,,
4696,2290,1,2,8,16080,,,-3,,,,,,,,,,,,,,
4697,2290,1,11,8,16080,,,-3,,,,,,,,,,,,,,
4698,2291,1,67,2,16080,,,-3,,,,,,,,,,,,,,
4699,2291,1,94,6,16080,,,-3,,,,,,,,,,,,,,
4700,2291,1,6,3,16080,,,-3,,,,,,,,,,,,,,
4701,2292,1,63,6,16080,,,-3,,,,,,,,,,,,,,
4702,2292,1,1,8,16080,,,-3,,,,,,,,,,,,,,
4703,2292,1,213,11,16080,,,-3,,,,,,,,,,,,,,
4704,2293,1,248,3,16080,,,-3,,,,,,,,,,,,,,
4705,2294,1,405,5,16080,,,-3,,,,,,,,,,,,,,
4706,2294,1,15,4,16080,,,-3,,,,,,,,,,,,,,
4707,2294,1,41,5,16080,,,-3,,,,,,,,,,,,,,
4708,2294,1,7,10,16080,,,-3,,,,,,,,,,,,,,
4709,2294,1,51,6,16080,,,-3,,,,,,,,,,,,,,
4710,2294,1,0,12,16080,,,-3,,,,,,,,,,,,,,
4711,2294,1,97,6,16080,,,-3,,,,,,,,,,,,,,
4712,2295,1,170,8,16140,,,-3,,,,,,,,,,,,,,
4713,2296,1,59,4,16140,,,-3,,,,,,,,,,,,,,
4714,2297,1,119,8,16140,,,-3,,,,,,,,,,,,,,
4715,2297,1,181,10,16140,,,-3,,,,,,,,,,,,,,
4716,2298,1,135,9,16140,,,-3,,,,,,,,,,,,,,
4717,2299,1,63,6,16140,,,-3,,,,,,,,,,,,,,
4718,2299,1,112,10,16140,,,-3,,,,,,,,,,,,,,
4719,2300,1,165,2,16140,,,-3,,,,,,,,,,,,,,
4720,2300,1,25,2,16140,,,-3,,,,,,,,,,,,,,
4721,2300,1,369,3,16140,,,-3,,,,,,,,,,,,,,
4722,2301,1,48,2,16140,,,-3,,,,,,,,,,,,,,
4723,2301,1,33,11,16140,,,-3,,,,,,,,,,,,,,
4724,2301,1,45,8,16140,,,-3,,,,,,,,,,,,,,
4725,2302,1,27,3,16140,,,-3,,,,,,,,,,,,,,
4726,2303,1,1,3,16200,,,-3,,,,,,,,,,,,,,
4727,2303,1,61,5,16200,,,-3,,,,,,,,,,,,,,
4728,2303,1,37,11,16200,,,-3,,,,,,,,,,,,,,
4729,2303,1,64,12,16200,,,-3,,,,,,,,,,,,,,
4730,2304,1,1,6,16200,,,-3,,,,,,,,,,,,,,
4731,2304,1,71,5,16200,,,-3,,,,,,,,,,,,,,
4732,2305,1,98,8,16200,,,-3,,,,,,,,,,,,,,
4733,2306,1,0,12,16200,,,-3,,,,,,,,,,,,,,
4734,2306,1,42,8,16200,,,-3,,,,,,,,,,,,,,
4735,2306,1,27,2,16200,,,-3,,,,,,,,,,,,,,
4736,2307,1,398,7,16200,,,-3,,,,,,,,,,,,,,
4737,2308,1,138,6,16200,,,-3,,,,,,,,,,,,,,
4738,2308,1,21,6,16200,,,-3,,,,,,,,,,,,,,
4739,2308,1,212,12,16200,,,-3,,,,,,,,,,,,,,
4740,2308,1,110,9,16200,,,-3,,,,,,,,,,,,,,
4741,2308,1,300,3,16200,,,-3,,,,,,,,,,,,,,
4742,2309,1,64,6,16200,,,-3,,,,,,,,,,,,,,
4743,2310,1,14,8,16200,,,-3,,,,,,,,,,,,,,
4744,2310,1,39,9,16200,,,-3,,,,,,,,,,,,,,
4745,2310,1,101,7,16200,,,-3,,,,,,,,,,,,,,
4746,2311,1,16,4,16200,,,-3,,,,,,,,,,,,,,
4747,2311,1,11,5,16200,,,-3,,,,,,,,,,,,,,
4748,2312,1,6,5,16200,,,-3,,,,,,,,,,,,,,
4749,2312,1,44,8,16200,,,-3,,,,,,,,,,,,,,
4750,2312,1,43,8,16200,,,-3,,,,,,,,,,,,,,
4751,2312,1,25,3,16200,,,-3,,,,,,,,,,,,,,
4752,2313,1,18,8,16200,,,-3,,,,,,,,,,,,,,
4753,2313,1,28,5,16200,,,-3,,,,,,,,,,,,,,
4754,2313,1,64,5,16200,,,-3,,,,,,,,,,,,,,
4755,2313,1,1,6,16200,,,-3,,,,,,,,,,,,,,
4756,2314,1,19,3,16200,,,-3,,,,,,,,,,,,,,
4757,2315,1,190,4,16260,,,-3,,,,,,,,,,,,,,
4758,2316,1,22,10,16260,,,-3,,,,,,,,,,,,,,
4759,2316,1,174,3,16260,,,-3,,,,,,,,,,,,,,
4760,2317,1,2,7,16260,,,-3,,,,,,,,,,,,,,
4761,2317,1,35,10,16260,,,-3,,,,,,,,,,,,,,
4762,2317,1,14,7,16260,,,-3,,,,,,,,,,,,,,
4763,2318,1,248,8,16260,,,-3,,,,,,,,,,,,,,
4764,2319,1,0,8,16260,,,-3,,,,,,,,,,,,,,
4765,2320,1,42,4,16260,,,-3,,,,,,,,,,,,,,
4766,2321,1,9,8,16260,,,-3,,,,,,,,,,,,,,
4767,2321,1,4,6,16260,,,-3,,,,,,,,,,,,,,
4768,2322,1,21,7,16260,,,-3,,,,,,,,,,,,,,
4769,2323,1,36,10,16260,,,-3,,,,,,,,,,,,,,
4770,2324,1,366,11,16260,,,-3,,,,,,,,,,,,,,
4771,2324,1,13,8,16260,,,-3,,,,,,,,,,,,,,
4772,2324,1,14,4,16260,,,-3,,,,,,,,,,,,,,
4773,2325,1,17,11,16260,,,-3,,,,,,,,,,,,,,
4774,2326,1,1,3,16260,,,-3,,,,,,,,,,,,,,
4775,2327,1,146,4,16260,,,-3,,,,,,,,,,,,,,
4776,2328,1,43,10,16320,,,-3,,,,,,,,,,,,,,
4777,2328,1,6,11,16320,,,-3,,,,,,,,,,,,,,
4778,2328,1,167,9,16320,,,-3,,,,,,,,,,,,,,
4779,2328,1,178,1,16320,,,-3,,,,,,,,,,,,,,
4780,2328,1,64,3,16320,,,-3,,,,,,,,,,,,,,
4781,2329,1,99,4,16320,,,-3,,,,,,,,,,,,,,
4782,2330,1,37,1,16320,,,-3,,,,,,,,,,,,,,
4783,2331,1,395,4,16320,,,-3,,,,,,,,,,,,,,
4784,2331,1,497,6,16320,,,-3,,,,,,,,,,,,,,
4785,2332,1,3,10,16320,,,-3,,,,,,,,,,,,,,
4786,2332,1,332,6,16320,,,-3,,,,,,,,,,,,,,
4787,2332,1,9,2,16320,,,-3,,,,,,,,,,,,,,
4788,2332,1,24,10,16320,,,-3,,,,,,,,,,,,,,
4789,2333,1,68,10,16320,,,-3,,,,,,,,,,,,,,
4790,2334,1,40,2,16320,,,-3,,,,,,,,,,,,,,
4791,2335,1,140,6,16320,,,-3,,,,,,,,,,,,,,
4792,2335,1,3,10,16320,,,-3,,,,,,,,,,,,,,
4793,2336,1,36,5,16320,,,-3,,,,,,,,,,,,,,
4794,2336,1,0,2,16320,,,-3,,,,,,,,,,,,,,
4795,2337,1,272,6,16380,,,-3,,,,,,,,,,,,,,
4796,2338,1,221,10,16380,,,-3,,,,,,,,,,,,,,
4797,2338,1,23,6,16380,,,-3,,,,,,,,,,,,,,
4798,2339,1,10,6,16380,,,-3,,,,,,,,,,,,,,
4799,2340,1,272,6,16380,,,-3,,,,,,,,,,,,,,
4800,2341,1,83,11,16380,,,-3,,,,,,,,,,,,,,
4801,2341,1,241,12,16380,,,-3,,,,,,,,,,,,,,
4802,2342,1,471,4,16380,,,-3,,,,,,,,,,,,,,
4803,2343,1,1,8,16380,,,-3,,,,,,,,,,,,,,
4804,2343,1,44,2,16380,,,-3,,,,,,,,,,,,,,
4805,2343,1,243,4,16380,,,-3,,,,,,,,,,,,,,
4806,2343,1,23,5,16380,,,-3,,,,,,,,,,,,,,
4807,2343,1,4,6,16380,,,-3,,,,,,,,,,,,,,
4808,2343,1,126,7,16380,,,-3,,,,,,,,,,,,,,
4809,2344,1,48,3,16380,,,-3,,,,,,,,,,,,,,
4810,2344,1,26,3,16380,,,-3,,,,,,,,,,,,,,
4811,2344,1,490,4,16380,,,-3,,,,,,,,,,,,,,
4812,2345,1,126,6,16380,,,-3,,,,,,,,,,,,,,
4813,2346,1,42,10,16440,,,-3,,,,,,,,,,,,,,
4814,2346,1,46,6,16440,,,-3,,,,,,,,,,,,,,
4815,2347,1,9,7,16440,,,-3,,,,,,,,,,,,,,
4816,2348,1,46,4,16440,,,-3,,,,,,,,,,,,,,
4817,2349,1,47,4,16440,,,-3,,,,,,,,,,,,,,
4818,2350,1,216,6,16440,,,-3,,,,,,,,,,,,,,
4819,2351,1,71,12,16440,,,-3,,,,,,,,,,,,,,
4820,2351,1,278,8,16440,,,-3,,,,,,,,,,,,,,
4821,2352,1,161,12,16440,,,-3,,,,,,,,,,,,,,
4822,2352,1,349,2,16440,,,-3,,,,,,,,,,,,,,
4823,2352,1,7,11,16440,,,-3,,,,,,,,,,,,,,
4824,2352,1,42,3,16440,,,-3,,,,,,,,,,,,,,
4825,2352,1,39,6,16440,,,-3,,,,,,,,,,,,,,
4826,2352,1,3,12,16440,,,-3,,,,,,,,,,,,,,
4827,2353,1,356,6,16500,,,-3,,,,,,,,,,,,,,
4828,2354,1,56,12,16500,,,-3,,,,,,,,,,,,,,
4829,2355,1,42,7,16500,,,-3,,,,,,,,,,,,,,
4830,2355,1,28,6,16500,,,-3,,,,,,,,,,,,,,
4831,2355,1,133,6,16500,,,-3,,,,,,,,,,,,,,
4832,2356,1,50,8,16500,,,-3,,,,,,,,,,,,,,
4833,2357,1,42,10,16500,,,-3,,,,,,,,,,,,,,
4834,2357,1,205,10,16500,,,-3,,,,,,,,,,,,,,
4835,2358,1,331,4,16500,,,-3,,,,,,,,,,,,,,
4836,2359,1,217,12,16500,,,-3,,,,,,,,,,,,,,
4837,2360,1,58,9,16500,,,-3,,,,,,,,,,,,,,
4838,2360,1,153,4,16500,,,-3,,,,,,,,,,,,,,
4839,2361,1,18,9,16500,,,-3,,,,,,,,,,,,,,
4840,2362,1,167,6,16560,,,-3,,,,,,,,,,,,,,
4841,2363,1,127,11,16560,,,-3,,,,,,,,,,,,,,
4842,2363,1,178,3,16560,,,-3,,,,,,,,,,,,,,
4843,2364,1,38,6,16560,,,-3,,,,,,,,,,,,,,
4844,2364,1,1,8,16560,,,-3,,,,,,,,,,,,,,
4845,2365,1,5,8,16560,,,-3,,,,,,,,,,,,,,
4846,2365,1,40,10,16560,,,-3,,,,,,,,,,,,,,
4847,2365,1,31,4,16560,,,-3,,,,,,,,,,,,,,
4848,2366,1,3,2,16560,,,-3,,,,,,,,,,,,,,
4849,2366,1,43,4,16560,,,-3,,,,,,,,,,,,,,
4850,2367,1,109,6,16560,,,-3,,,,,,,,,,,,,,
4851,2367,1,478,8,16560,,,-3,,,,,,,,,,,,,,
4852,2368,1,141,1,16560,,,-3,,,,,,,,,,,,,,
4853,2368,1,13,2,16560,,,-3,,,,,,,,,,,,,,
4854,2369,1,19,1,16560,,,-3,,,,,,,,,,,,,,
4855,2370,1,488,7,16560,,,-3,,,,,,,,,,,,,,
4856,2370,1,322,8,16560,,,-3,,,,,,,,,,,,,,
4857,2370,1,17,8,16560,,,-3,,,,,,,,,,,,,,
4858,2370,1,3,2,16560,,,-3,,,,,,,,,,,,,,
4859,2370,1,42,12,16560,,,-3,,,,,,,,,,,,,,
4860,2370,1,257,9,16560,,,-3,,,,,,,,,,,,,,
4861,2371,1,91,4,16560,,,-3,,,,,,,,,,,,,,
4862,2371,1,179,7,16560,,,-3,,,,,,,,,,,,,,
4863,2371,1,201,5,16560,,,-3,,,,,,,,,,,,,,
4864,2371,1,127,4,16560,,,-3,,,,,,,,,,,,,,
4865,2371,1,364,6,16560,,,-3,,,,,,,,,,,,,,
4866,2371,1,77,8,16560,,,-3,,,,,,,,,,,,,,
4867,2371,1,43,7,16560,,,-3,,,,,,,,,,,,,,
4868,2372,1,49,6,16560,,,-3,,,,,,,,,,,,,,
4869,2372,1,197,10,16560,,,-3,,,,,,,,,,,,,,
4870,2372,1,436,10,16560,,,-3,,,,,,,,,,,,,,
4871,2373,1,44,6,16620,,,-3,,,,,,,,,,,,,,
4872,2373,1,112,10,16620,,,-3,,,,,,,,,,,,,,
4873,2374,1,35,3,16620,,,-3,,,,,,,,,,,,,,
4874,2375,1,24,6,16620,,,-3,,,,,,,,,,,,,,
4875,2375,1,11,11,16620,,,-3,,,,,,,,,,,,,,
4876,2376,1,13,5,16620,,,-3,,,,,,,,,,,,,,
4877,2377,1,29,1,16620,,,-3,,,,,,,,,,,,,,
4878,2377,1,44,3,16620,,,-3,,,,,,,,,,,,,,
4879,2378,1,14,4,16620,,,-3,,,,,,,,,,,,,,
4880,2378,1,333,4,16620,,,-3,,,,,,,,,,,,,,
4881,2379,1,44,6,16680,,,-3,,,,,,,,,,,,,,
4882,2380,1,36,4,16680,,,-3,,,,,,,,,,,,,,
4883,2381,1,31,11,16680,,,-3,,,,,,,,,,,,,,
4884,2382,1,59,4,16680,,,-3,,,,,,,,,,,,,,
4885,2382,1,72,10,16680,,,-3,,,,,,,,,,,,,,
4886,2382,1,33,3,16680,,,-3,,,,,,,,,,,,,,
4887,2382,1,413,8,16680,,,-3,,,,,,,,,,,,,,
4888,2383,1,29,8,16680,,,-3,,,,,,,,,,,,,,
4889,2383,1,15,8,16680,,,-3,,,,,,,,,,,,,,
4890,2383,1,126,6,16680,,,-3,,,,,,,,,,,,,,
4891,2384,1,185,4,16680,,,-3,,,,,,,,,,,,,,
4892,2384,1,17,8,16680,,,-3,,,,,,,,,,,,,,
4893,2384,1,181,3,16680,,,-3,,,,,,,,,,,,,,
4894,2384,1,234,9,16680,,,-3,,,,,,,,,,,,,,
4895,2384,1,313,9,16680,,,-3,,,,,,,,,,,,,,
4896,2385,1,32,6,16680,,,-3,,,,,,,,,,,,,,
4897,2385,1,72,10,16680,,,-3,,,,,,,,,,,,,,
4898,2385,1,1,2,16680,,,-3,,,,,,,,,,,,,,
4899,2386,1,232,2,16740,,,-3,,,,,,,,,,,,,,
4900,2386,1,23,6,16740,,,-3,,,,,,,,,,,,,,
4901,2387,1,165,8,16740,,,-3,,,,,,,,,,,,,,
4902,2387,1,21,4,16740,,,-3,,,,,,,,,,,,,,
4903,2388,1,311,5,16740,,,-3,,,,,,,,,,,,,,
4904,2389,1,1,7,16740,,,-3,,,,,,,,,,,,,,
4905,2389,1,355,6,16740,,,-3,,,,,,,,,,,,,,
4906,2390,1,6,10,16740,,,-3,,,,,,,,,,,,,,
4907,2391,1,36,6,16740,,,-3,,,,,,,,,,,,,,
4908,2392,1,127,8,16740,,,-3,,,,,,,,,,,,,,
4909,2393,1,24,7,16740,,,-3,,,,,,,,,,,,,,
4910,2393,1,49,9,16740,,,-3,,,,,,,,,,,,,,
4911,2393,1,140,6,16740,,,-3,,,,,,,,,,,,,,
4912,2393,1,73,10,16740,,,-3,,,,,,,,,,,,,,
4913,2394,1,139,6,16800,,,-3,,,,,,,,,,,,,,
4914,2395,1,81,11,16800,,,-3,,,,,,,,,,,,,,
4915,2396,1,154,6,16800,,,-3,,,,,,,,,,,,,,
4916,2396,1,327,4,16800,,,-3,,,,,,,,,,,,,,
4917,2397,1,127,3,16800,,,-3,,,,,,,,,,,,,,
4918,2398,1,303,6,16800,,,-3,,,,,,,,,,,,,,
4919,2398,1,20,7,16800,,,-3,,,,,,,,,,,,,,
4920,2398,1,145,8,16800,,,-3,,,,,,,,,,,,,,
4921,2398,1,103,4,16800,,,-3,,,,,,,,,,,,,,
4922,2398,1,42,10,16800,,,-3,,,,,,,,,,,,,,
4923,2398,1,25,2,16800,,,-3,,,,,,,,,,,,,,
4924,2398,1,46,3,16800,,,-3,,,,,,,,,,,,,,
4925,2398,1,29,9,16800,,,-3,,,,,,,,,,,,,,
4926,2399,1,48,6,16800,,,-3,,,,,,,,,,,,,,
4927,2399,1,28,7,16800,,,-3,,,,,,,,,,,,,,
4928,2399,1,67,4,16800,,,-3,,,,,,,,,,,,,,
4929,2399,1,41,6,16800,,,-3,,,,,,,,,,,,,,
4930,2399,1,160,9,16800,,,-3,,,,,,,,,,,,,,
4931,2400,1,268,6,16800,,,-3,,,,,,,,,,,,,,
4932,2401,1,317,5,16860,,,-3,,,,,,,,,,,,,,
4933,2401,1,363,4,16860,,,-3,,,,,,,,,,,,,,
4934,2402,1,35,9,16860,,,-3,,,,,,,,,,,,,,
4935,2403,1,39,10,16860,,,-3,,,,,,,,,,,,,,
4936,2404,1,29,8,16920,,,-3,,,,,,,,,,,,,,
4937,2404,1,98,7,16920,,,-3,,,,,,,,,,,,,,
4938,2404,1,180,10,16920,,,-3,,,,,,,,,,,,,,
4939,2404,1,153,4,16920,,,-3,,,,,,,,,,,,,,
4940,2404,1,146,6,16920,,,-3,,,,,,,,,,,,,,
4941,2405,1,87,12,16920,,,-3,,,,,,,,,,,,,,
4942,2406,1,55,8,16920,,,-3,,,,,,,,,,,,,,
4943,2406,1,34,2,16920,,,-3,,,,,,,,,,,,,,
4944,2406,1,235,9,16920,,,-3,,,,,,,,,,,,,,
4945,2407,1,176,4,16920,,,-3,,,,,,,,,,,,,,
4946,2408,1,65,2,16920,,,-3,,,,,,,,,,,,,,
4947,2408,1,0,10,16920,,,-3,,,,,,,,,,,,,,
4948,2409,1,14,7,16920,,,-3,,,,,,,,,,,,,,
4949,2409,1,15,2,16920,,,-3,,,,,,,,,,,,,,
4950,2410,1,126,8,16920,,,-3,,,,,,,,,,,,,,
4951,2411,1,21,2,16920,,,-3,,,,,,,,,,,,,,
4952,2411,1,40,7,16920,,,-3,,,,,,,,,,,,,,
4953,2411,1,22,9,16920,,,-3,,,,,,,,,,,,,,
4954,2411,1,74,2,16920,,,-3,,,,,,,,,,,,,,
4955,2411,1,12,5,16920,,,-3,,,,,,,,,,,,,,
4956,2412,1,23,6,16920,,,-3,,,,,,,,,,,,,,
4957,2413,1,379,8,16980,,,-3,,,,,,,,,,,,,,
4958,2414,1,356,7,16980,,,-3,,,,,,,,,,,,,,
4959,2414,1,5,5,16980,,,-3,,,,,,,,,,,,,,
4960,2414,1,40,10,16980,,,-3,,,,,,,,,,,,,,
4961,2414,1,39,8,16980,,,-3,,,,,,,,,,,,,,
4962,2414,1,113,4,16980,,,-3,,,,,,,,,,,,,,
4963,2415,1,56,2,16980,,,-3,,,,,,,,,,,,,,
4964,2416,1,77,7,16980,,,-3,,,,,,,,,,,,,,
4965,2417,1,17,8,16980,,,-3,,,,,,,,,,,,,,
4966,2417,1,21,2,16980,,,-3,,,,,,,,,,,,,,
4967,2417,1,16,11,16980,,,-3,,,,,,,,,,,,,,
4968,2418,1,28,10,16980,,,-3,,,,,,,,,,,,,,
4969,2418,1,165,10,16980,,,-3,,,,,,,,,,,,,,
4970,2418,1,153,3,16980,,,-3,,,,,,,,,,,,,,
4971,2419,1,5,5,17040,,,-3,,,,,,,,,,,,,,
4972,2420,1,10,6,17040,,,-3,,,,,,,,,,,,,,
4973,2421,1,81,4,17040,,,-3,,,,,,,,,,,,,,
4974,2422,1,37,4,17040,,,-3,,,,,,,,,,,,,,
4975,2423,1,230,4,17040,,,-3,,,,,,,,,,,,,,
4976,2423,1,291,10,17040,,,-3,,,,,,,,,,,,,,
4977,2423,1,17,10,17040,,,-3,,,,,,,,,,,,,,
4978,2423,1,31,7,17040,,,-3,,,,,,,,,,,,,,
4979,2423,1,0,4,17040,,,-3,,,,,,,,,,,,,,
4980,2424,1,14,5,17040,,,-3,,,,,,,,,,,,,,
4981,2424,1,15,10,17040,,,-3,,,,,,,,,,,,,,
4982,2425,1,476,6,17040,,,-3,,,,,,,,,,,,,,
4983,2425,1,362,10,17040,,,-3,,,,,,,,,,,,,,
4984,2425,1,3,6,17040,,,-3,,,,,,,,,,,,,,
4985,2425,1,58,8,17040,,,-3,,,,,,,,,,,,,,
4986,2425,1,107,4,17040,,,-3,,,,,,,,,,,,,,
4987,2425,1,9,8,17040,,,-3,,,,,,,,,,,,,,
4988,2426,1,14,6,17100,,,-3,,,,,,,,,,,,,,
4989,2426,1,69,7,17100,,,-3,,,,,,,,,,,,,,
4990,2427,1,2,4,17100,,,-3,,,,,,,,,,,,,,
4991,2428,1,25,8,17100,,,-3,,,,,,,,,,,,,,
4992,2429,1,49,4,17100,,,-3,,,,,,,,,,,,,,
4993,2430,1,7,4,17100,,,-3,,,,,,,,,,,,,,
4994,2430,1,141,2,17100,,,-3,,,,,,,,,,,,,,
4995,2430,1,419,3,17100,,,-3,,,,,,,,,,,,,,
4996,2430,1,107,6,17100,,,-3,,,,,,,,,,,,,,
4997,2430,1,56,4,17100,,,-3,,,,,,,,,,,,,,
4998,2430,1,2,10,17100,,,-3,,,,,,,,,,,,,,
4999,2431,1,23,8,17100,,,-3,,,,,,,,,,,,,,
5000,2431,1,19,4,17100,,,-3,,,,,,,,,,,,,,
5001,2431,1,9,7,17100,,,-3,,,,,,,,,,,,,,
5002,2431,1,406,10,17100,,,-3,,,,,,,,,,,,,,
5003,2431,1,40,6,17100,,,-3,,,,,,,,,,,,,,
5004,2432,1,1,10,17100,,,-3,,,,,,,,,,,,,,
5005,2433,1,378,6,17100,,,-3,,,,,,,,,,,,,,
5006,2433,1,26,10,17100,,,-3,,,,,,,,,,,,,,
5007,2433,1,44,10,17100,,,-3,,,,,,,,,,,,,,
5008,2433,1,97,2,17100,,,-3,,,,,,,,,,,,,,
5009,2433,1,27,7,17100,,,-3,,,,,,,,,,,,,,
5010,2434,1,10,7,17160,,,-3,,,,,,,,,,,,,,
5011,2434,1,279,9,17160,,,-3,,,,,,,,,,,,,,
5012,2435,1,42,8,17160,,,-3,,,,,,,,,,,,,,
5013,2436,1,6,12,17160,,,-3,,,,,,,,,,,,,,
5014,2436,1,4,7,17160,,,-3,,,,,,,,,,,,,,
5015,2436,1,474,4,17160,,,-3,,,,,,,,,,,,,,
5016,2437,1,46,9,17160,,,-3,,,,,,,,,,,,,,
5017,2438,1,24,5,17160,,,-3,,,,,,,,,,,,,,
5018,2438,1,13,11,17160,,,-3,,,,,,,,,,,,,,
5019,2438,1,38,3,17160,,,-3,,,,,,,,,,,,,,
5020,2438,1,23,9,17160,,,-3,,,,,,,,,,,,,,
5021,2439,1,135,5,17160,,,-3,,,,,,,,,,,,,,
5022,2440,1,43,8,17160,,,-3,,,,,,,,,,,,,,
5023,2440,1,39,10,17160,,,-3,,,,,,,,,,,,,,
5024,2440,1,170,7,17160,,,-3,,,,,,,,,,,,,,
5025,2440,1,130,6,17160,,,-3,,,,,,,,,,,,,,
5026,2441,1,13,10,17160,,,-3,,,,,,,,,,,,,,
5027,2441,1,250,6,17160,,,-3,,,,,,,,,,,,,,
5028,2441,1,483,5,17160,,,-3,,,,,,,,,,,,,,
5029,2442,1,124,9,17160,,,-3,,,,,,,,,,,,,,
5030,2443,1,353,2,17220,,,-3,,,,,,,,,,,,,,
5031,2443,1,85,6,17220,,,-3,,,,,,,,,,,,,,
5032,2443,1,13,11,17220,,,-3,,,,,,,,,,,,,,
5033,2444,1,245,6,17220,,,-3,,,,,,,,,,,,,,
5034,2444,1,181,7,17220,,,-3,,,,,,,,,,,,,,
5035,2445,1,86,4,17220,,,-3,,,,,,,,,,,,,,
5036,2446,1,47,3,17220,,,-3,,,,,,,,,,,,,,
5037,2447,1,126,5,17220,,,-3,,,,,,,,,,,,,,
5038,2448,1,95,4,17220,,,-3,,,,,,,,,,,,,,
5039,2448,1,192,8,17220,,,-3,,,,,,,,,,,,,,
5040,2448,1,34,4,17220,,,-3,,,,,,,,,,,,,,
5041,2448,1,126,4,17220,,,-3,,,,,,,,,,,,,,
5042,2448,1,14,10,17220,,,-3,,,,,,,,,,,,,,
5043,2449,1,2,8,17220,,,-3,,,,,,,,,,,,,,
5044,2450,1,131,3,17220,,,-3,,,,,,,,,,,,,,
5045,2450,1,66,9,17220,,,-3,,,,,,,,,,,,,,
5046,2451,1,46,8,17220,,,-3,,,,,,,,,,,,,,
5047,2451,1,69,8,17220,,,-3,,,,,,,,,,,,,,
5048,2451,1,212,2,17220,,,-3,,,,,,,,,,,,,,
5049,2452,1,32,4,17220,,,-3,,,,,,,,,,,,,,
5050,2452,1,276,6,17220,,,-3,,,,,,,,,,,,,,
5051,2453,1,4,4,17280,,,-3,,,,,,,,,,,,,,
5052,2453,1,447,5,17280,,,-3,,,,,,,,,,,,,,
5053,2453,1,181,10,17280,,,-3,,,,,,,,,,,,,,
5054,2454,1,25,4,17280,,,-3,,,,,,,,,,,,,,
5055,2454,1,3,7,17280,,,-3,,,,,,,,,,,,,,
5056,2455,1,32,10,17280,,,-3,,,,,,,,,,,,,,
5057,2455,1,11,3,17280,,,-3,,,,,,,,,,,,,,
5058,2456,1,20,5,17280,,,-3,,,,,,,,,,,,,,
5059,2457,1,12,2,17280,,,-3,,,,,,,,,,,,,,
5060,2457,1,81,8,17280,,,-3,,,,,,,,,,,,,,
5061,2457,1,0,6,17280,,,-3,,,,,,,,,,,,,,
5062,2457,1,255,10,17280,,,-3,,,,,,,,,,,,,,
5063,2458,1,115,8,17280,,,-3,,,,,,,,,,,,,,
5064,2458,1,0,4,17280,,,-3,,,,,,,,,,,,,,
5065,2459,1,482,7,17340,,,-3,,,,,,,,,,,,,,
5066,2460,1,30,5,17340,,,-3,,,,,,,,,,,,,,
5067,2461,1,39,9,17340,,,-3,,,,,,,,,,,,,,
5068,2461,1,172,6,17340,,,-3,,,,,,,,,,,,,,
5069,2462,1,270,2,17340,,,-3,,,,,,,,,,,,,,
5070,2463,1,5,10,17340,,,-3,,,,,,,,,,,,,,
5071,2464,1,20,4,17340,,,-3,,,,,,,,,,,,,,
5072,2464,1,25,4,17340,,,-3,,,,,,,,,,,,,,
5073,2464,1,227,12,17340,,,-3,,,,,,,,,,,,,,
5074,2465,1,27,4,17340,,,-3,,,,,,,,,,,,,,
5075,2466,1,6,5,17340,,,-3,,,,,,,,,,,,,,
5076,2466,1,28,12,17340,,,-3,,,,,,,,,,,,,,
5077,2467,1,195,2,17340,,,-3,,,,,,,,,,,,,,
5078,2468,1,310,6,17340,,,-3,,,,,,,,,,,,,,
5079,2469,1,5,9,17340,,,-3,,,,,,,,,,,,,,
5080,2470,1,0,4,17400,,,-3,,,,,,,,,,,,,,
5081,2471,1,250,6,17400,,,-3,,,,,,,,,,,,,,
5082,2472,1,55,10,17400,,,-3,,,,,,,,,,,,,,
5083,2472,1,81,12,17400,,,-3,,,,,,,,,,,,,,
5084,2472,1,91,6,17400,,,-3,,,,,,,,,,,,,,
5085,2472,1,483,6,17400,,,-3,,,,,,,,,,,,,,
5086,2473,1,8,1,17400,,,-3,,,,,,,,,,,,,,
5087,2473,1,3,8,17400,,,-3,,,,,,,,,,,,,,
5088,2474,1,43,5,17400,,,-3,,,,,,,,,,,,,,
5089,2475,1,433,8,17400,,,-3,,,,,,,,,,,,,,
5090,2475,1,134,2,17400,,,-3,,,,,,,,,,,,,,
5091,2476,1,106,9,17460,,,-3,,,,,,,,,,,,,,
5092,2477,1,145,8,17460,,,-3,,,,,,,,,,,,,,
5093,2478,1,30,4,17460,,,-3,,,,,,,,,,,,,,
5094,2479,1,2,6,17460,,,-3,,,,,,,,,,,,,,
5095,2479,1,115,4,17460,,,-3,,,,,,,,,,,,,,
5096,2480,1,40,6,17460,,,-3,,,,,,,,,,,,,,
5097,2481,1,274,6,17460,,,-3,,,,,,,,,,,,,,
5098,2481,1,45,1,17460,,,-3,,,,,,,,,,,,,,
5099,2481,1,55,2,17460,,,-3,,,,,,,,,,,,,,
5100,2482,1,32,8,17460,,,-3,,,,,,,,,,,,,,
5101,2483,1,28,4,17460,,,-3,,,,,,,,,,,,,,
5102,2483,1,44,4,17460,,,-3,,,,,,,,,,,,,,
5103,2483,1,177,9,17460,,,-3,,,,,,,,,,,,,,
5104,2484,1,43,3,17460,,,-3,,,,,,,,,,,,,,
5105,2485,1,177,5,17460,,,-3,,,,,,,,,,,,,,
5106,2486,1,301,10,17460,,,-3,,,,,,,,,,,,,,
5107,2486,1,15,8,17460,,,-3,,,,,,,,,,,,,,
5108,2486,1,101,10,17460,,,-3,,,,,,,,,,,,,,
5109,2487,1,56,6,17460,,,-3,,,,,,,,,,,,,,
5110,2488,1,149,4,17460,,,-3,,,,,,,,,,,,,,
5111,2489,1,193,8,17460,,,-3,,,,,,,,,,,,,,
5112,2489,1,245,9,17460,,,-3,,,,,,,,,,,,,,
5113,2489,1,8,11,17460,,,-3,,,,,,,,,,,,,,
5114,2489,1,23,11,17460,,,-3,,,,,,,,,,,,,,
5115,2489,1,126,6,17460,,,-3,,,,,,,,,,,,,,
5116,2490,1,280,10,17520,,,-3,,,,,,,,,,,,,,
5117,2490,1,37,6,17520,,,-3,,,,,,,,,,,,,,
5118,2490,1,35,4,17520,,,-3,,,,,,,,,,,,,,
5119,2491,1,42,9,17520,,,-3,,,,,,,,,,,,,,
5120,2491,1,45,6,17520,,,-3,,,,,,,,,,,,,,
5121,2492,1,71,2,17520,,,-3,,,,,,,,,,,,,,
5122,2493,1,3,8,17520,,,-3,,,,,,,,,,,,,,
5123,2493,1,34,8,17520,,,-3,,,,,,,,,,,,,,
5124,2493,1,35,10,17520,,,-3,,,,,,,,,,,,,,
5125,2493,1,329,7,17520,,,-3,,,,,,,,,,,,,,
5126,2493,1,175,6,17520,,,-3,,,,,,,,,,,,,,
5127,2493,1,22,10,17520,,,-3,,,,,,,,,,,,,,
5128,2493,1,72,12,17520,,,-3,,,,,,,,,,,,,,
5129,2494,1,1,11,17520,,,-3,,,,,,,,,,,,,,
5130,2495,1,303,2,17520,,,-3,,,,,,,,,,,,,,
5131,2495,1,150,7,17520,,,-3,,,,,,,,,,,,,,
5132,2496,1,82,4,17520,,,-3,,,,,,,,,,,,,,
5133,2497,1,160,12,17580,,,-3,,,,,,,,,,,,,,
5134,2497,1,47,8,17580,,,-3,,,,,,,,,,,,,,
5135,2498,1,143,7,17580,,,-3,,,,,,,,,,,,,,
5136,2499,1,254,8,17580,,,-3,,,,,,,,,,,,,,
5137,2499,1,1,12,17580,,,-3,,,,,,,,,,,,,,
5138,2499,1,41,8,17580,,,-3,,,,,,,,,,,,,,
5139,2499,1,36,6,17580,,,-3,,,,,,,,,,,,,,
5140,2499,1,20,8,17580,,,-3,,,,,,,,,,,,,,
5141,2499,1,108,7,17580,,,-3,,,,,,,,,,,,,,
5142,2500,1,18,7,17580,,,-3,,,,,,,,,,,,,,
5143,2501,1,0,8,17580,,,-3,,,,,,,,,,,,,,
5144,2501,1,27,7,17580,,,-3,,,,,,,,,,,,,,
5145,2502,1,24,6,17580,,,-3,,,,,,,,,,,,,,
5146,2502,1,57,3,17580,,,-3,,,,,,,,,,,,,,
5147,2503,1,403,2,17580,,,-3,,,,,,,,,,,,,,
5148,2504,1,274,4,17580,,,-3,,,,,,,,,,,,,,
5149,2504,1,59,8,17580,,,-3,,,,,,,,,,,,,,
5150,2504,1,92,4,17580,,,-3,,,,,,,,,,,,,,
5151,2505,1,9,10,17580,,,-3,,,,,,,,,,,,,,
5152,2506,1,21,6,17640,,,-3,,,,,,,,,,,,,,
5153,2506,1,359,10,17640,,,-3,,,,,,,,,,,,,,
5154,2507,1,37,10,17640,,,-3,,,,,,,,,,,,,,
5155,2508,1,158,4,17640,,,-3,,,,,,,,,,,,,,
5156,2509,1,113,8,17640,,,-3,,,,,,,,,,,,,,
5157,2510,1,157,2,17640,,,-3,,,,,,,,,,,,,,
5158,2511,1,0,2,17640,,,-3,,,,,,,,,,,,,,
5159,2511,1,310,2,17640,,,-3,,,,,,,,,,,,,,
5160,2512,1,78,5,17640,,,-3,,,,,,,,,,,,,,
5161,2512,1,438,6,17640,,,-3,,,,,,,,,,,,,,
5162,2512,1,109,7,17640,,,-3,,,,,,,,,,,,,,
5163,2513,1,39,8,17640,,,-3,,,,,,,,,,,,,,
5164,2513,1,13,6,17640,,,-3,,,,,,,,,,,,,,
5165,2514,1,11,6,17640,,,-3,,,,,,,,,,,,,,
5166,2514,1,47,6,17640,,,-3,,,,,,,,,,,,,,
5167,2515,1,192,4,17640,,,-3,,,,,,,,,,,,,,
5168,2515,1,13,10,17640,,,-3,,,,,,,,,,,,,,
5169,2516,1,10,8,17700,,,-3,,,,,,,,,,,,,,
5170,2516,1,1,8,17700,,,-3,,,,,,,,,,,,,,
5171,2517,1,306,6,17700,,,-3,,,,,,,,,,,,,,
5172,2518,1,222,6,17700,,,-3,,,,,,,,,,,,,,
5173,2519,1,18,6,17700,,,-3,,,,,,,,,,,,,,
5174,2519,1,12,6,17700,,,-3,,,,,,,,,,,,,,
5175,2520,1,196,1,17700,,,-3,,,,,,,,,,,,,,
5176,2520,1,168,8,17700,,,-3,,,,,,,,,,,,,,
5177,2520,1,116,6,17700,,,-3,,,,,,,,,,,,,,
5178,2520,1,198,5,17700,,,-3,,,,,,,,,,,,,,
5179,2520,1,30,3,17700,,,-3,,,,,,,,,,,,,,
5180,2520,1,13,3,17700,,,-3,,,,,,,,,,,,,,
5181,2521,1,4,10,17700,,,-3,,,,,,,,,,,,,,
5182,2521,1,86,4,17700,,,-3,,,,,,,,,,,,,,
5183,2521,1,456,6,17700,,,-3,,,,,,,,,,,,,,
5184,2522,1,48,8,17700,,,-3,,,,,,,,,,,,,,
5185,2522,1,157,5,17700,,,-3,,,,,,,,,,,,,,
5186,2522,1,6,10,17700,,,-3,,,,,,,,,,,,,,
5187,2522,1,338,5,17700,,,-3,,,,,,,,,,,,,,
5188,2523,1,106,4,17760,,,-3,,,,,,,,,,,,,,
5189,2523,1,35,8,17760,,,-3,,,,,,,,,,,,,,
5190,2524,1,94,6,17760,,,-3,,,,,,,,,,,,,,
5191,2525,1,22,4,17760,,,-3,,,,,,,,,,,,,,
5192,2525,1,297,6,17760,,,-3,,,,,,,,,,,,,,
5193,2526,1,11,4,17760,,,-3,,,,,,,,,,,,,,
5194,2526,1,259,5,17760,,,-3,,,,,,,,,,,,,,
5195,2526,1,47,4,17760,,,-3,,,,,,,,,,,,,,
5196,2526,1,315,6,17760,,,-3,,,,,,,,,,,,,,
5197,2527,1,66,3,17760,,,-3,,,,,,,,,,,,,,
5198,2527,1,186,8,17760,,,-3,,,,,,,,,,,,,,
5199,2527,1,0,5,17760,,,-3,,,,,,,,,,,,,,
5200,2528,1,368,6,17760,,,-3,,,,,,,,,,,,,,
5201,2529,1,458,6,17760,,,-3,,,,,,,,,,,,,,
5202,2530,1,30,5,17760,,,-3,,,,,,,,,,,,,,
5203,2531,1,349,8,17760,,,-3,,,,,,,,,,,,,,
5204,2531,1,451,6,17760,,,-3,,,,,,,,,,,,,,
5205,2531,1,306,12,17760,,,-3,,,,,,,,,,,,,,
5206,2531,1,496,10,17760,,,-3,,,,,,,,,,,,,,
5207,2532,1,48,8,17820,,,-3,,,,,,,,,,,,,,
5208,2533,1,77,10,17820,,,-3,,,,,,,,,,,,,,
5209,2534,1,92,9,17820,,,-3,,,,,,,,,,,,,,
5210,2534,1,90,8,17820,,,-3,,,,,,,,,,,,,,
5211,2535,1,25,10,17820,,,-3,,,,,,,,,,,,,,
5212,2535,1,132,10,17820,,,-3,,,,,,,,,,,,,,
5213,2536,1,21,12,17820,,,-3,,,,,,,,,,,,,,
5214,2536,1,286,10,17820,,,-3,,,,,,,,,,,,,,
5215,2537,1,398,3,17820,,,-3,,,,,,,,,,,,,,
5216,2537,1,17,9,17820,,,-3,,,,,,,,,,,,,,
5217,2538,1,12,7,17820,,,-3,,,,,,,,,,,,,,
5218,2538,1,110,9,17820,,,-3,,,,,,,,,,,,,,
5219,2538,1,13,10,17820,,,-3,,,,,,,,,,,,,,
5220,2539,1,77,6,17820,,,-3,,,,,,,,,,,,,,
5221,2539,1,83,6,17820,,,-3,,,,,,,,,,,,,,
5222,2539,1,7,1,17820,,,-3,,,,,,,,,,,,,,
5223,2540,1,23,8,17820,,,-3,,,,,,,,,,,,,,
5224,2541,1,453,3,17880,,,-3,,,,,,,,,,,,,,
5225,2541,1,16,8,17880,,,-3,,,,,,,,,,,,,,
5226,2541,1,1,10,17880,,,-3,,,,,,,,,,,,,,
5227,2542,1,109,2,17880,,,-3,,,,,,,,,,,,,,
5228,2542,1,137,12,17880,,,-3,,,,,,,,,,,,,,
5229,2543,1,169,4,17880,,,-3,,,,,,,,,,,,,,
5230,2543,1,14,7,17880,,,-3,,,,,,,,,,,,,,
5231,2543,1,5,10,17880,,,-3,,,,,,,,,,,,,,
5232,2543,1,165,10,17880,,,-3,,,,,,,,,,,,,,
5233,2544,1,80,6,17880,,,-3,,,,,,,,,,,,,,
5234,2544,1,21,12,17880,,,-3,,,,,,,,,,,,,,
5235,2544,1,37,1,17880,,,-3,,,,,,,,,,,,,,
5236,2544,1,4,6,17880,,,-3,,,,,,,,,,,,,,
5237,2544,1,32,4,17880,,,-3,,,,,,,,,,,,,,
5238,2545,1,199,5,17880,,,-3,,,,,,,,,,,,,,
5239,2546,1,252,10,17880,,,-3,,,,,,,,,,,,,,
5240,2546,1,5,8,17880,,,-3,,,,,,,,,,,,,,
5241,2547,1,39,7,17940,,,-3,,,,,,,,,,,,,,
5242,2548,1,41,10,17940,,,-3,,,,,,,,,,,,,,
5243,2548,1,114,6,17940,,,-3,,,,,,,,,,,,,,
5244,2549,1,451,12,17940,,,-3,,,,,,,,,,,,,,
5245,2549,1,366,10,17940,,,-3,,,,,,,,,,,,,,
5246,2549,1,265,6,17940,,,-3,,,,,,,,,,,,,,
5247,2550,1,201,8,17940,,,-3,,,,,,,,,,,,,,
5248,2550,1,351,11,17940,,,-3,,,,,,,,,,,,,,
5249,2550,1,204,3,17940,,,-3,,,,,,,,,,,,,,
5250,2550,1,6,8,17940,,,-3,,,,,,,,,,,,,,
5251,2550,1,154,8,17940,,,-3,,,,,,,,,,,,,,
5252,2551,1,80,8,17940,,,-3,,,,,,,,,,,,,,
5253,2552,1,0,10,17940,,,-3,,,,,,,,,,,,,,
5254,2552,1,89,10,17940,,,-3,,,,,,,,,,,,,,
5255,2553,1,443,8,17940,,,-3,,,,,,,,,,,,,,
5256,2554,1,148,6,17940,,,-3,,,,,,,,,,,,,,
5257,2555,1,10,9,17940,,,-3,,,,,,,,,,,,,,
5258,2555,1,343,4,17940,,,-3,,,,,,,,,,,,,,
5259,2556,1,79,6,17940,,,-3,,,,,,,,,,,,,,
5260,2557,1,12,5,18000,,,-3,,,,,,,,,,,,,,
5261,2558,1,0,7,18000,,,-3,,,,,,,,,,,,,,
5262,2558,1,6,7,18000,,,-3,,,,,,,,,,,,,,
5263,2558,1,35,8,18000,,,-3,,,,,,,,,,,,,,
5264,2559,1,2,5,18000,,,-3,,,,,,,,,,,,,,
5265,2559,1,83,4,18000,,,-3,,,,,,,,,,,,,,
5266,2560,1,7,12,18000,,,-3,,,,,,,,,,,,,,
5267,2560,1,16,3,18000,,,-3,,,,,,,,,,,,,,
5268,2561,1,5,6,18000,,,-3,,,,,,,,,,,,,,
5269,2562,1,267,8,18000,,,-3,,,,,,,,,,,,,,
5270,2562,1,4,8,18000,,,-3,,,,,,,,,,,,,,
5271,2562,1,15,4,18000,,,-3,,,,,,,,,,,,,,
5272,2563,1,47,8,18000,,,-3,,,,,,,,,,,,,,
5273,2564,1,9,7,18000,,,-3,,,,,,,,,,,,,,
5274,2565,1,46,12,18060,,,-3,,,,,,,,,,,,,,
5275,2566,1,23,4,18060,,,-3,,,,,,,,,,,,,,
5276,2567,1,0,2,18060,,,-3,,,,,,,,,,,,,,
5277,2568,1,95,3,18060,,,-3,,,,,,,,,,,,,,
5278,2569,1,157,9,18060,,,-3,,,,,,,,,,,,,,
5279,2570,1,48,8,18060,,,-3,,,,,,,,,,,,,,
5280,2571,1,140,12,18060,,,-3,,,,,,,,,,,,,,
5281,2572,1,48,8,18060,,,-3,,,,,,,,,,,,,,
5282,2573,1,58,4,18060,,,-3,,,,,,,,,,,,,,
5283,2573,1,13,2,18060,,,-3,,,,,,,,,,,,,,
5284,2574,1,25,10,18060,,,-3,,,,,,,,,,,,,,
5285,2574,1,134,8,18060,,,-3,,,,,,,,,,,,,,
5286,2575,1,0,8,18060,,,-3,,,,,,,,,,,,,,
5287,2575,1,196,8,18060,,,-3,,,,,,,,,,,,,,
5288,2576,1,132,8,18060,,,-3,,,,,,,,,,,,,,
5289,2576,1,178,10,18060,,,-3,,,,,,,,,,,,,,
5290,2577,1,14,11,18120,,,-3,,,,,,,,,,,,,,
5291,2577,1,150,8,18120,,,-3,,,,,,,,,,,,,,
5292,2577,1,74,4,18120,,,-3,,,,,,,,,,,,,,
5293,2577,1,11,2,18120,,,-3,,,,,,,,,,,,,,
5294,2578,1,62,9,18120,,,-3,,,,,,,,,,,,,,
5295,2578,1,108,7,18120,,,-3,,,,,,,,,,,,,,
5296,2579,1,352,10,18120,,,-3,,,,,,,,,,,,,,
5297,2579,1,24,8,18120,,,-3,,,,,,,,,,,,,,
5298,2579,1,233,6,18120,,,-3,,,,,,,,,,,,,,
5299,2580,1,61,7,18120,,,-3,,,,,,,,,,,,,,
5300,2580,1,4,12,18120,,,-3,,,,,,,,,,,,,,
5301,2580,1,0,7,18120,,,-3,,,,,,,,,,,,,,
5302,2581,1,7,5,18120,,,-3,,,,,,,,,,,,,,
5303,2582,1,16,4,18120,,,-3,,,,,,,,,,,,,,
5304,2583,1,50,3,18180,,,-3,,,,,,,,,,,,,,
5305,2584,1,2,11,18180,,,-3,,,,,,,,,,,,,,
5306,2584,1,460,6,18180,,,-3,,,,,,,,,,,,,,
5307,2585,1,29,2,18180,,,-3,,,,,,,,,,,,,,
5308,2585,1,57,6,18180,,,-3,,,,,,,,,,,,,,
5309,2585,1,217,8,18180,,,-3,,,,,,,,,,,,,,
5310,2585,1,125,9,18180,,,-3,,,,,,,,,,,,,,
5311,2585,1,76,9,18180,,,-3,,,,,,,,,,,,,,
5312,2586,1,24,10,18180,,,-3,,,,,,,,,,,,,,
5313,2587,1,8,6,18180,,,-3,,,,,,,,,,,,,,
5314,2587,1,42,6,18180,,,-3,,,,,,,,,,,,,,
5315,2588,1,460,8,18180,,,-3,,,,,,,,,,,,,,
5316,2589,1,243,5,18180,,,-3,,,,,,,,,,,,,,
5317,2589,1,91,6,18180,,,-3,,,,,,,,,,,,,,
5318,2590,1,23,6,18240,,,-3,,,,,,,,,,,,,,
5319,2590,1,41,10,18240,,,-3,,,,,,,,,,,,,,
5320,2590,1,77,9,18240,,,-3,,,,,,,,,,,,,,
5321,2591,1,8,6,18240,,,-3,,,,,,,,,,,,,,
5322,2591,1,6,11,18240,,,-3,,,,,,,,,,,,,,
5323,2592,1,458,1,18240,,,-3,,,,,,,,,,,,,,
5324,2592,1,57,6,18240,,,-3,,,,,,,,,,,,,,
5325,2592,1,123,9,18240,,,-3,,,,,,,,,,,,,,
5326,2593,1,31,5,18240,,,-3,,,,,,,,,,,,,,
5327,2593,1,259,11,18240,,,-3,,,,,,,,,,,,,,
5328,2593,1,39,10,18240,,,-3,,,,,,,,,,,,,,
5329,2593,1,40,4,18240,,,-3,,,,,,,,,,,,,,
5330,2593,1,108,3,18240,,,-3,,,,,,,,,,,,,,
5331,2594,1,37,12,18240,,,-3,,,,,,,,,,,,,,
5332,2595,1,477,9,18240,,,-3,,,,,,,,,,,,,,
5333,2595,1,36,10,18240,,,-3,,,,,,,,,,,,,,
5334,2595,1,2,7,18240,,,-3,,,,,,,,,,,,,,
5335,2595,1,370,4,18240,,,-3,,,,,,,,,,,,,,
5336,2595,1,17,5,18240,,,-3,,,,,,,,,,,,,,
5337,2596,1,27,10,18240,,,-3,,,,,,,,,,,,,,
5338,2597,1,328,5,18300,,,-3,,,,,,,,,,,,,,
5339,2598,1,5,8,18300,,,-3,,,,,,,,,,,,,,
5340,2599,1,390,8,18300,,,-3,,,,,,,,,,,,,,
5341,2600,1,0,7,18300,,,-3,,,,,,,,,,,,,,
5342,2600,1,108,12,18300,,,-3,,,,,,,,,,,,,,
5343,2601,1,13,8,18300,,,-3,,,,,,,,,,,,,,
5344,2601,1,250,9,18300,,,-3,,,,,,,,,,,,,,
5345,2601,1,17,10,18300,,,-3,,,,,,,,,,,,,,
5346,2601,1,335,8,18300,,,-3,,,,,,,,,,,,,,
5347,2602,1,112,7,18300,,,-3,,,,,,,,,,,,,,
5348,2602,1,282,12,18300,,,-3,,,,,,,,,,,,,,
5349,2603,1,168,3,18360,,,-3,,,,,,,,,,,,,,
5350,2604,1,335,6,18360,,,-3,,,,,,,,,,,,,,
5351,2604,1,46,2,18360,,,-3,,,,,,,,,,,,,,
5352,2605,1,30,5,18360,,,-3,,,,,,,,,,,,,,
5353,2605,1,1,10,18360,,,-3,,,,,,,,,,,,,,
5354,2606,1,29,5,18360,,,-3,,,,,,,,,,,,,,
5355,2606,1,21,2,18360,,,-3,,,,,,,,,,,,,,
5356,2607,1,396,8,18360,,,-3,,,,,,,,,,,,,,
5357,2608,1,111,6,18420,,,-3,,,,,,,,,,,,,,
5358,2609,1,4,6,18420,,,-3,,,,,,,,,,,,,,
5359,2609,1,37,10,18420,,,-3,,,,,,,,,,,,,,
5360,2610,1,79,7,18420,,,-3,,,,,,,,,,,,,,
5361,2611,1,3,9,18480,,,-3,,,,,,,,,,,,,,
5362,2612,1,169,4,18480,,,-3,,,,,,,,,,,,,,
5363,2613,1,323,12,18480,,,-3,,,,,,,,,,,,,,
5364,2614,1,7,5,18480,,,-3,,,,,,,,,,,,,,
5365,2614,1,31,8,18480,,,-3,,,,,,,,,,,,,,
5366,2614,1,388,12,18480,,,-3,,,,,,,,,,,,,,
5367,2615,1,84,4,18480,,,-3,,,,,,,,,,,,,,
5368,2616,1,156,5,18480,,,-3,,,,,,,,,,,,,,
5369,2617,1,0,2,18480,,,-3,,,,,,,,,,,,,,
5370,2617,1,38,4,18480,,,-3,,,,,,,,,,,,,,
5371,2617,1,147,2,18480,,,-3,,,,,,,,,,,,,,
5372,2618,1,117,12,18480,,,-3,,,,,,,,,,,,,,
5373,2619,1,15,12,18480,,,-3,,,,,,,,,,,,,,
5374,2619,1,109,9,18480,,,-3,,,,,,,,,,,,,,
5375,2619,1,146,7,18480,,,-3,,,,,,,,,,,,,,
5376,2620,1,269,12,18480,,,-3,,,,,,,,,,,,,,
5377,2621,1,31,8,18480,,,-3,,,,,,,,,,,,,,
5378,2622,1,189,6,18480,,,-3,,,,,,,,,,,,,,
5379,2623,1,398,8,18540,,,-3,,,,,,,,,,,,,,
5380,2623,1,165,5,18540,,,-3,,,,,,,,,,,,,,
5381,2624,1,11,6,18540,,,-3,,,,,,,,,,,,,,
5382,2625,1,4,10,18540,,,-3,,,,,,,,,,,,,,
5383,2626,1,36,4,18540,,,-3,,,,,,,,,,,,,,
5384,2627,1,459,5,18540,,,-3,,,,,,,,,,,,,,
5385,2627,1,154,7,18540,,,-3,,,,,,,,,,,,,,
5386,2627,1,4,6,18540,,,-3,,,,,,,,,,,,,,
5387,2627,1,13,6,18540,,,-3,,,,,,,,,,,,,,
5388,2627,1,169,4,18540,,,-3,,,,,,,,,,,,,,
5389,2627,1,44,3,18540,,,-3,,,,,,,,,,,,,,
5390,2627,1,63,8,18540,,,-3,,,,,,,,,,,,,,
5391,2627,1,25,5,18540,,,-3,,,,,,,,,,,,,,
5392,2627,1,170,4,18540,,,-3,,,,,,,,,,,,,,
5393,2628,1,264,12,18600,,,-3,,,,,,,,,,,,,,
5394,2628,1,46,7,18600,,,-3,,,,,,,,,,,,,,
5395,2629,1,10,5,18600,,,-3,,,,,,,,,,,,,,
5396,2630,1,32,8,18600,,,-3,,,,,,,,,,,,,,
5397,2631,1,0,8,18600,,,-3,,,,,,,,,,,,,,
5398,2632,1,98,4,18600,,,-3,,,,,,,,,,,,,,
5399,2633,1,298,8,18600,,,-3,,,,,,,,,,,,,,
5400,2634,1,9,9,18600,,,-3,,,,,,,,,,,,,,
5401,2634,1,45,12,18600,,,-3,,,,,,,,,,,,,,
5402,2634,1,12,6,18600,,,-3,,,,,,,,,,,,,,
5403,2635,1,5,4,18600,,,-3,,,,,,,,,,,,,,
5404,2635,1,144,1,18600,,,-3,,,,,,,,,,,,,,
5405,2635,1,0,4,18600,,,-3,,,,,,,,,,,,,,
5406,2636,1,243,4,18660,,,-3,,,,,,,,,,,,,,
5407,2636,1,372,8,18660,,,-3,,,,,,,,,,,,,,
5408,2636,1,261,6,18660,,,-3,,,,,,,,,,,,,,
5409,2636,1,91,10,18660,,,-3,,,,,,,,,,,,,,
5410,2637,1,193,4,18660,,,-3,,,,,,,,,,,,,,
5411,2637,1,77,9,18660,,,-3,,,,,,,,,,,,,,
5412,2638,1,12,4,18660,,,-3,,,,,,,,,,,,,,
5413,2639,1,31,7,18660,,,-3,,,,,,,,,,,,,,
5414,2639,1,279,9,18660,,,-3,,,,,,,,,,,,,,
5415,2640,1,1,5,18660,,,-3,,,,,,,,,,,,,,
5416,2640,1,33,5,18660,,,-3,,,,,,,,,,,,,,
5417,2640,1,18,5,18660,,,-3,,,,,,,,,,,,,,
5418,2640,1,164,8,18660,,,-3,,,,,,,,,,,,,,
5419,2641,1,49,3,18660,,,-3,,,,,,,,,,,,,,
5420,2642,1,5,4,18660,,,-3,,,,,,,,,,,,,,
5421,2643,1,15,11,18660,,,-3,,,,,,,,,,,,,,
5422,2643,1,90,4,18660,,,-3,,,,,,,,,,,,,,
5423,2643,1,7,6,18660,,,-3,,,,,,,,,,,,,,
5424,2643,1,44,10,18660,,,-3,,,,,,,,,,,,,,
5425,2643,1,5,4,18660,,,-3,,,,,,,,,,,,,,
5426,2644,1,103,8,18660,,,-3,,,,,,,,,,,,,,
5427,2645,1,0,12,18660,,,-3,,,,,,,,,,,,,,
5428,2645,1,184,6,18660,,,-3,,,,,,,,,,,,,,
5429,2646,1,148,6,18720,,,-3,,,,,,,,,,,,,,
5430,2646,1,48,2,18720,,,-3,,,,,,,,,,,,,,
5431,2647,1,16,2,18720,,,-3,,,,,,,,,,,,,,
5432,2648,1,182,8,18720,,,-3,,,,,,,,,,,,,,
5433,2648,1,20,8,18720,,,-3,,,,,,,,,,,,,,
5434,2648,1,22,9,18720,,,-3,,,,,,,,,,,,,,
5435,2648,1,17,8,18720,,,-3,,,,,,,,,,,,,,
5436,2649,1,13,9,18720,,,-3,,,,,,,,,,,,,,
5437,2649,1,21,6,18720,,,-3,,,,,,,,,,,,,,
5438,2650,1,7,4,18720,,,-3,,,,,,,,,,,,,,
5439,2651,1,108,5,18720,,,-3,,,,,,,,,,,,,,
5440,2652,1,135,3,18720,,,-3,,,,,,,,,,,,,,
5441,2652,1,124,5,18720,,,-3,,,,,,,,,,,,,,
5442,2652,1,119,6,18720,,,-3,,,,,,,,,,,,,,
5443,2652,1,154,9,18720,,,-3,,,,,,,,,,,,,,
5444,2652,1,437,4,18720,,,-3,,,,,,,,,,,,,,
5445,2652,1,21,6,18720,,,-3,,,,,,,,,,,,,,
5446,2652,1,6,7,18720,,,-3,,,,,,,,,,,,,,
5447,2652,1,43,4,18720,,,-3,,,,,,,,,,,,,,
5448,2653,1,10,8,18720,,,-3,,,,,,,,,,,,,,
5449,2653,1,290,9,18720,,,-3,,,,,,,,,,,,,,
5450,2653,1,454,11,18720,,,-3,,,,,,,,,,,,,,
5451,2654,1,29,9,18720,,,-3,,,,,,,,,,,,,,
5452,2655,1,20,10,18780,,,-3,,,,,,,,,,,,,,
5453,2655,1,215,8,18780,,,-3,,,,,,,,,,,,,,
5454,2655,1,23,6,18780,,,-3,,,,,,,,,,,,,,
5455,2656,1,26,10,18780,,,-3,,,,,,,,,,,,,,
5456,2656,1,100,6,18780,,,-3,,,,,,,,,,,,,,
5457,2656,1,60,10,18780,,,-3,,,,,,,,,,,,,,
5458,2656,1,11,4,18780,,,-3,,,,,,,,,,,,,,
5459,2657,1,35,8,18780,,,-3,,,,,,,,,,,,,,
5460,2657,1,319,8,18780,,,-3,,,,,,,,,,,,,,
5461,2658,1,76,4,18780,,,-3,,,,,,,,,,,,,,
5462,2658,1,67,10,18780,,,-3,,,,,,,,,,,,,,
5463,2658,1,137,4,18780,,,-3,,,,,,,,,,,,,,
5464,2658,1,307,3,18780,,,-3,,,,,,,,,,,,,,
5465,2659,1,44,5,18780,,,-3,,,,,,,,,,,,,,
5466,2660,1,6,6,18780,,,-3,,,,,,,,,,,,,,
5467,2661,1,61,7,18780,,,-3,,,,,,,,,,,,,,
5468,2662,1,442,4,18840,,,-3,,,,,,,,,,,,,,
5469,2663,1,4,8,18840,,,-3,,,,,,,,,,,,,,
5470,2664,1,315,3,18840,,,-3,,,,,,,,,,,,,,
5471,2664,1,31,8,18840,,,-3,,,,,,,,,,,,,,
5472,2665,1,0,10,18840,,,-3,,,,,,,,,,,,,,
5473,2665,1,11,8,18840,,,-3,,,,,,,,,,,,,,
5474,2665,1,19,8,18840,,,-3,,,,,,,,,,,,,,
5475,2665,1,9,9,18840,,,-3,,,,,,,,,,,,,,
5476,2666,1,101,6,18840,,,-3,,,,,,,,,,,,,,
5477,2666,1,162,11,18840,,,-3,,,,,,,,,,,,,,
5478,2666,1,102,8,18840,,,-3,,,,,,,,,,,,,,
5479,2667,1,62,2,18840,,,-3,,,,,,,,,,,,,,
5480,2667,1,1,2,18840,,,-3,,,,,,,,,,,,,,
5481,2668,1,174,2,18840,,,-3,,,,,,,,,,,,,,
5482,2668,1,36,4,18840,,,-3,,,,,,,,,,,,,,
5483,2668,1,4,1,18840,,,-3,,,,,,,,,,,,,,
5484,2669,1,76,6,18840,,,-3,,,,,,,,,,,,,,
5485,2669,1,79,12,18840,,,-3,,,,,,,,,,,,,,
5486,2669,1,1,7,18840,,,-3,,,,,,,,,,,,,,
5487,2670,1,26,12,18840,,,-3,,,,,,,,,,,,,,
5488,2671,1,4,4,18840,,,-3,,,,,,,,,,,,,,
5489,2671,1,16,6,18840,,,-3,,,,,,,,,,,,,,
5490,2671,1,25,8,18840,,,-3,,,,,,,,,,,,,,
5491,2672,1,34,8,18840,,,-3,,,,,,,,,,,,,,
5492,2673,1,125,5,18900,,,-3,,,,,,,,,,,,,,
5493,2673,1,42,6,18900,,,-3,,,,,,,,,,,,,,
5494,2674,1,493,1,18900,,,-3,,,,,,,,,,,,,,
5495,2675,1,172,12,18900,,,-3,,,,,,,,,,,,,,
5496,2676,1,43,8,18900,,,-3,,,,,,,,,,,,,,
5497,2676,1,0,8,18900,,,-3,,,,,,,,,,,,,,
5498,2676,1,240,4,18900,,,-3,,,,,,,,,,,,,,
5499,2676,1,7,6,18900,,,-3,,,,,,,,,,,,,,
5500,2677,1,158,4,18900,,,-3,,,,,,,,,,,,,,
5501,2677,1,40,8,18900,,,-3,,,,,,,,,,,,,,
5502,2677,1,7,7,18900,,,-3,,,,,,,,,,,,,,
5503,2678,1,7,1,18900,,,-3,,,,,,,,,,,,,,
5504,2678,1,20,10,18900,,,-3,,,,,,,,,,,,,,
5505,2678,1,47,6,18900,,,-3,,,,,,,,,,,,,,
5506,2678,1,15,9,18900,,,-3,,,,,,,,,,,,,,
5507,2679,1,233,8,18900,,,-3,,,,,,,,,,,,,,
5508,2679,1,9,7,18900,,,-3,,,,,,,,,,,,,,
5509,2679,1,10,9,18900,,,-3,,,,,,,,,,,,,,
5510,2679,1,24,6,18900,,,-3,,,,,,,,,,,,,,
5511,2680,1,23,2,18900,,,-3,,,,,,,,,,,,,,
5512,2681,1,48,12,18900,,,-3,,,,,,,,,,,,,,
5513,2682,1,13,8,18900,,,-3,,,,,,,,,,,,,,
5514,2682,1,177,9,18900,,,-3,,,,,,,,,,,,,,
5515,2682,1,0,5,18900,,,-3,,,,,,,,,,,,,,
5516,2683,1,380,8,18960,,,-3,,,,,,,,,,,,,,
5517,2683,1,33,10,18960,,,-3,,,,,,,,,,,,,,
5518,2683,1,11,8,18960,,,-3,,,,,,,,,,,,,,
5519,2683,1,184,2,18960,,,-3,,,,,,,,,,,,,,
5520,2683,1,314,7,18960,,,-3,,,,,,,,,,,,,,
5521,2683,1,116,2,18960,,,-3,,,,,,,,,,,,,,
5522,2683,1,163,11,18960,,,-3,,,,,,,,,,,,,,
5523,2683,1,0,8,18960,,,-3,,,,,,,,,,,,,,
5524,2683,1,89,10,18960,,,-3,,,,,,,,,,,,,,
5525,2684,1,31,12,18960,,,-3,,,,,,,,,,,,,,
5526,2684,1,19,8,18960,,,-3,,,,,,,,,,,,,,
5527,2685,1,47,2,18960,,,-3,,,,,,,,,,,,,,
5528,2685,1,50,5,18960,,,-3,,,,,,,,,,,,,,
5529,2685,1,26,8,18960,,,-3,,,,,,,,,,,,,,
5530,2686,1,38,6,18960,,,-3,,,,,,,,,,,,,,
5531,2686,1,7,3,18960,,,-3,,,,,,,,,,,,,,
5532,2687,1,17,2,18960,,,-3,,,,,,,,,,,,,,
5533,2687,1,177,2,18960,,,-3,,,,,,,,,,,,,,
5534,2687,1,4,7,18960,,,-3,,,,,,,,,,,,,,
5535,2688,1,147,6,18960,,,-3,,,,,,,,,,,,,,
5536,2689,1,4,6,18960,,,-3,,,,,,,,,,,,,,
5537,2690,1,59,10,18960,,,-3,,,,,,,,,,,,,,
5538,2691,1,6,10,18960,,,-3,,,,,,,,,,,,,,
5539,2691,1,417,4,18960,,,-3,,,,,,,,,,,,,,
5540,2691,1,33,4,18960,,,-3,,,,,,,,,,,,,,
5541,2691,1,26,7,18960,,,-3,,,,,,,,,,,,,,
5542,2691,1,47,4,18960,,,-3,,,,,,,,,,,,,,
5543,2692,1,46,8,18960,,,-3,,,,,,,,,,,,,,
5544,2693,1,49,6,18960,,,-3,,,,,,,,,,,,,,
5545,2694,1,24,8,18960,,,-3,,,,,,,,,,,,,,
5546,2694,1,23,2,18960,,,-3,,,,,,,,,,,,,,
5547,2695,1,105,4,18960,,,-3,,,,,,,,,,,,,,
5548,2696,1,95,1,19020,,,-3,,,,,,,,,,,,,,
5549,2697,1,33,10,19020,,,-3,,,,,,,,,,,,,,
5550,2698,1,41,4,19020,,,-3,,,,,,,,,,,,,,
5551,2699,1,13,6,19020,,,-3,,,,,,,,,,,,,,
5552,2700,1,6,5,19020,,,-3,,,,,,,,,,,,,,
5553,2701,1,109,7,19020,,,-3,,,,,,,,,,,,,,
5554,2702,1,11,1,19020,,,-3,,,,,,,,,,,,,,
5555,2702,1,42,11,19020,,,-3,,,,,,,,,,,,,,
5556,2703,1,5,2,19080,,,-3,,,,,,,,,,,,,,
5557,2704,1,23,12,19080,,,-3,,,,,,,,,,,,,,
5558,2704,1,91,10,19080,,,-3,,,,,,,,,,,,,,
5559,2704,1,78,5,19080,,,-3,,,,,,,,,,,,,,
5560,2704,1,0,12,19080,,,-3,,,,,,,,,,,,,,
5561,2704,1,251,6,19080,,,-3,,,,,,,,,,,,,,
5562,2705,1,17,10,19080,,,-3,,,,,,,,,,,,,,
5563,2705,1,1,12,19080,,,-3,,,,,,,,,,,,,,
5564,2706,1,372,9,19080,,,-3,,,,,,,,,,,,,,
5565,2707,1,20,1,19080,,,-3,,,,,,,,,,,,,,
5566,2708,1,53,6,19080,,,-3,,,,,,,,,,,,,,
5567,2709,1,21,11,19080,,,-3,,,,,,,,,,,,,,
5568,2710,1,8,2,19080,,,-3,,,,,,,,,,,,,,
5569,2710,1,85,7,19080,,,-3,,,,,,,,,,,,,,
5570,2710,1,16,6,19080,,,-3,,,,,,,,,,,,,,
5571,2711,1,194,7,19080,,,-3,,,,,,,,,,,,,,
5572,2711,1,38,12,19080,,,-3,,,,,,,,,,,,,,
5573,2711,1,217,9,19080,,,-3,,,,,,,,,,,,,,
5574,2712,1,494,4,19140,,,-3,,,,,,,,,,,,,,
5575,2712,1,14,5,19140,,,-3,,,,,,,,,,,,,,
5576,2712,1,12,6,19140,,,-3,,,,,,,,,,,,,,
5577,2712,1,73,8,19140,,,-3,,,,,,,,,,,,,,
5578,2712,1,264,4,19140,,,-3,,,,,,,,,,,,,,
5579,2713,1,232,6,19140,,,-3,,,,,,,,,,,,,,
5580,2714,1,158,10,19140,,,-3,,,,,,,,,,,,,,
5581,2715,1,17,9,19140,,,-3,,,,,,,,,,,,,,
5582,2716,1,142,10,19200,,,-3,,,,,,,,,,,,,,
5583,2716,1,343,5,19200,,,-3,,,,,,,,,,,,,,
5584,2716,1,3,2,19200,,,-3,,,,,,,,,,,,,,
5585,2716,1,421,7,19200,,,-3,,,,,,,,,,,,,,
5586,2716,1,6,9,19200,,,-3,,,,,,,,,,,,,,
5587,2717,1,27,11,19200,,,-3,,,,,,,,,,,,,,
5588,2717,1,312,4,19200,,,-3,,,,,,,,,,,,,,
5589,2718,1,21,6,19200,,,-3,,,,,,,,,,,,,,
5590,2719,1,1,9,19200,,,-3,,,,,,,,,,,,,,
5591,2719,1,177,8,19200,,,-3,,,,,,,,,,,,,,
5592,2719,1,50,12,19200,,,-3,,,,,,,,,,,,,,
5593,2720,1,179,8,19200,,,-3,,,,,,,,,,,,,,
5594,2720,1,19,7,19200,,,-3,,,,,,,,,,,,,,
5595,2720,1,4,3,19200,,,-3,,,,,,,,,,,,,,
5596,2720,1,104,4,19200,,,-3,,,,,,,,,,,,,,
5597,2720,1,433,12,19200,,,-3,,,,,,,,,,,,,,
5598,2721,1,141,3,19200,,,-3,,,,,,,,,,,,,,
5599,2721,1,3,7,19200,,,-3,,,,,,,,,,,,,,
5600,2722,1,356,5,19200,,,-3,,,,,,,,,,,,,,
5601,2722,1,139,6,19200,,,-3,,,,,,,,,,,,,,
5602,2723,1,15,4,19200,,,-3,,,,,,,,,,,,,,
5603,2723,1,239,10,19200,,,-3,,,,,,,,,,,,,,
5604,2724,1,74,4,19260,,,-3,,,,,,,,,,,,,,
5605,2725,1,92,4,19260,,,-3,,,,,,,,,,,,,,
5606,2725,1,12,4,19260,,,-3,,,,,,,,,,,,,,
5607,2726,1,10,5,19260,,,-3,,,,,,,,,,,,,,
5608,2726,1,249,1,19260,,,-3,,,,,,,,,,,,,,
5609,2727,1,190,8,19260,,,-3,,,,,,,,,,,,,,
5610,2728,1,395,10,19260,,,-3,,,,,,,,,,,,,,
5611,2729,1,111,3,19260,,,-3,,,,,,,,,,,,,,
5612,2730,1,14,8,19260,,,-3,,,,,,,,,,,,,,
5613,2731,1,49,8,19260,,,-3,,,,,,,,,,,,,,
5614,2731,1,46,4,19260,,,-3,,,,,,,,,,,,,,
5615,2732,1,22,10,19260,,,-3,,,,,,,,,,,,,,
5616,2733,1,18,10,19320,,,-3,,,,,,,,,,,,,,
5617,2733,1,6,5,19320,,,-3,,,,,,,,,,,,,,
5618,2733,1,72,3,19320,,,-3,,,,,,,,,,,,,,
5619,2733,1,3,7,19320,,,-3,,,,,,,,,,,,,,
5620,2733,1,145,11,19320,,,-3,,,,,,,,,,,,,,
5621,2734,1,84,3,19320,,,-3,,,,,,,,,,,,,,
5622,2735,1,62,2,19320,,,-3,,,,,,,,,,,,,,
5623,2736,1,494,10,19320,,,-3,,,,,,,,,,,,,,
5624,2737,1,26,4,19320,,,-3,,,,,,,,,,,,,,
5625,2738,1,1,2,19320,,,-3,,,,,,,,,,,,,,
5626,2739,1,2,6,19320,,,-3,,,,,,,,,,,,,,
5627,2740,1,29,8,19320,,,-3,,,,,,,,,,,,,,
5628,2741,1,19,9,19380,,,-3,,,,,,,,,,,,,,
5629,2741,1,466,6,19380,,,-3,,,,,,,,,,,,,,
5630,2742,1,65,10,19380,,,-3,,,,,,,,,,,,,,
5631,2742,1,81,6,19380,,,-3,,,,,,,,,,,,,,
5632,2742,1,0,4,19380,,,-3,,,,,,,,,,,,,,
5633,2743,1,61,6,19380,,,-3,,,,,,,,,,,,,,
5634,2743,1,184,3,19380,,,-3,,,,,,,,,,,,,,
5635,2743,1,9,12,19380,,,-3,,,,,,,,,,,,,,
5636,2744,1,187,9,19380,,,-3,,,,,,,,,,,,,,
5637,2744,1,11,5,19380,,,-3,,,,,,,,,,,,,,
5638,2744,1,351,9,19380,,,-3,,,,,,,,,,,,,,
5639,2745,1,326,8,19380,,,-3,,,,,,,,,,,,,,
5640,2745,1,2,10,19380,,,-3,,,,,,,,,,,,,,
5641,2745,1,86,12,19380,,,-3,,,,,,,,,,,,,,
5642,2746,1,149,8,19380,,,-3,,,,,,,,,,,,,,
5643,2746,1,13,5,19380,,,-3,,,,,,,,,,,,,,
5644,2747,1,171,10,19380,,,-3,,,,,,,,,,,,,,
5645,2748,1,38,6,19380,,,-3,,,,,,,,,,,,,,
5646,2748,1,112,4,19380,,,-3,,,,,,,,,,,,,,
5647,2749,1,94,3,19380,,,-3,,,,,,,,,,,,,,
5648,2750,1,257,9,19380,,,-3,,,,,,,,,,,,,,
5649,2750,1,117,7,19380,,,-3,,,,,,,,,,,,,,
5650,2750,1,25,8,19380,,,-3,,,,,,,,,,,,,,
5651,2751,1,137,10,19440,,,-3,,,,,,,,,,,,,,
5652,2752,1,298,7,19440,,,-3,,,,,,,,,,,,,,
5653,2752,1,85,8,19440,,,-3,,,,,,,,,,,,,,
5654,2753,1,9,3,19440,,,-3,,,,,,,,,,,,,,
5655,2753,1,11,3,19440,,,-3,,,,,,,,,,,,,,
5656,2754,1,73,4,19440,,,-3,,,,,,,,,,,,,,
5657,2754,1,120,3,19440,,,-3,,,,,,,,,,,,,,
5658,2755,1,0,4,19440,,,-3,,,,,,,,,,,,,,
5659,2755,1,14,6,19440,,,-3,,,,,,,,,,,,,,
5660,2755,1,111,5,19440,,,-3,,,,,,,,,,,,,,
5661,2755,1,28,4,19440,,,-3,,,,,,,,,,,,,,
5662,2756,1,3,6,19440,,,-3,,,,,,,,,,,,,,
5663,2756,1,86,4,19440,,,-3,,,,,,,,,,,,,,
5664,2756,1,215,8,19440,,,-3,,,,,,,,,,,,,,
5665,2756,1,319,6,19440,,,-3,,,,,,,,,,,,,,
5666,2756,1,123,4,19440,,,-3,,,,,,,,,,,,,,
5667,2757,1,27,6,19440,,,-3,,,,,,,,,,,,,,
5668,2758,1,29,2,19440,,,-3,,,,,,,,,,,,,,
5669,2759,1,118,10,19440,,,-3,,,,,,,,,,,,,,
5670,2759,1,12,11,19440,,,-3,,,,,,,,,,,,,,
5671,2759,1,488,7,19440,,,-3,,,,,,,,,,,,,,
5672,2759,1,13,12,19440,,,-3,,,,,,,,,,,,,,
5673,2760,1,10,8,19440,,,-3,,,,,,,,,,,,,,
5674,2760,1,40,1,19440,,,-3,,,,,,,,,,,,,,
5675,2761,1,2,4,19500,,,-3,,,,,,,,,,,,,,
5676,2761,1,0,11,19500,,,-3,,,,,,,,,,,,,,
5677,2761,1,44,6,19500,,,-3,,,,,,,,,,,,,,
5678,2761,1,28,8,19500,,,-3,,,,,,,,,,,,,,
5679,2761,1,30,2,19500,,,-3,,,,,,,,,,,,,,
5680,2762,1,19,3,19500,,,-3,,,,,,,,,,,,,,
5681,2762,1,282,5,19500,,,-3,,,,,,,,,,,,,,
5682,2762,1,41,5,19500,,,-3,,,,,,,,,,,,,,
5683,2762,1,97,9,19500,,,-3,,,,,,,,,,,,,,
5684,2763,1,4,12,19500,,,-3,,,,,,,,,,,,,,
5685,2763,1,183,6,19500,,,-3,,,,,,,,,,,,,,
5686,2763,1,8,11,19500,,,-3,,,,,,,,,,,,,,
5687,2763,1,364,6,19500,,,-3,,,,,,,,,,,,,,
5688,2763,1,26,6,19500,,,-3,,,,,,,,,,,,,,
5689,2763,1,191,9,19500,,,-3,,,,,,,,,,,,,,
5690,2764,1,16,2,19500,,,-3,,,,,,,,,,,,,,
5691,2764,1,11,5,19500,,,-3,,,,,,,,,,,,,,
5692,2764,1,103,8,19500,,,-3,,,,,,,,,,,,,,
5693,2764,1,4,9,19500,,,-3,,,,,,,,,,,,,,
5694,2764,1,0,10,19500,,,-3,,,,,,,,,,,,,,
5695,2765,1,439,10,19500,,,-3,,,,,,,,,,,,,,
5696,2766,1,4,8,19500,,,-3,,,,,,,,,,,,,,
5697,2767,1,0,12,19500,,,-3,,,,,,,,,,,,,,
5698,2767,1,305,4,19500,,,-3,,,,,,,,,,,,,,
5699,2768,1,16,9,19500,,,-3,,,,,,,,,,,,,,
5700,2769,1,433,6,19500,,,-3,,,,,,,,,,,,,,
5701,2770,1,434,9,19500,,,-3,,,,,,,,,,,,,,
5702,2771,1,38,8,19560,,,-3,,,,,,,,,,,,,,
5703,2772,1,10,8,19560,,,-3,,,,,,,,,,,,,,
5704,2772,1,397,7,19560,,,-3,,,,,,,,,,,,,,
5705,2773,1,4,7,19560,,,-3,,,,,,,,,,,,,,
5706,2774,1,6,8,19560,,,-3,,,,,,,,,,,,,,
5707,2775,1,29,5,19560,,,-3,,,,,,,,,,,,,,
5708,2775,1,10,5,19560,,,-3,,,,,,,,,,,,,,
5709,2776,1,278,4,19560,,,-3,,,,,,,,,,,,,,
5710,2777,1,7,5,19560,,,-3,,,,,,,,,,,,,,
5711,2777,1,9,6,19560,,,-3,,,,,,,,,,,,,,
5712,2778,1,166,2,19560,,,-3,,,,,,,,,,,,,,
5713,2778,1,23,2,19560,,,-3,,,,,,,,,,,,,,
5714,2778,1,128,10,19560,,,-3,,,,,,,,,,,,,,
5715,2779,1,75,6,19560,,,-3,,,,,,,,,,,,,,
5716,2779,1,42,3,19560,,,-3,,,,,,,,,,,,,,
5717,2779,1,1,7,19560,,,-3,,,,,,,,,,,,,,
5718,2779,1,198,6,19560,,,-3,,,,,,,,,,,,,,
5719,2779,1,29,9,19560,,,-3,,,,,,,,,,,,,,
5720,2780,1,20,1,19560,,,-3,,,,,,,,,,,,,,
5721,2781,1,117,11,19560,,,-3,,,,,,,,,,,,,,
5722,2781,1,234,6,19560,,,-3,,,,,,,,,,,,,,
5723,2781,1,427,8,19560,,,-3,,,,,,,,,,,,,,
5724,2782,1,11,12,19560,,,-3,,,,,,,,,,,,,,
5725,2783,1,42,12,19560,,,-3,,,,,,,,,,,,,,
5726,2784,1,489,4,19620,,,-3,,,,,,,,,,,,,,
5727,2784,1,370,10,19620,,,-3,,,,,,,,,,,,,,
5728,2784,1,92,2,19620,,,-3,,,,,,,,,,,,,,
5729,2785,1,141,5,19620,,,-3,,,,,,,,,,,,,,
5730,2785,1,23,8,19620,,,-3,,,,,,,,,,,,,,
5731,2785,1,18,5,19620,,,-3,,,,,,,,,,,,,,
5732,2785,1,264,4,19620,,,-3,,,,,,,,,,,,,,
5733,2785,1,31,10,19620,,,-3,,,,,,,,,,,,,,
5734,2786,1,8,12,19620,,,-3,,,,,,,,,,,,,,
5735,2786,1,218,8,19620,,,-3,,,,,,,,,,,,,,
5736,2786,1,0,6,19620,,,-3,,,,,,,,,,,,,,
5737,2787,1,129,11,19620,,,-3,,,,,,,,,,,,,,
5738,2787,1,23,7,19620,,,-3,,,,,,,,,,,,,,
5739,2787,1,138,5,19620,,,-3,,,,,,,,,,,,,,
5740,2787,1,7,12,19620,,,-3,,,,,,,,,,,,,,
5741,2787,1,10,11,19620,,,-3,,,,,,,,,,,,,,
5742,2788,1,23,2,19620,,,-3,,,,,,,,,,,,,,
5743,2788,1,7,9,19620,,,-3,,,,,,,,,,,,,,
5744,2789,1,82,4,19620,,,-3,,,,,,,,,,,,,,
5745,2789,1,170,6,19620,,,-3,,,,,,,,,,,,,,
5746,2790,1,176,5,19620,,,-3,,,,,,,,,,,,,,
5747,2790,1,260,10,19620,,,-3,,,,,,,,,,,,,,
5748,2790,1,247,4,19620,,,-3,,,,,,,,,,,,,,
5749,2790,1,46,10,19620,,,-3,,,,,,,,,,,,,,
5750,2791,1,14,12,19680,,,-3,,,,,,,,,,,,,,
5751,2792,1,160,10,19680,,,-3,,,,,,,,,,,,,,
5752,2792,1,1,2,19680,,,-3,,,,,,,,,,,,,,
5753,2792,1,111,8,19680,,,-3,,,,,,,,,,,,,,
5754,2792,1,17,12,19680,,,-3,,,,,,,,,,,,,,
5755,2792,1,0,5,19680,,,-3,,,,,,,,,,,,,,
5756,2792,1,328,3,19680,,,-3,,,,,,,,,,,,,,
5757,2792,1,3,2,19680,,,-3,,,,,,,,,,,,,,
5758,2793,1,444,10,19680,,,-3,,,,,,,,,,,,,,
5759,2793,1,424,9,19680,,,-3,,,,,,,,,,,,,,
5760,2794,1,4,4,19680,,,-3,,,,,,,,,,,,,,
5761,2794,1,152,12,19680,,,-3,,,,,,,,,,,,,,
5762,2794,1,5,4,19680,,,-3,,,,,,,,,,,,,,
5763,2794,1,107,6,19680,,,-3,,,,,,,,,,,,,,
5764,2795,1,3,6,19740,,,-3,,,,,,,,,,,,,,
5765,2795,1,24,6,19740,,,-3,,,,,,,,,,,,,,
5766,2795,1,41,12,19740,,,-3,,,,,,,,,,,,,,
5767,2795,1,31,5,19740,,,-3,,,,,,,,,,,,,,
5768,2795,1,0,10,19740,,,-3,,,,,,,,,,,,,,
5769,2796,1,126,10,19740,,,-3,,,,,,,,,,,,,,
5770,2796,1,1,4,19740,,,-3,,,,,,,,,,,,,,
5771,2796,1,35,8,19740,,,-3,,,,,,,,,,,,,,
5772,2796,1,442,10,19740,,,-3,,,,,,,,,,,,,,
5773,2797,1,5,8,19740,,,-3,,,,,,,,,,,,,,
5774,2797,1,60,12,19740,,,-3,,,,,,,,,,,,,,
5775,2797,1,180,8,19740,,,-3,,,,,,,,,,,,,,
5776,2797,1,30,4,19740,,,-3,,,,,,,,,,,,,,
5777,2798,1,8,4,19740,,,-3,,,,,,,,,,,,,,
5778,2798,1,0,4,19740,,,-3,,,,,,,,,,,,,,
5779,2799,1,134,8,19740,,,-3,,,,,,,,,,,,,,
5780,2800,1,112,4,19740,,,-3,,,,,,,,,,,,,,
5781,2800,1,168,3,19740,,,-3,,,,,,,,,,,,,,
5782,2800,1,66,4,19740,,,-3,,,,,,,,,,,,,,
5783,2800,1,14,10,19740,,,-3,,,,,,,,,,,,,,
5784,2801,1,13,10,19740,,,-3,,,,,,,,,,,,,,
5785,2802,1,106,6,19740,,,-3,,,,,,,,,,,,,,
5786,2802,1,11,2,19740,,,-3,,,,,,,,,,,,,,
5787,2802,1,103,6,19740,,,-3,,,,,,,,,,,,,,
5788,2802,1,16,12,19740,,,-3,,,,,,,,,,,,,,
5789,2802,1,141,5,19740,,,-3,,,,,,,,,,,,,,
5790,2803,1,33,8,19800,,,-3,,,,,,,,,,,,,,
5791,2803,1,7,4,19800,,,-3,,,,,,,,,,,,,,
5792,2803,1,9,6,19800,,,-3,,,,,,,,,,,,,,
5793,2804,1,96,10,19800,,,-3,,,,,,,,,,,,,,
5794,2805,1,53,2,19800,,,-3,,,,,,,,,,,,,,
5795,2806,1,426,3,19800,,,-3,,,,,,,,,,,,,,
5796,2807,1,2,6,19800,,,-3,,,,,,,,,,,,,,
5797,2807,1,88,4,19800,,,-3,,,,,,,,,,,,,,
5798,2808,1,1,2,19800,,,-3,,,,,,,,,,,,,,
5799,2808,1,130,10,19800,,,-3,,,,,,,,,,,,,,
5800,2808,1,121,8,19800,,,-3,,,,,,,,,,,,,,
5801,2809,1,78,7,19860,,,-3,,,,,,,,,,,,,,
5802,2809,1,95,5,19860,,,-3,,,,,,,,,,,,,,
5803,2810,1,32,8,19860,,,-3,,,,,,,,,,,,,,
5804,2811,1,117,6,19860,,,-3,,,,,,,,,,,,,,
5805,2812,1,92,3,19860,,,-3,,,,,,,,,,,,,,
5806,2813,1,347,4,19860,,,-3,,,,,,,,,,,,,,
5807,2814,1,489,9,19860,,,-3,,,,,,,,,,,,,,
5808,2815,1,35,10,19860,,,-3,,,,,,,,,,,,,,
5809,2816,1,316,12,19920,,,-3,,,,,,,,,,,,,,
5810,2817,1,198,8,19920,,,-3,,,,,,,,,,,,,,
5811,2818,1,4,10,19920,,,-3,,,,,,,,,,,,,,
5812,2818,1,70,7,19920,,,-3,,,,,,,,,,,,,,
5813,2819,1,6,10,19920,,,-3,,,,,,,,,,,,,,
5814,2820,1,19,12,19920,,,-3,,,,,,,,,,,,,,
5815,2821,1,0,8,19920,,,-3,,,,,,,,,,,,,,
5816,2821,1,248,10,19920,,,-3,,,,,,,,,,,,,,
5817,2822,1,0,3,19920,,,-3,,,,,,,,,,,,,,
5818,2823,1,253,8,19920,,,-3,,,,,,,,,,,,,,
5819,2824,1,20,7,19920,,,-3,,,,,,,,,,,,,,
5820,2825,1,408,5,19920,,,-3,,,,,,,,,,,,,,
5821,2826,1,112,10,19980,,,-3,,,,,,,,,,,,,,
5822,2826,1,29,8,19980,,,-3,,,,,,,,,,,,,,
5823,2827,1,476,12,19980,,,-3,,,,,,,,,,,,,,
5824,2827,1,24,9,19980,,,-3,,,,,,,,,,,,,,
5825,2828,1,15,4,19980,,,-3,,,,,,,,,,,,,,
5826,2829,1,109,8,19980,,,-3,,,,,,,,,,,,,,
5827,2830,1,147,7,19980,,,-3,,,,,,,,,,,,,,
5828,2831,1,174,7,19980,,,-3,,,,,,,,,,,,,,
5829,2832,1,28,10,19980,,,-3,,,,,,,,,,,,,,
5830,2832,1,156,5,19980,,,-3,,,,,,,,,,,,,,
5831,2833,1,2,8,20040,,,-3,,,,,,,,,,,,,,
5832,2834,1,8,7,20040,,,-3,,,,,,,,,,,,,,
5833,2834,1,1,7,20040,,,-3,,,,,,,,,,,,,,
5834,2834,1,483,6,20040,,,-3,,,,,,,,,,,,,,
5835,2835,1,23,10,20040,,,-3,,,,,,,,,,,,,,
5836,2836,1,437,8,20040,,,-3,,,,,,,,,,,,,,
5837,2837,1,69,11,20040,,,-3,,,,,,,,,,,,,,
5838,2837,1,167,8,20040,,,-3,,,,,,,,,,,,,,
5839,2837,1,44,6,20040,,,-3,,,,,,,,,,,,,,
5840,2838,1,182,9,20040,,,-3,,,,,,,,,,,,,,
5841,2838,1,5,10,20040,,,-3,,,,,,,,,,,,,,
5842,2838,1,174,2,20040,,,-3,,,,,,,,,,,,,,
5843,2838,1,34,3,20040,,,-3,,,,,,,,,,,,,,
5844,2838,1,101,8,20040,,,-3,,,,,,,,,,,,,,
5845,2838,1,22,9,20040,,,-3,,,,,,,,,,,,,,
5846,2838,1,28,4,20040,,,-3,,,,,,,,,,,,,,
5847,2838,1,73,4,20040,,,-3,,,,,,,,,,,,,,
5848,2839,1,178,2,20100,,,-3,,,,,,,,,,,,,,
5849,2839,1,13,6,20100,,,-3,,,,,,,,,,,,,,
5850,2839,1,22,12,20100,,,-3,,,,,,,,,,,,,,
5851,2839,1,35,2,20100,,,-3,,,,,,,,,,,,,,
5852,2840,1,42,4,20100,,,-3,,,,,,,,,,,,,,
5853,2841,1,40,2,20100,,,-3,,,,,,,,,,,,,,
5854,2842,1,33,11,20100,,,-3,,,,,,,,,,,,,,
5855,2843,1,113,8,20100,,,-3,,,,,,,,,,,,,,
5856,2843,1,178,9,20100,,,-3,,,,,,,,,,,,,,
5857,2843,1,141,7,20100,,,-3,,,,,,,,,,,,,,
5858,2843,1,95,8,20100,,,-3,,,,,,,,,,,,,,
5859,2844,1,327,2,20100,,,-3,,,,,,,,,,,,,,
5860,2844,1,0,11,20100,,,-3,,,,,,,,,,,,,,
5861,2845,1,268,2,20100,,,-3,,,,,,,,,,,,,,
5862,2846,1,48,6,20100,,,-3,,,,,,,,,,,,,,
5863,2847,1,24,4,20100,,,-3,,,,,,,,,,,,,,
5864,2847,1,41,1,20100,,,-3,,,,,,,,,,,,,,
5865,2847,1,15,4,20100,,,-3,,,,,,,,,,,,,,
5866,2848,1,13,3,20100,,,-3,,,,,,,,,,,,,,
5867,2848,1,350,6,20100,,,-3,,,,,,,,,,,,,,
5868,2849,1,238,4,20100,,,-3,,,,,,,,,,,,,,
5869,2849,1,145,2,20100,,,-3,,,,,,,,,,,,,,
5870,2850,1,10,2,20100,,,-3,,,,,,,,,,,,,,
5871,2850,1,446,8,20100,,,-3,,,,,,,,,,,,,,
5872,2850,1,9,2,20100,,,-3,,,,,,,,,,,,,,
5873,2851,1,68,10,20160,,,-3,,,,,,,,,,,,,,
5874,2852,1,26,12,20160,,,-3,,,,,,,,,,,,,,
5875,2852,1,13,6,20160,,,-3,,,,,,,,,,,,,,
5876,2853,1,371,6,20160,,,-3,,,,,,,,,,,,,,
5877,2853,1,477,4,20160,,,-3,,,,,,,,,,,,,,
5878,2854,1,254,6,20160,,,-3,,,,,,,,,,,,,,
5879,2854,1,5,6,20160,,,-3,,,,,,,,,,,,,,
5880,2854,1,146,4,20160,,,-3,,,,,,,,,,,,,,
5881,2854,1,68,4,20160,,,-3,,,,,,,,,,,,,,
5882,2854,1,362,10,20160,,,-3,,,,,,,,,,,,,,
5883,2854,1,229,7,20160,,,-3,,,,,,,,,,,,,,
5884,2854,1,200,4,20160,,,-3,,,,,,,,,,,,,,
5885,2854,1,4,2,20160,,,-3,,,,,,,,,,,,,,
5886,2855,1,75,9,20160,,,-3,,,,,,,,,,,,,,
5887,2856,1,164,6,20160,,,-3,,,,,,,,,,,,,,
5888,2856,1,16,6,20160,,,-3,,,,,,,,,,,,,,
5889,2857,1,31,12,20160,,,-3,,,,,,,,,,,,,,
5890,2857,1,251,4,20160,,,-3,,,,,,,,,,,,,,
5891,2858,1,162,4,20160,,,-3,,,,,,,,,,,,,,
5892,2858,1,8,4,20160,,,-3,,,,,,,,,,,,,,
5893,2858,1,15,6,20160,,,-3,,,,,,,,,,,,,,
5894,2858,1,229,9,20160,,,-3,,,,,,,,,,,,,,
5895,2859,1,112,8,20160,,,-3,,,,,,,,,,,,,,
5896,2859,1,12,10,20160,,,-3,,,,,,,,,,,,,,
5897,2859,1,2,10,20160,,,-3,,,,,,,,,,,,,,
5898,2859,1,133,12,20160,,,-3,,,,,,,,,,,,,,
5899,2859,1,96,9,20160,,,-3,,,,,,,,,,,,,,
5900,2859,1,6,10,20160,,,-3,,,,,,,,,,,,,,
5901,2859,1,0,12,20160,,,-3,,,,,,,,,,,,,,
5902,2860,1,184,6,20160,,,-3,,,,,,,,,,,,,,
5903,2861,1,6,5,20160,,,-3,,,,,,,,,,,,,,
5904,2861,1,12,6,20160,,,-3,,,,,,,,,,,,,,
5905,2861,1,120,8,20160,,,-3,,,,,,,,,,,,,,
5906,2862,1,152,4,20160,,,-3,,,,,,,,,,,,,,
5907,2862,1,148,7,20160,,,-3,,,,,,,,,,,,,,
5908,2863,1,46,8,20160,,,-3,,,,,,,,,,,,,,
5909,2863,1,48,5,20160,,,-3,,,,,,,,,,,,,,
5910,2864,1,173,8,20220,,,-3,,,,,,,,,,,,,,
5911,2864,1,18,8,20220,,,-3,,,,,,,,,,,,,,
5912,2865,1,19,8,20220,,,-3,,,,,,,,,,,,,,
5913,2866,1,26,8,20220,,,-3,,,,,,,,,,,,,,
5914,2867,1,177,6,20220,,,-3,,,,,,,,,,,,,,
5915,2867,1,192,6,20220,,,-3,,,,,,,,,,,,,,
5916,2868,1,261,9,20220,,,-3,,,,,,,,,,,,,,
5917,2869,1,159,10,20220,,,-3,,,,,,,,,,,,,,
5918,2870,1,104,8,20220,,,-3,,,,,,,,,,,,,,
5919,2871,1,172,11,20220,,,-3,,,,,,,,,,,,,,
5920,2872,1,196,6,20280,,,-3,,,,,,,,,,,,,,
5921,2872,1,102,7,20280,,,-3,,,,,,,,,,,,,,
5922,2872,1,237,8,20280,,,-3,,,,,,,,,,,,,,
5923,2873,1,245,5,20280,,,-3,,,,,,,,,,,,,,
5924,2873,1,17,9,20280,,,-3,,,,,,,,,,,,,,
5925,2873,1,392,4,20280,,,-3,,,,,,,,,,,,,,
5926,2874,1,28,8,20280,,,-3,,,,,,,,,,,,,,
5927,2875,1,33,7,20280,,,-3,,,,,,,,,,,,,,
5928,2875,1,246,4,20280,,,-3,,,,,,,,,,,,,,
5929,2875,1,6,6,20280,,,-3,,,,,,,,,,,,,,
5930,2876,1,143,8,20280,,,-3,,,,,,,,,,,,,,
5931,2876,1,71,2,20280,,,-3,,,,,,,,,,,,,,
5932,2877,1,0,10,20280,,,-3,,,,,,,,,,,,,,
5933,2877,1,6,2,20280,,,-3,,,,,,,,,,,,,,
5934,2878,1,455,8,20280,,,-3,,,,,,,,,,,,,,
5935,2878,1,26,8,20280,,,-3,,,,,,,,,,,,,,
5936,2878,1,12,6,20280,,,-3,,,,,,,,,,,,,,
5937,2879,1,294,9,20280,,,-3,,,,,,,,,,,,,,
5938,2880,1,351,8,20280,,,-3,,,,,,,,,,,,,,
5939,2880,1,378,11,20280,,,-3,,,,,,,,,,,,,,
5940,2880,1,276,8,20280,,,-3,,,,,,,,,,,,,,
5941,2880,1,39,8,20280,,,-3,,,,,,,,,,,,,,
5942,2880,1,83,5,20280,,,-3,,,,,,,,,,,,,,
5943,2880,1,203,6,20280,,,-3,,,,,,,,,,,,,,
5944,2881,1,7,5,20280,,,-3,,,,,,,,,,,,,,
5945,2881,1,236,7,20280,,,-3,,,,,,,,,,,,,,
5946,2881,1,98,10,20280,,,-3,,,,,,,,,,,,,,
5947,2881,1,226,11,20280,,,-3,,,,,,,,,,,,,,
5948,2882,1,152,4,20280,,,-3,,,,,,,,,,,,,,
5949,2883,1,6,5,20280,,,-3,,,,,,,,,,,,,,
5950,2883,1,208,3,20280,,,-3,,,,,,,,,,,,,,
5951,2884,1,178,2,20280,,,-3,,,,,,,,,,,,,,
5952,2885,1,5,6,20340,,,-3,,,,,,,,,,,,,,
5953,2885,1,0,9,20340,,,-3,,,,,,,,,,,,,,
5954,2885,1,6,8,20340,,,-3,,,,,,,,,,,,,,
5955,2885,1,108,9,20340,,,-3,,,,,,,,,,,,,,
5956,2886,1,17,6,20340,,,-3,,,,,,,,,,,,,,
5957,2887,1,112,9,20340,,,-3,,,,,,,,,,,,,,
5958,2887,1,398,8,20340,,,-3,,,,,,,,,,,,,,
5959,2888,1,18,10,20340,,,-3,,,,,,,,,,,,,,
5960,2889,1,3,10,20400,,,-3,,,,,,,,,,,,,,
5961,2890,1,6,8,20400,,,-3,,,,,,,,,,,,,,
5962,2890,1,10,4,20400,,,-3,,,,,,,,,,,,,,
5963,2890,1,395,10,20400,,,-3,,,,,,,,,,,,,,
5964,2891,1,183,6,20400,,,-3,,,,,,,,,,,,,,
5965,2891,1,386,8,20400,,,-3,,,,,,,,,,,,,,
5966,2891,1,132,7,20400,,,-3,,,,,,,,,,,,,,
5967,2891,1,24,4,20400,,,-3,,,,,,,,,,,,,,
5968,2892,1,40,11,20400,,,-3,,,,,,,,,,,,,,
5969,2893,1,23,8,20400,,,-3,,,,,,,,,,,,,,
5970,2894,1,294,6,20400,,,-3,,,,,,,,,,,,,,
5971,2895,1,12,6,20400,,,-3,,,,,,,,,,,,,,
5972,2895,1,428,7,20400,,,-3,,,,,,,,,,,,,,
5973,2895,1,193,11,20400,,,-3,,,,,,,,,,,,,,
5974,2895,1,116,5,20400,,,-3,,,,,,,,,,,,,,
5975,2896,1,225,7,20400,,,-3,,,,,,,,,,,,,,
5976,2897,1,161,6,20400,,,-3,,,,,,,,,,,,,,
5977,2898,1,243,1,20400,,,-3,,,,,,,,,,,,,,
5978,2899,1,81,9,20400,,,-3,,,,,,,,,,,,,,
5979,2899,1,76,8,20400,,,-3,,,,,,,,,,,,,,
5980,2899,1,9,5,20400,,,-3,,,,,,,,,,,,,,
5981,2899,1,6,6,20400,,,-3,,,,,,,,,,,,,,
5982,2899,1,432,7,20400,,,-3,,,,,,,,,,,,,,
5983,2899,1,134,7,20400,,,-3,,,,,,,,,,,,,,
5984,2899,1,11,4,20400,,,-3,,,,,,,,,,,,,,
5985,2900,1,4,4,20460,,,-3,,,,,,,,,,,,,,
5986,2901,1,90,1,20460,,,-3,,,,,,,,,,,,,,
5987,2901,1,36,9,20460,,,-3,,,,,,,,,,,,,,
5988,2901,1,3,8,20460,,,-3,,,,,,,,,,,,,,
5989,2901,1,6,6,20460,,,-3,,,,,,,,,,,,,,
5990,2902,1,148,7,20460,,,-3,,,,,,,,,,,,,,
5991,2902,1,195,4,20460,,,-3,,,,,,,,,,,,,,
5992,2903,1,377,2,20460,,,-3,,,,,,,,,,,,,,
5993,2904,1,34,6,20460,,,-3,,,,,,,,,,,,,,
5994,2905,1,263,8,20460,,,-3,,,,,,,,,,,,,,
5995,2905,1,119,8,20460,,,-3,,,,,,,,,,,,,,
5996,2906,1,21,6,20460,,,-3,,,,,,,,,,,,,,
5997,2907,1,8,6,20460,,,-3,,,,,,,,,,,,,,
5998,2908,1,270,8,20460,,,-3,,,,,,,,,,,,,,
5999,2908,1,28,6,20460,,,-3,,,,,,,,,,,,,,
6000,2908,1,0,4,20460,,,-3,,,,,,,,,,,,,,
6001,2909,1,172,5,20520,,,-3,,,,,,,,,,,,,,
6002,2910,1,28,5,20520,,,-3,,,,,,,,,,,,,,
6003,2911,1,0,5,20520,,,-3,,,,,,,,,,,,,,
6004,2911,1,61,10,20520,,,-3,,,,,,,,,,,,,,
6005,2912,1,26,12,20520,,,-3,,,,,,,,,,,,,,
6006,2912,1,159,5,20520,,,-3,,,,,,,,,,,,,,
6007,2912,1,205,11,20520,,,-3,,,,,,,,,,,,,,
6008,2912,1,47,10,20520,,,-3,,,,,,,,,,,,,,
6009,2913,1,1,6,20580,,,-3,,,,,,,,,,,,,,
6010,2913,1,10,3,20580,,,-3,,,,,,,,,,,,,,
6011,2913,1,180,2,20580,,,-3,,,,,,,,,,,,,,
6012,2913,1,408,7,20580,,,-3,,,,,,,,,,,,,,
6013,2913,1,20,10,20580,,,-3,,,,,,,,,,,,,,
6014,2914,1,140,5,20580,,,-3,,,,,,,,,,,,,,
6015,2915,1,57,9,20580,,,-3,,,,,,,,,,,,,,
6016,2916,1,194,6,20580,,,-3,,,,,,,,,,,,,,
6017,2916,1,16,5,20580,,,-3,,,,,,,,,,,,,,
6018,2917,1,454,8,20580,,,-3,,,,,,,,,,,,,,
6019,2917,1,24,7,20580,,,-3,,,,,,,,,,,,,,
6020,2918,1,293,4,20580,,,-3,,,,,,,,,,,,,,
6021,2918,1,289,9,20580,,,-3,,,,,,,,,,,,,,
6022,2918,1,380,4,20580,,,-3,,,,,,,,,,,,,,
6023,2918,1,25,8,20580,,,-3,,,,,,,,,,,,,,
6024,2918,1,39,9,20580,,,-3,,,,,,,,,,,,,,
6025,2919,1,188,5,20580,,,-3,,,,,,,,,,,,,,
6026,2919,1,424,12,20580,,,-3,,,,,,,,,,,,,,
6027,2919,1,4,4,20580,,,-3,,,,,,,,,,,,,,
6028,2919,1,49,11,20580,,,-3,,,,,,,,,,,,,,
6029,2919,1,86,6,20580,,,-3,,,,,,,,,,,,,,
6030,2919,1,9,6,20580,,,-3,,,,,,,,,,,,,,
6031,2919,1,0,8,20580,,,-3,,,,,,,,,,,,,,
6032,2919,1,2,6,20580,,,-3,,,,,,,,,,,,,,
6033,2920,1,323,7,20580,,,-3,,,,,,,,,,,,,,
6034,2921,1,7,4,20580,,,-3,,,,,,,,,,,,,,
6035,2922,1,84,4,20640,,,-3,,,,,,,,,,,,,,
6036,2922,1,407,8,20640,,,-3,,,,,,,,,,,,,,
6037,2922,1,212,10,20640,,,-3,,,,,,,,,,,,,,
6038,2923,1,29,7,20640,,,-3,,,,,,,,,,,,,,
6039,2923,1,236,2,20640,,,-3,,,,,,,,,,,,,,
6040,2924,1,291,2,20640,,,-3,,,,,,,,,,,,,,
6041,2925,1,62,8,20640,,,-3,,,,,,,,,,,,,,
6042,2926,1,0,8,20640,,,-3,,,,,,,,,,,,,,
6043,2926,1,302,8,20640,,,-3,,,,,,,,,,,,,,
6044,2927,1,60,9,20640,,,-3,,,,,,,,,,,,,,
6045,2928,1,345,5,20700,,,-3,,,,,,,,,,,,,,
6046,2929,1,200,8,20700,,,-3,,,,,,,,,,,,,,
6047,2929,1,32,6,20700,,,-3,,,,,,,,,,,,,,
6048,2929,1,13,3,20700,,,-3,,,,,,,,,,,,,,
6049,2930,1,3,2,20700,,,-3,,,,,,,,,,,,,,
6050,2931,1,408,10,20700,,,-3,,,,,,,,,,,,,,
6051,2931,1,26,10,20700,,,-3,,,,,,,,,,,,,,
6052,2931,1,20,3,20700,,,-3,,,,,,,,,,,,,,
6053,2931,1,27,8,20700,,,-3,,,,,,,,,,,,,,
6054,2931,1,272,2,20700,,,-3,,,,,,,,,,,,,,
6055,2932,1,10,2,20700,,,-3,,,,,,,,,,,,,,
6056,2932,1,45,2,20700,,,-3,,,,,,,,,,,,,,
6057,2932,1,141,5,20700,,,-3,,,,,,,,,,,,,,
6058,2932,1,78,9,20700,,,-3,,,,,,,,,,,,,,
6059,2932,1,223,6,20700,,,-3,,,,,,,,,,,,,,
6060,2933,1,434,10,20700,,,-3,,,,,,,,,,,,,,
6061,2933,1,120,7,20700,,,-3,,,,,,,,,,,,,,
6062,2933,1,77,11,20700,,,-3,,,,,,,,,,,,,,
6063,2934,1,42,2,20700,,,-3,,,,,,,,,,,,,,
6064,2935,1,2,4,20700,,,-3,,,,,,,,,,,,,,
6065,2935,1,1,6,20700,,,-3,,,,,,,,,,,,,,
6066,2936,1,455,4,20700,,,-3,,,,,,,,,,,,,,
6067,2937,1,6,8,20760,,,-3,,,,,,,,,,,,,,
6068,2938,1,1,7,20760,,,-3,,,,,,,,,,,,,,
6069,2938,1,188,7,20760,,,-3,,,,,,,,,,,,,,
6070,2938,1,18,2,20760,,,-3,,,,,,,,,,,,,,
6071,2939,1,3,4,20760,,,-3,,,,,,,,,,,,,,
6072,2940,1,349,7,20760,,,-3,,,,,,,,,,,,,,
6073,2940,1,19,12,20760,,,-3,,,,,,,,,,,,,,
6074,2940,1,5,10,20760,,,-3,,,,,,,,,,,,,,
6075,2940,1,4,10,20760,,,-3,,,,,,,,,,,,,,
6076,2940,1,166,9,20760,,,-3,,,,,,,,,,,,,,
6077,2940,1,80,4,20760,,,-3,,,,,,,,,,,,,,
6078,2940,1,47,9,20760,,,-3,,,,,,,,,,,,,,
6079,2940,1,14,10,20760,,,-3,,,,,,,,,,,,,,
6080,2940,1,46,2,20760,,,-3,,,,,,,,,,,,,,
6081,2941,1,22,4,20760,,,-3,,,,,,,,,,,,,,
6082,2941,1,44,9,20760,,,-3,,,,,,,,,,,,,,
6083,2942,1,20,6,20820,,,-3,,,,,,,,,,,,,,
6084,2942,1,6,8,20820,,,-3,,,,,,,,,,,,,,
6085,2942,1,23,7,20820,,,-3,,,,,,,,,,,,,,
6086,2943,1,191,10,20820,,,-3,,,,,,,,,,,,,,
6087,2944,1,185,9,20820,,,-3,,,,,,,,,,,,,,
6088,2945,1,14,12,20820,,,-3,,,,,,,,,,,,,,
6089,2946,1,45,9,20820,,,-3,,,,,,,,,,,,,,
6090,2947,1,151,3,20820,,,-3,,,,,,,,,,,,,,
6091,2948,1,5,7,20820,,,-3,,,,,,,,,,,,,,
6092,2948,1,91,6,20820,,,-3,,,,,,,,,,,,,,
6093,2948,1,14,1,20820,,,-3,,,,,,,,,,,,,,
6094,2948,1,478,1,20820,,,-3,,,,,,,,,,,,,,
6095,2949,1,136,7,20820,,,-3,,,,,,,,,,,,,,
6096,2950,1,97,12,20820,,,-3,,,,,,,,,,,,,,
6097,2951,1,196,8,20820,,,-3,,,,,,,,,,,,,,
6098,2952,1,113,8,20820,,,-3,,,,,,,,,,,,,,
6099,2952,1,32,10,20820,,,-3,,,,,,,,,,,,,,
6100,2952,1,152,6,20820,,,-3,,,,,,,,,,,,,,
6101,2953,1,15,6,20880,,,-3,,,,,,,,,,,,,,
6102,2953,1,344,10,20880,,,-3,,,,,,,,,,,,,,
6103,2953,1,23,6,20880,,,-3,,,,,,,,,,,,,,
6104,2953,1,17,8,20880,,,-3,,,,,,,,,,,,,,
6105,2953,1,14,7,20880,,,-3,,,,,,,,,,,,,,
6106,2953,1,186,4,20880,,,-3,,,,,,,,,,,,,,
6107,2953,1,32,9,20880,,,-3,,,,,,,,,,,,,,
6108,2954,1,266,6,20880,,,-3,,,,,,,,,,,,,,
6109,2955,1,348,1,20880,,,-3,,,,,,,,,,,,,,
6110,2956,1,285,10,20880,,,-3,,,,,,,,,,,,,,
6111,2957,1,34,8,20880,,,-3,,,,,,,,,,,,,,
6112,2957,1,40,2,20880,,,-3,,,,,,,,,,,,,,
6113,2958,1,3,7,20880,,,-3,,,,,,,,,,,,,,
6114,2959,1,294,4,20880,,,-3,,,,,,,,,,,,,,
6115,2960,1,112,12,20880,,,-3,,,,,,,,,,,,,,
6116,2961,1,305,7,20880,,,-3,,,,,,,,,,,,,,
6117,2962,1,132,6,20880,,,-3,,,,,,,,,,,,,,
6118,2962,1,134,9,20880,,,-3,,,,,,,,,,,,,,
6119,2963,1,1,5,20880,,,-3,,,,,,,,,,,,,,
6120,2964,1,74,8,20940,,,-3,,,,,,,,,,,,,,
6121,2965,1,8,10,20940,,,-3,,,,,,,,,,,,,,
6122,2966,1,13,6,20940,,,-3,,,,,,,,,,,,,,
6123,2967,1,8,11,20940,,,-3,,,,,,,,,,,,,,
6124,2967,1,3,6,20940,,,-3,,,,,,,,,,,,,,
6125,2967,1,40,6,20940,,,-3,,,,,,,,,,,,,,
6126,2967,1,61,10,20940,,,-3,,,,,,,,,,,,,,
6127,2968,1,3,2,21000,,,-3,,,,,,,,,,,,,,
6128,2968,1,16,4,21000,,,-3,,,,,,,,,,,,,,
6129,2969,1,0,12,21000,,,-3,,,,,,,,,,,,,,
6130,2969,1,20,5,21000,,,-3,,,,,,,,,,,,,,
6131,2970,1,5,6,21000,,,-3,,,,,,,,,,,,,,
6132,2970,1,66,7,21000,,,-3,,,,,,,,,,,,,,
6133,2971,1,284,6,21000,,,-3,,,,,,,,,,,,,,
6134,2971,1,241,12,21000,,,-3,,,,,,,,,,,,,,
6135,2971,1,138,3,21000,,,-3,,,,,,,,,,,,,,
6136,2972,1,40,9,21000,,,-3,,,,,,,,,,,,,,
6137,2973,1,27,2,21000,,,-3,,,,,,,,,,,,,,
6138,2973,1,7,10,21000,,,-3,,,,,,,,,,,,,,
6139,2973,1,6,2,21000,,,-3,,,,,,,,,,,,,,
6140,2973,1,15,4,21000,,,-3,,,,,,,,,,,,,,
6141,2974,1,0,6,21000,,,-3,,,,,,,,,,,,,,
6142,2975,1,130,12,21000,,,-3,,,,,,,,,,,,,,
6143,2975,1,5,6,21000,,,-3,,,,,,,,,,,,,,
6144,2975,1,55,12,21000,,,-3,,,,,,,,,,,,,,
6145,2976,1,47,4,21000,,,-3,,,,,,,,,,,,,,
6146,2976,1,133,11,21000,,,-3,,,,,,,,,,,,,,
6147,2977,1,6,12,21000,,,-3,,,,,,,,,,,,,,
6148,2977,1,282,8,21000,,,-3,,,,,,,,,,,,,,
6149,2977,1,13,12,21000,,,-3,,,,,,,,,,,,,,
6150,2978,1,48,7,21060,,,-3,,,,,,,,,,,,,,
6151,2978,1,78,6,21060,,,-3,,,,,,,,,,,,,,
6152,2979,1,282,4,21060,,,-3,,,,,,,,,,,,,,
6153,2980,1,88,5,21060,,,-3,,,,,,,,,,,,,,
6154,2981,1,26,7,21060,,,-3,,,,,,,,,,,,,,
6155,2982,1,460,2,21060,,,-3,,,,,,,,,,,,,,
6156,2983,1,0,8,21060,,,-3,,,,,,,,,,,,,,
6157,2983,1,365,10,21060,,,-3,,,,,,,,,,,,,,
6158,2983,1,29,4,21060,,,-3,,,,,,,,,,,,,,
6159,2983,1,122,8,21060,,,-3,,,,,,,,,,,,,,
6160,2984,1,2,7,21120,,,-3,,,,,,,,,,,,,,
6161,2984,1,84,6,21120,,,-3,,,,,,,,,,,,,,
6162,2984,1,404,10,21120,,,-3,,,,,,,,,,,,,,
6163,2984,1,226,8,21120,,,-3,,,,,,,,,,,,,,
6164,2984,1,60,6,21120,,,-3,,,,,,,,,,,,,,
6165,2985,1,72,11,21120,,,-3,,,,,,,,,,,,,,
6166,2985,1,2,10,21120,,,-3,,,,,,,,,,,,,,
6167,2986,1,281,6,21120,,,-3,,,,,,,,,,,,,,
6168,2987,1,59,1,21120,,,-3,,,,,,,,,,,,,,
6169,2987,1,85,2,21120,,,-3,,,,,,,,,,,,,,
6170,2988,1,14,7,21120,,,-3,,,,,,,,,,,,,,
6171,2988,1,5,10,21120,,,-3,,,,,,,,,,,,,,
6172,2989,1,52,2,21120,,,-3,,,,,,,,,,,,,,
6173,2989,1,45,8,21120,,,-3,,,,,,,,,,,,,,
6174,2990,1,96,2,21120,,,-3,,,,,,,,,,,,,,
6175,2990,1,21,7,21120,,,-3,,,,,,,,,,,,,,
6176,2990,1,52,7,21120,,,-3,,,,,,,,,,,,,,
6177,2990,1,334,4,21120,,,-3,,,,,,,,,,,,,,
6178,2991,1,29,6,21120,,,-3,,,,,,,,,,,,,,
6179,2991,1,387,6,21120,,,-3,,,,,,,,,,,,,,
6180,2992,1,13,10,21120,,,-3,,,,,,,,,,,,,,
6181,2993,1,20,6,21120,,,-3,,,,,,,,,,,,,,
6182,2994,1,10,8,21120,,,-3,,,,,,,,,,,,,,
6183,2995,1,394,10,21180,,,-3,,,,,,,,,,,,,,
6184,2996,1,390,3,21180,,,-3,,,,,,,,,,,,,,
6185,2996,1,80,6,21180,,,-3,,,,,,,,,,,,,,
6186,2996,1,112,4,21180,,,-3,,,,,,,,,,,,,,
6187,2997,1,33,8,21180,,,-3,,,,,,,,,,,,,,
6188,2998,1,3,6,21180,,,-3,,,,,,,,,,,,,,
6189,2998,1,10,6,21180,,,-3,,,,,,,,,,,,,,
6190,2999,1,48,10,21180,,,-3,,,,,,,,,,,,,,
6191,2999,1,448,8,21180,,,-3,,,,,,,,,,,,,,
6192,3000,1,101,12,21240,,,-3,,,,,,,,,,,,,,
6193,3001,1,187,8,21240,,,-3,,,,,,,,,,,,,,
6194,3002,1,164,4,21240,,,-3,,,,,,,,,,,,,,
6195,3002,1,41,6,21240,,,-3,,,,,,,,,,,,,,
6196,3002,1,462,4,21240,,,-3,,,,,,,,,,,,,,
6197,3002,1,20,11,21240,,,-3,,,,,,,,,,,,,,
6198,3003,1,48,10,21240,,,-3,,,,,,,,,,,,,,
6199,3003,1,29,6,21240,,,-3,,,,,,,,,,,,,,
6200,3003,1,316,5,21240,,,-3,,,,,,,,,,,,,,
6201,3003,1,189,6,21240,,,-3,,,,,,,,,,,,,,
6202,3003,1,47,9,21240,,,-3,,,,,,,,,,,,,,
6203,3004,1,91,2,21240,,,-3,,,,,,,,,,,,,,
6204,3004,1,11,8,21240,,,-3,,,,,,,,,,,,,,
6205,3004,1,10,4,21240,,,-3,,,,,,,,,,,,,,
6206,3004,1,306,8,21240,,,-3,,,,,,,,,,,,,,
6207,3004,1,74,4,21240,,,-3,,,,,,,,,,,,,,
6208,3005,1,89,6,21300,,,-3,,,,,,,,,,,,,,
6209,3006,1,1,8,21360,,,-3,,,,,,,,,,,,,,
6210,3006,1,63,1,21360,,,-3,,,,,,,,,,,,,,
6211,3006,1,260,9,21360,,,-3,,,,,,,,,,,,,,
6212,3007,1,153,5,21360,,,-3,,,,,,,,,,,,,,
6213,3008,1,129,6,21360,,,-3,,,,,,,,,,,,,,
6214,3008,1,41,10,21360,,,-3,,,,,,,,,,,,,,
6215,3008,1,135,4,21360,,,-3,,,,,,,,,,,,,,
6216,3008,1,15,6,21360,,,-3,,,,,,,,,,,,,,
6217,3008,1,21,5,21360,,,-3,,,,,,,,,,,,,,
6218,3009,1,472,9,21360,,,-3,,,,,,,,,,,,,,
6219,3009,1,12,2,21360,,,-3,,,,,,,,,,,,,,
6220,3009,1,9,3,21360,,,-3,,,,,,,,,,,,,,
6221,3010,1,45,9,21360,,,-3,,,,,,,,,,,,,,
6222,3010,1,263,8,21360,,,-3,,,,,,,,,,,,,,
6223,3010,1,46,8,21360,,,-3,,,,,,,,,,,,,,
6224,3010,1,174,10,21360,,,-3,,,,,,,,,,,,,,
6225,3011,1,51,5,21360,,,-3,,,,,,,,,,,,,,
6226,3011,1,80,1,21360,,,-3,,,,,,,,,,,,,,
6227,3011,1,440,6,21360,,,-3,,,,,,,,,,,,,,
6228,3011,1,208,9,21360,,,-3,,,,,,,,,,,,,,
6229,3012,1,342,8,21360,,,-3,,,,,,,,,,,,,,
6230,3012,1,383,6,21360,,,-3,,,,,,,,,,,,,,
6231,3013,1,33,8,21360,,,-3,,,,,,,,,,,,,,
6232,3014,1,92,6,21360,,,-3,,,,,,,,,,,,,,
6233,3014,1,72,5,21360,,,-3,,,,,,,,,,,,,,
6234,3015,1,23,3,21360,,,-3,,,,,,,,,,,,,,
6235,3016,1,29,8,21420,,,-3,,,,,,,,,,,,,,
6236,3016,1,12,12,21420,,,-3,,,,,,,,,,,,,,
6237,3016,1,51,8,21420,,,-3,,,,,,,,,,,,,,
6238,3016,1,3,6,21420,,,-3,,,,,,,,,,,,,,
6239,3016,1,0,4,21420,,,-3,,,,,,,,,,,,,,
6240,3016,1,1,5,21420,,,-3,,,,,,,,,,,,,,
6241,3017,1,476,8,21420,,,-3,,,,,,,,,,,,,,
6242,3017,1,13,4,21420,,,-3,,,,,,,,,,,,,,
6243,3018,1,3,8,21420,,,-3,,,,,,,,,,,,,,
6244,3019,1,0,6,21420,,,-3,,,,,,,,,,,,,,
6245,3020,1,2,7,21420,,,-3,,,,,,,,,,,,,,
6246,3020,1,169,7,21420,,,-3,,,,,,,,,,,,,,
6247,3020,1,3,7,21420,,,-3,,,,,,,,,,,,,,
6248,3020,1,53,7,21420,,,-3,,,,,,,,,,,,,,
6249,3021,1,42,6,21420,,,-3,,,,,,,,,,,,,,
6250,3022,1,0,4,21420,,,-3,,,,,,,,,,,,,,
6251,3023,1,15,10,21420,,,-3,,,,,,,,,,,,,,
6252,3023,1,174,3,21420,,,-3,,,,,,,,,,,,,,
6253,3023,1,25,4,21420,,,-3,,,,,,,,,,,,,,
6254,3024,1,61,8,21480,,,-3,,,,,,,,,,,,,,
6255,3025,1,67,3,21480,,,-3,,,,,,,,,,,,,,
6256,3025,1,114,9,21480,,,-3,,,,,,,,,,,,,,
6257,3026,1,139,3,21480,,,-3,,,,,,,,,,,,,,
6258,3026,1,57,6,21480,,,-3,,,,,,,,,,,,,,
6259,3027,1,0,12,21480,,,-3,,,,,,,,,,,,,,
6260,3028,1,35,6,21480,,,-3,,,,,,,,,,,,,,
6261,3029,1,13,6,21480,,,-3,,,,,,,,,,,,,,
6262,3030,1,25,6,21480,,,-3,,,,,,,,,,,,,,
6263,3031,1,1,4,21480,,,-3,,,,,,,,,,,,,,
6264,3031,1,0,7,21480,,,-3,,,,,,,,,,,,,,
6265,3031,1,70,8,21480,,,-3,,,,,,,,,,,,,,
6266,3031,1,197,5,21480,,,-3,,,,,,,,,,,,,,
6267,3032,1,82,9,21480,,,-3,,,,,,,,,,,,,,
6268,3032,1,32,4,21480,,,-3,,,,,,,,,,,,,,
6269,3033,1,20,4,21480,,,-3,,,,,,,,,,,,,,
6270,3033,1,40,5,21480,,,-3,,,,,,,,,,,,,,
6271,3033,1,123,8,21480,,,-3,,,,,,,,,,,,,,
6272,3033,1,103,3,21480,,,-3,,,,,,,,,,,,,,
6273,3034,1,291,2,21480,,,-3,,,,,,,,,,,,,,
6274,3034,1,44,6,21480,,,-3,,,,,,,,,,,,,,
6275,3034,1,264,9,21480,,,-3,,,,,,,,,,,,,,
6276,3035,1,251,1,21540,,,-3,,,,,,,,,,,,,,
6277,3036,1,82,10,21540,,,-3,,,,,,,,,,,,,,
6278,3037,1,205,8,21540,,,-3,,,,,,,,,,,,,,
6279,3038,1,63,5,21540,,,-3,,,,,,,,,,,,,,
6280,3038,1,7,4,21540,,,-3,,,,,,,,,,,,,,
6281,3039,1,47,6,21540,,,-3,,,,,,,,,,,,,,
6282,3039,1,225,7,21540,,,-3,,,,,,,,,,,,,,
6283,3039,1,146,12,21540,,,-3,,,,,,,,,,,,,,
6284,3039,1,30,2,21540,,,-3,,,,,,,,,,,,,,
6285,3039,1,58,4,21540,,,-3,,,,,,,,,,,,,,
6286,3039,1,94,5,21540,,,-3,,,,,,,,,,,,,,
6287,3039,1,3,6,21540,,,-3,,,,,,,,,,,,,,
6288,3039,1,385,8,21540,,,-3,,,,,,,,,,,,,,
6289,3039,1,324,4,21540,,,-3,,,,,,,,,,,,,,
6290,3039,1,15,10,21540,,,-3,,,,,,,,,,,,,,
6291,3039,1,434,3,21540,,,-3,,,,,,,,,,,,,,
6292,3039,1,101,3,21540,,,-3,,,,,,,,,,,,,,
6293,3039,1,163,12,21540,,,-3,,,,,,,,,,,,,,
6294,3039,1,51,4,21540,,,-3,,,,,,,,,,,,,,
6295,3039,1,77,12,21540,,,-3,,,,,,,,,,,,,,
6296,3040,1,207,5,21540,,,-3,,,,,,,,,,,,,,
6297,3041,1,134,10,21540,,,-3,,,,,,,,,,,,,,
6298,3042,1,55,1,21540,,,-3,,,,,,,,,,,,,,
6299,3043,1,44,7,21540,,,-3,,,,,,,,,,,,,,
6300,3044,1,54,8,21540,,,-3,,,,,,,,,,,,,,
6301,3045,1,12,8,21600,,,-3,,,,,,,,,,,,,,
6302,3046,1,115,11,21600,,,-3,,,,,,,,,,,,,,
6303,3046,1,33,4,21600,,,-3,,,,,,,,,,,,,,
6304,3047,1,24,4,21600,,,-3,,,,,,,,,,,,,,
6305,3048,1,4,12,21600,,,-3,,,,,,,,,,,,,,
6306,3048,1,28,7,21600,,,-3,,,,,,,,,,,,,,
6307,3049,1,49,1,21600,,,-3,,,,,,,,,,,,,,
6308,3050,1,182,8,21600,,,-3,,,,,,,,,,,,,,
6309,3050,1,4,10,21600,,,-3,,,,,,,,,,,,,,
6310,3050,1,19,5,21600,,,-3,,,,,,,,,,,,,,
6311,3051,1,7,1,21600,,,-3,,,,,,,,,,,,,,
6312,3052,1,103,10,21600,,,-3,,,,,,,,,,,,,,
6313,3053,1,49,10,21600,,,-3,,,,,,,,,,,,,,
6314,3053,1,5,2,21600,,,-3,,,,,,,,,,,,,,
6315,3054,1,182,5,21600,,,-3,,,,,,,,,,,,,,
6316,3054,1,20,6,21600,,,-3,,,,,,,,,,,,,,
6317,3055,1,6,4,21600,,,-3,,,,,,,,,,,,,,
6318,3056,1,148,12,21600,,,-3,,,,,,,,,,,,,,
6319,3056,1,335,6,21600,,,-3,,,,,,,,,,,,,,
6320,3056,1,233,11,21600,,,-3,,,,,,,,,,,,,,
6321,3056,1,108,6,21600,,,-3,,,,,,,,,,,,,,
6322,3056,1,16,5,21600,,,-3,,,,,,,,,,,,,,
6323,3057,1,16,8,21600,,,-3,,,,,,,,,,,,,,
6324,3058,1,60,4,21660,,,-3,,,,,,,,,,,,,,
6325,3059,1,40,10,21660,,,-3,,,,,,,,,,,,,,
6326,3059,1,17,8,21660,,,-3,,,,,,,,,,,,,,
6327,3059,1,420,12,21660,,,-3,,,,,,,,,,,,,,
6328,3059,1,3,10,21660,,,-3,,,,,,,,,,,,,,
6329,3059,1,0,5,21660,,,-3,,,,,,,,,,,,,,
6330,3059,1,181,8,21660,,,-3,,,,,,,,,,,,,,
6331,3059,1,2,4,21660,,,-3,,,,,,,,,,,,,,
6332,3060,1,356,7,21660,,,-3,,,,,,,,,,,,,,
6333,3061,1,274,3,21660,,,-3,,,,,,,,,,,,,,
6334,3061,1,62,5,21660,,,-3,,,,,,,,,,,,,,
6335,3062,1,9,7,21660,,,-3,,,,,,,,,,,,,,
6336,3062,1,48,8,21660,,,-3,,,,,,,,,,,,,,
6337,3063,1,5,7,21720,,,-3,,,,,,,,,,,,,,
6338,3063,1,64,8,21720,,,-3,,,,,,,,,,,,,,
6339,3063,1,20,6,21720,,,-3,,,,,,,,,,,,,,
6340,3063,1,21,6,21720,,,-3,,,,,,,,,,,,,,
6341,3064,1,84,8,21720,,,-3,,,,,,,,,,,,,,
6342,3064,1,409,5,21720,,,-3,,,,,,,,,,,,,,
6343,3064,1,74,8,21720,,,-3,,,,,,,,,,,,,,
6344,3064,1,356,3,21720,,,-3,,,,,,,,,,,,,,
6345,3065,1,127,6,21720,,,-3,,,,,,,,,,,,,,
6346,3065,1,21,9,21720,,,-3,,,,,,,,,,,,,,
6347,3066,1,159,6,21720,,,-3,,,,,,,,,,,,,,
6348,3067,1,182,2,21720,,,-3,,,,,,,,,,,,,,
6349,3067,1,39,4,21720,,,-3,,,,,,,,,,,,,,
6350,3068,1,25,11,21720,,,-3,,,,,,,,,,,,,,
6351,3068,1,41,9,21720,,,-3,,,,,,,,,,,,,,
6352,3069,1,373,6,21720,,,-3,,,,,,,,,,,,,,
6353,3070,1,383,3,21720,,,-3,,,,,,,,,,,,,,
6354,3071,1,327,10,21720,,,-3,,,,,,,,,,,,,,
6355,3071,1,478,10,21720,,,-3,,,,,,,,,,,,,,
6356,3071,1,280,10,21720,,,-3,,,,,,,,,,,,,,
6357,3071,1,1,9,21720,,,-3,,,,,,,,,,,,,,
6358,3071,1,418,6,21720,,,-3,,,,,,,,,,,,,,
6359,3072,1,57,8,21720,,,-3,,,,,,,,,,,,,,
6360,3073,1,3,7,21720,,,-3,,,,,,,,,,,,,,
6361,3073,1,4,3,21720,,,-3,,,,,,,,,,,,,,
6362,3073,1,45,8,21720,,,-3,,,,,,,,,,,,,,
6363,3073,1,399,3,21720,,,-3,,,,,,,,,,,,,,
6364,3073,1,32,3,21720,,,-3,,,,,,,,,,,,,,
6365,3073,1,84,1,21720,,,-3,,,,,,,,,,,,,,
6366,3073,1,49,8,21720,,,-3,,,,,,,,,,,,,,
6367,3073,1,48,11,21720,,,-3,,,,,,,,,,,,,,
6368,3074,1,149,4,21780,,,-3,,,,,,,,,,,,,,
6369,3074,1,1,8,21780,,,-3,,,,,,,,,,,,,,
6370,3074,1,0,2,21780,,,-3,,,,,,,,,,,,,,
6371,3075,1,228,9,21780,,,-3,,,,,,,,,,,,,,
6372,3075,1,18,2,21780,,,-3,,,,,,,,,,,,,,
6373,3076,1,173,10,21780,,,-3,,,,,,,,,,,,,,
6374,3076,1,0,10,21780,,,-3,,,,,,,,,,,,,,
6375,3077,1,19,4,21780,,,-3,,,,,,,,,,,,,,
6376,3077,1,165,2,21780,,,-3,,,,,,,,,,,,,,
6377,3078,1,482,3,21780,,,-3,,,,,,,,,,,,,,
6378,3078,1,31,8,21780,,,-3,,,,,,,,,,,,,,
6379,3078,1,4,12,21780,,,-3,,,,,,,,,,,,,,
6380,3079,1,1,2,21780,,,-3,,,,,,,,,,,,,,
6381,3080,1,167,4,21780,,,-3,,,,,,,,,,,,,,
6382,3080,1,223,5,21780,,,-3,,,,,,,,,,,,,,
6383,3081,1,236,6,21780,,,-3,,,,,,,,,,,,,,
6384,3082,1,362,2,21780,,,-3,,,,,,,,,,,,,,
6385,3082,1,2,7,21780,,,-3,,,,,,,,,,,,,,
6386,3082,1,15,9,21780,,,-3,,,,,,,,,,,,,,
6387,3083,1,0,3,21780,,,-3,,,,,,,,,,,,,,
6388,3084,1,354,5,21840,,,-3,,,,,,,,,,,,,,
6389,3085,1,10,10,21840,,,-3,,,,,,,,,,,,,,
6390,3086,1,117,1,21840,,,-3,,,,,,,,,,,,,,
6391,3086,1,51,8,21840,,,-3,,,,,,,,,,,,,,
6392,3087,1,361,8,21840,,,-3,,,,,,,,,,,,,,
6393,3087,1,10,10,21840,,,-3,,,,,,,,,,,,,,
6394,3087,1,313,6,21840,,,-3,,,,,,,,,,,,,,
6395,3088,1,90,12,21840,,,-3,,,,,,,,,,,,,,
6396,3089,1,9,10,21840,,,-3,,,,,,,,,,,,,,
6397,3090,1,153,4,21840,,,-3,,,,,,,,,,,,,,
6398,3091,1,3,4,21840,,,-3,,,,,,,,,,,,,,
6399,3091,1,77,4,21840,,,-3,,,,,,,,,,,,,,
6400,3092,1,25,7,21900,,,-3,,,,,,,,,,,,,,
6401,3093,1,298,6,21900,,,-3,,,,,,,,,,,,,,
6402,3094,1,55,11,21900,,,-3,,,,,,,,,,,,,,
6403,3095,1,434,10,21900,,,-3,,,,,,,,,,,,,,
6404,3096,1,23,7,21900,,,-3,,,,,,,,,,,,,,
6405,3096,1,0,6,21900,,,-3,,,,,,,,,,,,,,
6406,3097,1,109,7,21900,,,-3,,,,,,,,,,,,,,
6407,3097,1,14,10,21900,,,-3,,,,,,,,,,,,,,
6408,3097,1,4,3,21900,,,-3,,,,,,,,,,,,,,
6409,3097,1,182,5,21900,,,-3,,,,,,,,,,,,,,
6410,3097,1,282,7,21900,,,-3,,,,,,,,,,,,,,
6411,3098,1,174,4,21900,,,-3,,,,,,,,,,,,,,
6412,3099,1,402,6,21960,,,-3,,,,,,,,,,,,,,
6413,3100,1,378,10,21960,,,-3,,,,,,,,,,,,,,
6414,3100,1,24,10,21960,,,-3,,,,,,,,,,,,,,
6415,3100,1,34,6,21960,,,-3,,,,,,,,,,,,,,
6416,3101,1,38,11,21960,,,-3,,,,,,,,,,,,,,
6417,3101,1,112,7,21960,,,-3,,,,,,,,,,,,,,
6418,3102,1,197,11,21960,,,-3,,,,,,,,,,,,,,
6419,3103,1,68,10,21960,,,-3,,,,,,,,,,,,,,
6420,3103,1,51,10,21960,,,-3,,,,,,,,,,,,,,
6421,3104,1,3,8,21960,,,-3,,,,,,,,,,,,,,
6422,3104,1,25,8,21960,,,-3,,,,,,,,,,,,,,
6423,3104,1,96,4,21960,,,-3,,,,,,,,,,,,,,
6424,3104,1,22,12,21960,,,-3,,,,,,,,,,,,,,
6425,3104,1,21,5,21960,,,-3,,,,,,,,,,,,,,
6426,3104,1,18,6,21960,,,-3,,,,,,,,,,,,,,
6427,3104,1,23,3,21960,,,-3,,,,,,,,,,,,,,
6428,3105,1,17,8,21960,,,-3,,,,,,,,,,,,,,
6429,3106,1,7,6,21960,,,-3,,,,,,,,,,,,,,
6430,3107,1,180,1,21960,,,-3,,,,,,,,,,,,,,
6431,3108,1,3,4,22020,,,-3,,,,,,,,,,,,,,
6432,3108,1,29,10,22020,,,-3,,,,,,,,,,,,,,
6433,3108,1,59,8,22020,,,-3,,,,,,,,,,,,,,
6434,3108,1,10,2,22020,,,-3,,,,,,,,,,,,,,
6435,3109,1,24,2,22020,,,-3,,,,,,,,,,,,,,
6436,3109,1,69,2,22020,,,-3,,,,,,,,,,,,,,
6437,3109,1,22,6,22020,,,-3,,,,,,,,,,,,,,
6438,3109,1,10,9,22020,,,-3,,,,,,,,,,,,,,
6439,3110,1,4,9,22020,,,-3,,,,,,,,,,,,,,
6440,3110,1,182,4,22020,,,-3,,,,,,,,,,,,,,
6441,3110,1,32,1,22020,,,-3,,,,,,,,,,,,,,
6442,3111,1,45,6,22020,,,-3,,,,,,,,,,,,,,
6443,3111,1,346,7,22020,,,-3,,,,,,,,,,,,,,
6444,3111,1,49,3,22020,,,-3,,,,,,,,,,,,,,
6445,3111,1,143,5,22020,,,-3,,,,,,,,,,,,,,
6446,3111,1,44,7,22020,,,-3,,,,,,,,,,,,,,
6447,3112,1,217,6,22020,,,-3,,,,,,,,,,,,,,
6448,3112,1,14,6,22020,,,-3,,,,,,,,,,,,,,
6449,3113,1,45,4,22020,,,-3,,,,,,,,,,,,,,
6450,3113,1,0,5,22020,,,-3,,,,,,,,,,,,,,
6451,3113,1,300,7,22020,,,-3,,,,,,,,,,,,,,
6452,3113,1,40,8,22020,,,-3,,,,,,,,,,,,,,
6453,3113,1,148,1,22020,,,-3,,,,,,,,,,,,,,
6454,3113,1,35,8,22020,,,-3,,,,,,,,,,,,,,
6455,3113,1,34,6,22020,,,-3,,,,,,,,,,,,,,
6456,3113,1,227,7,22020,,,-3,,,,,,,,,,,,,,
6457,3114,1,370,7,22020,,,-3,,,,,,,,,,,,,,
6458,3114,1,16,6,22020,,,-3,,,,,,,,,,,,,,
6459,3115,1,111,8,22080,,,-3,,,,,,,,,,,,,,
6460,3115,1,456,4,22080,,,-3,,,,,,,,,,,,,,
6461,3116,1,46,11,22080,,,-3,,,,,,,,,,,,,,
6462,3117,1,67,8,22080,,,-3,,,,,,,,,,,,,,
6463,3117,1,148,12,22080,,,-3,,,,,,,,,,,,,,
6464,3118,1,5,7,22080,,,-3,,,,,,,,,,,,,,
6465,3118,1,239,8,22080,,,-3,,,,,,,,,,,,,,
6466,3119,1,318,10,22080,,,-3,,,,,,,,,,,,,,
6467,3119,1,55,4,22080,,,-3,,,,,,,,,,,,,,
6468,3120,1,330,2,22080,,,-3,,,,,,,,,,,,,,
6469,3120,1,0,3,22080,,,-3,,,,,,,,,,,,,,
6470,3120,1,192,6,22080,,,-3,,,,,,,,,,,,,,
6471,3121,1,37,5,22080,,,-3,,,,,,,,,,,,,,
6472,3122,1,93,10,22080,,,-3,,,,,,,,,,,,,,
6473,3122,1,171,6,22080,,,-3,,,,,,,,,,,,,,
6474,3122,1,2,5,22080,,,-3,,,,,,,,,,,,,,
6475,3122,1,494,8,22080,,,-3,,,,,,,,,,,,,,
6476,3122,1,15,8,22080,,,-3,,,,,,,,,,,,,,
6477,3122,1,32,1,22080,,,-3,,,,,,,,,,,,,,
6478,3122,1,299,3,22080,,,-3,,,,,,,,,,,,,,
6479,3122,1,166,6,22080,,,-3,,,,,,,,,,,,,,
6480,3123,1,39,4,22080,,,-3,,,,,,,,,,,,,,
6481,3123,1,37,7,22080,,,-3,,,,,,,,,,,,,,
6482,3124,1,81,11,22080,,,-3,,,,,,,,,,,,,,
6483,3124,1,8,6,22080,,,-3,,,,,,,,,,,,,,
6484,3125,1,59,4,22140,,,-3,,,,,,,,,,,,,,
6485,3126,1,159,7,22140,,,-3,,,,,,,,,,,,,,
6486,3126,1,161,4,22140,,,-3,,,,,,,,,,,,,,
6487,3127,1,41,11,22140,,,-3,,,,,,,,,,,,,,
6488,3128,1,390,10,22140,,,-3,,,,,,,,,,,,,,
6489,3128,1,65,5,22140,,,-3,,,,,,,,,,,,,,
6490,3129,1,74,6,22140,,,-3,,,,,,,,,,,,,,
6491,3130,1,301,6,22140,,,-3,,,,,,,,,,,,,,
6492,3131,1,122,2,22140,,,-3,,,,,,,,,,,,,,
6493,3132,1,13,3,22140,,,-3,,,,,,,,,,,,,,
6494,3132,1,373,9,22140,,,-3,,,,,,,,,,,,,,
6495,3133,1,80,9,22140,,,-3,,,,,,,,,,,,,,
6496,3133,1,15,5,22140,,,-3,,,,,,,,,,,,,,
6497,3133,1,40,9,22140,,,-3,,,,,,,,,,,,,,
6498,3134,1,447,4,22140,,,-3,,,,,,,,,,,,,,
6499,3134,1,24,10,22140,,,-3,,,,,,,,,,,,,,
6500,3134,1,14,12,22140,,,-3,,,,,,,,,,,,,,
6501,3135,1,17,2,22140,,,-3,,,,,,,,,,,,,,
6502,3136,1,9,12,22140,,,-3,,,,,,,,,,,,,,
6503,3137,1,39,6,22200,,,-3,,,,,,,,,,,,,,
6504,3138,1,70,7,22200,,,-3,,,,,,,,,,,,,,
6505,3138,1,244,8,22200,,,-3,,,,,,,,,,,,,,
6506,3138,1,45,8,22200,,,-3,,,,,,,,,,,,,,
6507,3138,1,235,10,22200,,,-3,,,,,,,,,,,,,,
6508,3139,1,124,8,22200,,,-3,,,,,,,,,,,,,,
6509,3140,1,82,2,22200,,,-3,,,,,,,,,,,,,,
6510,3141,1,0,9,22200,,,-3,,,,,,,,,,,,,,
6511,3142,1,241,8,22200,,,-3,,,,,,,,,,,,,,
6512,3143,1,20,7,22200,,,-3,,,,,,,,,,,,,,
6513,3143,1,337,11,22200,,,-3,,,,,,,,,,,,,,
6514,3144,1,92,7,22260,,,-3,,,,,,,,,,,,,,
6515,3145,1,160,5,22260,,,-3,,,,,,,,,,,,,,
6516,3146,1,19,8,22260,,,-3,,,,,,,,,,,,,,
6517,3147,1,0,2,22260,,,-3,,,,,,,,,,,,,,
6518,3147,1,155,5,22260,,,-3,,,,,,,,,,,,,,
6519,3148,1,123,1,22260,,,-3,,,,,,,,,,,,,,
6520,3148,1,81,4,22260,,,-3,,,,,,,,,,,,,,
6521,3148,1,377,2,22260,,,-3,,,,,,,,,,,,,,
6522,3149,1,155,9,22260,,,-3,,,,,,,,,,,,,,
6523,3150,1,11,4,22260,,,-3,,,,,,,,,,,,,,
6524,3151,1,471,4,22260,,,-3,,,,,,,,,,,,,,
6525,3151,1,9,8,22260,,,-3,,,,,,,,,,,,,,
6526,3152,1,355,8,22320,,,-3,,,,,,,,,,,,,,
6527,3152,1,182,11,22320,,,-3,,,,,,,,,,,,,,
6528,3152,1,486,9,22320,,,-3,,,,,,,,,,,,,,
6529,3153,1,126,6,22320,,,-3,,,,,,,,,,,,,,
6530,3153,1,103,4,22320,,,-3,,,,,,,,,,,,,,
6531,3154,1,486,9,22320,,,-3,,,,,,,,,,,,,,
6532,3154,1,17,2,22320,,,-3,,,,,,,,,,,,,,
6533,3154,1,63,4,22320,,,-3,,,,,,,,,,,,,,
6534,3154,1,195,9,22320,,,-3,,,,,,,,,,,,,,
6535,3154,1,405,8,22320,,,-3,,,,,,,,,,,,,,
6536,3155,1,5,11,22320,,,-3,,,,,,,,,,,,,,
6537,3156,1,244,7,22320,,,-3,,,,,,,,,,,,,,
6538,3157,1,4,7,22320,,,-3,,,,,,,,,,,,,,
6539,3157,1,18,3,22320,,,-3,,,,,,,,,,,,,,
6540,3157,1,62,8,22320,,,-3,,,,,,,,,,,,,,
6541,3158,1,305,7,22320,,,-3,,,,,,,,,,,,,,
6542,3159,1,274,11,22320,,,-3,,,,,,,,,,,,,,
6543,3160,1,15,4,22380,,,-3,,,,,,,,,,,,,,
6544,3160,1,2,12,22380,,,-3,,,,,,,,,,,,,,
6545,3160,1,11,8,22380,,,-3,,,,,,,,,,,,,,
6546,3161,1,83,7,22380,,,-3,,,,,,,,,,,,,,
6547,3161,1,45,7,22380,,,-3,,,,,,,,,,,,,,
6548,3161,1,496,5,22380,,,-3,,,,,,,,,,,,,,
6549,3162,1,31,5,22380,,,-3,,,,,,,,,,,,,,
6550,3163,1,36,4,22380,,,-3,,,,,,,,,,,,,,
6551,3163,1,39,4,22380,,,-3,,,,,,,,,,,,,,
6552,3164,1,29,9,22380,,,-3,,,,,,,,,,,,,,
6553,3164,1,140,8,22380,,,-3,,,,,,,,,,,,,,
6554,3165,1,16,4,22380,,,-3,,,,,,,,,,,,,,
6555,3166,1,41,6,22380,,,-3,,,,,,,,,,,,,,
6556,3166,1,5,11,22380,,,-3,,,,,,,,,,,,,,
6557,3166,1,13,9,22380,,,-3,,,,,,,,,,,,,,
6558,3166,1,154,12,22380,,,-3,,,,,,,,,,,,,,
6559,3166,1,288,3,22380,,,-3,,,,,,,,,,,,,,
6560,3166,1,9,11,22380,,,-3,,,,,,,,,,,,,,
6561,3166,1,44,8,22380,,,-3,,,,,,,,,,,,,,
6562,3167,1,14,11,22380,,,-3,,,,,,,,,,,,,,
6563,3168,1,7,6,22440,,,-3,,,,,,,,,,,,,,
6564,3168,1,19,10,22440,,,-3,,,,,,,,,,,,,,
6565,3169,1,21,6,22440,,,-3,,,,,,,,,,,,,,
6566,3169,1,13,3,22440,,,-3,,,,,,,,,,,,,,
6567,3169,1,45,4,22440,,,-3,,,,,,,,,,,,,,
6568,3169,1,156,12,22440,,,-3,,,,,,,,,,,,,,
6569,3169,1,42,9,22440,,,-3,,,,,,,,,,,,,,
6570,3170,1,37,12,22440,,,-3,,,,,,,,,,,,,,
6571,3171,1,29,3,22440,,,-3,,,,,,,,,,,,,,
6572,3172,1,45,2,22440,,,-3,,,,,,,,,,,,,,
6573,3173,1,10,3,22440,,,-3,,,,,,,,,,,,,,
6574,3174,1,52,2,22440,,,-3,,,,,,,,,,,,,,
6575,3175,1,85,9,22500,,,-3,,,,,,,,,,,,,,
6576,3176,1,205,3,22500,,,-3,,,,,,,,,,,,,,
6577,3177,1,98,9,22500,,,-3,,,,,,,,,,,,,,
6578,3177,1,187,11,22500,,,-3,,,,,,,,,,,,,,
6579,3178,1,2,8,22500,,,-3,,,,,,,,,,,,,,
6580,3178,1,209,2,22500,,,-3,,,,,,,,,,,,,,
6581,3179,1,14,6,22500,,,-3,,,,,,,,,,,,,,
6582,3180,1,7,5,22500,,,-3,,,,,,,,,,,,,,
6583,3181,1,21,1,22560,,,-3,,,,,,,,,,,,,,
6584,3182,1,19,9,22560,,,-3,,,,,,,,,,,,,,
6585,3183,1,37,4,22560,,,-3,,,,,,,,,,,,,,
6586,3183,1,315,8,22560,,,-3,,,,,,,,,,,,,,
6587,3184,1,2,8,22560,,,-3,,,,,,,,,,,,,,
6588,3184,1,404,3,22560,,,-3,,,,,,,,,,,,,,
6589,3185,1,10,4,22560,,,-3,,,,,,,,,,,,,,
6590,3185,1,227,3,22560,,,-3,,,,,,,,,,,,,,
6591,3185,1,0,11,22560,,,-3,,,,,,,,,,,,,,
6592,3185,1,49,5,22560,,,-3,,,,,,,,,,,,,,
6593,3186,1,5,3,22620,,,-3,,,,,,,,,,,,,,
6594,3187,1,142,6,22620,,,-3,,,,,,,,,,,,,,
6595,3188,1,40,1,22620,,,-3,,,,,,,,,,,,,,
6596,3189,1,52,2,22680,,,-3,,,,,,,,,,,,,,
6597,3190,1,170,2,22680,,,-3,,,,,,,,,,,,,,
6598,3191,1,30,5,22680,,,-3,,,,,,,,,,,,,,
6599,3192,1,13,2,22680,,,-3,,,,,,,,,,,,,,
6600,3192,1,1,9,22680,,,-3,,,,,,,,,,,,,,
6601,3192,1,11,3,22680,,,-3,,,,,,,,,,,,,,
6602,3193,1,271,7,22680,,,-3,,,,,,,,,,,,,,
6603,3194,1,4,9,22680,,,-3,,,,,,,,,,,,,,
6604,3194,1,11,4,22680,,,-3,,,,,,,,,,,,,,
6605,3195,1,6,4,22680,,,-3,,,,,,,,,,,,,,
6606,3196,1,2,6,22680,,,-3,,,,,,,,,,,,,,
6607,3197,1,28,1,22680,,,-3,,,,,,,,,,,,,,
6608,3197,1,77,3,22680,,,-3,,,,,,,,,,,,,,
6609,3198,1,3,2,22680,,,-3,,,,,,,,,,,,,,
6610,3198,1,90,6,22680,,,-3,,,,,,,,,,,,,,
6611,3198,1,68,4,22680,,,-3,,,,,,,,,,,,,,
6612,3199,1,5,2,22680,,,-3,,,,,,,,,,,,,,
6613,3200,1,12,9,22680,,,-3,,,,,,,,,,,,,,
6614,3200,1,91,6,22680,,,-3,,,,,,,,,,,,,,
6615,3200,1,9,8,22680,,,-3,,,,,,,,,,,,,,
6616,3201,1,185,2,22680,,,-3,,,,,,,,,,,,,,
6617,3201,1,46,8,22680,,,-3,,,,,,,,,,,,,,
6618,3201,1,18,7,22680,,,-3,,,,,,,,,,,,,,
6619,3201,1,365,4,22680,,,-3,,,,,,,,,,,,,,
6620,3201,1,17,9,22680,,,-3,,,,,,,,,,,,,,
6621,3202,1,334,6,22740,,,-3,,,,,,,,,,,,,,
6622,3203,1,24,4,22740,,,-3,,,,,,,,,,,,,,
6623,3203,1,4,8,22740,,,-3,,,,,,,,,,,,,,
6624,3204,1,182,6,22740,,,-3,,,,,,,,,,,,,,
6625,3204,1,8,2,22740,,,-3,,,,,,,,,,,,,,
6626,3205,1,30,8,22740,,,-3,,,,,,,,,,,,,,
6627,3206,1,444,6,22740,,,-3,,,,,,,,,,,,,,
6628,3206,1,91,6,22740,,,-3,,,,,,,,,,,,,,
6629,3206,1,233,7,22740,,,-3,,,,,,,,,,,,,,
6630,3207,1,454,12,22740,,,-3,,,,,,,,,,,,,,
6631,3207,1,25,6,22740,,,-3,,,,,,,,,,,,,,
6632,3208,1,94,10,22740,,,-3,,,,,,,,,,,,,,
6633,3208,1,62,5,22740,,,-3,,,,,,,,,,,,,,
6634,3209,1,126,8,22740,,,-3,,,,,,,,,,,,,,
6635,3209,1,38,6,22740,,,-3,,,,,,,,,,,,,,
6636,3210,1,79,6,22740,,,-3,,,,,,,,,,,,,,
6637,3210,1,1,8,22740,,,-3,,,,,,,,,,,,,,
6638,3211,1,7,4,22740,,,-3,,,,,,,,,,,,,,
6639,3211,1,72,6,22740,,,-3,,,,,,,,,,,,,,
6640,3211,1,376,7,22740,,,-3,,,,,,,,,,,,,,
6641,3212,1,73,10,22740,,,-3,,,,,,,,,,,,,,
6642,3212,1,124,5,22740,,,-3,,,,,,,,,,,,,,
6643,3212,1,4,11,22740,,,-3,,,,,,,,,,,,,,
6644,3212,1,10,10,22740,,,-3,,,,,,,,,,,,,,
6645,3212,1,110,7,22740,,,-3,,,,,,,,,,,,,,
6646,3213,1,55,2,22800,,,-3,,,,,,,,,,,,,,
6647,3213,1,195,1,22800,,,-3,,,,,,,,,,,,,,
6648,3213,1,406,2,22800,,,-3,,,,,,,,,,,,,,
6649,3213,1,53,10,22800,,,-3,,,,,,,,,,,,,,
6650,3214,1,1,4,22800,,,-3,,,,,,,,,,,,,,
6651,3214,1,288,5,22800,,,-3,,,,,,,,,,,,,,
6652,3215,1,3,6,22800,,,-3,,,,,,,,,,,,,,
6653,3216,1,363,4,22800,,,-3,,,,,,,,,,,,,,
6654,3216,1,14,7,22800,,,-3,,,,,,,,,,,,,,
6655,3216,1,53,6,22800,,,-3,,,,,,,,,,,,,,
6656,3216,1,46,10,22800,,,-3,,,,,,,,,,,,,,
6657,3217,1,20,5,22800,,,-3,,,,,,,,,,,,,,
6658,3217,1,47,10,22800,,,-3,,,,,,,,,,,,,,
6659,3218,1,3,9,22860,,,-3,,,,,,,,,,,,,,
6660,3219,1,328,3,22860,,,-3,,,,,,,,,,,,,,
6661,3219,1,36,4,22860,,,-3,,,,,,,,,,,,,,
6662,3219,1,9,8,22860,,,-3,,,,,,,,,,,,,,
6663,3220,1,186,6,22860,,,-3,,,,,,,,,,,,,,
6664,3221,1,106,3,22860,,,-3,,,,,,,,,,,,,,
6665,3221,1,12,8,22860,,,-3,,,,,,,,,,,,,,
6666,3222,1,28,6,22920,,,-3,,,,,,,,,,,,,,
6667,3222,1,30,5,22920,,,-3,,,,,,,,,,,,,,
6668,3222,1,398,8,22920,,,-3,,,,,,,,,,,,,,
6669,3222,1,0,8,22920,,,-3,,,,,,,,,,,,,,
6670,3223,1,75,6,22920,,,-3,,,,,,,,,,,,,,
6671,3224,1,8,6,22920,,,-3,,,,,,,,,,,,,,
6672,3224,1,468,4,22920,,,-3,,,,,,,,,,,,,,
6673,3224,1,26,5,22920,,,-3,,,,,,,,,,,,,,
6674,3225,1,157,6,22920,,,-3,,,,,,,,,,,,,,
6675,3226,1,180,5,22920,,,-3,,,,,,,,,,,,,,
6676,3227,1,83,8,22920,,,-3,,,,,,,,,,,,,,
6677,3227,1,14,8,22920,,,-3,,,,,,,,,,,,,,
6678,3227,1,3,2,22920,,,-3,,,,,,,,,,,,,,
6679,3228,1,39,9,22920,,,-3,,,,,,,,,,,,,,
6680,3229,1,307,3,22920,,,-3,,,,,,,,,,,,,,
6681,3230,1,47,8,22920,,,-3,,,,,,,,,,,,,,
6682,3230,1,266,3,22920,,,-3,,,,,,,,,,,,,,
6683,3230,1,14,8,22920,,,-3,,,,,,,,,,,,,,
6684,3230,1,42,7,22920,,,-3,,,,,,,,,,,,,,
6685,3231,1,260,7,22920,,,-3,,,,,,,,,,,,,,
6686,3232,1,65,8,22920,,,-3,,,,,,,,,,,,,,
6687,3233,1,5,7,22920,,,-3,,,,,,,,,,,,,,
6688,3234,1,46,6,22980,,,-3,,,,,,,,,,,,,,
6689,3234,1,23,8,22980,,,-3,,,,,,,,,,,,,,
6690,3235,1,1,3,22980,,,-3,,,,,,,,,,,,,,
6691,3235,1,138,9,22980,,,-3,,,,,,,,,,,,,,
6692,3235,1,27,6,22980,,,-3,,,,,,,,,,,,,,
6693,3236,1,224,11,22980,,,-3,,,,,,,,,,,,,,
6694,3237,1,46,3,22980,,,-3,,,,,,,,,,,,,,
6695,3237,1,75,11,22980,,,-3,,,,,,,,,,,,,,
6696,3237,1,199,6,22980,,,-3,,,,,,,,,,,,,,
6697,3238,1,44,6,22980,,,-3,,,,,,,,,,,,,,
6698,3238,1,18,9,22980,,,-3,,,,,,,,,,,,,,
6699,3239,1,179,2,22980,,,-3,,,,,,,,,,,,,,
6700,3239,1,11,5,22980,,,-3,,,,,,,,,,,,,,
6701,3240,1,17,7,22980,,,-3,,,,,,,,,,,,,,
6702,3240,1,56,10,22980,,,-3,,,,,,,,,,,,,,
6703,3241,1,5,7,22980,,,-3,,,,,,,,,,,,,,
6704,3242,1,43,6,22980,,,-3,,,,,,,,,,,,,,
6705,3242,1,23,9,22980,,,-3,,,,,,,,,,,,,,
6706,3242,1,0,10,22980,,,-3,,,,,,,,,,,,,,
6707,3242,1,160,8,22980,,,-3,,,,,,,,,,,,,,
6708,3242,1,9,10,22980,,,-3,,,,,,,,,,,,,,
6709,3242,1,473,8,22980,,,-3,,,,,,,,,,,,,,
6710,3243,1,234,7,22980,,,-3,,,,,,,,,,,,,,
6711,3243,1,58,12,22980,,,-3,,,,,,,,,,,,,,
6712,3244,1,136,7,22980,,,-3,,,,,,,,,,,,,,
6713,3245,1,14,8,23040,,,-3,,,,,,,,,,,,,,
6714,3245,1,80,6,23040,,,-3,,,,,,,,,,,,,,
6715,3246,1,27,11,23040,,,-3,,,,,,,,,,,,,,
6716,3246,1,12,5,23040,,,-3,,,,,,,,,,,,,,
6717,3246,1,3,6,23040,,,-3,,,,,,,,,,,,,,
6718,3246,1,59,2,23040,,,-3,,,,,,,,,,,,,,
6719,3247,1,86,3,23040,,,-3,,,,,,,,,,,,,,
6720,3248,1,159,4,23040,,,-3,,,,,,,,,,,,,,
6721,3248,1,28,1,23040,,,-3,,,,,,,,,,,,,,
6722,3248,1,150,7,23040,,,-3,,,,,,,,,,,,,,
6723,3249,1,13,4,23040,,,-3,,,,,,,,,,,,,,
6724,3249,1,91,2,23040,,,-3,,,,,,,,,,,,,,
6725,3249,1,33,8,23040,,,-3,,,,,,,,,,,,,,
6726,3250,1,38,5,23040,,,-3,,,,,,,,,,,,,,
6727,3251,1,10,10,23040,,,-3,,,,,,,,,,,,,,
6728,3252,1,189,3,23040,,,-3,,,,,,,,,,,,,,
6729,3253,1,23,10,23040,,,-3,,,,,,,,,,,,,,
6730,3253,1,100,3,23040,,,-3,,,,,,,,,,,,,,
6731,3253,1,168,6,23040,,,-3,,,,,,,,,,,,,,
6732,3253,1,212,8,23040,,,-3,,,,,,,,,,,,,,
6733,3253,1,160,5,23040,,,-3,,,,,,,,,,,,,,
6734,3253,1,31,10,23040,,,-3,,,,,,,,,,,,,,
6735,3254,1,79,6,23040,,,-3,,,,,,,,,,,,,,
6736,3254,1,35,6,23040,,,-3,,,,,,,,,,,,,,
6737,3255,1,48,3,23040,,,-3,,,,,,,,,,,,,,
6738,3256,1,2,6,23040,,,-3,,,,,,,,,,,,,,
6739,3257,1,187,7,23040,,,-3,,,,,,,,,,,,,,
6740,3257,1,110,4,23040,,,-3,,,,,,,,,,,,,,
6741,3257,1,16,5,23040,,,-3,,,,,,,,,,,,,,
6742,3257,1,28,5,23040,,,-3,,,,,,,,,,,,,,
6743,3257,1,333,11,23040,,,-3,,,,,,,,,,,,,,
6744,3257,1,10,8,23040,,,-3,,,,,,,,,,,,,,
6745,3258,1,102,7,23100,,,-3,,,,,,,,,,,,,,
6746,3259,1,466,10,23100,,,-3,,,,,,,,,,,,,,
6747,3259,1,57,10,23100,,,-3,,,,,,,,,,,,,,
6748,3259,1,43,8,23100,,,-3,,,,,,,,,,,,,,
6749,3259,1,0,6,23100,,,-3,,,,,,,,,,,,,,
6750,3259,1,212,8,23100,,,-3,,,,,,,,,,,,,,
6751,3260,1,50,9,23100,,,-3,,,,,,,,,,,,,,
6752,3260,1,8,10,23100,,,-3,,,,,,,,,,,,,,
6753,3261,1,386,10,23100,,,-3,,,,,,,,,,,,,,
6754,3262,1,341,4,23160,,,-3,,,,,,,,,,,,,,
6755,3262,1,21,5,23160,,,-3,,,,,,,,,,,,,,
6756,3262,1,157,9,23160,,,-3,,,,,,,,,,,,,,
6757,3262,1,76,4,23160,,,-3,,,,,,,,,,,,,,
6758,3263,1,124,10,23160,,,-3,,,,,,,,,,,,,,
6759,3263,1,29,7,23160,,,-3,,,,,,,,,,,,,,
6760,3263,1,10,2,23160,,,-3,,,,,,,,,,,,,,
6761,3264,1,301,6,23160,,,-3,,,,,,,,,,,,,,
6762,3264,1,172,7,23160,,,-3,,,,,,,,,,,,,,
6763,3265,1,6,10,23160,,,-3,,,,,,,,,,,,,,
6764,3265,1,1,2,23160,,,-3,,,,,,,,,,,,,,
6765,3265,1,74,8,23160,,,-3,,,,,,,,,,,,,,
6766,3265,1,122,4,23160,,,-3,,,,,,,,,,,,,,
6767,3265,1,3,1,23160,,,-3,,,,,,,,,,,,,,
6768,3265,1,62,8,23160,,,-3,,,,,,,,,,,,,,
6769,3266,1,145,8,23160,,,-3,,,,,,,,,,,,,,
6770,3266,1,31,8,23160,,,-3,,,,,,,,,,,,,,
6771,3266,1,102,10,23160,,,-3,,,,,,,,,,,,,,
6772,3266,1,7,12,23160,,,-3,,,,,,,,,,,,,,
6773,3266,1,5,4,23160,,,-3,,,,,,,,,,,,,,
6774,3266,1,367,11,23160,,,-3,,,,,,,,,,,,,,
6775,3267,1,269,6,23160,,,-3,,,,,,,,,,,,,,
6776,3267,1,13,10,23160,,,-3,,,,,,,,,,,,,,
6777,3267,1,31,12,23160,,,-3,,,,,,,,,,,,,,
6778,3267,1,50,10,23160,,,-3,,,,,,,,,,,,,,
6779,3267,1,133,2,23160,,,-3,,,,,,,,,,,,,,
6780,3267,1,143,8,23160,,,-3,,,,,,,,,,,,,,
6781,3267,1,70,6,23160,,,-3,,,,,,,,,,,,,,
6782,3268,1,96,8,23160,,,-3,,,,,,,,,,,,,,
6783,3269,1,13,5,23160,,,-3,,,,,,,,,,,,,,
6784,3270,1,57,1,23160,,,-3,,,,,,,,,,,,,,
6785,3270,1,92,5,23160,,,-3,,,,,,,,,,,,,,
6786,3270,1,68,2,23160,,,-3,,,,,,,,,,,,,,
6787,3270,1,24,10,23160,,,-3,,,,,,,,,,,,,,
6788,3271,1,97,5,23220,,,-3,,,,,,,,,,,,,,
6789,3271,1,22,4,23220,,,-3,,,,,,,,,,,,,,
6790,3271,1,74,7,23220,,,-3,,,,,,,,,,,,,,
6791,3272,1,14,12,23220,,,-3,,,,,,,,,,,,,,
6792,3273,1,39,2,23220,,,-3,,,,,,,,,,,,,,
6793,3274,1,78,8,23220,,,-3,,,,,,,,,,,,,,
6794,3275,1,20,1,23220,,,-3,,,,,,,,,,,,,,
6795,3275,1,2,8,23220,,,-3,,,,,,,,,,,,,,
6796,3275,1,1,11,23220,,,-3,,,,,,,,,,,,,,
6797,3276,1,42,2,23220,,,-3,,,,,,,,,,,,,,
6798,3277,1,120,6,23220,,,-3,,,,,,,,,,,,,,
6799,3277,1,37,4,23220,,,-3,,,,,,,,,,,,,,
6800,3277,1,12,5,23220,,,-3,,,,,,,,,,,,,,
6801,3278,1,38,7,23220,,,-3,,,,,,,,,,,,,,
6802,3278,1,27,7,23220,,,-3,,,,,,,,,,,,,,
6803,3278,1,139,8,23220,,,-3,,,,,,,,,,,,,,
6804,3278,1,154,8,23220,,,-3,,,,,,,,,,,,,,
6805,3278,1,190,8,23220,,,-3,,,,,,,,,,,,,,
6806,3279,1,86,11,23280,,,-3,,,,,,,,,,,,,,
6807,3279,1,0,6,23280,,,-3,,,,,,,,,,,,,,
6808,3280,1,176,5,23280,,,-3,,,,,,,,,,,,,,
6809,3281,1,368,4,23280,,,-3,,,,,,,,,,,,,,
6810,3281,1,9,5,23280,,,-3,,,,,,,,,,,,,,
6811,3282,1,391,4,23280,,,-3,,,,,,,,,,,,,,
6812,3282,1,12,6,23280,,,-3,,,,,,,,,,,,,,
6813,3283,1,80,8,23280,,,-3,,,,,,,,,,,,,,
6814,3284,1,90,8,23280,,,-3,,,,,,,,,,,,,,
6815,3285,1,60,7,23280,,,-3,,,,,,,,,,,,,,
6816,3285,1,154,7,23280,,,-3,,,,,,,,,,,,,,
6817,3285,1,91,6,23280,,,-3,,,,,,,,,,,,,,
6818,3285,1,3,6,23280,,,-3,,,,,,,,,,,,,,
6819,3286,1,150,5,23280,,,-3,,,,,,,,,,,,,,
6820,3286,1,44,3,23280,,,-3,,,,,,,,,,,,,,
6821,3286,1,116,6,23280,,,-3,,,,,,,,,,,,,,
6822,3286,1,109,8,23280,,,-3,,,,,,,,,,,,,,
6823,3287,1,52,7,23280,,,-3,,,,,,,,,,,,,,
6824,3287,1,246,3,23280,,,-3,,,,,,,,,,,,,,
6825,3288,1,34,5,23280,,,-3,,,,,,,,,,,,,,
6826,3289,1,20,4,23280,,,-3,,,,,,,,,,,,,,
6827,3289,1,225,6,23280,,,-3,,,,,,,,,,,,,,
6828,3289,1,42,8,23280,,,-3,,,,,,,,,,,,,,
6829,3289,1,37,8,23280,,,-3,,,,,,,,,,,,,,
6830,3289,1,41,6,23280,,,-3,,,,,,,,,,,,,,
6831,3289,1,374,8,23280,,,-3,,,,,,,,,,,,,,
6832,3289,1,274,10,23280,,,-3,,,,,,,,,,,,,,
6833,3290,1,27,4,23340,,,-3,,,,,,,,,,,,,,
6834,3290,1,168,2,23340,,,-3,,,,,,,,,,,,,,
6835,3290,1,140,4,23340,,,-3,,,,,,,,,,,,,,
6836,3290,1,5,8,23340,,,-3,,,,,,,,,,,,,,
6837,3290,1,392,10,23340,,,-3,,,,,,,,,,,,,,
6838,3291,1,95,10,23340,,,-3,,,,,,,,,,,,,,
6839,3291,1,155,6,23340,,,-3,,,,,,,,,,,,,,
6840,3291,1,6,5,23340,,,-3,,,,,,,,,,,,,,
6841,3292,1,4,8,23340,,,-3,,,,,,,,,,,,,,
6842,3292,1,23,5,23340,,,-3,,,,,,,,,,,,,,
6843,3293,1,326,2,23340,,,-3,,,,,,,,,,,,,,
6844,3293,1,11,8,23340,,,-3,,,,,,,,,,,,,,
6845,3293,1,130,6,23340,,,-3,,,,,,,,,,,,,,
6846,3294,1,18,8,23340,,,-3,,,,,,,,,,,,,,
6847,3294,1,132,7,23340,,,-3,,,,,,,,,,,,,,
6848,3295,1,57,11,23340,,,-3,,,,,,,,,,,,,,
6849,3296,1,83,12,23340,,,-3,,,,,,,,,,,,,,
6850,3296,1,114,11,23340,,,-3,,,,,,,,,,,,,,
6851,3296,1,23,8,23340,,,-3,,,,,,,,,,,,,,
6852,3297,1,23,6,23340,,,-3,,,,,,,,,,,,,,
6853,3298,1,253,1,23340,,,-3,,,,,,,,,,,,,,
6854,3299,1,41,4,23340,,,-3,,,,,,,,,,,,,,
6855,3300,1,177,10,23340,,,-3,,,,,,,,,,,,,,
6856,3300,1,82,6,23340,,,-3,,,,,,,,,,,,,,
6857,3301,1,5,1,23400,,,-3,,,,,,,,,,,,,,
6858,3302,1,15,1,23400,,,-3,,,,,,,,,,,,,,
6859,3303,1,44,12,23400,,,-3,,,,,,,,,,,,,,
6860,3304,1,104,8,23400,,,-3,,,,,,,,,,,,,,
6861,3305,1,0,12,23400,,,-3,,,,,,,,,,,,,,
6862,3305,1,197,7,23400,,,-3,,,,,,,,,,,,,,
6863,3306,1,54,6,23400,,,-3,,,,,,,,,,,,,,
6864,3306,1,2,3,23400,,,-3,,,,,,,,,,,,,,
6865,3306,1,26,6,23400,,,-3,,,,,,,,,,,,,,
6866,3306,1,47,8,23400,,,-3,,,,,,,,,,,,,,
6867,3306,1,190,1,23400,,,-3,,,,,,,,,,,,,,
6868,3306,1,40,10,23400,,,-3,,,,,,,,,,,,,,
6869,3307,1,431,5,23400,,,-3,,,,,,,,,,,,,,
6870,3308,1,131,5,23400,,,-3,,,,,,,,,,,,,,
6871,3308,1,448,5,23400,,,-3,,,,,,,,,,,,,,
6872,3309,1,51,9,23400,,,-3,,,,,,,,,,,,,,
6873,3310,1,6,4,23400,,,-3,,,,,,,,,,,,,,
6874,3310,1,331,1,23400,,,-3,,,,,,,,,,,,,,
6875,3311,1,39,4,23460,,,-3,,,,,,,,,,,,,,
6876,3312,1,72,9,23460,,,-3,,,,,,,,,,,,,,
6877,3313,1,357,3,23460,,,-3,,,,,,,,,,,,,,
6878,3314,1,38,8,23460,,,-3,,,,,,,,,,,,,,
6879,3315,1,73,8,23460,,,-3,,,,,,,,,,,,,,
6880,3315,1,8,2,23460,,,-3,,,,,,,,,,,,,,
6881,3315,1,132,7,23460,,,-3,,,,,,,,,,,,,,
6882,3315,1,29,2,23460,,,-3,,,,,,,,,,,,,,
6883,3315,1,92,10,23460,,,-3,,,,,,,,,,,,,,
6884,3315,1,483,2,23460,,,-3,,,,,,,,,,,,,,
6885,3315,1,148,2,23460,,,-3,,,,,,,,,,,,,,
6886,3315,1,15,2,23460,,,-3,,,,,,,,,,,,,,
6887,3316,1,133,8,23460,,,-3,,,,,,,,,,,,,,
6888,3316,1,2,11,23460,,,-3,,,,,,,,,,,,,,
6889,3317,1,116,1,23460,,,-3,,,,,,,,,,,,,,
6890,3318,1,141,7,23520,,,-3,,,,,,,,,,,,,,
6891,3319,1,91,4,23520,,,-3,,,,,,,,,,,,,,
6892,3319,1,120,4,23520,,,-3,,,,,,,,,,,,,,
6893,3320,1,321,4,23520,,,-3,,,,,,,,,,,,,,
6894,3321,1,172,8,23520,,,-3,,,,,,,,,,,,,,
6895,3322,1,300,6,23520,,,-3,,,,,,,,,,,,,,
6896,3322,1,424,4,23520,,,-3,,,,,,,,,,,,,,
6897,3323,1,42,6,23520,,,-3,,,,,,,,,,,,,,
6898,3323,1,485,10,23520,,,-3,,,,,,,,,,,,,,
6899,3324,1,161,10,23520,,,-3,,,,,,,,,,,,,,
6900,3324,1,287,6,23520,,,-3,,,,,,,,,,,,,,
6901,3325,1,355,9,23520,,,-3,,,,,,,,,,,,,,
6902,3325,1,76,8,23520,,,-3,,,,,,,,,,,,,,
6903,3325,1,46,7,23520,,,-3,,,,,,,,,,,,,,
6904,3325,1,18,1,23520,,,-3,,,,,,,,,,,,,,
6905,3325,1,385,3,23520,,,-3,,,,,,,,,,,,,,
6906,3326,1,43,6,23520,,,-3,,,,,,,,,,,,,,
6907,3326,1,0,10,23520,,,-3,,,,,,,,,,,,,,
6908,3326,1,272,8,23520,,,-3,,,,,,,,,,,,,,
6909,3327,1,15,10,23580,,,-3,,,,,,,,,,,,,,
6910,3328,1,64,6,23580,,,-3,,,,,,,,,,,,,,
6911,3328,1,0,9,23580,,,-3,,,,,,,,,,,,,,
6912,3329,1,461,2,23580,,,-3,,,,,,,,,,,,,,
6913,3329,1,36,10,23580,,,-3,,,,,,,,,,,,,,
6914,3330,1,12,7,23580,,,-3,,,,,,,,,,,,,,
6915,3330,1,125,4,23580,,,-3,,,,,,,,,,,,,,
6916,3330,1,19,10,23580,,,-3,,,,,,,,,,,,,,
6917,3330,1,5,4,23580,,,-3,,,,,,,,,,,,,,
6918,3331,1,372,2,23580,,,-3,,,,,,,,,,,,,,
6919,3331,1,96,3,23580,,,-3,,,,,,,,,,,,,,
6920,3331,1,219,2,23580,,,-3,,,,,,,,,,,,,,
6921,3332,1,101,1,23580,,,-3,,,,,,,,,,,,,,
6922,3332,1,211,7,23580,,,-3,,,,,,,,,,,,,,
6923,3332,1,150,1,23580,,,-3,,,,,,,,,,,,,,
6924,3333,1,16,4,23580,,,-3,,,,,,,,,,,,,,
6925,3334,1,32,6,23580,,,-3,,,,,,,,,,,,,,
6926,3334,1,262,9,23580,,,-3,,,,,,,,,,,,,,
6927,3334,1,36,6,23580,,,-3,,,,,,,,,,,,,,
6928,3335,1,124,7,23580,,,-3,,,,,,,,,,,,,,
6929,3335,1,38,8,23580,,,-3,,,,,,,,,,,,,,
6930,3335,1,399,9,23580,,,-3,,,,,,,,,,,,,,
6931,3335,1,6,2,23580,,,-3,,,,,,,,,,,,,,
6932,3335,1,375,8,23580,,,-3,,,,,,,,,,,,,,
6933,3335,1,3,1,23580,,,-3,,,,,,,,,,,,,,
6934,3335,1,7,12,23580,,,-3,,,,,,,,,,,,,,
6935,3335,1,94,1,23580,,,-3,,,,,,,,,,,,,,
6936,3336,1,452,11,23580,,,-3,,,,,,,,,,,,,,
6937,3337,1,2,8,23580,,,-3,,,,,,,,,,,,,,
6938,3337,1,32,3,23580,,,-3,,,,,,,,,,,,,,
6939,3337,1,17,7,23580,,,-3,,,,,,,,,,,,,,
6940,3338,1,113,4,23640,,,-3,,,,,,,,,,,,,,
6941,3339,1,222,8,23640,,,-3,,,,,,,,,,,,,,
6942,3339,1,75,4,23640,,,-3,,,,,,,,,,,,,,
6943,3339,1,34,11,23640,,,-3,,,,,,,,,,,,,,
6944,3340,1,20,4,23640,,,-3,,,,,,,,,,,,,,
6945,3341,1,2,7,23640,,,-3,,,,,,,,,,,,,,
6946,3342,1,190,4,23640,,,-3,,,,,,,,,,,,,,
6947,3343,1,209,10,23640,,,-3,,,,,,,,,,,,,,
6948,3343,1,3,10,23640,,,-3,,,,,,,,,,,,,,
6949,3343,1,19,6,23640,,,-3,,,,,,,,,,,,,,
6950,3343,1,49,4,23640,,,-3,,,,,,,,,,,,,,
6951,3343,1,89,10,23640,,,-3,,,,,,,,,,,,,,
6952,3344,1,177,8,23640,,,-3,,,,,,,,,,,,,,
6953,3345,1,59,4,23640,,,-3,,,,,,,,,,,,,,
6954,3345,1,199,2,23640,,,-3,,,,,,,,,,,,,,
6955,3345,1,47,10,23640,,,-3,,,,,,,,,,,,,,
6956,3346,1,161,8,23640,,,-3,,,,,,,,,,,,,,
6957,3346,1,125,10,23640,,,-3,,,,,,,,,,,,,,
6958,3346,1,23,5,23640,,,-3,,,,,,,,,,,,,,
6959,3347,1,32,6,23640,,,-3,,,,,,,,,,,,,,
6960,3348,1,23,8,23640,,,-3,,,,,,,,,,,,,,
6961,3348,1,354,9,23640,,,-3,,,,,,,,,,,,,,
6962,3349,1,37,6,23640,,,-3,,,,,,,,,,,,,,
6963,3350,1,33,10,23640,,,-3,,,,,,,,,,,,,,
6964,3350,1,287,8,23640,,,-3,,,,,,,,,,,,,,
6965,3350,1,28,8,23640,,,-3,,,,,,,,,,,,,,
6966,3351,1,10,3,23640,,,-3,,,,,,,,,,,,,,
6967,3351,1,319,8,23640,,,-3,,,,,,,,,,,,,,
6968,3352,1,77,5,23700,,,-3,,,,,,,,,,,,,,
6969,3352,1,96,4,23700,,,-3,,,,,,,,,,,,,,
6970,3352,1,53,4,23700,,,-3,,,,,,,,,,,,,,
6971,3352,1,152,5,23700,,,-3,,,,,,,,,,,,,,
6972,3352,1,207,12,23700,,,-3,,,,,,,,,,,,,,
6973,3352,1,33,6,23700,,,-3,,,,,,,,,,,,,,
6974,3353,1,411,11,23700,,,-3,,,,,,,,,,,,,,
6975,3353,1,29,4,23700,,,-3,,,,,,,,,,,,,,
6976,3353,1,27,7,23700,,,-3,,,,,,,,,,,,,,
6977,3353,1,319,3,23700,,,-3,,,,,,,,,,,,,,
6978,3353,1,100,4,23700,,,-3,,,,,,,,,,,,,,
6979,3353,1,113,5,23700,,,-3,,,,,,,,,,,,,,
6980,3353,1,9,7,23700,,,-3,,,,,,,,,,,,,,
6981,3354,1,24,4,23700,,,-3,,,,,,,,,,,,,,
6982,3354,1,2,3,23700,,,-3,,,,,,,,,,,,,,
6983,3355,1,4,4,23700,,,-3,,,,,,,,,,,,,,
6984,3356,1,248,12,23700,,,-3,,,,,,,,,,,,,,
6985,3356,1,47,10,23700,,,-3,,,,,,,,,,,,,,
6986,3357,1,67,6,23700,,,-3,,,,,,,,,,,,,,
6987,3358,1,21,11,23760,,,-3,,,,,,,,,,,,,,
6988,3358,1,79,6,23760,,,-3,,,,,,,,,,,,,,
6989,3359,1,5,3,23760,,,-3,,,,,,,,,,,,,,
6990,3360,1,264,2,23760,,,-3,,,,,,,,,,,,,,
6991,3361,1,31,10,23760,,,-3,,,,,,,,,,,,,,
6992,3361,1,169,5,23760,,,-3,,,,,,,,,,,,,,
6993,3361,1,94,5,23760,,,-3,,,,,,,,,,,,,,
6994,3361,1,20,7,23760,,,-3,,,,,,,,,,,,,,
6995,3362,1,307,4,23760,,,-3,,,,,,,,,,,,,,
6996,3362,1,5,12,23760,,,-3,,,,,,,,,,,,,,
6997,3362,1,142,5,23760,,,-3,,,,,,,,,,,,,,
6998,3362,1,213,11,23760,,,-3,,,,,,,,,,,,,,
6999,3363,1,146,5,23820,,,-3,,,,,,,,,,,,,,
7000,3364,1,307,8,23820,,,-3,,,,,,,,,,,,,,
7001,3364,1,155,9,23820,,,-3,,,,,,,,,,,,,,
7002,3364,1,102,4,23820,,,-3,,,,,,,,,,,,,,
7003,3365,1,42,6,23820,,,-3,,,,,,,,,,,,,,
7004,3366,1,2,5,23820,,,-3,,,,,,,,,,,,,,
7005,3366,1,450,6,23820,,,-3,,,,,,,,,,,,,,
7006,3366,1,102,9,23820,,,-3,,,,,,,,,,,,,,
7007,3367,1,422,5,23820,,,-3,,,,,,,,,,,,,,
7008,3368,1,1,6,23820,,,-3,,,,,,,,,,,,,,
7009,3368,1,35,7,23820,,,-3,,,,,,,,,,,,,,
7010,3369,1,193,4,23820,,,-3,,,,,,,,,,,,,,
7011,3369,1,61,6,23820,,,-3,,,,,,,,,,,,,,
7012,3369,1,213,4,23820,,,-3,,,,,,,,,,,,,,
7013,3369,1,133,12,23820,,,-3,,,,,,,,,,,,,,
7014,3370,1,9,8,23820,,,-3,,,,,,,,,,,,,,
7015,3371,1,12,4,23820,,,-3,,,,,,,,,,,,,,
7016,3371,1,191,2,23820,,,-3,,,,,,,,,,,,,,
7017,3371,1,394,6,23820,,,-3,,,,,,,,,,,,,,
7018,3372,1,6,4,23820,,,-3,,,,,,,,,,,,,,
7019,3372,1,468,4,23820,,,-3,,,,,,,,,,,,,,
7020,3372,1,110,5,23820,,,-3,,,,,,,,,,,,,,
7021,3373,1,10,4,23820,,,-3,,,,,,,,,,,,,,
7022,3373,1,138,12,23820,,,-3,,,,,,,,,,,,,,
7023,3373,1,1,5,23820,,,-3,,,,,,,,,,,,,,
7024,3373,1,3,4,23820,,,-3,,,,,,,,,,,,,,
7025,3374,1,151,9,23880,,,-3,,,,,,,,,,,,,,
7026,3375,1,200,2,23880,,,-3,,,,,,,,,,,,,,
7027,3376,1,13,2,23880,,,-3,,,,,,,,,,,,,,
7028,3376,1,84,6,23880,,,-3,,,,,,,,,,,,,,
7029,3376,1,24,7,23880,,,-3,,,,,,,,,,,,,,
7030,3377,1,337,6,23880,,,-3,,,,,,,,,,,,,,
7031,3377,1,150,5,23880,,,-3,,,,,,,,,,,,,,
7032,3377,1,391,5,23880,,,-3,,,,,,,,,,,,,,
7033,3378,1,30,4,23880,,,-3,,,,,,,,,,,,,,
7034,3378,1,261,11,23880,,,-3,,,,,,,,,,,,,,
7035,3378,1,223,2,23880,,,-3,,,,,,,,,,,,,,
7036,3378,1,10,8,23880,,,-3,,,,,,,,,,,,,,
7037,3378,1,35,8,23880,,,-3,,,,,,,,,,,,,,
7038,3378,1,22,5,23880,,,-3,,,,,,,,,,,,,,
7039,3378,1,21,8,23880,,,-3,,,,,,,,,,,,,,
7040,3379,1,24,11,23880,,,-3,,,,,,,,,,,,,,
7041,3380,1,96,8,23880,,,-3,,,,,,,,,,,,,,
7042,3381,1,354,8,23880,,,-3,,,,,,,,,,,,,,
7043,3382,1,4,4,23880,,,-3,,,,,,,,,,,,,,
7044,3382,1,32,6,23880,,,-3,,,,,,,,,,,,,,
7045,3382,1,48,6,23880,,,-3,,,,,,,,,,,,,,
7046,3382,1,5,7,23880,,,-3,,,,,,,,,,,,,,
7047,3383,1,38,5,23880,,,-3,,,,,,,,,,,,,,
7048,3383,1,145,2,23880,,,-3,,,,,,,,,,,,,,
7049,3384,1,33,6,23880,,,-3,,,,,,,,,,,,,,
7050,3385,1,2,2,23880,,,-3,,,,,,,,,,,,,,
7051,3386,1,124,1,23940,,,-3,,,,,,,,,,,,,,
7052,3386,1,33,8,23940,,,-3,,,,,,,,,,,,,,
7053,3386,1,348,12,23940,,,-3,,,,,,,,,,,,,,
7054,3387,1,489,3,23940,,,-3,,,,,,,,,,,,,,
7055,3388,1,12,4,23940,,,-3,,,,,,,,,,,,,,
7056,3389,1,271,8,23940,,,-3,,,,,,,,,,,,,,
7057,3390,1,37,8,23940,,,-3,,,,,,,,,,,,,,
7058,3391,1,250,5,23940,,,-3,,,,,,,,,,,,,,
7059,3391,1,17,8,23940,,,-3,,,,,,,,,,,,,,
7060,3391,1,2,6,23940,,,-3,,,,,,,,,,,,,,
7061,3391,1,35,12,23940,,,-3,,,,,,,,,,,,,,
7062,3392,1,31,5,23940,,,-3,,,,,,,,,,,,,,
7063,3392,1,128,3,23940,,,-3,,,,,,,,,,,,,,
7064,3392,1,34,8,23940,,,-3,,,,,,,,,,,,,,
7065,3393,1,2,6,23940,,,-3,,,,,,,,,,,,,,
7066,3393,1,454,1,23940,,,-3,,,,,,,,,,,,,,
7067,3394,1,162,8,23940,,,-3,,,,,,,,,,,,,,
7068,3394,1,196,7,23940,,,-3,,,,,,,,,,,,,,
7069,3395,1,21,12,23940,,,-3,,,,,,,,,,,,,,
7070,3395,1,36,6,23940,,,-3,,,,,,,,,,,,,,
7071,3396,1,308,3,23940,,,-3,,,,,,,,,,,,,,
7072,3397,1,16,7,23940,,,-3,,,,,,,,,,,,,,
7073,3398,1,3,4,23940,,,-3,,,,,,,,,,,,,,
7074,3398,1,438,11,23940,,,-3,,,,,,,,,,,,,,
7075,3399,1,14,8,24000,,,-3,,,,,,,,,,,,,,
7076,3399,1,113,4,24000,,,-3,,,,,,,,,,,,,,
7077,3399,1,398,8,24000,,,-3,,,,,,,,,,,,,,
7078,3400,1,40,7,24000,,,-3,,,,,,,,,,,,,,
7079,3401,1,249,5,24000,,,-3,,,,,,,,,,,,,,
7080,3402,1,452,4,24000,,,-3,,,,,,,,,,,,,,
7081,3402,1,49,11,24000,,,-3,,,,,,,,,,,,,,
7082,3403,1,17,5,24000,,,-3,,,,,,,,,,,,,,
7083,3403,1,2,12,24000,,,-3,,,,,,,,,,,,,,
7084,3403,1,33,5,24000,,,-3,,,,,,,,,,,,,,
7085,3404,1,93,4,24000,,,-3,,,,,,,,,,,,,,
7086,3404,1,19,6,24000,,,-3,,,,,,,,,,,,,,
7087,3405,1,108,3,24000,,,-3,,,,,,,,,,,,,,
7088,3406,1,23,10,24060,,,-3,,,,,,,,,,,,,,
7089,3406,1,92,12,24060,,,-3,,,,,,,,,,,,,,
7090,3406,1,5,10,24060,,,-3,,,,,,,,,,,,,,
7091,3406,1,1,6,24060,,,-3,,,,,,,,,,,,,,
7092,3406,1,176,9,24060,,,-3,,,,,,,,,,,,,,
7093,3406,1,94,6,24060,,,-3,,,,,,,,,,,,,,
7094,3407,1,17,9,24060,,,-3,,,,,,,,,,,,,,
7095,3408,1,143,10,24060,,,-3,,,,,,,,,,,,,,
7096,3408,1,418,2,24060,,,-3,,,,,,,,,,,,,,
7097,3409,1,7,6,24060,,,-3,,,,,,,,,,,,,,
7098,3409,1,17,7,24060,,,-3,,,,,,,,,,,,,,
7099,3409,1,143,11,24060,,,-3,,,,,,,,,,,,,,
7100,3410,1,420,10,24060,,,-3,,,,,,,,,,,,,,
7101,3411,1,23,9,24060,,,-3,,,,,,,,,,,,,,
7102,3411,1,185,7,24060,,,-3,,,,,,,,,,,,,,
7103,3411,1,30,8,24060,,,-3,,,,,,,,,,,,,,
7104,3412,1,0,3,24060,,,-3,,,,,,,,,,,,,,
7105,3413,1,9,8,24120,,,-3,,,,,,,,,,,,,,
7106,3414,1,33,10,24120,,,-3,,,,,,,,,,,,,,
7107,3414,1,90,4,24120,,,-3,,,,,,,,,,,,,,
7108,3414,1,13,7,24120,,,-3,,,,,,,,,,,,,,
7109,3415,1,393,4,24120,,,-3,,,,,,,,,,,,,,
7110,3415,1,30,6,24120,,,-3,,,,,,,,,,,,,,
7111,3416,1,18,6,24120,,,-3,,,,,,,,,,,,,,
7112,3416,1,41,4,24120,,,-3,,,,,,,,,,,,,,
7113,3417,1,2,2,24120,,,-3,,,,,,,,,,,,,,
7114,3417,1,46,9,24120,,,-3,,,,,,,,,,,,,,
7115,3418,1,4,7,24120,,,-3,,,,,,,,,,,,,,
7116,3419,1,129,5,24120,,,-3,,,,,,,,,,,,,,
7117,3420,1,31,8,24120,,,-3,,,,,,,,,,,,,,
7118,3420,1,167,8,24120,,,-3,,,,,,,,,,,,,,
7119,3420,1,273,9,24120,,,-3,,,,,,,,,,,,,,
7120,3421,1,80,5,24120,,,-3,,,,,,,,,,,,,,
7121,3421,1,4,7,24120,,,-3,,,,,,,,,,,,,,
7122,3422,1,6,3,24120,,,-3,,,,,,,,,,,,,,
7123,3423,1,1,8,24180,,,-3,,,,,,,,,,,,,,
7124,3423,1,362,6,24180,,,-3,,,,,,,,,,,,,,
7125,3423,1,60,3,24180,,,-3,,,,,,,,,,,,,,
7126,3423,1,16,8,24180,,,-3,,,,,,,,,,,,,,
7127,3424,1,127,9,24180,,,-3,,,,,,,,,,,,,,
7128,3425,1,49,12,24180,,,-3,,,,,,,,,,,,,,
7129,3426,1,5,2,24180,,,-3,,,,,,,,,,,,,,
7130,3427,1,178,8,24180,,,-3,,,,,,,,,,,,,,
7131,3427,1,15,7,24180,,,-3,,,,,,,,,,,,,,
7132,3427,1,63,9,24180,,,-3,,,,,,,,,,,,,,
7133,3428,1,144,3,24180,,,-3,,,,,,,,,,,,,,
7134,3428,1,323,8,24180,,,-3,,,,,,,,,,,,,,
7135,3429,1,3,8,24180,,,-3,,,,,,,,,,,,,,
7136,3430,1,8,9,24180,,,-3,,,,,,,,,,,,,,
7137,3431,1,87,10,24180,,,-3,,,,,,,,,,,,,,
7138,3431,1,51,4,24180,,,-3,,,,,,,,,,,,,,
7139,3431,1,131,6,24180,,,-3,,,,,,,,,,,,,,
7140,3431,1,16,2,24180,,,-3,,,,,,,,,,,,,,
7141,3431,1,206,3,24180,,,-3,,,,,,,,,,,,,,
7142,3431,1,5,3,24180,,,-3,,,,,,,,,,,,,,
7143,3432,1,45,9,24180,,,-3,,,,,,,,,,,,,,
7144,3433,1,24,10,24180,,,-3,,,,,,,,,,,,,,
7145,3433,1,82,7,24180,,,-3,,,,,,,,,,,,,,
7146,3434,1,9,3,24240,,,-3,,,,,,,,,,,,,,
7147,3435,1,36,4,24240,,,-3,,,,,,,,,,,,,,
7148,3436,1,31,8,24240,,,-3,,,,,,,,,,,,,,
7149,3436,1,13,4,24240,,,-3,,,,,,,,,,,,,,
7150,3437,1,34,5,24240,,,-3,,,,,,,,,,,,,,
7151,3438,1,6,10,24240,,,-3,,,,,,,,,,,,,,
7152,3439,1,5,7,24240,,,-3,,,,,,,,,,,,,,
7153,3439,1,0,8,24240,,,-3,,,,,,,,,,,,,,
7154,3440,1,469,3,24240,,,-3,,,,,,,,,,,,,,
7155,3441,1,86,8,24240,,,-3,,,,,,,,,,,,,,
7156,3442,1,3,7,24240,,,-3,,,,,,,,,,,,,,
7157,3442,1,170,8,24240,,,-3,,,,,,,,,,,,,,
7158,3443,1,39,4,24300,,,-3,,,,,,,,,,,,,,
7159,3443,1,176,8,24300,,,-3,,,,,,,,,,,,,,
7160,3443,1,32,9,24300,,,-3,,,,,,,,,,,,,,
7161,3444,1,170,8,24300,,,-3,,,,,,,,,,,,,,
7162,3445,1,41,10,24300,,,-3,,,,,,,,,,,,,,
7163,3446,1,103,10,24300,,,-3,,,,,,,,,,,,,,
7164,3446,1,166,2,24300,,,-3,,,,,,,,,,,,,,
7165,3446,1,120,8,24300,,,-3,,,,,,,,,,,,,,
7166,3446,1,35,10,24300,,,-3,,,,,,,,,,,,,,
7167,3446,1,47,5,24300,,,-3,,,,,,,,,,,,,,
7168,3447,1,54,4,24300,,,-3,,,,,,,,,,,,,,
7169,3447,1,3,9,24300,,,-3,,,,,,,,,,,,,,
7170,3448,1,59,10,24360,,,-3,,,,,,,,,,,,,,
7171,3448,1,30,8,24360,,,-3,,,,,,,,,,,,,,
7172,3449,1,8,5,24360,,,-3,,,,,,,,,,,,,,
7173,3449,1,28,5,24360,,,-3,,,,,,,,,,,,,,
7174,3450,1,46,7,24360,,,-3,,,,,,,,,,,,,,
7175,3451,1,24,5,24420,,,-3,,,,,,,,,,,,,,
7176,3452,1,166,2,24420,,,-3,,,,,,,,,,,,,,
7177,3453,1,26,3,24420,,,-3,,,,,,,,,,,,,,
7178,3454,1,41,10,24420,,,-3,,,,,,,,,,,,,,
7179,3454,1,495,10,24420,,,-3,,,,,,,,,,,,,,
7180,3454,1,9,11,24420,,,-3,,,,,,,,,,,,,,
7181,3454,1,100,3,24420,,,-3,,,,,,,,,,,,,,
7182,3455,1,44,4,24420,,,-3,,,,,,,,,,,,,,
7183,3455,1,60,6,24420,,,-3,,,,,,,,,,,,,,
7184,3455,1,64,8,24420,,,-3,,,,,,,,,,,,,,
7185,3455,1,468,2,24420,,,-3,,,,,,,,,,,,,,
7186,3455,1,229,6,24420,,,-3,,,,,,,,,,,,,,
7187,3455,1,84,6,24420,,,-3,,,,,,,,,,,,,,
7188,3455,1,4,1,24420,,,-3,,,,,,,,,,,,,,
7189,3456,1,120,5,24420,,,-3,,,,,,,,,,,,,,
7190,3456,1,52,4,24420,,,-3,,,,,,,,,,,,,,
7191,3457,1,31,12,24420,,,-3,,,,,,,,,,,,,,
7192,3457,1,379,6,24420,,,-3,,,,,,,,,,,,,,
7193,3457,1,67,6,24420,,,-3,,,,,,,,,,,,,,
7194,3457,1,21,10,24420,,,-3,,,,,,,,,,,,,,
7195,3458,1,18,12,24420,,,-3,,,,,,,,,,,,,,
7196,3458,1,414,10,24420,,,-3,,,,,,,,,,,,,,
7197,3458,1,319,7,24420,,,-3,,,,,,,,,,,,,,
7198,3459,1,4,2,24480,,,-3,,,,,,,,,,,,,,
7199,3459,1,459,8,24480,,,-3,,,,,,,,,,,,,,
7200,3460,1,2,10,24480,,,-3,,,,,,,,,,,,,,
7201,3461,1,3,4,24480,,,-3,,,,,,,,,,,,,,
7202,3462,1,1,4,24480,,,-3,,,,,,,,,,,,,,
7203,3463,1,93,5,24480,,,-3,,,,,,,,,,,,,,
7204,3464,1,374,4,24480,,,-3,,,,,,,,,,,,,,
7205,3464,1,396,3,24480,,,-3,,,,,,,,,,,,,,
7206,3465,1,64,9,24480,,,-3,,,,,,,,,,,,,,
7207,3465,1,290,5,24480,,,-3,,,,,,,,,,,,,,
7208,3466,1,14,11,24480,,,-3,,,,,,,,,,,,,,
7209,3466,1,131,6,24480,,,-3,,,,,,,,,,,,,,
7210,3466,1,70,11,24480,,,-3,,,,,,,,,,,,,,
7211,3467,1,4,6,24480,,,-3,,,,,,,,,,,,,,
7212,3468,1,26,7,24480,,,-3,,,,,,,,,,,,,,
7213,3469,1,29,8,24480,,,-3,,,,,,,,,,,,,,
7214,3469,1,10,6,24480,,,-3,,,,,,,,,,,,,,
7215,3469,1,105,4,24480,,,-3,,,,,,,,,,,,,,
7216,3470,1,25,1,24540,,,-3,,,,,,,,,,,,,,
7217,3470,1,52,4,24540,,,-3,,,,,,,,,,,,,,
7218,3471,1,140,8,24540,,,-3,,,,,,,,,,,,,,
7219,3472,1,48,12,24540,,,-3,,,,,,,,,,,,,,
7220,3472,1,13,6,24540,,,-3,,,,,,,,,,,,,,
7221,3472,1,495,8,24540,,,-3,,,,,,,,,,,,,,
7222,3473,1,0,10,24540,,,-3,,,,,,,,,,,,,,
7223,3474,1,2,8,24540,,,-3,,,,,,,,,,,,,,
7224,3475,1,39,10,24540,,,-3,,,,,,,,,,,,,,
7225,3475,1,10,4,24540,,,-3,,,,,,,,,,,,,,
7226,3475,1,263,8,24540,,,-3,,,,,,,,,,,,,,
7227,3475,1,48,10,24540,,,-3,,,,,,,,,,,,,,
7228,3476,1,48,3,24540,,,-3,,,,,,,,,,,,,,
7229,3477,1,328,4,24540,,,-3,,,,,,,,,,,,,,
7230,3478,1,16,4,24540,,,-3,,,,,,,,,,,,,,
7231,3479,1,4,4,24540,,,-3,,,,,,,,,,,,,,
7232,3479,1,333,8,24540,,,-3,,,,,,,,,,,,,,
7233,3479,1,432,8,24540,,,-3,,,,,,,,,,,,,,
7234,3480,1,78,7,24540,,,-3,,,,,,,,,,,,,,
7235,3480,1,3,4,24540,,,-3,,,,,,,,,,,,,,
7236,3481,1,12,8,24540,,,-3,,,,,,,,,,,,,,
7237,3482,1,54,2,24540,,,-3,,,,,,,,,,,,,,
7238,3483,1,13,2,24600,,,-3,,,,,,,,,,,,,,
7239,3484,1,153,10,24600,,,-3,,,,,,,,,,,,,,
7240,3485,1,307,5,24600,,,-3,,,,,,,,,,,,,,
7241,3485,1,134,4,24600,,,-3,,,,,,,,,,,,,,
7242,3486,1,11,7,24600,,,-3,,,,,,,,,,,,,,
7243,3486,1,32,10,24600,,,-3,,,,,,,,,,,,,,
7244,3486,1,336,11,24600,,,-3,,,,,,,,,,,,,,
7245,3487,1,206,11,24600,,,-3,,,,,,,,,,,,,,
7246,3487,1,157,7,24600,,,-3,,,,,,,,,,,,,,
7247,3487,1,16,7,24600,,,-3,,,,,,,,,,,,,,
7248,3488,1,11,12,24600,,,-3,,,,,,,,,,,,,,
7249,3488,1,32,7,24600,,,-3,,,,,,,,,,,,,,
7250,3489,1,193,10,24600,,,-3,,,,,,,,,,,,,,
7251,3490,1,324,4,24600,,,-3,,,,,,,,,,,,,,
7252,3490,1,0,8,24600,,,-3,,,,,,,,,,,,,,
7253,3490,1,181,7,24600,,,-3,,,,,,,,,,,,,,
7254,3491,1,306,8,24600,,,-3,,,,,,,,,,,,,,
7255,3491,1,2,1,24600,,,-3,,,,,,,,,,,,,,
7256,3491,1,18,7,24600,,,-3,,,,,,,,,,,,,,
7257,3492,1,440,4,24600,,,-3,,,,,,,,,,,,,,
7258,3493,1,17,6,24600,,,-3,,,,,,,,,,,,,,
7259,3493,1,18,5,24600,,,-3,,,,,,,,,,,,,,
7260,3493,1,381,4,24600,,,-3,,,,,,,,,,,,,,
7261,3494,1,41,6,24660,,,-3,,,,,,,,,,,,,,
7262,3494,1,94,9,24660,,,-3,,,,,,,,,,,,,,
7263,3495,1,81,2,24660,,,-3,,,,,,,,,,,,,,
7264,3495,1,14,10,24660,,,-3,,,,,,,,,,,,,,
7265,3496,1,94,3,24660,,,-3,,,,,,,,,,,,,,
7266,3497,1,9,6,24660,,,-3,,,,,,,,,,,,,,
7267,3498,1,24,7,24660,,,-3,,,,,,,,,,,,,,
7268,3499,1,33,4,24660,,,-3,,,,,,,,,,,,,,
7269,3499,1,17,4,24660,,,-3,,,,,,,,,,,,,,
7270,3499,1,82,6,24660,,,-3,,,,,,,,,,,,,,
7271,3500,1,85,10,24660,,,-3,,,,,,,,,,,,,,
7272,3501,1,51,5,24660,,,-3,,,,,,,,,,,,,,
7273,3502,1,370,6,24660,,,-3,,,,,,,,,,,,,,
7274,3503,1,71,4,24660,,,-3,,,,,,,,,,,,,,
7275,3504,1,183,5,24660,,,-3,,,,,,,,,,,,,,
7276,3505,1,31,9,24660,,,-3,,,,,,,,,,,,,,
7277,3505,1,99,4,24660,,,-3,,,,,,,,,,,,,,
7278,3506,1,156,10,24660,,,-3,,,,,,,,,,,,,,
7279,3506,1,34,8,24660,,,-3,,,,,,,,,,,,,,
7280,3507,1,248,7,24660,,,-3,,,,,,,,,,,,,,
7281,3507,1,58,2,24660,,,-3,,,,,,,,,,,,,,
7282,3508,1,472,7,24660,,,-3,,,,,,,,,,,,,,
7283,3509,1,12,9,24720,,,-3,,,,,,,,,,,,,,
7284,3510,1,11,11,24720,,,-3,,,,,,,,,,,,,,
7285,3511,1,42,3,24720,,,-3,,,,,,,,,,,,,,
7286,3511,1,34,5,24720,,,-3,,,,,,,,,,,,,,
7287,3512,1,24,4,24720,,,-3,,,,,,,,,,,,,,
7288,3512,1,261,6,24720,,,-3,,,,,,,,,,,,,,
7289,3512,1,15,6,24720,,,-3,,,,,,,,,,,,,,
7290,3512,1,84,4,24720,,,-3,,,,,,,,,,,,,,
7291,3512,1,6,6,24720,,,-3,,,,,,,,,,,,,,
7292,3513,1,173,6,24720,,,-3,,,,,,,,,,,,,,
7293,3514,1,9,10,24720,,,-3,,,,,,,,,,,,,,
7294,3514,1,90,9,24720,,,-3,,,,,,,,,,,,,,
7295,3514,1,0,6,24720,,,-3,,,,,,,,,,,,,,
7296,3514,1,5,7,24720,,,-3,,,,,,,,,,,,,,
7297,3515,1,43,5,24720,,,-3,,,,,,,,,,,,,,
7298,3515,1,235,6,24720,,,-3,,,,,,,,,,,,,,
7299,3515,1,7,8,24720,,,-3,,,,,,,,,,,,,,
7300,3515,1,37,4,24720,,,-3,,,,,,,,,,,,,,
7301,3516,1,322,6,24720,,,-3,,,,,,,,,,,,,,
7302,3517,1,100,4,24720,,,-3,,,,,,,,,,,,,,
7303,3517,1,67,2,24720,,,-3,,,,,,,,,,,,,,
7304,3517,1,9,10,24720,,,-3,,,,,,,,,,,,,,
7305,3518,1,193,9,24780,,,-3,,,,,,,,,,,,,,
7306,3518,1,75,2,24780,,,-3,,,,,,,,,,,,,,
7307,3519,1,4,8,24780,,,-3,,,,,,,,,,,,,,
7308,3519,1,177,10,24780,,,-3,,,,,,,,,,,,,,
7309,3519,1,140,5,24780,,,-3,,,,,,,,,,,,,,
7310,3520,1,18,9,24780,,,-3,,,,,,,,,,,,,,
7311,3521,1,3,4,24780,,,-3,,,,,,,,,,,,,,
7312,3521,1,124,4,24780,,,-3,,,,,,,,,,,,,,
7313,3521,1,150,5,24780,,,-3,,,,,,,,,,,,,,
7314,3522,1,35,6,24780,,,-3,,,,,,,,,,,,,,
7315,3523,1,1,9,24780,,,-3,,,,,,,,,,,,,,
7316,3523,1,414,6,24780,,,-3,,,,,,,,,,,,,,
7317,3524,1,11,5,24780,,,-3,,,,,,,,,,,,,,
7318,3524,1,4,7,24780,,,-3,,,,,,,,,,,,,,
7319,3525,1,189,11,24780,,,-3,,,,,,,,,,,,,,
7320,3525,1,177,8,24780,,,-3,,,,,,,,,,,,,,
7321,3525,1,190,7,24780,,,-3,,,,,,,,,,,,,,
7322,3525,1,141,9,24780,,,-3,,,,,,,,,,,,,,
7323,3526,1,29,8,24780,,,-3,,,,,,,,,,,,,,
7324,3527,1,72,8,24780,,,-3,,,,,,,,,,,,,,
7325,3527,1,356,9,24780,,,-3,,,,,,,,,,,,,,
7326,3527,1,126,3,24780,,,-3,,,,,,,,,,,,,,
7327,3528,1,137,10,24780,,,-3,,,,,,,,,,,,,,
7328,3528,1,11,3,24780,,,-3,,,,,,,,,,,,,,
7329,3529,1,23,3,24780,,,-3,,,,,,,,,,,,,,
7330,3529,1,69,6,24780,,,-3,,,,,,,,,,,,,,
7331,3530,1,2,2,24840,,,-3,,,,,,,,,,,,,,
7332,3530,1,31,12,24840,,,-3,,,,,,,,,,,,,,
7333,3531,1,100,6,24840,,,-3,,,,,,,,,,,,,,
7334,3531,1,18,7,24840,,,-3,,,,,,,,,,,,,,
7335,3532,1,29,7,24840,,,-3,,,,,,,,,,,,,,
7336,3532,1,103,6,24840,,,-3,,,,,,,,,,,,,,
7337,3532,1,36,3,24840,,,-3,,,,,,,,,,,,,,
7338,3533,1,11,7,24840,,,-3,,,,,,,,,,,,,,
7339,3534,1,3,6,24840,,,-3,,,,,,,,,,,,,,
7340,3534,1,410,4,24840,,,-3,,,,,,,,,,,,,,
7341,3535,1,4,8,24840,,,-3,,,,,,,,,,,,,,
7342,3535,1,0,10,24840,,,-3,,,,,,,,,,,,,,
7343,3536,1,16,8,24840,,,-3,,,,,,,,,,,,,,
7344,3536,1,76,12,24840,,,-3,,,,,,,,,,,,,,
7345,3537,1,199,3,24900,,,-3,,,,,,,,,,,,,,
7346,3537,1,30,1,24900,,,-3,,,,,,,,,,,,,,
7347,3538,1,9,11,24900,,,-3,,,,,,,,,,,,,,
7348,3539,1,484,5,24900,,,-3,,,,,,,,,,,,,,
7349,3539,1,45,6,24900,,,-3,,,,,,,,,,,,,,
7350,3539,1,1,8,24900,,,-3,,,,,,,,,,,,,,
7351,3539,1,36,6,24900,,,-3,,,,,,,,,,,,,,
7352,3540,1,412,1,24900,,,-3,,,,,,,,,,,,,,
7353,3541,1,44,2,24900,,,-3,,,,,,,,,,,,,,
7354,3541,1,9,10,24900,,,-3,,,,,,,,,,,,,,
7355,3542,1,116,7,24900,,,-3,,,,,,,,,,,,,,
7356,3542,1,53,3,24900,,,-3,,,,,,,,,,,,,,
7357,3542,1,18,6,24900,,,-3,,,,,,,,,,,,,,
7358,3543,1,183,6,24960,,,-3,,,,,,,,,,,,,,
7359,3544,1,23,5,24960,,,-3,,,,,,,,,,,,,,
7360,3545,1,136,6,24960,,,-3,,,,,,,,,,,,,,
7361,3546,1,203,6,24960,,,-3,,,,,,,,,,,,,,
7362,3547,1,12,6,24960,,,-3,,,,,,,,,,,,,,
7363,3548,1,16,10,24960,,,-3,,,,,,,,,,,,,,
7364,3548,1,232,6,24960,,,-3,,,,,,,,,,,,,,
7365,3548,1,19,4,24960,,,-3,,,,,,,,,,,,,,
7366,3549,1,15,10,24960,,,-3,,,,,,,,,,,,,,
7367,3549,1,154,5,24960,,,-3,,,,,,,,,,,,,,
7368,3550,1,21,8,24960,,,-3,,,,,,,,,,,,,,
7369,3550,1,173,10,24960,,,-3,,,,,,,,,,,,,,
7370,3551,1,38,11,24960,,,-3,,,,,,,,,,,,,,
7371,3551,1,203,6,24960,,,-3,,,,,,,,,,,,,,
7372,3551,1,78,11,24960,,,-3,,,,,,,,,,,,,,
7373,3552,1,54,11,25020,,,-3,,,,,,,,,,,,,,
7374,3552,1,40,5,25020,,,-3,,,,,,,,,,,,,,
7375,3553,1,91,10,25020,,,-3,,,,,,,,,,,,,,
7376,3553,1,138,6,25020,,,-3,,,,,,,,,,,,,,
7377,3554,1,25,6,25020,,,-3,,,,,,,,,,,,,,
7378,3555,1,228,12,25020,,,-3,,,,,,,,,,,,,,
7379,3555,1,157,12,25020,,,-3,,,,,,,,,,,,,,
7380,3555,1,63,7,25020,,,-3,,,,,,,,,,,,,,
7381,3555,1,45,1,25020,,,-3,,,,,,,,,,,,,,
7382,3556,1,7,8,25020,,,-3,,,,,,,,,,,,,,
7383,3556,1,19,10,25020,,,-3,,,,,,,,,,,,,,
7384,3556,1,126,12,25020,,,-3,,,,,,,,,,,,,,
7385,3557,1,46,9,25020,,,-3,,,,,,,,,,,,,,
7386,3557,1,126,7,25020,,,-3,,,,,,,,,,,,,,
7387,3558,1,105,8,25020,,,-3,,,,,,,,,,,,,,
7388,3559,1,427,6,25020,,,-3,,,,,,,,,,,,,,
7389,3559,1,158,8,25020,,,-3,,,,,,,,,,,,,,
7390,3560,1,47,8,25020,,,-3,,,,,,,,,,,,,,
7391,3560,1,197,12,25020,,,-3,,,,,,,,,,,,,,
7392,3560,1,41,4,25020,,,-3,,,,,,,,,,,,,,
7393,3561,1,236,8,25020,,,-3,,,,,,,,,,,,,,
7394,3561,1,318,7,25020,,,-3,,,,,,,,,,,,,,
7395,3562,1,112,10,25020,,,-3,,,,,,,,,,,,,,
7396,3563,1,29,10,25020,,,-3,,,,,,,,,,,,,,
7397,3563,1,19,3,25020,,,-3,,,,,,,,,,,,,,
7398,3563,1,49,7,25020,,,-3,,,,,,,,,,,,,,
7399,3564,1,35,8,25080,,,-3,,,,,,,,,,,,,,
7400,3565,1,152,7,25080,,,-3,,,,,,,,,,,,,,
7401,3565,1,9,8,25080,,,-3,,,,,,,,,,,,,,
7402,3565,1,17,8,25080,,,-3,,,,,,,,,,,,,,
7403,3566,1,422,3,25080,,,-3,,,,,,,,,,,,,,
7404,3567,1,397,10,25080,,,-3,,,,,,,,,,,,,,
7405,3567,1,193,7,25080,,,-3,,,,,,,,,,,,,,
7406,3567,1,38,9,25080,,,-3,,,,,,,,,,,,,,
7407,3567,1,63,5,25080,,,-3,,,,,,,,,,,,,,
7408,3568,1,261,6,25080,,,-3,,,,,,,,,,,,,,
7409,3568,1,23,6,25080,,,-3,,,,,,,,,,,,,,
7410,3569,1,278,7,25080,,,-3,,,,,,,,,,,,,,
7411,3569,1,17,6,25080,,,-3,,,,,,,,,,,,,,
7412,3569,1,443,7,25080,,,-3,,,,,,,,,,,,,,
7413,3570,1,0,3,25080,,,-3,,,,,,,,,,,,,,
7414,3570,1,159,12,25080,,,-3,,,,,,,,,,,,,,
7415,3570,1,51,8,25080,,,-3,,,,,,,,,,,,,,
7416,3571,1,234,7,25080,,,-3,,,,,,,,,,,,,,
7417,3571,1,5,12,25080,,,-3,,,,,,,,,,,,,,
7418,3572,1,0,4,25080,,,-3,,,,,,,,,,,,,,
7419,3573,1,1,11,25080,,,-3,,,,,,,,,,,,,,
7420,3573,1,23,10,25080,,,-3,,,,,,,,,,,,,,
7421,3574,1,4,4,25140,,,-3,,,,,,,,,,,,,,
7422,3575,1,41,1,25140,,,-3,,,,,,,,,,,,,,
7423,3575,1,95,9,25140,,,-3,,,,,,,,,,,,,,
7424,3575,1,6,10,25140,,,-3,,,,,,,,,,,,,,
7425,3576,1,142,6,25140,,,-3,,,,,,,,,,,,,,
7426,3577,1,122,6,25140,,,-3,,,,,,,,,,,,,,
7427,3577,1,13,6,25140,,,-3,,,,,,,,,,,,,,
7428,3577,1,199,7,25140,,,-3,,,,,,,,,,,,,,
7429,3577,1,55,9,25140,,,-3,,,,,,,,,,,,,,
7430,3578,1,58,4,25140,,,-3,,,,,,,,,,,,,,
7431,3579,1,229,6,25140,,,-3,,,,,,,,,,,,,,
7432,3579,1,50,5,25140,,,-3,,,,,,,,,,,,,,
7433,3579,1,17,8,25140,,,-3,,,,,,,,,,,,,,
7434,3579,1,0,8,25140,,,-3,,,,,,,,,,,,,,
7435,3580,1,17,2,25140,,,-3,,,,,,,,,,,,,,
7436,3580,1,4,10,25140,,,-3,,,,,,,,,,,,,,
7437,3580,1,217,6,25140,,,-3,,,,,,,,,,,,,,
7438,3580,1,111,4,25140,,,-3,,,,,,,,,,,,,,
7439,3580,1,159,6,25140,,,-3,,,,,,,,,,,,,,
7440,3580,1,90,12,25140,,,-3,,,,,,,,,,,,,,
7441,3581,1,110,7,25140,,,-3,,,,,,,,,,,,,,
7442,3581,1,18,10,25140,,,-3,,,,,,,,,,,,,,
7443,3581,1,36,8,25140,,,-3,,,,,,,,,,,,,,
7444,3581,1,63,6,25140,,,-3,,,,,,,,,,,,,,
7445,3581,1,210,5,25140,,,-3,,,,,,,,,,,,,,
7446,3582,1,223,7,25140,,,-3,,,,,,,,,,,,,,
7447,3582,1,244,12,25140,,,-3,,,,,,,,,,,,,,
7448,3582,1,49,4,25140,,,-3,,,,,,,,,,,,,,
7449,3582,1,25,4,25140,,,-3,,,,,,,,,,,,,,
7450,3582,1,184,12,25140,,,-3,,,,,,,,,,,,,,
7451,3583,1,325,4,25140,,,-3,,,,,,,,,,,,,,
7452,3583,1,19,5,25140,,,-3,,,,,,,,,,,,,,
7453,3583,1,229,10,25140,,,-3,,,,,,,,,,,,,,
7454,3584,1,35,12,25140,,,-3,,,,,,,,,,,,,,
7455,3584,1,44,6,25140,,,-3,,,,,,,,,,,,,,
7456,3585,1,343,10,25200,,,-3,,,,,,,,,,,,,,
7457,3585,1,426,8,25200,,,-3,,,,,,,,,,,,,,
7458,3586,1,3,9,25200,,,-3,,,,,,,,,,,,,,
7459,3587,1,22,8,25200,,,-3,,,,,,,,,,,,,,
7460,3587,1,27,4,25200,,,-3,,,,,,,,,,,,,,
7461,3588,1,32,5,25200,,,-3,,,,,,,,,,,,,,
7462,3588,1,36,9,25200,,,-3,,,,,,,,,,,,,,
7463,3589,1,45,8,25200,,,-3,,,,,,,,,,,,,,
7464,3589,1,11,12,25200,,,-3,,,,,,,,,,,,,,
7465,3589,1,4,8,25200,,,-3,,,,,,,,,,,,,,
7466,3589,1,90,9,25200,,,-3,,,,,,,,,,,,,,
7467,3590,1,155,9,25200,,,-3,,,,,,,,,,,,,,
7468,3590,1,0,8,25200,,,-3,,,,,,,,,,,,,,
7469,3591,1,34,5,25200,,,-3,,,,,,,,,,,,,,
7470,3591,1,410,4,25200,,,-3,,,,,,,,,,,,,,
7471,3592,1,195,4,25200,,,-3,,,,,,,,,,,,,,
7472,3592,1,29,6,25200,,,-3,,,,,,,,,,,,,,
7473,3592,1,3,6,25200,,,-3,,,,,,,,,,,,,,
7474,3593,1,16,8,25200,,,-3,,,,,,,,,,,,,,
7475,3594,1,78,6,25260,,,-3,,,,,,,,,,,,,,
7476,3595,1,401,4,25260,,,-3,,,,,,,,,,,,,,
7477,3596,1,432,10,25260,,,-3,,,,,,,,,,,,,,
7478,3597,1,27,12,25260,,,-3,,,,,,,,,,,,,,
7479,3597,1,10,10,25260,,,-3,,,,,,,,,,,,,,
7480,3597,1,22,4,25260,,,-3,,,,,,,,,,,,,,
7481,3598,1,7,2,25260,,,-3,,,,,,,,,,,,,,
7482,3599,1,36,1,25260,,,-3,,,,,,,,,,,,,,
7483,3599,1,231,10,25260,,,-3,,,,,,,,,,,,,,
7484,3599,1,117,10,25260,,,-3,,,,,,,,,,,,,,
7485,3600,1,166,6,25260,,,-3,,,,,,,,,,,,,,
7486,3600,1,241,8,25260,,,-3,,,,,,,,,,,,,,
7487,3601,1,161,5,25320,,,-3,,,,,,,,,,,,,,
7488,3601,1,3,1,25320,,,-3,,,,,,,,,,,,,,
7489,3602,1,231,2,25320,,,-3,,,,,,,,,,,,,,
7490,3603,1,7,5,25320,,,-3,,,,,,,,,,,,,,
7491,3603,1,0,6,25320,,,-3,,,,,,,,,,,,,,
7492,3604,1,2,10,25320,,,-3,,,,,,,,,,,,,,
7493,3604,1,49,5,25320,,,-3,,,,,,,,,,,,,,
7494,3605,1,99,8,25320,,,-3,,,,,,,,,,,,,,
7495,3606,1,19,8,25320,,,-3,,,,,,,,,,,,,,
7496,3607,1,27,7,25320,,,-3,,,,,,,,,,,,,,
7497,3608,1,13,8,25320,,,-3,,,,,,,,,,,,,,
7498,3609,1,5,11,25320,,,-3,,,,,,,,,,,,,,
7499,3610,1,14,5,25320,,,-3,,,,,,,,,,,,,,
7500,3611,1,38,8,25320,,,-3,,,,,,,,,,,,,,
7501,3612,1,196,3,25380,,,-3,,,,,,,,,,,,,,
7502,3613,1,43,6,25380,,,-3,,,,,,,,,,,,,,
7503,3614,1,39,4,25380,,,-3,,,,,,,,,,,,,,
7504,3614,1,37,5,25380,,,-3,,,,,,,,,,,,,,
7505,3614,1,254,10,25380,,,-3,,,,,,,,,,,,,,
7506,3615,1,13,7,25380,,,-3,,,,,,,,,,,,,,
7507,3616,1,59,5,25380,,,-3,,,,,,,,,,,,,,
7508,3617,1,1,7,25380,,,-3,,,,,,,,,,,,,,
7509,3618,1,2,6,25380,,,-3,,,,,,,,,,,,,,
7510,3619,1,386,2,25380,,,-3,,,,,,,,,,,,,,
7511,3620,1,169,7,25440,,,-3,,,,,,,,,,,,,,
7512,3621,1,346,5,25440,,,-3,,,,,,,,,,,,,,
7513,3622,1,26,9,25440,,,-3,,,,,,,,,,,,,,
7514,3623,1,5,7,25440,,,-3,,,,,,,,,,,,,,
7515,3624,1,69,10,25440,,,-3,,,,,,,,,,,,,,
7516,3624,1,3,10,25440,,,-3,,,,,,,,,,,,,,
7517,3624,1,32,6,25440,,,-3,,,,,,,,,,,,,,
7518,3625,1,13,6,25440,,,-3,,,,,,,,,,,,,,
7519,3626,1,171,8,25440,,,-3,,,,,,,,,,,,,,
7520,3627,1,7,2,25440,,,-3,,,,,,,,,,,,,,
7521,3627,1,20,2,25440,,,-3,,,,,,,,,,,,,,
7522,3627,1,71,8,25440,,,-3,,,,,,,,,,,,,,
7523,3628,1,86,9,25440,,,-3,,,,,,,,,,,,,,
7524,3628,1,96,6,25440,,,-3,,,,,,,,,,,,,,
7525,3629,1,14,6,25440,,,-3,,,,,,,,,,,,,,
7526,3630,1,65,9,25440,,,-3,,,,,,,,,,,,,,
7527,3630,1,318,3,25440,,,-3,,,,,,,,,,,,,,
7528,3631,1,2,6,25440,,,-3,,,,,,,,,,,,,,
7529,3632,1,153,9,25440,,,-3,,,,,,,,,,,,,,
7530,3632,1,169,11,25440,,,-3,,,,,,,,,,,,,,
7531,3633,1,312,3,25440,,,-3,,,,,,,,,,,,,,
7532,3634,1,499,6,25500,,,-3,,,,,,,,,,,,,,
7533,3634,1,332,11,25500,,,-3,,,,,,,,,,,,,,
7534,3634,1,33,6,25500,,,-3,,,,,,,,,,,,,,
7535,3634,1,32,10,25500,,,-3,,,,,,,,,,,,,,
7536,3634,1,35,8,25500,,,-3,,,,,,,,,,,,,,
7537,3634,1,271,10,25500,,,-3,,,,,,,,,,,,,,
7538,3634,1,4,2,25500,,,-3,,,,,,,,,,,,,,
7539,3634,1,1,8,25500,,,-3,,,,,,,,,,,,,,
7540,3634,1,34,8,25500,,,-3,,,,,,,,,,,,,,
7541,3635,1,326,9,25500,,,-3,,,,,,,,,,,,,,
7542,3635,1,67,2,25500,,,-3,,,,,,,,,,,,,,
7543,3636,1,82,4,25500,,,-3,,,,,,,,,,,,,,
7544,3637,1,13,9,25500,,,-3,,,,,,,,,,,,,,
7545,3637,1,110,4,25500,,,-3,,,,,,,,,,,,,,
7546,3637,1,3,8,25500,,,-3,,,,,,,,,,,,,,
7547,3637,1,288,10,25500,,,-3,,,,,,,,,,,,,,
7548,3638,1,175,12,25500,,,-3,,,,,,,,,,,,,,
7549,3638,1,13,10,25500,,,-3,,,,,,,,,,,,,,
7550,3639,1,59,4,25500,,,-3,,,,,,,,,,,,,,
7551,3640,1,134,4,25500,,,-3,,,,,,,,,,,,,,
7552,3641,1,152,7,25560,,,-3,,,,,,,,,,,,,,
7553,3641,1,21,1,25560,,,-3,,,,,,,,,,,,,,
7554,3642,1,48,4,25560,,,-3,,,,,,,,,,,,,,
7555,3642,1,152,6,25560,,,-3,,,,,,,,,,,,,,
7556,3643,1,28,9,25560,,,-3,,,,,,,,,,,,,,
7557,3644,1,76,8,25560,,,-3,,,,,,,,,,,,,,
7558,3645,1,111,8,25560,,,-3,,,,,,,,,,,,,,
7559,3645,1,174,6,25560,,,-3,,,,,,,,,,,,,,
7560,3646,1,466,4,25560,,,-3,,,,,,,,,,,,,,
7561,3647,1,5,5,25560,,,-3,,,,,,,,,,,,,,
7562,3648,1,11,12,25560,,,-3,,,,,,,,,,,,,,
7563,3649,1,191,5,25620,,,-3,,,,,,,,,,,,,,
7564,3649,1,178,3,25620,,,-3,,,,,,,,,,,,,,
7565,3649,1,158,8,25620,,,-3,,,,,,,,,,,,,,
7566,3649,1,78,2,25620,,,-3,,,,,,,,,,,,,,
7567,3649,1,240,7,25620,,,-3,,,,,,,,,,,,,,
7568,3650,1,164,3,25620,,,-3,,,,,,,,,,,,,,
7569,3650,1,10,6,25620,,,-3,,,,,,,,,,,,,,
7570,3650,1,111,6,25620,,,-3,,,,,,,,,,,,,,
7571,3651,1,24,8,25620,,,-3,,,,,,,,,,,,,,
7572,3652,1,191,5,25620,,,-3,,,,,,,,,,,,,,
7573,3653,1,7,2,25620,,,-3,,,,,,,,,,,,,,
7574,3653,1,18,10,25620,,,-3,,,,,,,,,,,,,,
7575,3654,1,169,10,25620,,,-3,,,,,,,,,,,,,,
7576,3654,1,112,6,25620,,,-3,,,,,,,,,,,,,,
7577,3654,1,37,6,25620,,,-3,,,,,,,,,,,,,,
7578,3654,1,69,2,25620,,,-3,,,,,,,,,,,,,,
7579,3655,1,192,6,25620,,,-3,,,,,,,,,,,,,,
7580,3655,1,116,2,25620,,,-3,,,,,,,,,,,,,,
7581,3655,1,2,6,25620,,,-3,,,,,,,,,,,,,,
7582,3656,1,370,8,25620,,,-3,,,,,,,,,,,,,,
7583,3656,1,6,7,25620,,,-3,,,,,,,,,,,,,,
7584,3657,1,48,3,25620,,,-3,,,,,,,,,,,,,,
7585,3658,1,30,12,25680,,,-3,,,,,,,,,,,,,,
7586,3659,1,52,4,25680,,,-3,,,,,,,,,,,,,,
7587,3660,1,137,11,25680,,,-3,,,,,,,,,,,,,,
7588,3660,1,184,12,25680,,,-3,,,,,,,,,,,,,,
7589,3661,1,49,4,25680,,,-3,,,,,,,,,,,,,,
7590,3661,1,13,4,25680,,,-3,,,,,,,,,,,,,,
7591,3661,1,108,7,25680,,,-3,,,,,,,,,,,,,,
7592,3661,1,242,4,25680,,,-3,,,,,,,,,,,,,,
7593,3661,1,416,7,25680,,,-3,,,,,,,,,,,,,,
7594,3662,1,47,2,25680,,,-3,,,,,,,,,,,,,,
7595,3663,1,178,6,25680,,,-3,,,,,,,,,,,,,,
7596,3663,1,80,6,25680,,,-3,,,,,,,,,,,,,,
7597,3663,1,6,9,25680,,,-3,,,,,,,,,,,,,,
7598,3663,1,33,10,25680,,,-3,,,,,,,,,,,,,,
7599,3663,1,40,4,25680,,,-3,,,,,,,,,,,,,,
7600,3663,1,36,12,25680,,,-3,,,,,,,,,,,,,,
7601,3664,1,26,10,25680,,,-3,,,,,,,,,,,,,,
7602,3665,1,161,7,25740,,,-3,,,,,,,,,,,,,,
7603,3665,1,313,8,25740,,,-3,,,,,,,,,,,,,,
7604,3666,1,345,4,25740,,,-3,,,,,,,,,,,,,,
7605,3667,1,20,2,25740,,,-3,,,,,,,,,,,,,,
7606,3668,1,97,8,25740,,,-3,,,,,,,,,,,,,,
7607,3668,1,8,4,25740,,,-3,,,,,,,,,,,,,,
7608,3668,1,14,7,25740,,,-3,,,,,,,,,,,,,,
7609,3669,1,122,7,25740,,,-3,,,,,,,,,,,,,,
7610,3670,1,48,5,25740,,,-3,,,,,,,,,,,,,,
7611,3671,1,10,8,25740,,,-3,,,,,,,,,,,,,,
7612,3671,1,39,4,25740,,,-3,,,,,,,,,,,,,,
7613,3671,1,297,4,25740,,,-3,,,,,,,,,,,,,,
7614,3671,1,144,2,25740,,,-3,,,,,,,,,,,,,,
7615,3671,1,205,2,25740,,,-3,,,,,,,,,,,,,,
7616,3672,1,12,3,25740,,,-3,,,,,,,,,,,,,,
7617,3673,1,285,8,25800,,,-3,,,,,,,,,,,,,,
7618,3674,1,289,10,25800,,,-3,,,,,,,,,,,,,,
7619,3674,1,1,7,25800,,,-3,,,,,,,,,,,,,,
7620,3674,1,11,8,25800,,,-3,,,,,,,,,,,,,,
7621,3675,1,148,9,25800,,,-3,,,,,,,,,,,,,,
7622,3675,1,444,11,25800,,,-3,,,,,,,,,,,,,,
7623,3676,1,141,8,25800,,,-3,,,,,,,,,,,,,,
7624,3677,1,41,11,25800,,,-3,,,,,,,,,,,,,,
7625,3678,1,10,6,25800,,,-3,,,,,,,,,,,,,,
7626,3678,1,143,4,25800,,,-3,,,,,,,,,,,,,,
7627,3679,1,21,6,25800,,,-3,,,,,,,,,,,,,,
7628,3679,1,8,12,25800,,,-3,,,,,,,,,,,,,,
7629,3680,1,428,8,25800,,,-3,,,,,,,,,,,,,,
7630,3680,1,150,8,25800,,,-3,,,,,,,,,,,,,,
7631,3681,1,36,8,25800,,,-3,,,,,,,,,,,,,,
7632,3682,1,2,11,25860,,,-3,,,,,,,,,,,,,,
7633,3682,1,48,2,25860,,,-3,,,,,,,,,,,,,,
7634,3683,1,205,8,25860,,,-3,,,,,,,,,,,,,,
7635,3684,1,14,2,25860,,,-3,,,,,,,,,,,,,,
7636,3685,1,35,3,25860,,,-3,,,,,,,,,,,,,,
7637,3685,1,407,11,25860,,,-3,,,,,,,,,,,,,,
7638,3686,1,317,3,25860,,,-3,,,,,,,,,,,,,,
7639,3686,1,91,5,25860,,,-3,,,,,,,,,,,,,,
7640,3686,1,205,8,25860,,,-3,,,,,,,,,,,,,,
7641,3687,1,3,2,25920,,,-3,,,,,,,,,,,,,,
7642,3688,1,169,5,25920,,,-3,,,,,,,,,,,,,,
7643,3689,1,4,8,25920,,,-3,,,,,,,,,,,,,,
7644,3690,1,238,8,25920,,,-3,,,,,,,,,,,,,,
7645,3691,1,14,4,25920,,,-3,,,,,,,,,,,,,,
7646,3691,1,112,10,25920,,,-3,,,,,,,,,,,,,,
7647,3692,1,45,4,25920,,,-3,,,,,,,,,,,,,,
7648,3692,1,168,5,25920,,,-3,,,,,,,,,,,,,,
7649,3693,1,43,4,25920,,,-3,,,,,,,,,,,,,,
7650,3694,1,0,6,25980,,,-3,,,,,,,,,,,,,,
7651,3694,1,253,6,25980,,,-3,,,,,,,,,,,,,,
7652,3695,1,178,4,25980,,,-3,,,,,,,,,,,,,,
7653,3696,1,47,2,25980,,,-3,,,,,,,,,,,,,,
7654,3696,1,35,4,25980,,,-3,,,,,,,,,,,,,,
7655,3696,1,1,11,25980,,,-3,,,,,,,,,,,,,,
7656,3696,1,14,11,25980,,,-3,,,,,,,,,,,,,,
7657,3697,1,126,10,26040,,,-3,,,,,,,,,,,,,,
7658,3698,1,459,7,26040,,,-3,,,,,,,,,,,,,,
7659,3698,1,7,6,26040,,,-3,,,,,,,,,,,,,,
7660,3699,1,141,6,26040,,,-3,,,,,,,,,,,,,,
7661,3700,1,11,6,26040,,,-3,,,,,,,,,,,,,,
7662,3701,1,63,8,26040,,,-3,,,,,,,,,,,,,,
7663,3702,1,23,10,26040,,,-3,,,,,,,,,,,,,,
7664,3702,1,82,8,26040,,,-3,,,,,,,,,,,,,,
7665,3703,1,5,5,26040,,,-3,,,,,,,,,,,,,,
7666,3704,1,266,10,26040,,,-3,,,,,,,,,,,,,,
7667,3705,1,18,10,26040,,,-3,,,,,,,,,,,,,,
7668,3706,1,192,8,26040,,,-3,,,,,,,,,,,,,,
7669,3707,1,168,7,26100,,,-3,,,,,,,,,,,,,,
7670,3708,1,213,3,26100,,,-3,,,,,,,,,,,,,,
7671,3709,1,1,8,26100,,,-3,,,,,,,,,,,,,,
7672,3710,1,355,5,26100,,,-3,,,,,,,,,,,,,,
7673,3711,1,234,5,26100,,,-3,,,,,,,,,,,,,,
7674,3712,1,229,9,26100,,,-3,,,,,,,,,,,,,,
7675,3712,1,133,6,26100,,,-3,,,,,,,,,,,,,,
7676,3713,1,34,4,26100,,,-3,,,,,,,,,,,,,,
7677,3714,1,50,8,26100,,,-3,,,,,,,,,,,,,,
7678,3714,1,0,8,26100,,,-3,,,,,,,,,,,,,,
7679,3715,1,366,6,26100,,,-3,,,,,,,,,,,,,,
7680,3715,1,43,8,26100,,,-3,,,,,,,,,,,,,,
7681,3716,1,22,8,26100,,,-3,,,,,,,,,,,,,,
7682,3716,1,38,8,26100,,,-3,,,,,,,,,,,,,,
7683,3716,1,30,4,26100,,,-3,,,,,,,,,,,,,,
7684,3716,1,10,9,26100,,,-3,,,,,,,,,,,,,,
7685,3716,1,209,10,26100,,,-3,,,,,,,,,,,,,,
7686,3716,1,4,4,26100,,,-3,,,,,,,,,,,,,,
7687,3716,1,18,9,26100,,,-3,,,,,,,,,,,,,,
7688,3716,1,196,10,26100,,,-3,,,,,,,,,,,,,,
7689,3717,1,234,10,26160,,,-3,,,,,,,,,,,,,,
7690,3718,1,104,2,26160,,,-3,,,,,,,,,,,,,,
7691,3719,1,13,4,26160,,,-3,,,,,,,,,,,,,,
7692,3719,1,6,4,26160,,,-3,,,,,,,,,,,,,,
7693,3720,1,30,8,26160,,,-3,,,,,,,,,,,,,,
7694,3721,1,0,12,26160,,,-3,,,,,,,,,,,,,,
7695,3721,1,35,4,26160,,,-3,,,,,,,,,,,,,,
7696,3722,1,35,2,26160,,,-3,,,,,,,,,,,,,,
7697,3723,1,39,3,26160,,,-3,,,,,,,,,,,,,,
7698,3724,1,45,4,26160,,,-3,,,,,,,,,,,,,,
7699,3725,1,42,8,26160,,,-3,,,,,,,,,,,,,,
7700,3726,1,30,11,26160,,,-3,,,,,,,,,,,,,,
7701,3726,1,140,11,26160,,,-3,,,,,,,,,,,,,,
7702,3726,1,21,8,26160,,,-3,,,,,,,,,,,,,,
7703,3726,1,5,9,26160,,,-3,,,,,,,,,,,,,,
7704,3726,1,67,4,26160,,,-3,,,,,,,,,,,,,,
7705,3727,1,33,10,26160,,,-3,,,,,,,,,,,,,,
7706,3728,1,33,4,26160,,,-3,,,,,,,,,,,,,,
7707,3728,1,75,8,26160,,,-3,,,,,,,,,,,,,,
7708,3728,1,0,1,26160,,,-3,,,,,,,,,,,,,,
7709,3729,1,8,8,26160,,,-3,,,,,,,,,,,,,,
7710,3730,1,40,5,26160,,,-3,,,,,,,,,,,,,,
7711,3731,1,188,2,26160,,,-3,,,,,,,,,,,,,,
7712,3731,1,3,9,26160,,,-3,,,,,,,,,,,,,,
7713,3731,1,135,8,26160,,,-3,,,,,,,,,,,,,,
7714,3731,1,181,6,26160,,,-3,,,,,,,,,,,,,,
7715,3732,1,1,7,26220,,,-3,,,,,,,,,,,,,,
7716,3733,1,204,4,26220,,,-3,,,,,,,,,,,,,,
7717,3734,1,8,6,26220,,,-3,,,,,,,,,,,,,,
7718,3734,1,346,4,26220,,,-3,,,,,,,,,,,,,,
7719,3734,1,245,1,26220,,,-3,,,,,,,,,,,,,,
7720,3735,1,60,8,26220,,,-3,,,,,,,,,,,,,,
7721,3736,1,359,10,26220,,,-3,,,,,,,,,,,,,,
7722,3737,1,1,4,26220,,,-3,,,,,,,,,,,,,,
7723,3738,1,279,6,26280,,,-3,,,,,,,,,,,,,,
7724,3739,1,1,5,26280,,,-3,,,,,,,,,,,,,,
7725,3739,1,465,7,26280,,,-3,,,,,,,,,,,,,,
7726,3740,1,2,12,26280,,,-3,,,,,,,,,,,,,,
7727,3740,1,51,9,26280,,,-3,,,,,,,,,,,,,,
7728,3741,1,47,2,26280,,,-3,,,,,,,,,,,,,,
7729,3742,1,0,5,26280,,,-3,,,,,,,,,,,,,,
7730,3743,1,42,9,26280,,,-3,,,,,,,,,,,,,,
7731,3743,1,77,9,26280,,,-3,,,,,,,,,,,,,,
7732,3743,1,30,8,26280,,,-3,,,,,,,,,,,,,,
7733,3743,1,44,3,26280,,,-3,,,,,,,,,,,,,,
7734,3744,1,171,7,26280,,,-3,,,,,,,,,,,,,,
7735,3745,1,244,2,26280,,,-3,,,,,,,,,,,,,,
7736,3746,1,379,8,26280,,,-3,,,,,,,,,,,,,,
7737,3746,1,148,1,26280,,,-3,,,,,,,,,,,,,,
7738,3747,1,151,6,26280,,,-3,,,,,,,,,,,,,,
7739,3748,1,130,8,26340,,,-3,,,,,,,,,,,,,,
7740,3748,1,159,8,26340,,,-3,,,,,,,,,,,,,,
7741,3749,1,46,6,26340,,,-3,,,,,,,,,,,,,,
7742,3750,1,34,4,26340,,,-3,,,,,,,,,,,,,,
7743,3750,1,150,9,26340,,,-3,,,,,,,,,,,,,,
7744,3751,1,75,5,26340,,,-3,,,,,,,,,,,,,,
7745,3751,1,89,12,26340,,,-3,,,,,,,,,,,,,,
7746,3751,1,2,12,26340,,,-3,,,,,,,,,,,,,,
7747,3752,1,74,6,26340,,,-3,,,,,,,,,,,,,,
7748,3753,1,112,5,26340,,,-3,,,,,,,,,,,,,,
7749,3753,1,197,10,26340,,,-3,,,,,,,,,,,,,,
7750,3754,1,176,6,26340,,,-3,,,,,,,,,,,,,,
7751,3754,1,13,5,26340,,,-3,,,,,,,,,,,,,,
7752,3755,1,154,8,26340,,,-3,,,,,,,,,,,,,,
7753,3756,1,177,6,26340,,,-3,,,,,,,,,,,,,,
7754,3757,1,245,6,26340,,,-3,,,,,,,,,,,,,,
7755,3757,1,7,5,26340,,,-3,,,,,,,,,,,,,,
7756,3758,1,69,4,26340,,,-3,,,,,,,,,,,,,,
7757,3758,1,1,10,26340,,,-3,,,,,,,,,,,,,,
7758,3759,1,12,8,26340,,,-3,,,,,,,,,,,,,,
7759,3759,1,22,5,26340,,,-3,,,,,,,,,,,,,,
7760,3759,1,205,4,26340,,,-3,,,,,,,,,,,,,,
7761,3759,1,14,6,26340,,,-3,,,,,,,,,,,,,,
7762,3759,1,4,7,26340,,,-3,,,,,,,,,,,,,,
7763,3759,1,0,8,26340,,,-3,,,,,,,,,,,,,,
7764,3760,1,48,11,26400,,,-3,,,,,,,,,,,,,,
7765,3760,1,3,6,26400,,,-3,,,,,,,,,,,,,,
7766,3761,1,7,8,26400,,,-3,,,,,,,,,,,,,,
7767,3762,1,60,1,26400,,,-3,,,,,,,,,,,,,,
7768,3762,1,240,4,26400,,,-3,,,,,,,,,,,,,,
7769,3763,1,0,5,26460,,,-3,,,,,,,,,,,,,,
7770,3764,1,39,3,26460,,,-3,,,,,,,,,,,,,,
7771,3764,1,0,9,26460,,,-3,,,,,,,,,,,,,,
7772,3765,1,70,7,26460,,,-3,,,,,,,,,,,,,,
7773,3765,1,13,4,26460,,,-3,,,,,,,,,,,,,,
7774,3766,1,180,8,26460,,,-3,,,,,,,,,,,,,,
7775,3767,1,93,9,26460,,,-3,,,,,,,,,,,,,,
7776,3767,1,27,5,26460,,,-3,,,,,,,,,,,,,,
7777,3767,1,33,7,26460,,,-3,,,,,,,,,,,,,,
7778,3767,1,150,4,26460,,,-3,,,,,,,,,,,,,,
7779,3767,1,1,8,26460,,,-3,,,,,,,,,,,,,,
7780,3768,1,7,8,26460,,,-3,,,,,,,,,,,,,,
7781,3769,1,349,8,26460,,,-3,,,,,,,,,,,,,,
7782,3769,1,20,8,26460,,,-3,,,,,,,,,,,,,,
7783,3770,1,15,6,26520,,,-3,,,,,,,,,,,,,,
7784,3771,1,199,2,26520,,,-3,,,,,,,,,,,,,,
7785,3771,1,19,11,26520,,,-3,,,,,,,,,,,,,,
7786,3772,1,423,3,26520,,,-3,,,,,,,,,,,,,,
7787,3773,1,162,8,26520,,,-3,,,,,,,,,,,,,,
7788,3773,1,415,10,26520,,,-3,,,,,,,,,,,,,,
7789,3774,1,14,9,26520,,,-3,,,,,,,,,,,,,,
7790,3774,1,37,9,26520,,,-3,,,,,,,,,,,,,,
7791,3774,1,401,5,26520,,,-3,,,,,,,,,,,,,,
7792,3775,1,12,10,26580,,,-3,,,,,,,,,,,,,,
7793,3776,1,182,6,26580,,,-3,,,,,,,,,,,,,,
7794,3777,1,87,12,26580,,,-3,,,,,,,,,,,,,,
7795,3778,1,67,8,26640,,,-3,,,,,,,,,,,,,,
7796,3778,1,479,2,26640,,,-3,,,,,,,,,,,,,,
7797,3779,1,317,4,26640,,,-3,,,,,,,,,,,,,,
7798,3779,1,73,10,26640,,,-3,,,,,,,,,,,,,,
7799,3779,1,40,5,26640,,,-3,,,,,,,,,,,,,,
7800,3780,1,417,2,26640,,,-3,,,,,,,,,,,,,,
7801,3781,1,379,7,26640,,,-3,,,,,,,,,,,,,,
7802,3781,1,289,9,26640,,,-3,,,,,,,,,,,,,,
7803,3782,1,42,2,26640,,,-3,,,,,,,,,,,,,,
7804,3783,1,420,5,26640,,,-3,,,,,,,,,,,,,,
7805,3784,1,180,6,26700,,,-3,,,,,,,,,,,,,,
7806,3784,1,17,6,26700,,,-3,,,,,,,,,,,,,,
7807,3784,1,211,4,26700,,,-3,,,,,,,,,,,,,,
7808,3785,1,67,6,26700,,,-3,,,,,,,,,,,,,,
7809,3786,1,2,5,26700,,,-3,,,,,,,,,,,,,,
7810,3786,1,35,12,26700,,,-3,,,,,,,,,,,,,,
7811,3787,1,27,8,26700,,,-3,,,,,,,,,,,,,,
7812,3787,1,116,2,26700,,,-3,,,,,,,,,,,,,,
7813,3787,1,423,8,26700,,,-3,,,,,,,,,,,,,,
7814,3788,1,23,3,26700,,,-3,,,,,,,,,,,,,,
7815,3789,1,0,2,26700,,,-3,,,,,,,,,,,,,,
7816,3789,1,79,8,26700,,,-3,,,,,,,,,,,,,,
7817,3789,1,131,2,26700,,,-3,,,,,,,,,,,,,,
7818,3789,1,182,3,26700,,,-3,,,,,,,,,,,,,,
7819,3789,1,174,4,26700,,,-3,,,,,,,,,,,,,,
7820,3790,1,44,4,26700,,,-3,,,,,,,,,,,,,,
7821,3790,1,216,9,26700,,,-3,,,,,,,,,,,,,,
7822,3791,1,278,8,26700,,,-3,,,,,,,,,,,,,,
7823,3792,1,368,11,26700,,,-3,,,,,,,,,,,,,,
7824,3793,1,91,7,26760,,,-3,,,,,,,,,,,,,,
7825,3793,1,1,9,26760,,,-3,,,,,,,,,,,,,,
7826,3793,1,32,10,26760,,,-3,,,,,,,,,,,,,,
7827,3793,1,30,12,26760,,,-3,,,,,,,,,,,,,,
7828,3794,1,0,4,26760,,,-3,,,,,,,,,,,,,,
7829,3795,1,34,8,26760,,,-3,,,,,,,,,,,,,,
7830,3795,1,475,8,26760,,,-3,,,,,,,,,,,,,,
7831,3795,1,220,4,26760,,,-3,,,,,,,,,,,,,,
7832,3796,1,182,8,26760,,,-3,,,,,,,,,,,,,,
7833,3797,1,91,2,26760,,,-3,,,,,,,,,,,,,,
7834,3797,1,93,10,26760,,,-3,,,,,,,,,,,,,,
7835,3798,1,304,8,26760,,,-3,,,,,,,,,,,,,,
7836,3799,1,32,4,26760,,,-3,,,,,,,,,,,,,,
7837,3800,1,326,6,26760,,,-3,,,,,,,,,,,,,,
7838,3800,1,8,11,26760,,,-3,,,,,,,,,,,,,,
7839,3801,1,91,12,26760,,,-3,,,,,,,,,,,,,,
7840,3802,1,51,9,26760,,,-3,,,,,,,,,,,,,,
7841,3803,1,44,9,26820,,,-3,,,,,,,,,,,,,,
7842,3804,1,38,8,26820,,,-3,,,,,,,,,,,,,,
7843,3805,1,399,11,26820,,,-3,,,,,,,,,,,,,,
7844,3805,1,19,1,26820,,,-3,,,,,,,,,,,,,,
7845,3806,1,118,8,26820,,,-3,,,,,,,,,,,,,,
7846,3807,1,31,3,26820,,,-3,,,,,,,,,,,,,,
7847,3807,1,351,6,26820,,,-3,,,,,,,,,,,,,,
7848,3807,1,89,4,26820,,,-3,,,,,,,,,,,,,,
7849,3807,1,131,12,26820,,,-3,,,,,,,,,,,,,,
7850,3807,1,340,4,26820,,,-3,,,,,,,,,,,,,,
7851,3808,1,462,10,26820,,,-3,,,,,,,,,,,,,,
7852,3808,1,6,2,26820,,,-3,,,,,,,,,,,,,,
7853,3808,1,94,4,26820,,,-3,,,,,,,,,,,,,,
7854,3808,1,156,4,26820,,,-3,,,,,,,,,,,,,,
7855,3808,1,296,6,26820,,,-3,,,,,,,,,,,,,,
7856,3809,1,111,10,26820,,,-3,,,,,,,,,,,,,,
7857,3810,1,427,9,26880,,,-3,,,,,,,,,,,,,,
7858,3811,1,37,7,26880,,,-3,,,,,,,,,,,,,,
7859,3811,1,94,6,26880,,,-3,,,,,,,,,,,,,,
7860,3812,1,12,2,26880,,,-3,,,,,,,,,,,,,,
7861,3813,1,19,5,26880,,,-3,,,,,,,,,,,,,,
7862,3814,1,35,8,26880,,,-3,,,,,,,,,,,,,,
7863,3814,1,240,6,26880,,,-3,,,,,,,,,,,,,,
7864,3814,1,38,11,26880,,,-3,,,,,,,,,,,,,,
7865,3815,1,45,8,26880,,,-3,,,,,,,,,,,,,,
7866,3816,1,284,9,26880,,,-3,,,,,,,,,,,,,,
7867,3817,1,36,8,26880,,,-3,,,,,,,,,,,,,,
7868,3818,1,38,2,26880,,,-3,,,,,,,,,,,,,,
7869,3819,1,270,7,26880,,,-3,,,,,,,,,,,,,,
7870,3819,1,204,2,26880,,,-3,,,,,,,,,,,,,,
7871,3819,1,304,3,26880,,,-3,,,,,,,,,,,,,,
7872,3820,1,33,10,26880,,,-3,,,,,,,,,,,,,,
7873,3820,1,59,6,26880,,,-3,,,,,,,,,,,,,,
7874,3821,1,38,4,26880,,,-3,,,,,,,,,,,,,,
7875,3822,1,176,6,26940,,,-3,,,,,,,,,,,,,,
7876,3822,1,25,4,26940,,,-3,,,,,,,,,,,,,,
7877,3823,1,16,6,26940,,,-3,,,,,,,,,,,,,,
7878,3823,1,14,8,26940,,,-3,,,,,,,,,,,,,,
7879,3823,1,133,3,26940,,,-3,,,,,,,,,,,,,,
7880,3824,1,72,6,26940,,,-3,,,,,,,,,,,,,,
7881,3825,1,72,5,26940,,,-3,,,,,,,,,,,,,,
7882,3826,1,28,8,26940,,,-3,,,,,,,,,,,,,,
7883,3827,1,186,8,27000,,,-3,,,,,,,,,,,,,,
7884,3828,1,94,2,27000,,,-3,,,,,,,,,,,,,,
7885,3829,1,11,3,27000,,,-3,,,,,,,,,,,,,,
7886,3830,1,191,12,27000,,,-3,,,,,,,,,,,,,,
7887,3831,1,97,8,27000,,,-3,,,,,,,,,,,,,,
7888,3832,1,138,3,27060,,,-3,,,,,,,,,,,,,,
7889,3833,1,270,3,27060,,,-3,,,,,,,,,,,,,,
7890,3833,1,65,8,27060,,,-3,,,,,,,,,,,,,,
7891,3834,1,27,7,27060,,,-3,,,,,,,,,,,,,,
7892,3834,1,4,8,27060,,,-3,,,,,,,,,,,,,,
7893,3835,1,53,8,27060,,,-3,,,,,,,,,,,,,,
7894,3835,1,11,12,27060,,,-3,,,,,,,,,,,,,,
7895,3836,1,71,4,27060,,,-3,,,,,,,,,,,,,,
7896,3837,1,219,9,27060,,,-3,,,,,,,,,,,,,,
7897,3837,1,5,1,27060,,,-3,,,,,,,,,,,,,,
7898,3837,1,258,8,27060,,,-3,,,,,,,,,,,,,,
7899,3837,1,6,4,27060,,,-3,,,,,,,,,,,,,,
7900,3838,1,108,9,27060,,,-3,,,,,,,,,,,,,,
7901,3838,1,1,4,27060,,,-3,,,,,,,,,,,,,,
7902,3839,1,107,8,27060,,,-3,,,,,,,,,,,,,,
7903,3839,1,4,6,27060,,,-3,,,,,,,,,,,,,,
7904,3840,1,73,9,27060,,,-3,,,,,,,,,,,,,,
7905,3840,1,68,6,27060,,,-3,,,,,,,,,,,,,,
7906,3841,1,21,5,27060,,,-3,,,,,,,,,,,,,,
7907,3841,1,217,12,27060,,,-3,,,,,,,,,,,,,,
7908,3841,1,23,1,27060,,,-3,,,,,,,,,,,,,,
7909,3841,1,364,9,27060,,,-3,,,,,,,,,,,,,,
7910,3842,1,12,8,27060,,,-3,,,,,,,,,,,,,,
7911,3843,1,220,1,27120,,,-3,,,,,,,,,,,,,,
7912,3843,1,48,7,27120,,,-3,,,,,,,,,,,,,,
7913,3843,1,25,4,27120,,,-3,,,,,,,,,,,,,,
7914,3843,1,14,10,27120,,,-3,,,,,,,,,,,,,,
7915,3844,1,7,2,27120,,,-3,,,,,,,,,,,,,,
7916,3845,1,55,3,27120,,,-3,,,,,,,,,,,,,,
7917,3846,1,4,7,27120,,,-3,,,,,,,,,,,,,,
7918,3846,1,38,12,27120,,,-3,,,,,,,,,,,,,,
7919,3847,1,43,10,27120,,,-3,,,,,,,,,,,,,,
7920,3848,1,44,4,27120,,,-3,,,,,,,,,,,,,,
7921,3848,1,67,9,27120,,,-3,,,,,,,,,,,,,,
7922,3849,1,24,6,27120,,,-3,,,,,,,,,,,,,,
7923,3849,1,224,8,27120,,,-3,,,,,,,,,,,,,,
7924,3849,1,5,8,27120,,,-3,,,,,,,,,,,,,,
7925,3849,1,42,2,27120,,,-3,,,,,,,,,,,,,,
7926,3849,1,6,8,27120,,,-3,,,,,,,,,,,,,,
7927,3849,1,109,10,27120,,,-3,,,,,,,,,,,,,,
7928,3850,1,12,8,27120,,,-3,,,,,,,,,,,,,,
7929,3850,1,298,10,27120,,,-3,,,,,,,,,,,,,,
7930,3850,1,135,4,27120,,,-3,,,,,,,,,,,,,,
7931,3851,1,13,10,27180,,,-3,,,,,,,,,,,,,,
7932,3852,1,94,6,27180,,,-3,,,,,,,,,,,,,,
7933,3853,1,9,6,27180,,,-3,,,,,,,,,,,,,,
7934,3853,1,126,4,27180,,,-3,,,,,,,,,,,,,,
7935,3854,1,173,5,27180,,,-3,,,,,,,,,,,,,,
7936,3854,1,13,6,27180,,,-3,,,,,,,,,,,,,,
7937,3855,1,3,10,27180,,,-3,,,,,,,,,,,,,,
7938,3856,1,155,6,27180,,,-3,,,,,,,,,,,,,,
7939,3857,1,254,10,27180,,,-3,,,,,,,,,,,,,,
7940,3857,1,30,8,27180,,,-3,,,,,,,,,,,,,,
7941,3858,1,13,12,27180,,,-3,,,,,,,,,,,,,,
7942,3859,1,10,10,27180,,,-3,,,,,,,,,,,,,,
7943,3860,1,175,6,27180,,,-3,,,,,,,,,,,,,,
7944,3861,1,240,6,27180,,,-3,,,,,,,,,,,,,,
7945,3862,1,25,6,27180,,,-3,,,,,,,,,,,,,,
7946,3863,1,348,11,27180,,,-3,,,,,,,,,,,,,,
7947,3863,1,6,7,27180,,,-3,,,,,,,,,,,,,,
7948,3863,1,429,8,27180,,,-3,,,,,,,,,,,,,,
7949,3864,1,3,8,27240,,,-3,,,,,,,,,,,,,,
7950,3865,1,5,3,27240,,,-3,,,,,,,,,,,,,,
7951,3865,1,94,6,27240,,,-3,,,,,,,,,,,,,,
7952,3865,1,70,7,27240,,,-3,,,,,,,,,,,,,,
7953,3866,1,23,12,27240,,,-3,,,,,,,,,,,,,,
7954,3866,1,8,6,27240,,,-3,,,,,,,,,,,,,,
7955,3866,1,406,5,27240,,,-3,,,,,,,,,,,,,,
7956,3867,1,0,6,27240,,,-3,,,,,,,,,,,,,,
7957,3867,1,66,6,27240,,,-3,,,,,,,,,,,,,,
7958,3868,1,23,6,27240,,,-3,,,,,,,,,,,,,,
7959,3868,1,11,11,27240,,,-3,,,,,,,,,,,,,,
7960,3868,1,1,5,27240,,,-3,,,,,,,,,,,,,,
7961,3868,1,21,8,27240,,,-3,,,,,,,,,,,,,,
7962,3868,1,426,6,27240,,,-3,,,,,,,,,,,,,,
7963,3868,1,7,8,27240,,,-3,,,,,,,,,,,,,,
7964,3869,1,26,6,27240,,,-3,,,,,,,,,,,,,,
7965,3869,1,4,10,27240,,,-3,,,,,,,,,,,,,,
7966,3870,1,171,10,27240,,,-3,,,,,,,,,,,,,,
7967,3871,1,4,12,27240,,,-3,,,,,,,,,,,,,,
7968,3871,1,162,6,27240,,,-3,,,,,,,,,,,,,,
7969,3872,1,339,8,27240,,,-3,,,,,,,,,,,,,,
7970,3872,1,41,5,27240,,,-3,,,,,,,,,,,,,,
7971,3872,1,66,4,27240,,,-3,,,,,,,,,,,,,,
7972,3872,1,288,6,27240,,,-3,,,,,,,,,,,,,,
7973,3873,1,9,8,27240,,,-3,,,,,,,,,,,,,,
7974,3873,1,6,8,27240,,,-3,,,,,,,,,,,,,,
7975,3874,1,276,5,27300,,,-3,,,,,,,,,,,,,,
7976,3874,1,73,2,27300,,,-3,,,,,,,,,,,,,,
7977,3875,1,6,5,27300,,,-3,,,,,,,,,,,,,,
7978,3875,1,386,5,27300,,,-3,,,,,,,,,,,,,,
7979,3876,1,10,6,27300,,,-3,,,,,,,,,,,,,,
7980,3876,1,38,8,27300,,,-3,,,,,,,,,,,,,,
7981,3877,1,132,8,27300,,,-3,,,,,,,,,,,,,,
7982,3878,1,6,6,27300,,,-3,,,,,,,,,,,,,,
7983,3878,1,418,10,27300,,,-3,,,,,,,,,,,,,,
7984,3878,1,43,4,27300,,,-3,,,,,,,,,,,,,,
7985,3878,1,191,9,27300,,,-3,,,,,,,,,,,,,,
7986,3879,1,6,10,27300,,,-3,,,,,,,,,,,,,,
7987,3879,1,44,9,27300,,,-3,,,,,,,,,,,,,,
7988,3880,1,0,7,27300,,,-3,,,,,,,,,,,,,,
7989,3881,1,11,2,27360,,,-3,,,,,,,,,,,,,,
7990,3882,1,2,6,27360,,,-3,,,,,,,,,,,,,,
7991,3882,1,34,8,27360,,,-3,,,,,,,,,,,,,,
7992,3883,1,48,6,27360,,,-3,,,,,,,,,,,,,,
7993,3883,1,25,5,27360,,,-3,,,,,,,,,,,,,,
7994,3884,1,446,10,27360,,,-3,,,,,,,,,,,,,,
7995,3884,1,0,6,27360,,,-3,,,,,,,,,,,,,,
7996,3884,1,32,6,27360,,,-3,,,,,,,,,,,,,,
7997,3884,1,411,6,27360,,,-3,,,,,,,,,,,,,,
7998,3884,1,41,7,27360,,,-3,,,,,,,,,,,,,,
7999,3885,1,0,8,27360,,,-3,,,,,,,,,,,,,,
8000,3885,1,45,3,27360,,,-3,,,,,,,,,,,,,,
8001,3885,1,124,12,27360,,,-3,,,,,,,,,,,,,,
8002,3885,1,98,3,27360,,,-3,,,,,,,,,,,,,,
8003,3886,1,70,4,27360,,,-3,,,,,,,,,,,,,,
8004,3887,1,4,4,27360,,,-3,,,,,,,,,,,,,,
8005,3888,1,12,4,27360,,,-3,,,,,,,,,,,,,,
8006,3889,1,161,1,27360,,,-3,,,,,,,,,,,,,,
8007,3889,1,31,7,27360,,,-3,,,,,,,,,,,,,,
8008,3889,1,289,6,27360,,,-3,,,,,,,,,,,,,,
8009,3889,1,447,12,27360,,,-3,,,,,,,,,,,,,,
8010,3890,1,192,6,27360,,,-3,,,,,,,,,,,,,,
8011,3890,1,49,10,27360,,,-3,,,,,,,,,,,,,,
8012,3891,1,498,6,27420,,,-3,,,,,,,,,,,,,,
8013,3892,1,100,12,27420,,,-3,,,,,,,,,,,,,,
8014,3893,1,194,12,27420,,,-3,,,,,,,,,,,,,,
8015,3893,1,386,8,27420,,,-3,,,,,,,,,,,,,,
8016,3893,1,234,8,27420,,,-3,,,,,,,,,,,,,,
8017,3894,1,361,2,27420,,,-3,,,,,,,,,,,,,,
8018,3894,1,12,4,27420,,,-3,,,,,,,,,,,,,,
8019,3894,1,39,8,27420,,,-3,,,,,,,,,,,,,,
8020,3894,1,81,11,27420,,,-3,,,,,,,,,,,,,,
8021,3894,1,0,6,27420,,,-3,,,,,,,,,,,,,,
8022,3894,1,394,10,27420,,,-3,,,,,,,,,,,,,,
8023,3894,1,341,5,27420,,,-3,,,,,,,,,,,,,,
8024,3894,1,239,10,27420,,,-3,,,,,,,,,,,,,,
8025,3894,1,47,4,27420,,,-3,,,,,,,,,,,,,,
8026,3895,1,21,10,27420,,,-3,,,,,,,,,,,,,,
8027,3895,1,115,7,27420,,,-3,,,,,,,,,,,,,,
8028,3896,1,178,5,27420,,,-3,,,,,,,,,,,,,,
8029,3897,1,6,6,27420,,,-3,,,,,,,,,,,,,,
8030,3898,1,0,5,27420,,,-3,,,,,,,,,,,,,,
8031,3899,1,18,8,27420,,,-3,,,,,,,,,,,,,,
8032,3900,1,14,12,27420,,,-3,,,,,,,,,,,,,,
8033,3901,1,8,10,27420,,,-3,,,,,,,,,,,,,,
8034,3902,1,16,9,27480,,,-3,,,,,,,,,,,,,,
8035,3902,1,34,12,27480,,,-3,,,,,,,,,,,,,,
8036,3903,1,11,11,27480,,,-3,,,,,,,,,,,,,,
8037,3904,1,0,3,27480,,,-3,,,,,,,,,,,,,,
8038,3904,1,31,4,27480,,,-3,,,,,,,,,,,,,,
8039,3904,1,485,11,27480,,,-3,,,,,,,,,,,,,,
8040,3904,1,171,2,27480,,,-3,,,,,,,,,,,,,,
8041,3904,1,24,12,27480,,,-3,,,,,,,,,,,,,,
8042,3904,1,41,10,27480,,,-3,,,,,,,,,,,,,,
8043,3904,1,207,2,27480,,,-3,,,,,,,,,,,,,,
8044,3904,1,86,7,27480,,,-3,,,,,,,,,,,,,,
8045,3905,1,452,8,27480,,,-3,,,,,,,,,,,,,,
8046,3905,1,261,4,27480,,,-3,,,,,,,,,,,,,,
8047,3906,1,47,8,27480,,,-3,,,,,,,,,,,,,,
8048,3906,1,209,1,27480,,,-3,,,,,,,,,,,,,,
8049,3907,1,145,7,27480,,,-3,,,,,,,,,,,,,,
8050,3908,1,264,4,27480,,,-3,,,,,,,,,,,,,,
8051,3909,1,300,3,27480,,,-3,,,,,,,,,,,,,,
8052,3910,1,94,8,27480,,,-3,,,,,,,,,,,,,,
8053,3911,1,460,1,27480,,,-3,,,,,,,,,,,,,,
8054,3911,1,183,2,27480,,,-3,,,,,,,,,,,,,,
8055,3911,1,22,12,27480,,,-3,,,,,,,,,,,,,,
8056,3911,1,1,8,27480,,,-3,,,,,,,,,,,,,,
8057,3912,1,230,6,27480,,,-3,,,,,,,,,,,,,,
8058,3912,1,13,11,27480,,,-3,,,,,,,,,,,,,,
8059,3913,1,87,2,27540,,,-3,,,,,,,,,,,,,,
8060,3914,1,124,2,27540,,,-3,,,,,,,,,,,,,,
8061,3915,1,105,12,27540,,,-3,,,,,,,,,,,,,,
8062,3916,1,7,4,27540,,,-3,,,,,,,,,,,,,,
8063,3916,1,10,8,27540,,,-3,,,,,,,,,,,,,,
8064,3916,1,20,6,27540,,,-3,,,,,,,,,,,,,,
8065,3917,1,98,10,27540,,,-3,,,,,,,,,,,,,,
8066,3918,1,0,6,27540,,,-3,,,,,,,,,,,,,,
8067,3918,1,14,8,27540,,,-3,,,,,,,,,,,,,,
8068,3919,1,122,10,27540,,,-3,,,,,,,,,,,,,,
8069,3919,1,26,4,27540,,,-3,,,,,,,,,,,,,,
8070,3920,1,1,8,27540,,,-3,,,,,,,,,,,,,,
8071,3921,1,102,4,27600,,,-3,,,,,,,,,,,,,,
8072,3921,1,140,6,27600,,,-3,,,,,,,,,,,,,,
8073,3921,1,17,2,27600,,,-3,,,,,,,,,,,,,,
8074,3922,1,131,4,27600,,,-3,,,,,,,,,,,,,,
8075,3922,1,37,2,27600,,,-3,,,,,,,,,,,,,,
8076,3923,1,178,6,27600,,,-3,,,,,,,,,,,,,,
8077,3924,1,119,7,27600,,,-3,,,,,,,,,,,,,,
8078,3924,1,129,6,27600,,,-3,,,,,,,,,,,,,,
8079,3925,1,65,4,27600,,,-3,,,,,,,,,,,,,,
8080,3925,1,26,10,27600,,,-3,,,,,,,,,,,,,,
8081,3925,1,14,8,27600,,,-3,,,,,,,,,,,,,,
8082,3925,1,115,10,27600,,,-3,,,,,,,,,,,,,,
8083,3926,1,73,6,27600,,,-3,,,,,,,,,,,,,,
8084,3927,1,2,8,27600,,,-3,,,,,,,,,,,,,,
8085,3927,1,11,6,27600,,,-3,,,,,,,,,,,,,,
8086,3928,1,3,4,27660,,,-3,,,,,,,,,,,,,,
8087,3929,1,401,3,27660,,,-3,,,,,,,,,,,,,,
8088,3930,1,12,7,27660,,,-3,,,,,,,,,,,,,,
8089,3931,1,121,7,27660,,,-3,,,,,,,,,,,,,,
8090,3931,1,21,6,27660,,,-3,,,,,,,,,,,,,,
8091,3931,1,22,8,27660,,,-3,,,,,,,,,,,,,,
8092,3932,1,7,8,27720,,,-3,,,,,,,,,,,,,,
8093,3932,1,39,6,27720,,,-3,,,,,,,,,,,,,,
8094,3932,1,99,9,27720,,,-3,,,,,,,,,,,,,,
8095,3933,1,35,7,27720,,,-3,,,,,,,,,,,,,,
8096,3934,1,222,6,27720,,,-3,,,,,,,,,,,,,,
8097,3935,1,472,9,27720,,,-3,,,,,,,,,,,,,,
8098,3935,1,25,9,27720,,,-3,,,,,,,,,,,,,,
8099,3936,1,100,6,27720,,,-3,,,,,,,,,,,,,,
8100,3937,1,0,5,27720,,,-3,,,,,,,,,,,,,,
8101,3937,1,136,6,27720,,,-3,,,,,,,,,,,,,,
8102,3938,1,133,7,27720,,,-3,,,,,,,,,,,,,,
8103,3938,1,35,4,27720,,,-3,,,,,,,,,,,,,,
8104,3938,1,313,7,27720,,,-3,,,,,,,,,,,,,,
8105,3939,1,206,1,27720,,,-3,,,,,,,,,,,,,,
8106,3939,1,180,4,27720,,,-3,,,,,,,,,,,,,,
8107,3939,1,27,2,27720,,,-3,,,,,,,,,,,,,,
8108,3939,1,387,2,27720,,,-3,,,,,,,,,,,,,,
8109,3940,1,2,8,27780,,,-3,,,,,,,,,,,,,,
8110,3940,1,118,11,27780,,,-3,,,,,,,,,,,,,,
8111,3941,1,498,5,27780,,,-3,,,,,,,,,,,,,,
8112,3941,1,9,3,27780,,,-3,,,,,,,,,,,,,,
8113,3941,1,27,4,27780,,,-3,,,,,,,,,,,,,,
8114,3942,1,17,9,27780,,,-3,,,,,,,,,,,,,,
8115,3943,1,173,6,27780,,,-3,,,,,,,,,,,,,,
8116,3944,1,46,11,27780,,,-3,,,,,,,,,,,,,,
8117,3945,1,33,7,27780,,,-3,,,,,,,,,,,,,,
8118,3945,1,7,7,27780,,,-3,,,,,,,,,,,,,,
8119,3946,1,160,9,27780,,,-3,,,,,,,,,,,,,,
8120,3947,1,64,4,27780,,,-3,,,,,,,,,,,,,,
8121,3948,1,433,8,27780,,,-3,,,,,,,,,,,,,,
8122,3949,1,28,2,27780,,,-3,,,,,,,,,,,,,,
8123,3950,1,272,2,27780,,,-3,,,,,,,,,,,,,,
8124,3951,1,54,10,27780,,,-3,,,,,,,,,,,,,,
8125,3951,1,42,10,27780,,,-3,,,,,,,,,,,,,,
8126,3951,1,309,8,27780,,,-3,,,,,,,,,,,,,,
8127,3952,1,1,3,27840,,,-3,,,,,,,,,,,,,,
8128,3952,1,50,8,27840,,,-3,,,,,,,,,,,,,,
8129,3952,1,356,10,27840,,,-3,,,,,,,,,,,,,,
8130,3952,1,402,6,27840,,,-3,,,,,,,,,,,,,,
8131,3953,1,101,6,27840,,,-3,,,,,,,,,,,,,,
8132,3954,1,269,4,27840,,,-3,,,,,,,,,,,,,,
8133,3955,1,22,10,27840,,,-3,,,,,,,,,,,,,,
8134,3955,1,327,10,27840,,,-3,,,,,,,,,,,,,,
8135,3955,1,192,2,27840,,,-3,,,,,,,,,,,,,,
8136,3955,1,36,1,27840,,,-3,,,,,,,,,,,,,,
8137,3955,1,16,3,27840,,,-3,,,,,,,,,,,,,,
8138,3955,1,11,4,27840,,,-3,,,,,,,,,,,,,,
8139,3956,1,178,2,27840,,,-3,,,,,,,,,,,,,,
8140,3957,1,19,2,27840,,,-3,,,,,,,,,,,,,,
8141,3957,1,77,4,27840,,,-3,,,,,,,,,,,,,,
8142,3958,1,0,12,27840,,,-3,,,,,,,,,,,,,,
8143,3958,1,85,12,27840,,,-3,,,,,,,,,,,,,,
8144,3959,1,68,9,27840,,,-3,,,,,,,,,,,,,,
8145,3959,1,11,4,27840,,,-3,,,,,,,,,,,,,,
8146,3960,1,94,3,27840,,,-3,,,,,,,,,,,,,,
8147,3960,1,251,7,27840,,,-3,,,,,,,,,,,,,,
8148,3960,1,205,8,27840,,,-3,,,,,,,,,,,,,,
8149,3960,1,92,11,27840,,,-3,,,,,,,,,,,,,,
8150,3961,1,15,6,27900,,,-3,,,,,,,,,,,,,,
8151,3961,1,54,6,27900,,,-3,,,,,,,,,,,,,,
8152,3962,1,493,4,27900,,,-3,,,,,,,,,,,,,,
8153,3963,1,231,3,27900,,,-3,,,,,,,,,,,,,,
8154,3963,1,362,6,27900,,,-3,,,,,,,,,,,,,,
8155,3964,1,153,6,27900,,,-3,,,,,,,,,,,,,,
8156,3964,1,97,2,27900,,,-3,,,,,,,,,,,,,,
8157,3965,1,35,6,27900,,,-3,,,,,,,,,,,,,,
8158,3966,1,32,11,27960,,,-3,,,,,,,,,,,,,,
8159,3967,1,17,9,27960,,,-3,,,,,,,,,,,,,,
8160,3968,1,199,4,27960,,,-3,,,,,,,,,,,,,,
8161,3969,1,321,8,27960,,,-3,,,,,,,,,,,,,,
8162,3969,1,175,6,27960,,,-3,,,,,,,,,,,,,,
8163,3970,1,345,4,27960,,,-3,,,,,,,,,,,,,,
8164,3971,1,11,7,27960,,,-3,,,,,,,,,,,,,,
8165,3971,1,16,2,27960,,,-3,,,,,,,,,,,,,,
8166,3971,1,9,10,27960,,,-3,,,,,,,,,,,,,,
8167,3972,1,16,8,28020,,,-3,,,,,,,,,,,,,,
8168,3973,1,268,7,28020,,,-3,,,,,,,,,,,,,,
8169,3974,1,397,3,28020,,,-3,,,,,,,,,,,,,,
8170,3974,1,36,6,28020,,,-3,,,,,,,,,,,,,,
8171,3975,1,484,3,28020,,,-3,,,,,,,,,,,,,,
8172,3975,1,237,5,28020,,,-3,,,,,,,,,,,,,,
8173,3975,1,9,10,28020,,,-3,,,,,,,,,,,,,,
8174,3975,1,472,6,28020,,,-3,,,,,,,,,,,,,,
8175,3975,1,213,6,28020,,,-3,,,,,,,,,,,,,,
8176,3975,1,85,2,28020,,,-3,,,,,,,,,,,,,,
8177,3976,1,201,2,28020,,,-3,,,,,,,,,,,,,,
8178,3977,1,451,7,28020,,,-3,,,,,,,,,,,,,,
8179,3977,1,4,6,28020,,,-3,,,,,,,,,,,,,,
8180,3978,1,3,8,28020,,,-3,,,,,,,,,,,,,,
8181,3978,1,1,6,28020,,,-3,,,,,,,,,,,,,,
8182,3978,1,18,5,28020,,,-3,,,,,,,,,,,,,,
8183,3978,1,10,6,28020,,,-3,,,,,,,,,,,,,,
8184,3979,1,150,6,28020,,,-3,,,,,,,,,,,,,,
8185,3980,1,35,2,28020,,,-3,,,,,,,,,,,,,,
8186,3981,1,20,10,28020,,,-3,,,,,,,,,,,,,,
8187,3982,1,61,6,28020,,,-3,,,,,,,,,,,,,,
8188,3982,1,22,7,28020,,,-3,,,,,,,,,,,,,,
8189,3983,1,5,12,28020,,,-3,,,,,,,,,,,,,,
8190,3983,1,40,4,28020,,,-3,,,,,,,,,,,,,,
8191,3983,1,315,4,28020,,,-3,,,,,,,,,,,,,,
8192,3984,1,4,6,28020,,,-3,,,,,,,,,,,,,,
8193,3984,1,9,6,28020,,,-3,,,,,,,,,,,,,,
8194,3985,1,5,12,28080,,,-3,,,,,,,,,,,,,,
8195,3986,1,122,4,28080,,,-3,,,,,,,,,,,,,,
8196,3987,1,398,11,28080,,,-3,,,,,,,,,,,,,,
8197,3987,1,448,2,28080,,,-3,,,,,,,,,,,,,,
8198,3988,1,4,5,28080,,,-3,,,,,,,,,,,,,,
8199,3989,1,43,3,28080,,,-3,,,,,,,,,,,,,,
8200,3990,1,14,6,28080,,,-3,,,,,,,,,,,,,,
8201,3991,1,105,7,28140,,,-3,,,,,,,,,,,,,,
8202,3992,1,188,4,28140,,,-3,,,,,,,,,,,,,,
8203,3992,1,153,7,28140,,,-3,,,,,,,,,,,,,,
8204,3993,1,16,4,28140,,,-3,,,,,,,,,,,,,,
8205,3994,1,303,5,28140,,,-3,,,,,,,,,,,,,,
8206,3994,1,33,3,28140,,,-3,,,,,,,,,,,,,,
8207,3994,1,7,5,28140,,,-3,,,,,,,,,,,,,,
8208,3995,1,6,10,28140,,,-3,,,,,,,,,,,,,,
8209,3995,1,90,6,28140,,,-3,,,,,,,,,,,,,,
8210,3995,1,47,10,28140,,,-3,,,,,,,,,,,,,,
8211,3996,1,15,11,28140,,,-3,,,,,,,,,,,,,,
8212,3996,1,257,2,28140,,,-3,,,,,,,,,,,,,,
8213,3997,1,442,4,28200,,,-3,,,,,,,,,,,,,,
8214,3998,1,15,2,28200,,,-3,,,,,,,,,,,,,,
8215,3999,1,19,9,28200,,,-3,,,,,,,,,,,,,,
8216,4000,1,43,6,28200,,,-3,,,,,,,,,,,,,,
8217,4000,1,255,7,28200,,,-3,,,,,,,,,,,,,,
8218,4000,1,1,6,28200,,,-3,,,,,,,,,,,,,,
8219,4001,1,10,7,28200,,,-3,,,,,,,,,,,,,,
8220,4001,1,47,2,28200,,,-3,,,,,,,,,,,,,,
8221,4001,1,1,12,28200,,,-3,,,,,,,,,,,,,,
8222,4002,1,130,9,28200,,,-3,,,,,,,,,,,,,,
8223,4003,1,165,10,28200,,,-3,,,,,,,,,,,,,,
8224,4004,1,23,5,28260,,,-3,,,,,,,,,,,,,,
8225,4005,1,18,7,28260,,,-3,,,,,,,,,,,,,,
8226,4006,1,111,10,28260,,,-3,,,,,,,,,,,,,,
8227,4006,1,100,2,28260,,,-3,,,,,,,,,,,,,,
8228,4006,1,45,10,28260,,,-3,,,,,,,,,,,,,,
8229,4007,1,1,10,28260,,,-3,,,,,,,,,,,,,,
8230,4008,1,1,7,28260,,,-3,,,,,,,,,,,,,,
8231,4008,1,248,4,28260,,,-3,,,,,,,,,,,,,,
8232,4008,1,368,8,28260,,,-3,,,,,,,,,,,,,,
8233,4009,1,27,6,28260,,,-3,,,,,,,,,,,,,,
8234,4009,1,12,9,28260,,,-3,,,,,,,,,,,,,,
8235,4010,1,0,8,28260,,,-3,,,,,,,,,,,,,,
8236,4010,1,49,10,28260,,,-3,,,,,,,,,,,,,,
8237,4010,1,32,4,28260,,,-3,,,,,,,,,,,,,,
8238,4010,1,130,7,28260,,,-3,,,,,,,,,,,,,,
8239,4011,1,261,4,28260,,,-3,,,,,,,,,,,,,,
8240,4011,1,135,2,28260,,,-3,,,,,,,,,,,,,,
8241,4011,1,25,6,28260,,,-3,,,,,,,,,,,,,,
8242,4012,1,40,1,28260,,,-3,,,,,,,,,,,,,,
8243,4012,1,350,9,28260,,,-3,,,,,,,,,,,,,,
8244,4013,1,51,8,28260,,,-3,,,,,,,,,,,,,,
8245,4013,1,21,10,28260,,,-3,,,,,,,,,,,,,,
8246,4013,1,4,12,28260,,,-3,,,,,,,,,,,,,,
8247,4014,1,82,6,28260,,,-3,,,,,,,,,,,,,,
8248,4014,1,47,2,28260,,,-3,,,,,,,,,,,,,,
8249,4014,1,43,4,28260,,,-3,,,,,,,,,,,,,,
8250,4015,1,43,4,28320,,,-3,,,,,,,,,,,,,,
8251,4016,1,7,9,28320,,,-3,,,,,,,,,,,,,,
8252,4017,1,376,8,28320,,,-3,,,,,,,,,,,,,,
8253,4018,1,7,11,28320,,,-3,,,,,,,,,,,,,,
8254,4018,1,91,3,28320,,,-3,,,,,,,,,,,,,,
8255,4018,1,167,7,28320,,,-3,,,,,,,,,,,,,,
8256,4018,1,14,6,28320,,,-3,,,,,,,,,,,,,,
8257,4018,1,23,4,28320,,,-3,,,,,,,,,,,,,,
8258,4019,1,10,6,28320,,,-3,,,,,,,,,,,,,,
8259,4019,1,20,3,28320,,,-3,,,,,,,,,,,,,,
8260,4019,1,191,8,28320,,,-3,,,,,,,,,,,,,,
8261,4020,1,396,7,28320,,,-3,,,,,,,,,,,,,,
8262,4020,1,18,11,28320,,,-3,,,,,,,,,,,,,,
8263,4021,1,4,9,28380,,,-3,,,,,,,,,,,,,,
8264,4021,1,96,9,28380,,,-3,,,,,,,,,,,,,,
8265,4021,1,173,10,28380,,,-3,,,,,,,,,,,,,,
8266,4022,1,43,9,28380,,,-3,,,,,,,,,,,,,,
8267,4022,1,271,6,28380,,,-3,,,,,,,,,,,,,,
8268,4023,1,9,5,28380,,,-3,,,,,,,,,,,,,,
8269,4023,1,38,4,28380,,,-3,,,,,,,,,,,,,,
8270,4023,1,26,4,28380,,,-3,,,,,,,,,,,,,,
8271,4024,1,62,4,28380,,,-3,,,,,,,,,,,,,,
8272,4024,1,85,6,28380,,,-3,,,,,,,,,,,,,,
8273,4024,1,18,5,28380,,,-3,,,,,,,,,,,,,,
8274,4025,1,387,4,28380,,,-3,,,,,,,,,,,,,,
8275,4026,1,410,7,28380,,,-3,,,,,,,,,,,,,,
8276,4027,1,29,5,28380,,,-3,,,,,,,,,,,,,,
8277,4028,1,20,4,28380,,,-3,,,,,,,,,,,,,,
8278,4029,1,193,3,28440,,,-3,,,,,,,,,,,,,,
8279,4029,1,0,6,28440,,,-3,,,,,,,,,,,,,,
8280,4030,1,386,4,28440,,,-3,,,,,,,,,,,,,,
8281,4030,1,25,4,28440,,,-3,,,,,,,,,,,,,,
8282,4030,1,130,5,28440,,,-3,,,,,,,,,,,,,,
8283,4030,1,137,6,28440,,,-3,,,,,,,,,,,,,,
8284,4031,1,194,12,28440,,,-3,,,,,,,,,,,,,,
8285,4031,1,216,5,28440,,,-3,,,,,,,,,,,,,,
8286,4032,1,44,6,28440,,,-3,,,,,,,,,,,,,,
8287,4033,1,24,9,28440,,,-3,,,,,,,,,,,,,,
8288,4034,1,6,4,28440,,,-3,,,,,,,,,,,,,,
8289,4034,1,40,3,28440,,,-3,,,,,,,,,,,,,,
8290,4035,1,299,7,28440,,,-3,,,,,,,,,,,,,,
8291,4035,1,106,2,28440,,,-3,,,,,,,,,,,,,,
8292,4035,1,38,4,28440,,,-3,,,,,,,,,,,,,,
8293,4036,1,1,8,28440,,,-3,,,,,,,,,,,,,,
8294,4037,1,20,11,28440,,,-3,,,,,,,,,,,,,,
8295,4037,1,35,8,28440,,,-3,,,,,,,,,,,,,,
8296,4037,1,477,4,28440,,,-3,,,,,,,,,,,,,,
8297,4038,1,43,9,28440,,,-3,,,,,,,,,,,,,,
8298,4038,1,136,4,28440,,,-3,,,,,,,,,,,,,,
8299,4039,1,116,7,28500,,,-3,,,,,,,,,,,,,,
8300,4040,1,124,5,28500,,,-3,,,,,,,,,,,,,,
8301,4041,1,44,6,28500,,,-3,,,,,,,,,,,,,,
8302,4041,1,160,3,28500,,,-3,,,,,,,,,,,,,,
8303,4042,1,11,4,28500,,,-3,,,,,,,,,,,,,,
8304,4043,1,2,4,28500,,,-3,,,,,,,,,,,,,,
8305,4043,1,481,4,28500,,,-3,,,,,,,,,,,,,,
8306,4043,1,347,2,28500,,,-3,,,,,,,,,,,,,,
8307,4044,1,267,4,28560,,,-3,,,,,,,,,,,,,,
8308,4045,1,65,10,28560,,,-3,,,,,,,,,,,,,,
8309,4045,1,134,12,28560,,,-3,,,,,,,,,,,,,,
8310,4045,1,27,4,28560,,,-3,,,,,,,,,,,,,,
8311,4046,1,42,6,28560,,,-3,,,,,,,,,,,,,,
8312,4046,1,51,4,28560,,,-3,,,,,,,,,,,,,,
8313,4047,1,47,4,28560,,,-3,,,,,,,,,,,,,,
8314,4048,1,8,5,28560,,,-3,,,,,,,,,,,,,,
8315,4049,1,26,2,28560,,,-3,,,,,,,,,,,,,,
8316,4050,1,9,6,28560,,,-3,,,,,,,,,,,,,,
8317,4051,1,389,4,28620,,,-3,,,,,,,,,,,,,,
8318,4051,1,468,6,28620,,,-3,,,,,,,,,,,,,,
8319,4051,1,163,7,28620,,,-3,,,,,,,,,,,,,,
8320,4051,1,14,4,28620,,,-3,,,,,,,,,,,,,,
8321,4051,1,100,2,28620,,,-3,,,,,,,,,,,,,,
8322,4052,1,30,8,28620,,,-3,,,,,,,,,,,,,,
8323,4053,1,1,10,28620,,,-3,,,,,,,,,,,,,,
8324,4054,1,77,8,28620,,,-3,,,,,,,,,,,,,,
8325,4055,1,174,4,28620,,,-3,,,,,,,,,,,,,,
8326,4056,1,383,8,28620,,,-3,,,,,,,,,,,,,,
8327,4056,1,3,9,28620,,,-3,,,,,,,,,,,,,,
8328,4057,1,402,2,28680,,,-3,,,,,,,,,,,,,,
8329,4058,1,48,7,28680,,,-3,,,,,,,,,,,,,,
8330,4058,1,63,9,28680,,,-3,,,,,,,,,,,,,,
8331,4058,1,47,11,28680,,,-3,,,,,,,,,,,,,,
8332,4059,1,1,6,28680,,,-3,,,,,,,,,,,,,,
8333,4059,1,5,4,28680,,,-3,,,,,,,,,,,,,,
8334,4059,1,493,4,28680,,,-3,,,,,,,,,,,,,,
8335,4060,1,17,8,28680,,,-3,,,,,,,,,,,,,,
8336,4061,1,1,10,28680,,,-3,,,,,,,,,,,,,,
8337,4061,1,92,4,28680,,,-3,,,,,,,,,,,,,,
8338,4062,1,148,5,28680,,,-3,,,,,,,,,,,,,,
8339,4063,1,93,7,28680,,,-3,,,,,,,,,,,,,,
8340,4063,1,16,4,28680,,,-3,,,,,,,,,,,,,,
8341,4063,1,108,7,28680,,,-3,,,,,,,,,,,,,,
8342,4064,1,63,6,28680,,,-3,,,,,,,,,,,,,,
8343,4064,1,126,5,28680,,,-3,,,,,,,,,,,,,,
8344,4064,1,41,8,28680,,,-3,,,,,,,,,,,,,,
8345,4064,1,0,4,28680,,,-3,,,,,,,,,,,,,,
8346,4065,1,32,2,28680,,,-3,,,,,,,,,,,,,,
8347,4066,1,20,5,28680,,,-3,,,,,,,,,,,,,,
8348,4066,1,239,4,28680,,,-3,,,,,,,,,,,,,,
8349,4067,1,30,7,28680,,,-3,,,,,,,,,,,,,,
8350,4067,1,387,8,28680,,,-3,,,,,,,,,,,,,,
8351,4068,1,220,5,28680,,,-3,,,,,,,,,,,,,,
8352,4069,1,373,8,28740,,,-3,,,,,,,,,,,,,,
8353,4070,1,109,6,28740,,,-3,,,,,,,,,,,,,,
8354,4071,1,324,9,28740,,,-3,,,,,,,,,,,,,,
8355,4071,1,403,5,28740,,,-3,,,,,,,,,,,,,,
8356,4072,1,10,4,28740,,,-3,,,,,,,,,,,,,,
8357,4073,1,326,2,28740,,,-3,,,,,,,,,,,,,,
8358,4074,1,17,7,28740,,,-3,,,,,,,,,,,,,,
8359,4074,1,238,9,28740,,,-3,,,,,,,,,,,,,,
8360,4075,1,4,6,28740,,,-3,,,,,,,,,,,,,,
8361,4075,1,176,8,28740,,,-3,,,,,,,,,,,,,,
8362,4075,1,107,10,28740,,,-3,,,,,,,,,,,,,,
8363,4075,1,11,8,28740,,,-3,,,,,,,,,,,,,,
8364,4076,1,5,7,28800,,,-3,,,,,,,,,,,,,,
8365,4076,1,276,8,28800,,,-3,,,,,,,,,,,,,,
8366,4076,1,380,3,28800,,,-3,,,,,,,,,,,,,,
8367,4076,1,1,6,28800,,,-3,,,,,,,,,,,,,,
8368,4077,1,14,2,28800,,,-3,,,,,,,,,,,,,,
8369,4077,1,152,6,28800,,,-3,,,,,,,,,,,,,,
8370,4078,1,105,2,28800,,,-3,,,,,,,,,,,,,,
8371,4079,1,11,4,28800,,,-3,,,,,,,,,,,,,,
8372,4080,1,383,2,28800,,,-3,,,,,,,,,,,,,,
8373,4080,1,49,2,28800,,,-3,,,,,,,,,,,,,,
8374,4080,1,116,7,28800,,,-3,,,,,,,,,,,,,,
8375,4081,1,28,5,28800,,,-3,,,,,,,,,,,,,,
8376,4082,1,100,12,28800,,,-3,,,,,,,,,,,,,,
8377,4083,1,197,3,28860,,,-3,,,,,,,,,,,,,,
8378,4084,1,23,8,28860,,,-3,,,,,,,,,,,,,,
8379,4084,1,124,2,28860,,,-3,,,,,,,,,,,,,,
8380,4084,1,9,7,28860,,,-3,,,,,,,,,,,,,,
8381,4085,1,200,5,28860,,,-3,,,,,,,,,,,,,,
8382,4086,1,303,9,28860,,,-3,,,,,,,,,,,,,,
8383,4086,1,301,11,28860,,,-3,,,,,,,,,,,,,,
8384,4086,1,92,2,28860,,,-3,,,,,,,,,,,,,,
8385,4087,1,318,7,28860,,,-3,,,,,,,,,,,,,,
8386,4087,1,59,7,28860,,,-3,,,,,,,,,,,,,,
8387,4088,1,4,6,28860,,,-3,,,,,,,,,,,,,,
8388,4088,1,39,6,28860,,,-3,,,,,,,,,,,,,,
8389,4089,1,30,10,28860,,,-3,,,,,,,,,,,,,,
8390,4089,1,215,4,28860,,,-3,,,,,,,,,,,,,,
8391,4090,1,2,6,28920,,,-3,,,,,,,,,,,,,,
8392,4090,1,148,11,28920,,,-3,,,,,,,,,,,,,,
8393,4091,1,14,4,28920,,,-3,,,,,,,,,,,,,,
8394,4091,1,97,10,28920,,,-3,,,,,,,,,,,,,,
8395,4091,1,246,8,28920,,,-3,,,,,,,,,,,,,,
8396,4092,1,277,8,28920,,,-3,,,,,,,,,,,,,,
8397,4093,1,44,5,28920,,,-3,,,,,,,,,,,,,,
8398,4094,1,11,10,28920,,,-3,,,,,,,,,,,,,,
8399,4094,1,25,8,28920,,,-3,,,,,,,,,,,,,,
8400,4095,1,162,4,28920,,,-3,,,,,,,,,,,,,,
8401,4095,1,40,6,28920,,,-3,,,,,,,,,,,,,,
8402,4096,1,229,9,28920,,,-3,,,,,,,,,,,,,,
8403,4097,1,0,8,28920,,,-3,,,,,,,,,,,,,,
8404,4098,1,18,6,28980,,,-3,,,,,,,,,,,,,,
8405,4098,1,24,7,28980,,,-3,,,,,,,,,,,,,,
8406,4098,1,0,4,28980,,,-3,,,,,,,,,,,,,,
8407,4098,1,162,6,28980,,,-3,,,,,,,,,,,,,,
8408,4099,1,37,8,28980,,,-3,,,,,,,,,,,,,,
8409,4100,1,162,6,28980,,,-3,,,,,,,,,,,,,,
8410,4100,1,258,1,28980,,,-3,,,,,,,,,,,,,,
8411,4101,1,200,11,28980,,,-3,,,,,,,,,,,,,,
8412,4102,1,99,10,29040,,,-3,,,,,,,,,,,,,,
8413,4102,1,94,9,29040,,,-3,,,,,,,,,,,,,,
8414,4103,1,480,6,29040,,,-3,,,,,,,,,,,,,,
8415,4103,1,179,9,29040,,,-3,,,,,,,,,,,,,,
8416,4104,1,151,4,29040,,,-3,,,,,,,,,,,,,,
8417,4104,1,21,7,29040,,,-3,,,,,,,,,,,,,,
8418,4104,1,143,10,29040,,,-3,,,,,,,,,,,,,,
8419,4105,1,31,8,29040,,,-3,,,,,,,,,,,,,,
8420,4105,1,43,12,29040,,,-3,,,,,,,,,,,,,,
8421,4106,1,45,7,29040,,,-3,,,,,,,,,,,,,,
8422,4107,1,324,2,29040,,,-3,,,,,,,,,,,,,,
8423,4108,1,4,2,29040,,,-3,,,,,,,,,,,,,,
8424,4109,1,13,3,29100,,,-3,,,,,,,,,,,,,,
8425,4110,1,347,6,29100,,,-3,,,,,,,,,,,,,,
8426,4111,1,261,6,29100,,,-3,,,,,,,,,,,,,,
8427,4111,1,129,11,29100,,,-3,,,,,,,,,,,,,,
8428,4112,1,2,8,29100,,,-3,,,,,,,,,,,,,,
8429,4112,1,131,2,29100,,,-3,,,,,,,,,,,,,,
8430,4113,1,32,5,29100,,,-3,,,,,,,,,,,,,,
8431,4114,1,1,6,29100,,,-3,,,,,,,,,,,,,,
8432,4115,1,319,9,29100,,,-3,,,,,,,,,,,,,,
8433,4115,1,3,7,29100,,,-3,,,,,,,,,,,,,,
8434,4116,1,104,4,29100,,,-3,,,,,,,,,,,,,,
8435,4117,1,34,10,29100,,,-3,,,,,,,,,,,,,,
8436,4118,1,99,12,29100,,,-3,,,,,,,,,,,,,,
8437,4118,1,62,8,29100,,,-3,,,,,,,,,,,,,,
8438,4118,1,298,6,29100,,,-3,,,,,,,,,,,,,,
8439,4118,1,72,9,29100,,,-3,,,,,,,,,,,,,,
8440,4119,1,21,5,29100,,,-3,,,,,,,,,,,,,,
8441,4119,1,1,5,29100,,,-3,,,,,,,,,,,,,,
8442,4120,1,172,12,29100,,,-3,,,,,,,,,,,,,,
8443,4120,1,173,9,29100,,,-3,,,,,,,,,,,,,,
8444,4120,1,62,7,29100,,,-3,,,,,,,,,,,,,,
8445,4121,1,4,7,29100,,,-3,,,,,,,,,,,,,,
8446,4121,1,37,7,29100,,,-3,,,,,,,,,,,,,,
8447,4121,1,448,8,29100,,,-3,,,,,,,,,,,,,,
8448,4122,1,92,2,29100,,,-3,,,,,,,,,,,,,,
8449,4122,1,40,2,29100,,,-3,,,,,,,,,,,,,,
8450,4123,1,338,4,29100,,,-3,,,,,,,,,,,,,,
8451,4124,1,191,5,29160,,,-3,,,,,,,,,,,,,,
8452,4124,1,0,6,29160,,,-3,,,,,,,,,,,,,,
8453,4124,1,22,4,29160,,,-3,,,,,,,,,,,,,,
8454,4124,1,311,6,29160,,,-3,,,,,,,,,,,,,,
8455,4125,1,8,1,29160,,,-3,,,,,,,,,,,,,,
8456,4126,1,106,8,29160,,,-3,,,,,,,,,,,,,,
8457,4127,1,41,6,29160,,,-3,,,,,,,,,,,,,,
8458,4127,1,39,7,29160,,,-3,,,,,,,,,,,,,,
8459,4127,1,3,4,29160,,,-3,,,,,,,,,,,,,,
8460,4128,1,37,5,29160,,,-3,,,,,,,,,,,,,,
8461,4129,1,33,12,29160,,,-3,,,,,,,,,,,,,,
8462,4129,1,107,2,29160,,,-3,,,,,,,,,,,,,,
8463,4129,1,72,7,29160,,,-3,,,,,,,,,,,,,,
8464,4130,1,147,9,29160,,,-3,,,,,,,,,,,,,,
8465,4130,1,48,3,29160,,,-3,,,,,,,,,,,,,,
8466,4131,1,27,5,29220,,,-3,,,,,,,,,,,,,,
8467,4132,1,6,4,29220,,,-3,,,,,,,,,,,,,,
8468,4133,1,12,12,29220,,,-3,,,,,,,,,,,,,,
8469,4133,1,37,7,29220,,,-3,,,,,,,,,,,,,,
8470,4134,1,197,9,29280,,,-3,,,,,,,,,,,,,,
8471,4134,1,188,9,29280,,,-3,,,,,,,,,,,,,,
8472,4134,1,173,5,29280,,,-3,,,,,,,,,,,,,,
8473,4135,1,403,9,29280,,,-3,,,,,,,,,,,,,,
8474,4136,1,52,2,29280,,,-3,,,,,,,,,,,,,,
8475,4137,1,3,9,29280,,,-3,,,,,,,,,,,,,,
8476,4138,1,21,9,29280,,,-3,,,,,,,,,,,,,,
8477,4138,1,33,4,29280,,,-3,,,,,,,,,,,,,,
8478,4139,1,7,9,29340,,,-3,,,,,,,,,,,,,,
8479,4139,1,151,6,29340,,,-3,,,,,,,,,,,,,,
8480,4139,1,168,8,29340,,,-3,,,,,,,,,,,,,,
8481,4139,1,74,8,29340,,,-3,,,,,,,,,,,,,,
8482,4140,1,163,10,29340,,,-3,,,,,,,,,,,,,,
8483,4141,1,183,8,29340,,,-3,,,,,,,,,,,,,,
8484,4142,1,93,5,29340,,,-3,,,,,,,,,,,,,,
8485,4143,1,5,10,29340,,,-3,,,,,,,,,,,,,,
8486,4144,1,442,11,29340,,,-3,,,,,,,,,,,,,,
8487,4145,1,25,7,29340,,,-3,,,,,,,,,,,,,,
8488,4145,1,52,5,29340,,,-3,,,,,,,,,,,,,,
8489,4146,1,474,4,29340,,,-3,,,,,,,,,,,,,,
8490,4146,1,0,11,29340,,,-3,,,,,,,,,,,,,,
8491,4147,1,156,7,29400,,,-3,,,,,,,,,,,,,,
8492,4147,1,164,5,29400,,,-3,,,,,,,,,,,,,,
8493,4148,1,27,9,29400,,,-3,,,,,,,,,,,,,,
8494,4148,1,247,6,29400,,,-3,,,,,,,,,,,,,,
8495,4148,1,43,3,29400,,,-3,,,,,,,,,,,,,,
8496,4149,1,497,6,29400,,,-3,,,,,,,,,,,,,,
8497,4149,1,22,4,29400,,,-3,,,,,,,,,,,,,,
8498,4149,1,4,11,29400,,,-3,,,,,,,,,,,,,,
8499,4149,1,211,4,29400,,,-3,,,,,,,,,,,,,,
8500,4150,1,282,4,29400,,,-3,,,,,,,,,,,,,,
8501,4150,1,97,10,29400,,,-3,,,,,,,,,,,,,,
8502,4150,1,31,8,29400,,,-3,,,,,,,,,,,,,,
8503,4150,1,43,2,29400,,,-3,,,,,,,,,,,,,,
8504,4150,1,30,6,29400,,,-3,,,,,,,,,,,,,,
8505,4150,1,55,6,29400,,,-3,,,,,,,,,,,,,,
8506,4151,1,8,9,29400,,,-3,,,,,,,,,,,,,,
8507,4152,1,44,6,29400,,,-3,,,,,,,,,,,,,,
8508,4152,1,18,10,29400,,,-3,,,,,,,,,,,,,,
8509,4153,1,154,10,29400,,,-3,,,,,,,,,,,,,,
8510,4154,1,213,7,29460,,,-3,,,,,,,,,,,,,,
8511,4154,1,15,12,29460,,,-3,,,,,,,,,,,,,,
8512,4154,1,47,8,29460,,,-3,,,,,,,,,,,,,,
8513,4154,1,9,6,29460,,,-3,,,,,,,,,,,,,,
8514,4155,1,348,10,29460,,,-3,,,,,,,,,,,,,,
8515,4156,1,39,1,29460,,,-3,,,,,,,,,,,,,,
8516,4157,1,43,6,29460,,,-3,,,,,,,,,,,,,,
8517,4158,1,2,2,29460,,,-3,,,,,,,,,,,,,,
8518,4159,1,8,4,29520,,,-3,,,,,,,,,,,,,,
8519,4159,1,400,6,29520,,,-3,,,,,,,,,,,,,,
8520,4160,1,0,7,29520,,,-3,,,,,,,,,,,,,,
8521,4160,1,330,8,29520,,,-3,,,,,,,,,,,,,,
8522,4161,1,54,6,29520,,,-3,,,,,,,,,,,,,,
8523,4162,1,4,9,29520,,,-3,,,,,,,,,,,,,,
8524,4162,1,415,2,29520,,,-3,,,,,,,,,,,,,,
8525,4162,1,329,6,29520,,,-3,,,,,,,,,,,,,,
8526,4163,1,20,6,29520,,,-3,,,,,,,,,,,,,,
8527,4163,1,190,4,29520,,,-3,,,,,,,,,,,,,,
8528,4163,1,28,9,29520,,,-3,,,,,,,,,,,,,,
8529,4163,1,31,10,29520,,,-3,,,,,,,,,,,,,,
8530,4163,1,271,8,29520,,,-3,,,,,,,,,,,,,,
8531,4164,1,408,6,29520,,,-3,,,,,,,,,,,,,,
8532,4164,1,7,6,29520,,,-3,,,,,,,,,,,,,,
8533,4165,1,344,5,29520,,,-3,,,,,,,,,,,,,,
8534,4165,1,4,3,29520,,,-3,,,,,,,,,,,,,,
8535,4166,1,299,12,29520,,,-3,,,,,,,,,,,,,,
8536,4167,1,15,8,29520,,,-3,,,,,,,,,,,,,,
8537,4167,1,69,4,29520,,,-3,,,,,,,,,,,,,,
8538,4168,1,146,2,29520,,,-3,,,,,,,,,,,,,,
8539,4168,1,122,9,29520,,,-3,,,,,,,,,,,,,,
8540,4169,1,17,10,29580,,,-3,,,,,,,,,,,,,,
8541,4169,1,32,9,29580,,,-3,,,,,,,,,,,,,,
8542,4169,1,1,3,29580,,,-3,,,,,,,,,,,,,,
8543,4169,1,40,7,29580,,,-3,,,,,,,,,,,,,,
8544,4170,1,84,10,29580,,,-3,,,,,,,,,,,,,,
8545,4170,1,9,3,29580,,,-3,,,,,,,,,,,,,,
8546,4171,1,80,8,29580,,,-3,,,,,,,,,,,,,,
8547,4172,1,318,8,29580,,,-3,,,,,,,,,,,,,,
8548,4172,1,30,12,29580,,,-3,,,,,,,,,,,,,,
8549,4172,1,169,8,29580,,,-3,,,,,,,,,,,,,,
8550,4172,1,16,4,29580,,,-3,,,,,,,,,,,,,,
8551,4173,1,63,4,29580,,,-3,,,,,,,,,,,,,,
8552,4173,1,484,6,29580,,,-3,,,,,,,,,,,,,,
8553,4174,1,289,6,29580,,,-3,,,,,,,,,,,,,,
8554,4174,1,3,8,29580,,,-3,,,,,,,,,,,,,,
8555,4174,1,96,10,29580,,,-3,,,,,,,,,,,,,,
8556,4174,1,229,9,29580,,,-3,,,,,,,,,,,,,,
8557,4175,1,2,11,29580,,,-3,,,,,,,,,,,,,,
8558,4175,1,41,3,29580,,,-3,,,,,,,,,,,,,,
8559,4175,1,118,8,29580,,,-3,,,,,,,,,,,,,,
8560,4175,1,55,6,29580,,,-3,,,,,,,,,,,,,,
8561,4176,1,49,4,29640,,,-3,,,,,,,,,,,,,,
8562,4176,1,175,3,29640,,,-3,,,,,,,,,,,,,,
8563,4176,1,170,10,29640,,,-3,,,,,,,,,,,,,,
8564,4176,1,102,2,29640,,,-3,,,,,,,,,,,,,,
8565,4176,1,17,2,29640,,,-3,,,,,,,,,,,,,,
8566,4176,1,116,1,29640,,,-3,,,,,,,,,,,,,,
8567,4177,1,145,9,29640,,,-3,,,,,,,,,,,,,,
8568,4178,1,198,2,29640,,,-3,,,,,,,,,,,,,,
8569,4179,1,10,12,29640,,,-3,,,,,,,,,,,,,,
8570,4179,1,399,4,29640,,,-3,,,,,,,,,,,,,,
8571,4179,1,13,9,29640,,,-3,,,,,,,,,,,,,,
8572,4179,1,18,5,29640,,,-3,,,,,,,,,,,,,,
8573,4179,1,15,3,29640,,,-3,,,,,,,,,,,,,,
8574,4180,1,42,4,29640,,,-3,,,,,,,,,,,,,,
8575,4180,1,2,8,29640,,,-3,,,,,,,,,,,,,,
8576,4180,1,102,11,29640,,,-3,,,,,,,,,,,,,,
8577,4181,1,163,8,29640,,,-3,,,,,,,,,,,,,,
8578,4182,1,5,2,29640,,,-3,,,,,,,,,,,,,,
8579,4183,1,19,8,29640,,,-3,,,,,,,,,,,,,,
8580,4183,1,12,3,29640,,,-3,,,,,,,,,,,,,,
8581,4184,1,24,6,29640,,,-3,,,,,,,,,,,,,,
8582,4184,1,59,6,29640,,,-3,,,,,,,,,,,,,,
8583,4185,1,3,5,29640,,,-3,,,,,,,,,,,,,,
8584,4185,1,40,4,29640,,,-3,,,,,,,,,,,,,,
8585,4185,1,0,6,29640,,,-3,,,,,,,,,,,,,,
8586,4185,1,218,6,29640,,,-3,,,,,,,,,,,,,,
8587,4186,1,43,6,29700,,,-3,,,,,,,,,,,,,,
8588,4187,1,13,4,29700,,,-3,,,,,,,,,,,,,,
8589,4188,1,181,6,29700,,,-3,,,,,,,,,,,,,,
8590,4188,1,13,2,29700,,,-3,,,,,,,,,,,,,,
8591,4188,1,68,9,29700,,,-3,,,,,,,,,,,,,,
8592,4189,1,90,6,29700,,,-3,,,,,,,,,,,,,,
8593,4190,1,27,3,29760,,,-3,,,,,,,,,,,,,,
8594,4190,1,9,8,29760,,,-3,,,,,,,,,,,,,,
8595,4191,1,259,12,29760,,,-3,,,,,,,,,,,,,,
8596,4192,1,108,10,29760,,,-3,,,,,,,,,,,,,,
8597,4193,1,1,7,29760,,,-3,,,,,,,,,,,,,,
8598,4194,1,3,4,29760,,,-3,,,,,,,,,,,,,,
8599,4194,1,63,6,29760,,,-3,,,,,,,,,,,,,,
8600,4194,1,369,10,29760,,,-3,,,,,,,,,,,,,,
8601,4194,1,26,9,29760,,,-3,,,,,,,,,,,,,,
8602,4195,1,19,1,29820,,,-3,,,,,,,,,,,,,,
8603,4196,1,65,7,29820,,,-3,,,,,,,,,,,,,,
8604,4196,1,43,8,29820,,,-3,,,,,,,,,,,,,,
8605,4197,1,22,8,29820,,,-3,,,,,,,,,,,,,,
8606,4197,1,341,7,29820,,,-3,,,,,,,,,,,,,,
8607,4198,1,38,4,29820,,,-3,,,,,,,,,,,,,,
8608,4199,1,85,6,29820,,,-3,,,,,,,,,,,,,,
8609,4199,1,59,1,29820,,,-3,,,,,,,,,,,,,,
8610,4200,1,156,10,29820,,,-3,,,,,,,,,,,,,,
8611,4201,1,497,7,29820,,,-3,,,,,,,,,,,,,,
8612,4202,1,32,8,29820,,,-3,,,,,,,,,,,,,,
8613,4203,1,20,4,29880,,,-3,,,,,,,,,,,,,,
8614,4204,1,493,10,29880,,,-3,,,,,,,,,,,,,,
8615,4205,1,204,6,29880,,,-3,,,,,,,,,,,,,,
8616,4206,1,34,8,29880,,,-3,,,,,,,,,,,,,,
8617,4207,1,132,8,29880,,,-3,,,,,,,,,,,,,,
8618,4208,1,10,8,29880,,,-3,,,,,,,,,,,,,,
8619,4208,1,264,6,29880,,,-3,,,,,,,,,,,,,,
8620,4208,1,444,8,29880,,,-3,,,,,,,,,,,,,,
8621,4209,1,26,3,29940,,,-3,,,,,,,,,,,,,,
8622,4209,1,309,11,29940,,,-3,,,,,,,,,,,,,,
8623,4209,1,65,4,29940,,,-3,,,,,,,,,,,,,,
8624,4210,1,16,7,29940,,,-3,,,,,,,,,,,,,,
8625,4210,1,186,5,29940,,,-3,,,,,,,,,,,,,,
8626,4210,1,44,8,29940,,,-3,,,,,,,,,,,,,,
8627,4210,1,122,5,29940,,,-3,,,,,,,,,,,,,,
8628,4210,1,2,6,29940,,,-3,,,,,,,,,,,,,,
8629,4211,1,42,12,29940,,,-3,,,,,,,,,,,,,,
8630,4211,1,291,10,29940,,,-3,,,,,,,,,,,,,,
8631,4212,1,235,6,29940,,,-3,,,,,,,,,,,,,,
8632,4212,1,46,5,29940,,,-3,,,,,,,,,,,,,,
8633,4213,1,31,3,29940,,,-3,,,,,,,,,,,,,,
8634,4213,1,221,5,29940,,,-3,,,,,,,,,,,,,,
8635,4214,1,252,10,29940,,,-3,,,,,,,,,,,,,,
8636,4214,1,113,5,29940,,,-3,,,,,,,,,,,,,,
8637,4214,1,159,6,29940,,,-3,,,,,,,,,,,,,,
8638,4214,1,0,6,29940,,,-3,,,,,,,,,,,,,,
8639,4215,1,7,6,29940,,,-3,,,,,,,,,,,,,,
8640,4215,1,33,8,29940,,,-3,,,,,,,,,,,,,,
8641,4216,1,45,10,29940,,,-3,,,,,,,,,,,,,,
8642,4216,1,21,3,29940,,,-3,,,,,,,,,,,,,,
8643,4216,1,213,7,29940,,,-3,,,,,,,,,,,,,,
8644,4217,1,412,7,30000,,,-3,,,,,,,,,,,,,,
8645,4218,1,479,1,30000,,,-3,,,,,,,,,,,,,,
8646,4218,1,29,6,30000,,,-3,,,,,,,,,,,,,,
8647,4219,1,371,8,30000,,,-3,,,,,,,,,,,,,,
8648,4220,1,4,4,30000,,,-3,,,,,,,,,,,,,,
8649,4220,1,475,6,30000,,,-3,,,,,,,,,,,,,,
8650,4221,1,38,5,30000,,,-3,,,,,,,,,,,,,,
8651,4221,1,48,2,30000,,,-3,,,,,,,,,,,,,,
8652,4222,1,270,4,30000,,,-3,,,,,,,,,,,,,,
8653,4223,1,10,5,30060,,,-3,,,,,,,,,,,,,,
8654,4223,1,276,2,30060,,,-3,,,,,,,,,,,,,,
8655,4223,1,302,5,30060,,,-3,,,,,,,,,,,,,,
8656,4224,1,8,2,30060,,,-3,,,,,,,,,,,,,,
8657,4225,1,255,6,30060,,,-3,,,,,,,,,,,,,,
8658,4226,1,0,8,30060,,,-3,,,,,,,,,,,,,,
8659,4227,1,99,9,30060,,,-3,,,,,,,,,,,,,,
8660,4227,1,467,3,30060,,,-3,,,,,,,,,,,,,,
8661,4227,1,381,12,30060,,,-3,,,,,,,,,,,,,,
8662,4228,1,16,5,30060,,,-3,,,,,,,,,,,,,,
8663,4228,1,150,6,30060,,,-3,,,,,,,,,,,,,,
8664,4229,1,9,9,30120,,,-3,,,,,,,,,,,,,,
8665,4229,1,4,2,30120,,,-3,,,,,,,,,,,,,,
8666,4230,1,3,5,30120,,,-3,,,,,,,,,,,,,,
8667,4230,1,70,7,30120,,,-3,,,,,,,,,,,,,,
8668,4230,1,30,4,30120,,,-3,,,,,,,,,,,,,,
8669,4231,1,28,9,30120,,,-3,,,,,,,,,,,,,,
8670,4232,1,337,6,30120,,,-3,,,,,,,,,,,,,,
8671,4232,1,125,5,30120,,,-3,,,,,,,,,,,,,,
8672,4232,1,25,9,30120,,,-3,,,,,,,,,,,,,,
8673,4233,1,5,6,30120,,,-3,,,,,,,,,,,,,,
8674,4233,1,56,8,30120,,,-3,,,,,,,,,,,,,,
8675,4233,1,83,2,30120,,,-3,,,,,,,,,,,,,,
8676,4233,1,307,10,30120,,,-3,,,,,,,,,,,,,,
8677,4234,1,81,12,30120,,,-3,,,,,,,,,,,,,,
8678,4235,1,48,8,30180,,,-3,,,,,,,,,,,,,,
8679,4236,1,17,8,30180,,,-3,,,,,,,,,,,,,,
8680,4237,1,15,4,30180,,,-3,,,,,,,,,,,,,,
8681,4238,1,34,3,30180,,,-3,,,,,,,,,,,,,,
8682,4238,1,338,11,30180,,,-3,,,,,,,,,,,,,,
8683,4239,1,442,2,30180,,,-3,,,,,,,,,,,,,,
8684,4240,1,1,9,30180,,,-3,,,,,,,,,,,,,,
8685,4241,1,20,12,30240,,,-3,,,,,,,,,,,,,,
8686,4242,1,457,2,30240,,,-3,,,,,,,,,,,,,,
8687,4243,1,174,5,30240,,,-3,,,,,,,,,,,,,,
8688,4243,1,6,6,30240,,,-3,,,,,,,,,,,,,,
8689,4244,1,7,4,30240,,,-3,,,,,,,,,,,,,,
8690,4245,1,92,8,30240,,,-3,,,,,,,,,,,,,,
8691,4246,1,0,7,30300,,,-3,,,,,,,,,,,,,,
8692,4246,1,26,12,30300,,,-3,,,,,,,,,,,,,,
8693,4247,1,5,10,30300,,,-3,,,,,,,,,,,,,,
8694,4248,1,101,6,30300,,,-3,,,,,,,,,,,,,,
8695,4248,1,19,4,30300,,,-3,,,,,,,,,,,,,,
8696,4248,1,433,10,30300,,,-3,,,,,,,,,,,,,,
8697,4248,1,31,4,30300,,,-3,,,,,,,,,,,,,,
8698,4248,1,3,3,30300,,,-3,,,,,,,,,,,,,,
8699,4249,1,122,5,30300,,,-3,,,,,,,,,,,,,,
8700,4250,1,20,7,30300,,,-3,,,,,,,,,,,,,,
8701,4250,1,15,2,30300,,,-3,,,,,,,,,,,,,,
8702,4251,1,2,2,30300,,,-3,,,,,,,,,,,,,,
8703,4252,1,182,8,30300,,,-3,,,,,,,,,,,,,,
8704,4252,1,0,5,30300,,,-3,,,,,,,,,,,,,,
8705,4253,1,336,6,30300,,,-3,,,,,,,,,,,,,,
8706,4254,1,41,2,30300,,,-3,,,,,,,,,,,,,,
8707,4255,1,28,7,30300,,,-3,,,,,,,,,,,,,,
8708,4256,1,147,6,30300,,,-3,,,,,,,,,,,,,,
8709,4256,1,170,7,30300,,,-3,,,,,,,,,,,,,,
8710,4256,1,498,6,30300,,,-3,,,,,,,,,,,,,,
8711,4257,1,20,8,30360,,,-3,,,,,,,,,,,,,,
8712,4258,1,424,3,30360,,,-3,,,,,,,,,,,,,,
8713,4259,1,47,2,30360,,,-3,,,,,,,,,,,,,,
8714,4260,1,73,5,30360,,,-3,,,,,,,,,,,,,,
8715,4260,1,31,9,30360,,,-3,,,,,,,,,,,,,,
8716,4261,1,19,12,30360,,,-3,,,,,,,,,,,,,,
8717,4262,1,49,9,30360,,,-3,,,,,,,,,,,,,,
8718,4262,1,1,6,30360,,,-3,,,,,,,,,,,,,,
8719,4262,1,51,4,30360,,,-3,,,,,,,,,,,,,,
8720,4262,1,395,6,30360,,,-3,,,,,,,,,,,,,,
8721,4263,1,32,11,30360,,,-3,,,,,,,,,,,,,,
8722,4263,1,78,8,30360,,,-3,,,,,,,,,,,,,,
8723,4264,1,77,4,30360,,,-3,,,,,,,,,,,,,,
8724,4265,1,17,7,30420,,,-3,,,,,,,,,,,,,,
8725,4266,1,349,1,30420,,,-3,,,,,,,,,,,,,,
8726,4266,1,10,4,30420,,,-3,,,,,,,,,,,,,,
8727,4267,1,393,9,30420,,,-3,,,,,,,,,,,,,,
8728,4267,1,307,4,30420,,,-3,,,,,,,,,,,,,,
8729,4268,1,35,8,30420,,,-3,,,,,,,,,,,,,,
8730,4268,1,65,6,30420,,,-3,,,,,,,,,,,,,,
8731,4268,1,42,9,30420,,,-3,,,,,,,,,,,,,,
8732,4269,1,118,12,30420,,,-3,,,,,,,,,,,,,,
8733,4269,1,0,1,30420,,,-3,,,,,,,,,,,,,,
8734,4269,1,61,6,30420,,,-3,,,,,,,,,,,,,,
8735,4269,1,9,5,30420,,,-3,,,,,,,,,,,,,,
8736,4269,1,57,5,30420,,,-3,,,,,,,,,,,,,,
8737,4269,1,79,3,30420,,,-3,,,,,,,,,,,,,,
8738,4270,1,108,7,30420,,,-3,,,,,,,,,,,,,,
8739,4270,1,126,4,30420,,,-3,,,,,,,,,,,,,,
8740,4270,1,282,6,30420,,,-3,,,,,,,,,,,,,,
8741,4270,1,179,8,30420,,,-3,,,,,,,,,,,,,,
8742,4271,1,153,5,30480,,,-3,,,,,,,,,,,,,,
8743,4272,1,23,4,30480,,,-3,,,,,,,,,,,,,,
8744,4272,1,35,12,30480,,,-3,,,,,,,,,,,,,,
8745,4272,1,37,8,30480,,,-3,,,,,,,,,,,,,,
8746,4273,1,19,6,30480,,,-3,,,,,,,,,,,,,,
8747,4274,1,71,4,30480,,,-3,,,,,,,,,,,,,,
8748,4274,1,278,6,30480,,,-3,,,,,,,,,,,,,,
8749,4274,1,151,12,30480,,,-3,,,,,,,,,,,,,,
8750,4274,1,39,11,30480,,,-3,,,,,,,,,,,,,,
8751,4275,1,101,4,30480,,,-3,,,,,,,,,,,,,,
8752,4275,1,268,6,30480,,,-3,,,,,,,,,,,,,,
8753,4276,1,27,5,30480,,,-3,,,,,,,,,,,,,,
8754,4276,1,87,2,30480,,,-3,,,,,,,,,,,,,,
8755,4277,1,56,10,30480,,,-3,,,,,,,,,,,,,,
8756,4277,1,469,8,30480,,,-3,,,,,,,,,,,,,,
8757,4278,1,72,2,30480,,,-3,,,,,,,,,,,,,,
8758,4279,1,306,11,30480,,,-3,,,,,,,,,,,,,,
8759,4280,1,76,8,30480,,,-3,,,,,,,,,,,,,,
8760,4280,1,13,8,30480,,,-3,,,,,,,,,,,,,,
8761,4280,1,285,10,30480,,,-3,,,,,,,,,,,,,,
8762,4280,1,124,8,30480,,,-3,,,,,,,,,,,,,,
8763,4281,1,351,8,30540,,,-3,,,,,,,,,,,,,,
8764,4281,1,48,12,30540,,,-3,,,,,,,,,,,,,,
8765,4282,1,5,4,30540,,,-3,,,,,,,,,,,,,,
8766,4283,1,182,3,30540,,,-3,,,,,,,,,,,,,,
8767,4284,1,2,7,30540,,,-3,,,,,,,,,,,,,,
8768,4284,1,18,4,30540,,,-3,,,,,,,,,,,,,,
8769,4285,1,38,11,30540,,,-3,,,,,,,,,,,,,,
8770,4286,1,0,12,30540,,,-3,,,,,,,,,,,,,,
8771,4286,1,11,10,30540,,,-3,,,,,,,,,,,,,,
8772,4286,1,150,5,30540,,,-3,,,,,,,,,,,,,,
8773,4286,1,30,8,30540,,,-3,,,,,,,,,,,,,,
8774,4286,1,114,7,30540,,,-3,,,,,,,,,,,,,,
8775,4287,1,40,10,30540,,,-3,,,,,,,,,,,,,,
8776,4287,1,4,6,30540,,,-3,,,,,,,,,,,,,,
8777,4287,1,44,10,30540,,,-3,,,,,,,,,,,,,,
8778,4288,1,0,6,30540,,,-3,,,,,,,,,,,,,,
8779,4288,1,19,8,30540,,,-3,,,,,,,,,,,,,,
8780,4288,1,111,5,30540,,,-3,,,,,,,,,,,,,,
8781,4289,1,43,6,30540,,,-3,,,,,,,,,,,,,,
8782,4289,1,97,6,30540,,,-3,,,,,,,,,,,,,,
8783,4290,1,158,8,30600,,,-3,,,,,,,,,,,,,,
8784,4291,1,218,4,30600,,,-3,,,,,,,,,,,,,,
8785,4291,1,26,2,30600,,,-3,,,,,,,,,,,,,,
8786,4291,1,258,12,30600,,,-3,,,,,,,,,,,,,,
8787,4291,1,132,9,30600,,,-3,,,,,,,,,,,,,,
8788,4291,1,333,5,30600,,,-3,,,,,,,,,,,,,,
8789,4292,1,59,3,30600,,,-3,,,,,,,,,,,,,,
8790,4293,1,241,2,30600,,,-3,,,,,,,,,,,,,,
8791,4294,1,0,9,30600,,,-3,,,,,,,,,,,,,,
8792,4294,1,2,6,30600,,,-3,,,,,,,,,,,,,,
8793,4294,1,35,2,30600,,,-3,,,,,,,,,,,,,,
8794,4295,1,435,5,30600,,,-3,,,,,,,,,,,,,,
8795,4296,1,33,4,30600,,,-3,,,,,,,,,,,,,,
8796,4296,1,407,6,30600,,,-3,,,,,,,,,,,,,,
8797,4296,1,38,11,30600,,,-3,,,,,,,,,,,,,,
8798,4296,1,46,6,30600,,,-3,,,,,,,,,,,,,,
8799,4297,1,30,8,30600,,,-3,,,,,,,,,,,,,,
8800,4298,1,1,4,30660,,,-3,,,,,,,,,,,,,,
8801,4299,1,265,6,30660,,,-3,,,,,,,,,,,,,,
8802,4299,1,30,6,30660,,,-3,,,,,,,,,,,,,,
8803,4300,1,349,12,30660,,,-3,,,,,,,,,,,,,,
8804,4300,1,14,6,30660,,,-3,,,,,,,,,,,,,,
8805,4301,1,49,6,30660,,,-3,,,,,,,,,,,,,,
8806,4302,1,23,7,30660,,,-3,,,,,,,,,,,,,,
8807,4302,1,180,6,30660,,,-3,,,,,,,,,,,,,,
8808,4303,1,166,5,30660,,,-3,,,,,,,,,,,,,,
8809,4303,1,35,5,30660,,,-3,,,,,,,,,,,,,,
8810,4304,1,48,6,30660,,,-3,,,,,,,,,,,,,,
8811,4304,1,25,7,30660,,,-3,,,,,,,,,,,,,,
8812,4305,1,64,4,30660,,,-3,,,,,,,,,,,,,,
8813,4306,1,365,7,30660,,,-3,,,,,,,,,,,,,,
8814,4307,1,5,8,30660,,,-3,,,,,,,,,,,,,,
8815,4307,1,103,8,30660,,,-3,,,,,,,,,,,,,,
8816,4307,1,13,8,30660,,,-3,,,,,,,,,,,,,,
8817,4307,1,11,11,30660,,,-3,,,,,,,,,,,,,,
8818,4308,1,140,4,30660,,,-3,,,,,,,,,,,,,,
8819,4309,1,125,10,30660,,,-3,,,,,,,,,,,,,,
8820,4309,1,10,10,30660,,,-3,,,,,,,,,,,,,,
8821,4310,1,426,11,30660,,,-3,,,,,,,,,,,,,,
8822,4310,1,42,6,30660,,,-3,,,,,,,,,,,,,,
8823,4310,1,31,3,30660,,,-3,,,,,,,,,,,,,,
8824,4310,1,272,5,30660,,,-3,,,,,,,,,,,,,,
8825,4310,1,413,4,30660,,,-3,,,,,,,,,,,,,,
8826,4311,1,75,7,30660,,,-3,,,,,,,,,,,,,,
8827,4311,1,343,10,30660,,,-3,,,,,,,,,,,,,,
8828,4312,1,37,6,30660,,,-3,,,,,,,,,,,,,,
8829,4313,1,19,10,30720,,,-3,,,,,,,,,,,,,,
8830,4314,1,453,7,30720,,,-3,,,,,,,,,,,,,,
8831,4315,1,205,6,30720,,,-3,,,,,,,,,,,,,,
8832,4315,1,4,5,30720,,,-3,,,,,,,,,,,,,,
8833,4315,1,12,4,30720,,,-3,,,,,,,,,,,,,,
8834,4316,1,101,5,30720,,,-3,,,,,,,,,,,,,,
8835,4317,1,11,6,30720,,,-3,,,,,,,,,,,,,,
8836,4317,1,105,4,30720,,,-3,,,,,,,,,,,,,,
8837,4317,1,19,2,30720,,,-3,,,,,,,,,,,,,,
8838,4317,1,426,9,30720,,,-3,,,,,,,,,,,,,,
8839,4317,1,486,3,30720,,,-3,,,,,,,,,,,,,,
8840,4317,1,141,10,30720,,,-3,,,,,,,,,,,,,,
8841,4318,1,258,6,30720,,,-3,,,,,,,,,,,,,,
8842,4318,1,382,4,30720,,,-3,,,,,,,,,,,,,,
8843,4318,1,165,8,30720,,,-3,,,,,,,,,,,,,,
8844,4319,1,36,10,30720,,,-3,,,,,,,,,,,,,,
8845,4320,1,271,9,30720,,,-3,,,,,,,,,,,,,,
8846,4321,1,431,7,30720,,,-3,,,,,,,,,,,,,,
8847,4321,1,44,2,30720,,,-3,,,,,,,,,,,,,,
8848,4322,1,9,8,30780,,,-3,,,,,,,,,,,,,,
8849,4323,1,58,10,30780,,,-3,,,,,,,,,,,,,,
8850,4324,1,1,10,30780,,,-3,,,,,,,,,,,,,,
8851,4325,1,14,2,30780,,,-3,,,,,,,,,,,,,,
8852,4325,1,35,3,30780,,,-3,,,,,,,,,,,,,,
8853,4325,1,34,7,30780,,,-3,,,,,,,,,,,,,,
8854,4326,1,253,8,30780,,,-3,,,,,,,,,,,,,,
8855,4326,1,38,3,30780,,,-3,,,,,,,,,,,,,,
8856,4327,1,369,11,30780,,,-3,,,,,,,,,,,,,,
8857,4328,1,457,12,30780,,,-3,,,,,,,,,,,,,,
8858,4329,1,351,5,30840,,,-3,,,,,,,,,,,,,,
8859,4329,1,50,3,30840,,,-3,,,,,,,,,,,,,,
8860,4330,1,12,10,30840,,,-3,,,,,,,,,,,,,,
8861,4331,1,29,8,30900,,,-3,,,,,,,,,,,,,,
8862,4331,1,45,3,30900,,,-3,,,,,,,,,,,,,,
8863,4332,1,92,8,30900,,,-3,,,,,,,,,,,,,,
8864,4332,1,9,10,30900,,,-3,,,,,,,,,,,,,,
8865,4333,1,105,9,30900,,,-3,,,,,,,,,,,,,,
8866,4333,1,286,4,30900,,,-3,,,,,,,,,,,,,,
8867,4333,1,403,6,30900,,,-3,,,,,,,,,,,,,,
8868,4333,1,31,6,30900,,,-3,,,,,,,,,,,,,,
8869,4334,1,15,8,30900,,,-3,,,,,,,,,,,,,,
8870,4335,1,82,10,30900,,,-3,,,,,,,,,,,,,,
8871,4335,1,186,6,30900,,,-3,,,,,,,,,,,,,,
8872,4336,1,25,6,30900,,,-3,,,,,,,,,,,,,,
8873,4337,1,40,6,30900,,,-3,,,,,,,,,,,,,,
8874,4337,1,4,8,30900,,,-3,,,,,,,,,,,,,,
8875,4337,1,0,6,30900,,,-3,,,,,,,,,,,,,,
8876,4338,1,6,2,30900,,,-3,,,,,,,,,,,,,,
8877,4338,1,15,6,30900,,,-3,,,,,,,,,,,,,,
8878,4339,1,1,10,30900,,,-3,,,,,,,,,,,,,,
8879,4340,1,99,7,30900,,,-3,,,,,,,,,,,,,,
8880,4340,1,341,3,30900,,,-3,,,,,,,,,,,,,,
8881,4340,1,2,5,30900,,,-3,,,,,,,,,,,,,,
8882,4340,1,71,2,30900,,,-3,,,,,,,,,,,,,,
8883,4340,1,3,10,30900,,,-3,,,,,,,,,,,,,,
8884,4340,1,17,8,30900,,,-3,,,,,,,,,,,,,,
8885,4341,1,300,11,30960,,,-3,,,,,,,,,,,,,,
8886,4341,1,288,6,30960,,,-3,,,,,,,,,,,,,,
8887,4342,1,128,10,30960,,,-3,,,,,,,,,,,,,,
8888,4343,1,79,6,30960,,,-3,,,,,,,,,,,,,,
8889,4343,1,209,8,30960,,,-3,,,,,,,,,,,,,,
8890,4344,1,228,10,30960,,,-3,,,,,,,,,,,,,,
8891,4345,1,80,5,31020,,,-3,,,,,,,,,,,,,,
8892,4345,1,0,8,31020,,,-3,,,,,,,,,,,,,,
8893,4345,1,15,8,31020,,,-3,,,,,,,,,,,,,,
8894,4345,1,21,8,31020,,,-3,,,,,,,,,,,,,,
8895,4346,1,405,6,31020,,,-3,,,,,,,,,,,,,,
8896,4346,1,345,2,31020,,,-3,,,,,,,,,,,,,,
8897,4347,1,84,10,31020,,,-3,,,,,,,,,,,,,,
8898,4347,1,19,7,31020,,,-3,,,,,,,,,,,,,,
8899,4348,1,123,9,31020,,,-3,,,,,,,,,,,,,,
8900,4348,1,49,8,31020,,,-3,,,,,,,,,,,,,,
8901,4349,1,148,7,31020,,,-3,,,,,,,,,,,,,,
8902,4349,1,191,4,31020,,,-3,,,,,,,,,,,,,,
8903,4349,1,40,6,31020,,,-3,,,,,,,,,,,,,,
8904,4350,1,55,7,31020,,,-3,,,,,,,,,,,,,,
8905,4350,1,27,5,31020,,,-3,,,,,,,,,,,,,,
8906,4350,1,36,2,31020,,,-3,,,,,,,,,,,,,,
8907,4350,1,4,8,31020,,,-3,,,,,,,,,,,,,,
8908,4351,1,415,10,31020,,,-3,,,,,,,,,,,,,,
8909,4352,1,196,11,31080,,,-3,,,,,,,,,,,,,,
8910,4352,1,33,2,31080,,,-3,,,,,,,,,,,,,,
8911,4352,1,37,7,31080,,,-3,,,,,,,,,,,,,,
8912,4352,1,36,12,31080,,,-3,,,,,,,,,,,,,,
8913,4353,1,57,5,31080,,,-3,,,,,,,,,,,,,,
8914,4354,1,5,12,31080,,,-3,,,,,,,,,,,,,,
8915,4354,1,16,10,31080,,,-3,,,,,,,,,,,,,,
8916,4354,1,60,5,31080,,,-3,,,,,,,,,,,,,,
8917,4354,1,6,6,31080,,,-3,,,,,,,,,,,,,,
8918,4354,1,90,7,31080,,,-3,,,,,,,,,,,,,,
8919,4355,1,89,4,31080,,,-3,,,,,,,,,,,,,,
8920,4355,1,46,9,31080,,,-3,,,,,,,,,,,,,,
8921,4355,1,65,12,31080,,,-3,,,,,,,,,,,,,,
8922,4355,1,183,6,31080,,,-3,,,,,,,,,,,,,,
8923,4356,1,104,10,31080,,,-3,,,,,,,,,,,,,,
8924,4356,1,44,6,31080,,,-3,,,,,,,,,,,,,,
8925,4356,1,45,5,31080,,,-3,,,,,,,,,,,,,,
8926,4356,1,9,10,31080,,,-3,,,,,,,,,,,,,,
8927,4356,1,77,7,31080,,,-3,,,,,,,,,,,,,,
8928,4356,1,81,8,31080,,,-3,,,,,,,,,,,,,,
8929,4357,1,296,6,31080,,,-3,,,,,,,,,,,,,,
8930,4357,1,4,12,31080,,,-3,,,,,,,,,,,,,,
8931,4358,1,92,7,31080,,,-3,,,,,,,,,,,,,,
8932,4358,1,90,6,31080,,,-3,,,,,,,,,,,,,,
8933,4358,1,67,12,31080,,,-3,,,,,,,,,,,,,,
8934,4359,1,8,6,31140,,,-3,,,,,,,,,,,,,,
8935,4359,1,437,6,31140,,,-3,,,,,,,,,,,,,,
8936,4359,1,22,5,31140,,,-3,,,,,,,,,,,,,,
8937,4359,1,190,9,31140,,,-3,,,,,,,,,,,,,,
8938,4360,1,164,10,31140,,,-3,,,,,,,,,,,,,,
8939,4360,1,33,5,31140,,,-3,,,,,,,,,,,,,,
8940,4361,1,4,4,31140,,,-3,,,,,,,,,,,,,,
8941,4361,1,3,2,31140,,,-3,,,,,,,,,,,,,,
8942,4361,1,16,10,31140,,,-3,,,,,,,,,,,,,,
8943,4361,1,12,5,31140,,,-3,,,,,,,,,,,,,,
8944,4361,1,28,4,31140,,,-3,,,,,,,,,,,,,,
8945,4362,1,214,2,31140,,,-3,,,,,,,,,,,,,,
8946,4363,1,238,10,31140,,,-3,,,,,,,,,,,,,,
8947,4363,1,39,5,31140,,,-3,,,,,,,,,,,,,,
8948,4364,1,9,8,31140,,,-3,,,,,,,,,,,,,,
8949,4365,1,44,4,31140,,,-3,,,,,,,,,,,,,,
8950,4366,1,176,6,31140,,,-3,,,,,,,,,,,,,,
8951,4366,1,10,7,31140,,,-3,,,,,,,,,,,,,,
8952,4367,1,5,6,31140,,,-3,,,,,,,,,,,,,,
8953,4368,1,34,5,31200,,,-3,,,,,,,,,,,,,,
8954,4368,1,184,5,31200,,,-3,,,,,,,,,,,,,,
8955,4368,1,21,8,31200,,,-3,,,,,,,,,,,,,,
8956,4368,1,1,4,31200,,,-3,,,,,,,,,,,,,,
8957,4368,1,26,12,31200,,,-3,,,,,,,,,,,,,,
8958,4369,1,126,6,31200,,,-3,,,,,,,,,,,,,,
8959,4369,1,40,3,31200,,,-3,,,,,,,,,,,,,,
8960,4369,1,358,2,31200,,,-3,,,,,,,,,,,,,,
8961,4369,1,36,7,31200,,,-3,,,,,,,,,,,,,,
8962,4369,1,137,8,31200,,,-3,,,,,,,,,,,,,,
8963,4369,1,4,8,31200,,,-3,,,,,,,,,,,,,,
8964,4369,1,447,10,31200,,,-3,,,,,,,,,,,,,,
8965,4369,1,98,6,31200,,,-3,,,,,,,,,,,,,,
8966,4370,1,123,8,31200,,,-3,,,,,,,,,,,,,,
8967,4371,1,15,6,31200,,,-3,,,,,,,,,,,,,,
8968,4372,1,28,1,31200,,,-3,,,,,,,,,,,,,,
8969,4372,1,25,8,31200,,,-3,,,,,,,,,,,,,,
8970,4373,1,221,4,31200,,,-3,,,,,,,,,,,,,,
8971,4374,1,19,8,31260,,,-3,,,,,,,,,,,,,,
8972,4374,1,80,3,31260,,,-3,,,,,,,,,,,,,,
8973,4374,1,13,6,31260,,,-3,,,,,,,,,,,,,,
8974,4375,1,27,6,31260,,,-3,,,,,,,,,,,,,,
8975,4376,1,235,8,31260,,,-3,,,,,,,,,,,,,,
8976,4377,1,235,6,31260,,,-3,,,,,,,,,,,,,,
8977,4377,1,169,8,31260,,,-3,,,,,,,,,,,,,,
8978,4378,1,18,7,31260,,,-3,,,,,,,,,,,,,,
8979,4378,1,33,6,31260,,,-3,,,,,,,,,,,,,,
8980,4378,1,237,6,31260,,,-3,,,,,,,,,,,,,,
8981,4379,1,322,8,31260,,,-3,,,,,,,,,,,,,,
8982,4379,1,436,4,31260,,,-3,,,,,,,,,,,,,,
8983,4380,1,6,11,31260,,,-3,,,,,,,,,,,,,,
8984,4381,1,351,4,31320,,,-3,,,,,,,,,,,,,,
8985,4381,1,449,6,31320,,,-3,,,,,,,,,,,,,,
8986,4382,1,298,6,31320,,,-3,,,,,,,,,,,,,,
8987,4382,1,315,6,31320,,,-3,,,,,,,,,,,,,,
8988,4382,1,3,8,31320,,,-3,,,,,,,,,,,,,,
8989,4383,1,28,9,31320,,,-3,,,,,,,,,,,,,,
8990,4383,1,144,4,31320,,,-3,,,,,,,,,,,,,,
8991,4384,1,32,8,31320,,,-3,,,,,,,,,,,,,,
8992,4384,1,227,1,31320,,,-3,,,,,,,,,,,,,,
8993,4384,1,358,9,31320,,,-3,,,,,,,,,,,,,,
8994,4385,1,35,9,31320,,,-3,,,,,,,,,,,,,,
8995,4385,1,45,8,31320,,,-3,,,,,,,,,,,,,,
8996,4385,1,43,8,31320,,,-3,,,,,,,,,,,,,,
8997,4385,1,323,8,31320,,,-3,,,,,,,,,,,,,,
8998,4386,1,4,12,31380,,,-3,,,,,,,,,,,,,,
8999,4387,1,27,9,31380,,,-3,,,,,,,,,,,,,,
9000,4388,1,10,9,31380,,,-3,,,,,,,,,,,,,,
9001,4388,1,20,8,31380,,,-3,,,,,,,,,,,,,,
9002,4389,1,99,5,31380,,,-3,,,,,,,,,,,,,,
9003,4390,1,34,2,31380,,,-3,,,,,,,,,,,,,,
9004,4391,1,11,6,31380,,,-3,,,,,,,,,,,,,,
9005,4392,1,10,12,31440,,,-3,,,,,,,,,,,,,,
9006,4392,1,107,4,31440,,,-3,,,,,,,,,,,,,,
9007,4392,1,35,6,31440,,,-3,,,,,,,,,,,,,,
9008,4392,1,78,11,31440,,,-3,,,,,,,,,,,,,,
9009,4393,1,98,9,31440,,,-3,,,,,,,,,,,,,,
9010,4393,1,30,6,31440,,,-3,,,,,,,,,,,,,,
9011,4394,1,145,10,31440,,,-3,,,,,,,,,,,,,,
9012,4395,1,75,7,31440,,,-3,,,,,,,,,,,,,,
9013,4396,1,47,4,31440,,,-3,,,,,,,,,,,,,,
9014,4396,1,362,5,31440,,,-3,,,,,,,,,,,,,,
9015,4397,1,9,2,31440,,,-3,,,,,,,,,,,,,,
9016,4397,1,38,4,31440,,,-3,,,,,,,,,,,,,,
9017,4397,1,137,6,31440,,,-3,,,,,,,,,,,,,,
9018,4397,1,15,6,31440,,,-3,,,,,,,,,,,,,,
9019,4397,1,222,10,31440,,,-3,,,,,,,,,,,,,,
9020,4398,1,83,4,31440,,,-3,,,,,,,,,,,,,,
9021,4398,1,30,4,31440,,,-3,,,,,,,,,,,,,,
9022,4399,1,138,10,31440,,,-3,,,,,,,,,,,,,,
9023,4400,1,18,12,31440,,,-3,,,,,,,,,,,,,,
9024,4401,1,141,9,31440,,,-3,,,,,,,,,,,,,,
9025,4402,1,195,6,31500,,,-3,,,,,,,,,,,,,,
9026,4402,1,397,6,31500,,,-3,,,,,,,,,,,,,,
9027,4403,1,19,2,31500,,,-3,,,,,,,,,,,,,,
9028,4404,1,10,4,31500,,,-3,,,,,,,,,,,,,,
9029,4405,1,1,10,31500,,,-3,,,,,,,,,,,,,,
9030,4406,1,14,10,31500,,,-3,,,,,,,,,,,,,,
9031,4406,1,34,3,31500,,,-3,,,,,,,,,,,,,,
9032,4406,1,168,6,31500,,,-3,,,,,,,,,,,,,,
9033,4407,1,422,5,31500,,,-3,,,,,,,,,,,,,,
9034,4408,1,79,11,31560,,,-3,,,,,,,,,,,,,,
9035,4408,1,16,8,31560,,,-3,,,,,,,,,,,,,,
9036,4408,1,57,4,31560,,,-3,,,,,,,,,,,,,,
9037,4409,1,47,6,31560,,,-3,,,,,,,,,,,,,,
9038,4410,1,27,3,31560,,,-3,,,,,,,,,,,,,,
9039,4410,1,12,9,31560,,,-3,,,,,,,,,,,,,,
9040,4410,1,49,4,31560,,,-3,,,,,,,,,,,,,,
9041,4410,1,40,4,31560,,,-3,,,,,,,,,,,,,,
9042,4411,1,0,8,31560,,,-3,,,,,,,,,,,,,,
9043,4411,1,1,4,31560,,,-3,,,,,,,,,,,,,,
9044,4412,1,182,9,31560,,,-3,,,,,,,,,,,,,,
9045,4413,1,27,6,31560,,,-3,,,,,,,,,,,,,,
9046,4414,1,8,6,31560,,,-3,,,,,,,,,,,,,,
9047,4414,1,12,4,31560,,,-3,,,,,,,,,,,,,,
9048,4414,1,43,9,31560,,,-3,,,,,,,,,,,,,,
9049,4415,1,35,6,31560,,,-3,,,,,,,,,,,,,,
9050,4415,1,141,6,31560,,,-3,,,,,,,,,,,,,,
9051,4416,1,28,6,31560,,,-3,,,,,,,,,,,,,,
9052,4417,1,22,6,31560,,,-3,,,,,,,,,,,,,,
9053,4417,1,357,11,31560,,,-3,,,,,,,,,,,,,,
9054,4418,1,52,8,31560,,,-3,,,,,,,,,,,,,,
